1,0
1.01,-0.00133
1.02,-0.00131
1.03,-0.00128
1.04,-0.00126
1.05,-0.00124
1.06,-0.00121
1.07,-0.00119
1.08,-0.00117
1.09,-0.00115
1.1,-0.00113
1.11,-0.00111
1.12,-0.00109
1.13,-0.00107
1.14,-0.00105
1.15,-0.00104
1.16,-0.00102
1.17,-0.001
1.18,-9.863E-4
1.19,-9.704E-4
1.2,-9.549E-4
1.21,-9.397E-4
1.22,-9.25E-4
1.23,-9.106E-4
1.24,-8.965E-4
1.25,-8.828E-4
1.26,-8.693E-4
1.27,-8.562E-4
1.28,-8.434E-4
1.29,-8.309E-4
1.3,-8.187E-4
1.31,-8.068E-4
1.32,-7.951E-4
1.33,-7.837E-4
1.34,-7.725E-4
1.35,-7.616E-4
1.36,-7.509E-4
1.37,-7.405E-4
1.38,-7.302E-4
1.39,-7.202E-4
1.4,-7.104E-4
1.41,-7.008E-4
1.42,-6.914E-4
1.43,-6.822E-4
1.44,-6.732E-4
1.45,-6.644E-4
1.46,-6.557E-4
1.47,-6.472E-4
1.48,-6.389E-4
1.49,-6.308E-4
1.5,-6.228E-4
1.51,-6.15E-4
1.52,-6.073E-4
1.53,-5.998E-4
1.54,-5.924E-4
1.55,-5.851E-4
1.56,-5.78E-4
1.57,-5.711E-4
1.58,-5.642E-4
1.59,-5.575E-4
1.6,-5.509E-4
1.61,-5.444E-4
1.62,-5.381E-4
1.63,-5.319E-4
1.64,-5.257E-4
1.65,-5.197E-4
1.66,-5.138E-4
1.67,-5.08E-4
1.68,-5.023E-4
1.69,-4.967E-4
1.7,-4.912E-4
1.71,-4.858E-4
1.72,-4.804E-4
1.73,-4.752E-4
1.74,-4.701E-4
1.75,-4.65E-4
1.76,-4.601E-4
1.77,-4.552E-4
1.78,-4.504E-4
1.79,-4.456E-4
1.8,-4.41E-4
1.81,-4.364E-4
1.82,-4.319E-4
1.83,-4.275E-4
1.84,-4.231E-4
1.85,-4.189E-4
1.86,-4.146E-4
1.87,-4.105E-4
1.88,-4.064E-4
1.89,-4.024E-4
1.9,-3.984E-4
1.91,-3.945E-4
1.92,-3.907E-4
1.93,-3.869E-4
1.94,-3.832E-4
1.95,-3.795E-4
1.96,-3.759E-4
1.97,-3.723E-4
1.98,-3.688E-4
1.99,-3.654E-4
2,-3.62E-4
2.01,-3.586E-4
2.02,-3.553E-4
2.03,-3.521E-4
2.04,-3.489E-4
2.05,-3.457E-4
2.06,-3.426E-4
2.07,-3.395E-4
2.08,-3.365E-4
2.09,-3.335E-4
2.1,-3.305E-4
2.11,-3.276E-4
2.12,-3.248E-4
2.13,-3.219E-4
2.14,-3.192E-4
2.15,-3.164E-4
2.16,-3.137E-4
2.17,-3.11E-4
2.18,-3.084E-4
2.19,-3.058E-4
2.2,-3.032E-4
2.21,-3.007E-4
2.22,-2.982E-4
2.23,-2.957E-4
2.24,-2.933E-4
2.25,-2.909E-4
2.26,-2.885E-4
2.27,-2.862E-4
2.28,-2.839E-4
2.29,-2.816E-4
2.3,-2.793E-4
2.31,-2.771E-4
2.32,-2.749E-4
2.33,-2.728E-4
2.34,-2.706E-4
2.35,-2.685E-4
2.36,-2.664E-4
2.37,-2.644E-4
2.38,-2.623E-4
2.39,-2.603E-4
2.4,-2.583E-4
2.41,-2.564E-4
2.42,-2.544E-4
2.43,-2.525E-4
2.44,-2.506E-4
2.45,-2.488E-4
2.46,-2.469E-4
2.47,-2.451E-4
2.48,-2.433E-4
2.49,-2.415E-4
2.5,-2.398E-4
2.51,-2.38E-4
2.52,-2.363E-4
2.53,-2.346E-4
2.54,-2.329E-4
2.55,-2.313E-4
2.56,-2.296E-4
2.57,-2.28E-4
2.58,-2.264E-4
2.59,-2.248E-4
2.6,-2.233E-4
2.61,-2.217E-4
2.62,-2.202E-4
2.63,-2.187E-4
2.64,-2.172E-4
2.65,-2.157E-4
2.66,-2.142E-4
2.67,-2.128E-4
2.68,-2.114E-4
2.69,-2.099E-4
2.7,-2.085E-4
2.71,-2.072E-4
2.72,-2.058E-4
2.73,-2.044E-4
2.74,-2.031E-4
2.75,-2.018E-4
2.76,-2.004E-4
2.77,-1.991E-4
2.78,-1.979E-4
2.79,-1.966E-4
2.8,-1.953E-4
2.81,-1.941E-4
2.82,-1.929E-4
2.83,-1.916E-4
2.84,-1.904E-4
2.85,-1.892E-4
2.86,-1.881E-4
2.87,-1.869E-4
2.88,-1.857E-4
2.89,-1.846E-4
2.9,-1.835E-4
2.91,-1.823E-4
2.92,-1.812E-4
2.93,-1.801E-4
2.94,-1.79E-4
2.95,-1.78E-4
2.96,-1.769E-4
2.97,-1.758E-4
2.98,-1.748E-4
2.99,-1.738E-4
3,-1.727E-4
3.01,-1.717E-4
3.02,-1.707E-4
3.03,-1.697E-4
3.04,-1.687E-4
3.05,-1.678E-4
3.06,-1.668E-4
3.07,-1.658E-4
3.08,-1.649E-4
3.09,-1.639E-4
3.1,-1.63E-4
3.11,-1.621E-4
3.12,-1.612E-4
3.13,-1.603E-4
3.14,-1.594E-4
3.15,-1.585E-4
3.16,-1.576E-4
3.17,-1.567E-4
3.18,-1.559E-4
3.19,-1.55E-4
3.2,-1.542E-4
3.21,-1.533E-4
3.22,-1.525E-4
3.23,-1.517E-4
3.24,-1.509E-4
3.25,-1.501E-4
3.26,-1.493E-4
3.27,-1.485E-4
3.28,-1.477E-4
3.29,-1.469E-4
3.3,-1.461E-4
3.31,-1.454E-4
3.32,-1.446E-4
3.33,-1.439E-4
3.34,-1.431E-4
3.35,-1.424E-4
3.36,-1.417E-4
3.37,-1.409E-4
3.38,-1.402E-4
3.39,-1.395E-4
3.4,-1.388E-4
3.41,-1.381E-4
3.42,-1.374E-4
3.43,-1.367E-4
3.44,-1.36E-4
3.45,-1.354E-4
3.46,-1.347E-4
3.47,-1.34E-4
3.48,-1.334E-4
3.49,-1.327E-4
3.5,-1.321E-4
3.51,-1.314E-4
3.52,-1.308E-4
3.53,-1.302E-4
3.54,-1.295E-4
3.55,-1.289E-4
3.56,-1.283E-4
3.57,-1.277E-4
3.58,-1.271E-4
3.59,-1.265E-4
3.6,-1.259E-4
3.61,-1.253E-4
3.62,-1.247E-4
3.63,-1.241E-4
3.64,-1.236E-4
3.65,-1.23E-4
3.66,-1.224E-4
3.67,-1.219E-4
3.68,-1.213E-4
3.69,-1.208E-4
3.7,-1.202E-4
3.71,-1.197E-4
3.72,-1.191E-4
3.73,-1.186E-4
3.74,-1.181E-4
3.75,-1.176E-4
3.76,-1.17E-4
3.77,-1.165E-4
3.78,-1.16E-4
3.79,-1.155E-4
3.8,-1.15E-4
3.81,-1.145E-4
3.82,-1.14E-4
3.83,-1.135E-4
3.84,-1.13E-4
3.85,-1.125E-4
3.86,-1.121E-4
3.87,-1.116E-4
3.88,-1.111E-4
3.89,-1.106E-4
3.9,-1.102E-4
3.91,-1.097E-4
3.92,-1.093E-4
3.93,-1.088E-4
3.94,-1.084E-4
3.95,-1.079E-4
3.96,-1.075E-4
3.97,-1.07E-4
3.98,-1.066E-4
3.99,-1.062E-4
4,-1.057E-4
4.01,-1.053E-4
4.02,-1.049E-4
4.03,-1.045E-4
4.04,-1.041E-4
4.05,-1.036E-4
4.06,-1.032E-4
4.07,-1.028E-4
4.08,-1.024E-4
4.09,-1.02E-4
4.1,-1.016E-4
4.11,-1.012E-4
4.12,-1.008E-4
4.13,-1.005E-4
4.14,-1.001E-4
4.15,-9.97E-5
4.16,-9.93E-5
4.17,-9.89E-5
4.18,-9.86E-5
4.19,-9.82E-5
4.2,-9.78E-5
4.21,-9.75E-5
4.22,-9.71E-5
4.23,-9.67E-5
4.24,-9.64E-5
4.25,-9.6E-5
4.26,-9.57E-5
4.27,-9.53E-5
4.28,-9.5E-5
4.29,-9.46E-5
4.3,-9.43E-5
4.31,-9.4E-5
4.32,-9.36E-5
4.33,-9.33E-5
4.34,-9.3E-5
4.35,-9.26E-5
4.36,-9.23E-5
4.37,-9.2E-5
4.38,-9.17E-5
4.39,-9.14E-5
4.4,-9.1E-5
4.41,-9.07E-5
4.42,-9.04E-5
4.43,-9.01E-5
4.44,-8.98E-5
4.45,-8.95E-5
4.46,-8.92E-5
4.47,-8.89E-5
4.48,-8.86E-5
4.49,-8.83E-5
4.5,-8.8E-5
4.51,-8.77E-5
4.52,-8.75E-5
4.53,-8.72E-5
4.54,-8.69E-5
4.55,-8.66E-5
4.56,-8.63E-5
4.57,-8.61E-5
4.58,-8.58E-5
4.59,-8.55E-5
4.6,-8.52E-5
4.61,-8.5E-5
4.62,-8.47E-5
4.63,-8.45E-5
4.64,-8.42E-5
4.65,-8.39E-5
4.66,-8.37E-5
4.67,-8.34E-5
4.68,-8.32E-5
4.69,-8.29E-5
4.7,-8.27E-5
4.71,-8.24E-5
4.72,-8.22E-5
4.73,-8.19E-5
4.74,-8.17E-5
4.75,-8.15E-5
4.76,-8.12E-5
4.77,-8.1E-5
4.78,-8.08E-5
4.79,-8.05E-5
4.8,-8.03E-5
4.81,-8.01E-5
4.82,-7.99E-5
4.83,-7.96E-5
4.84,-7.94E-5
4.85,-7.92E-5
4.86,-7.9E-5
4.87,-7.88E-5
4.88,-7.86E-5
4.89,-7.83E-5
4.9,-7.81E-5
4.91,-7.79E-5
4.92,-7.77E-5
4.93,-7.75E-5
4.94,-7.73E-5
4.95,-7.71E-5
4.96,-7.69E-5
4.97,-7.67E-5
4.98,-7.65E-5
4.99,-7.63E-5
5,-7.61E-5
5.01,-7.6E-5
5.02,-7.58E-5
5.03,-7.56E-5
5.04,-7.54E-5
5.05,-7.52E-5
5.06,-7.5E-5
5.07,-7.49E-5
5.08,-7.47E-5
5.09,-7.45E-5
5.1,-7.43E-5
5.11,-7.42E-5
5.12,-7.4E-5
5.13,-7.38E-5
5.14,-7.37E-5
5.15,-7.35E-5
5.16,-7.33E-5
5.17,-7.32E-5
5.18,-7.3E-5
5.19,-7.29E-5
5.2,-7.27E-5
5.21,-7.26E-5
5.22,-7.24E-5
5.23,-7.23E-5
5.24,-7.21E-5
5.25,-7.2E-5
5.26,-7.18E-5
5.27,-7.17E-5
5.28,-7.15E-5
5.29,-7.14E-5
5.3,-7.13E-5
5.31,-7.11E-5
5.32,-7.1E-5
5.33,-7.09E-5
5.34,-7.07E-5
5.35,-7.06E-5
5.36,-7.05E-5
5.37,-7.04E-5
5.38,-7.02E-5
5.39,-7.01E-5
5.4,-7E-5
5.41,-6.99E-5
5.42,-6.98E-5
5.43,-6.97E-5
5.44,-6.96E-5
5.45,-6.95E-5
5.46,-6.93E-5
5.47,-6.92E-5
5.48,-6.91E-5
5.49,-6.9E-5
5.5,-6.89E-5
5.51,-6.89E-5
5.52,-6.88E-5
5.53,-6.87E-5
5.54,-6.86E-5
5.55,-6.85E-5
5.56,-6.84E-5
5.57,-6.83E-5
5.58,-6.82E-5
5.59,-6.82E-5
5.6,-6.81E-5
5.61,-6.8E-5
5.62,-6.79E-5
5.63,-6.79E-5
5.64,-6.78E-5
5.65,-6.77E-5
5.66,-6.77E-5
5.67,-6.76E-5
5.68,-6.76E-5
5.69,-6.75E-5
5.7,-6.74E-5
5.71,-6.74E-5
5.72,-6.73E-5
5.73,-6.73E-5
5.74,-6.73E-5
5.75,-6.72E-5
5.76,-6.72E-5
5.77,-6.71E-5
5.78,-6.71E-5
5.79,-6.71E-5
5.8,-6.71E-5
5.81,-6.7E-5
5.82,-6.7E-5
5.83,-6.7E-5
5.84,-6.7E-5
5.85,-6.7E-5
5.86,-6.7E-5
5.87,-6.7E-5
5.88,-6.69E-5
5.89,-6.69E-5
5.9,-6.7E-5
5.91,-6.7E-5
5.92,-6.7E-5
5.93,-6.7E-5
5.94,-6.7E-5
5.95,-6.7E-5
5.96,-6.7E-5
5.97,-6.71E-5
5.98,-6.71E-5
5.99,-6.71E-5
6,-6.72E-5
6.01,-6.72E-5
6.02,-6.73E-5
6.03,-6.73E-5
6.04,-6.74E-5
6.05,-6.74E-5
6.06,-6.75E-5
6.07,-6.76E-5
6.08,-6.77E-5
6.09,-6.77E-5
6.1,-6.78E-5
6.11,-6.79E-5
6.12,-6.8E-5
6.13,-6.81E-5
6.14,-6.82E-5
6.15,-6.83E-5
6.16,-6.84E-5
6.17,-6.86E-5
6.18,-6.87E-5
6.19,-6.88E-5
6.2,-6.9E-5
6.21,-6.91E-5
6.22,-6.93E-5
6.23,-6.94E-5
6.24,-6.96E-5
6.25,-6.98E-5
6.26,-7E-5
6.27,-7.01E-5
6.28,-7.03E-5
6.29,-7.06E-5
6.3,-7.08E-5
6.31,-7.1E-5
6.32,-7.12E-5
6.33,-7.15E-5
6.34,-7.17E-5
6.35,-7.2E-5
6.36,-7.22E-5
6.37,-7.25E-5
6.38,-7.28E-5
6.39,-7.31E-5
6.4,-7.34E-5
6.41,-7.38E-5
6.42,-7.41E-5
6.43,-7.44E-5
6.44,-7.48E-5
6.45,-7.52E-5
6.46,-7.56E-5
6.47,-7.6E-5
6.48,-7.64E-5
6.49,-7.68E-5
6.5,-7.73E-5
6.51,-7.78E-5
6.52,-7.83E-5
6.53,-7.88E-5
6.54,-7.93E-5
6.55,-7.98E-5
6.56,-8.04E-5
6.57,-8.1E-5
6.58,-8.16E-5
6.59,-8.22E-5
6.6,-8.29E-5
6.61,-8.35E-5
6.62,-8.43E-5
6.63,-8.5E-5
6.64,-8.58E-5
6.65,-8.65E-5
6.66,-8.74E-5
6.67,-8.82E-5
6.68,-8.91E-5
6.69,-9E-5
6.7,-9.1E-5
6.71,-9.2E-5
6.72,-9.31E-5
6.73,-9.41E-5
6.74,-9.53E-5
6.75,-9.65E-5
6.76,-9.77E-5
6.77,-9.9E-5
6.78,-1.003E-4
6.79,-1.017E-4
6.8,-1.032E-4
6.81,-1.047E-4
6.82,-1.063E-4
6.83,-1.08E-4
6.84,-1.098E-4
6.85,-1.116E-4
6.86,-1.136E-4
6.87,-1.156E-4
6.88,-1.177E-4
6.89,-1.199E-4
6.9,-1.223E-4
6.91,-1.248E-4
6.92,-1.274E-4
6.93,-1.301E-4
6.94,-1.33E-4
6.95,-1.36E-4
6.96,-1.392E-4
6.97,-1.426E-4
6.98,-1.462E-4
6.99,-1.5E-4
7,-1.541E-4
7.01,-1.584E-4
7.02,-1.629E-4
7.03,-1.678E-4
7.04,-1.729E-4
7.05,-1.784E-4
7.06,-1.843E-4
7.07,-1.906E-4
7.08,-1.974E-4
7.09,-2.046E-4
7.1,-2.124E-4
7.11,-2.207E-4
7.12,-2.298E-4
7.13,-2.395E-4
7.14,-2.501E-4
7.15,-2.616E-4
7.16,-2.741E-4
7.17,-2.877E-4
7.18,-3.026E-4
7.19,-3.189E-4
7.2,-3.368E-4
7.21,-3.566E-4
7.22,-3.785E-4
7.23,-4.028E-4
7.24,-4.299E-4
7.25,-4.603E-4
7.26,-4.944E-4
7.27,-5.33E-4
7.28,-5.768E-4
7.29,-6.269E-4
7.3,-6.844E-4
7.31,-7.51E-4
7.32,-8.287E-4
7.33,-9.201E-4
7.34,-0.00103
7.35,-0.00116
7.36,-0.00132
7.37,-0.00151
7.38,-0.00175
7.39,-0.00206
7.4,-0.00247
7.41,-0.003
7.42,-0.00373
7.43,-0.00478
7.44,-0.00636
7.45,-0.00918
7.46,-0.01645
7.47,-0.03969
7.48,-0.09835
7.49,-0.18852
7.5,-0.24142
7.51,-0.21301
7.52,-0.14563
7.53,-0.07496
7.54,-0.03199
7.55,-0.01413
7.56,-0.00806
7.57,-0.00562
7.58,-0.00424
7.59,-0.00332
7.6,-0.00267
7.61,-0.00219
7.62,-0.00184
7.63,-0.00156
7.64,-0.00134
7.65,-0.00117
7.66,-0.00102
7.67,-9.067E-4
7.68,-8.087E-4
7.69,-7.261E-4
7.7,-6.559E-4
7.71,-5.956E-4
7.72,-5.436E-4
7.73,-4.984E-4
7.74,-4.588E-4
7.75,-4.239E-4
7.76,-3.931E-4
7.77,-3.657E-4
7.78,-3.413E-4
7.79,-3.194E-4
7.8,-2.997E-4
7.81,-2.819E-4
7.82,-2.657E-4
7.83,-2.511E-4
7.84,-2.377E-4
7.85,-2.255E-4
7.86,-2.144E-4
7.87,-2.041E-4
7.88,-1.946E-4
7.89,-1.859E-4
7.9,-1.779E-4
7.91,-1.704E-4
7.92,-1.635E-4
7.93,-1.57E-4
7.94,-1.51E-4
7.95,-1.454E-4
7.96,-1.402E-4
7.97,-1.353E-4
7.98,-1.307E-4
7.99,-1.264E-4
8,-1.223E-4
8.01,-1.185E-4
8.02,-1.149E-4
8.03,-1.115E-4
8.04,-1.084E-4
8.05,-1.053E-4
8.06,-1.025E-4
8.07,-9.98E-5
8.08,-9.72E-5
8.09,-9.48E-5
8.1,-9.25E-5
8.11,-9.03E-5
8.12,-8.82E-5
8.13,-8.62E-5
8.14,-8.43E-5
8.15,-8.25E-5
8.16,-8.07E-5
8.17,-7.91E-5
8.18,-7.75E-5
8.19,-7.6E-5
8.2,-7.45E-5
8.21,-7.32E-5
8.22,-7.18E-5
8.23,-7.05E-5
8.24,-6.93E-5
8.25,-6.82E-5
8.26,-6.7E-5
8.27,-6.59E-5
8.28,-6.49E-5
8.29,-6.39E-5
8.3,-6.29E-5
8.31,-6.2E-5
8.32,-6.11E-5
8.33,-6.02E-5
8.34,-5.94E-5
8.35,-5.86E-5
8.36,-5.78E-5
8.37,-5.7E-5
8.38,-5.63E-5
8.39,-5.56E-5
8.4,-5.49E-5
8.41,-5.43E-5
8.42,-5.36E-5
8.43,-5.3E-5
8.44,-5.24E-5
8.45,-5.18E-5
8.46,-5.13E-5
8.47,-5.07E-5
8.48,-5.02E-5
8.49,-4.97E-5
8.5,-4.92E-5
8.51,-4.87E-5
8.52,-4.82E-5
8.53,-4.77E-5
8.54,-4.73E-5
8.55,-4.69E-5
8.56,-4.64E-5
8.57,-4.6E-5
8.58,-4.56E-5
8.59,-4.52E-5
8.6,-4.49E-5
8.61,-4.45E-5
8.62,-4.41E-5
8.63,-4.38E-5
8.64,-4.34E-5
8.65,-4.31E-5
8.66,-4.28E-5
8.67,-4.24E-5
8.68,-4.21E-5
8.69,-4.18E-5
8.7,-4.15E-5
8.71,-4.12E-5
8.72,-4.09E-5
8.73,-4.07E-5
8.74,-4.04E-5
8.75,-4.01E-5
8.76,-3.99E-5
8.77,-3.96E-5
8.78,-3.94E-5
8.79,-3.91E-5
8.8,-3.89E-5
8.81,-3.86E-5
8.82,-3.84E-5
8.83,-3.82E-5
8.84,-3.8E-5
8.85,-3.77E-5
8.86,-3.75E-5
8.87,-3.73E-5
8.88,-3.71E-5
8.89,-3.69E-5
8.9,-3.67E-5
8.91,-3.65E-5
8.92,-3.63E-5
8.93,-3.62E-5
8.94,-3.6E-5
8.95,-3.58E-5
8.96,-3.56E-5
8.97,-3.54E-5
8.98,-3.53E-5
8.99,-3.51E-5
9,-3.49E-5
9.01,-3.48E-5
9.02,-3.46E-5
9.03,-3.45E-5
9.04,-3.43E-5
9.05,-3.42E-5
9.06,-3.4E-5
9.07,-3.39E-5
9.08,-3.37E-5
9.09,-3.36E-5
9.1,-3.34E-5
9.11,-3.33E-5
9.12,-3.32E-5
9.13,-3.3E-5
9.14,-3.29E-5
9.15,-3.28E-5
9.16,-3.26E-5
9.17,-3.25E-5
9.18,-3.24E-5
9.19,-3.23E-5
9.2,-3.22E-5
9.21,-3.2E-5
9.22,-3.19E-5
9.23,-3.18E-5
9.24,-3.17E-5
9.25,-3.16E-5
9.26,-3.15E-5
9.27,-3.14E-5
9.28,-3.12E-5
9.29,-3.11E-5
9.3,-3.1E-5
9.31,-3.09E-5
9.32,-3.08E-5
9.33,-3.07E-5
9.34,-3.06E-5
9.35,-3.05E-5
9.36,-3.04E-5
9.37,-3.03E-5
9.38,-3.02E-5
9.39,-3.01E-5
9.4,-2.85E-5
9.41,-2.85E-5
9.42,-2.84E-5
9.43,-2.83E-5
9.44,-2.82E-5
9.45,-2.82E-5
9.46,-2.81E-5
9.47,-2.8E-5
9.48,-2.8E-5
9.49,-2.79E-5
9.5,-2.78E-5
9.51,-2.78E-5
9.52,-2.77E-5
9.53,-2.76E-5
9.54,-2.76E-5
9.55,-2.75E-5
9.56,-2.75E-5
9.57,-2.74E-5
9.58,-2.73E-5
9.59,-2.73E-5
9.6,-2.72E-5
9.61,-2.72E-5
9.62,-2.71E-5
9.63,-2.7E-5
9.64,-2.7E-5
9.65,-2.69E-5
9.66,-2.69E-5
9.67,-2.68E-5
9.68,-2.67E-5
9.69,-2.67E-5
9.7,-2.66E-5
9.71,-2.66E-5
9.72,-2.65E-5
9.73,-2.65E-5
9.74,-2.64E-5
9.75,-2.64E-5
9.76,-2.63E-5
9.77,-2.63E-5
9.78,-2.62E-5
9.79,-2.62E-5
9.8,-2.61E-5
9.81,-2.6E-5
9.82,-2.6E-5
9.83,-2.59E-5
9.84,-2.59E-5
9.85,-2.58E-5
9.86,-2.58E-5
9.87,-2.58E-5
9.88,-2.57E-5
9.89,-2.57E-5
9.9,-2.56E-5
9.91,-2.56E-5
9.92,-2.55E-5
9.93,-2.55E-5
9.94,-2.54E-5
9.95,-2.54E-5
9.96,-2.53E-5
9.97,-2.53E-5
9.98,-2.52E-5
9.99,-2.52E-5
10,-2.36E-5
10.01,-2.36E-5
10.02,-2.36E-5
10.03,-2.35E-5
10.04,-2.35E-5
10.05,-2.35E-5
10.06,-2.35E-5
10.07,-2.34E-5
10.08,-2.34E-5
10.09,-2.34E-5
10.1,-2.33E-5
10.11,-2.33E-5
10.12,-2.33E-5
10.13,-2.33E-5
10.14,-2.32E-5
10.15,-2.32E-5
10.16,-2.32E-5
10.17,-2.31E-5
10.18,-2.31E-5
10.19,-2.31E-5
10.2,-2.31E-5
10.21,-2.3E-5
10.22,-2.3E-5
10.23,-2.3E-5
10.24,-2.3E-5
10.25,-2.29E-5
10.26,-2.29E-5
10.27,-2.29E-5
10.28,-2.28E-5
10.29,-2.28E-5
10.3,-2.28E-5
10.31,-2.28E-5
10.32,-2.27E-5
10.33,-2.27E-5
10.34,-2.27E-5
10.35,-2.27E-5
10.36,-2.26E-5
10.37,-2.26E-5
10.38,-2.26E-5
10.39,-2.26E-5
10.4,-2.25E-5
10.41,-2.25E-5
10.42,-2.25E-5
10.43,-2.25E-5
10.44,-2.24E-5
10.45,-2.24E-5
10.46,-2.24E-5
10.47,-2.24E-5
10.48,-2.23E-5
10.49,-2.23E-5
10.5,-2.23E-5
10.51,-2.23E-5
10.52,-2.22E-5
10.53,-2.22E-5
10.54,-2.22E-5
10.55,-2.22E-5
10.56,-2.21E-5
10.57,-2.21E-5
10.58,-2.21E-5
10.59,-2.21E-5
10.6,-2.2E-5
10.61,-2.2E-5
10.62,-2.2E-5
10.63,-2.2E-5
10.64,-2.19E-5
10.65,-2.19E-5
10.66,-2.19E-5
10.67,-2.19E-5
10.68,-2.18E-5
10.69,-2.18E-5
10.7,-2.18E-5
10.71,-2.18E-5
10.72,-2.17E-5
10.73,-2.17E-5
10.74,-2.17E-5
10.75,-2.17E-5
10.76,-2.17E-5
10.77,-2.16E-5
10.78,-2.16E-5
10.79,-2.16E-5
10.8,-2.16E-5
10.81,-2.15E-5
10.82,-2.15E-5
10.83,-2.15E-5
10.84,-2.15E-5
10.85,-2.14E-5
10.86,-2.14E-5
10.87,-2.14E-5
10.88,-2.14E-5
10.89,-2.14E-5
10.9,-2.13E-5
10.91,-2.13E-5
10.92,-2.13E-5
10.93,-2.13E-5
10.94,-2.12E-5
10.95,-2.12E-5
10.96,-2.12E-5
10.97,-2.12E-5
10.98,-2.12E-5
10.99,-2.11E-5
11,-2.11E-5
11.01,-2.11E-5
11.02,-2.11E-5
11.03,-2.1E-5
11.04,-2.1E-5
11.05,-2.1E-5
11.06,-2.1E-5
11.07,-2.1E-5
11.08,-2.09E-5
11.09,-2.09E-5
11.1,-2.09E-5
11.11,-2.09E-5
11.12,-2.09E-5
11.13,-2.08E-5
11.14,-2.08E-5
11.15,-2.08E-5
11.16,-2.08E-5
11.17,-2.08E-5
11.18,-2.07E-5
11.19,-2.07E-5
11.2,-2.07E-5
11.21,-2.07E-5
11.22,-2.07E-5
11.23,-2.06E-5
11.24,-2.06E-5
11.25,-2.06E-5
11.26,-2.19E-5
11.27,-2.19E-5
11.28,-2.19E-5
11.29,-2.19E-5
11.3,-2.19E-5
11.31,-2.18E-5
11.32,-2.18E-5
11.33,-2.18E-5
11.34,-2.18E-5
11.35,-2.18E-5
11.36,-2.18E-5
11.37,-2.18E-5
11.38,-2.17E-5
11.39,-2.17E-5
11.4,-2.17E-5
11.41,-2.17E-5
11.42,-2.17E-5
11.43,-2.17E-5
11.44,-2.17E-5
11.45,-2.16E-5
11.46,-2.16E-5
11.47,-2.16E-5
11.48,-2.16E-5
11.49,-2.16E-5
11.5,-2.16E-5
11.51,-2.16E-5
11.52,-2.16E-5
11.53,-2.15E-5
11.54,-2.15E-5
11.55,-2.15E-5
11.56,-2.15E-5
11.57,-2.15E-5
11.58,-2.15E-5
11.59,-2.15E-5
11.6,-2.15E-5
11.61,-2.14E-5
11.62,-2.14E-5
11.63,-2.14E-5
11.64,-2.14E-5
11.65,-2.14E-5
11.66,-2.14E-5
11.67,-2.14E-5
11.68,-2.14E-5
11.69,-2.14E-5
11.7,-2.13E-5
11.71,-2.13E-5
11.72,-2.13E-5
11.73,-2.13E-5
11.74,-2.13E-5
11.75,-2.13E-5
11.76,-2.13E-5
11.77,-2.13E-5
11.78,-2.13E-5
11.79,-2.13E-5
11.8,-2.12E-5
11.81,-2.12E-5
11.82,-2.12E-5
11.83,-2.12E-5
11.84,-2.12E-5
11.85,-2.12E-5
11.86,-2.12E-5
11.87,-2.12E-5
11.88,-2.12E-5
11.89,-2.12E-5
11.9,-2.12E-5
11.91,-2.11E-5
11.92,-2.11E-5
11.93,-2.11E-5
11.94,-2.11E-5
11.95,-2.11E-5
11.96,-2.11E-5
11.97,-2.11E-5
11.98,-2.11E-5
11.99,-2.11E-5
12,-2.11E-5
12.01,-2.11E-5
12.02,-2.11E-5
12.03,-2.11E-5
12.04,-2.11E-5
12.05,-2.1E-5
12.06,-2.1E-5
12.07,-2.1E-5
12.08,-2.1E-5
12.09,-2.1E-5
12.1,-2.1E-5
12.11,-2.1E-5
12.12,-2.1E-5
12.13,-2.1E-5
12.14,-2.1E-5
12.15,-2.1E-5
12.16,-2.1E-5
12.17,-2.1E-5
12.18,-2.1E-5
12.19,-2.1E-5
12.2,-2.1E-5
12.21,-2.1E-5
12.22,-2.1E-5
12.23,-2.1E-5
12.24,-2.1E-5
12.25,-2.1E-5
12.26,-2.09E-5
12.27,-2.09E-5
12.28,-2.09E-5
12.29,-2.09E-5
12.3,-2.09E-5
12.31,-2.09E-5
12.32,-2.09E-5
12.33,-2.09E-5
12.34,-2.09E-5
12.35,-2.09E-5
12.36,-2.09E-5
12.37,-2.09E-5
12.38,-2.09E-5
12.39,-2.09E-5
12.4,-2.09E-5
12.41,-2.09E-5
12.42,-2.09E-5
12.43,-2.09E-5
12.44,-2.09E-5
12.45,-2.09E-5
12.46,-2.09E-5
12.47,-2.09E-5
12.48,-2.09E-5
12.49,-2.09E-5
12.5,-2.09E-5
12.51,-2.09E-5
12.52,-2.09E-5
12.53,-2.09E-5
12.54,-2.09E-5
12.55,-2.09E-5
12.56,-2.09E-5
12.57,-2.09E-5
12.58,-2.09E-5
12.59,-2.09E-5
12.6,-2.1E-5
12.61,-2.1E-5
12.62,-2.1E-5
12.63,-2.1E-5
12.64,-2.1E-5
12.65,-2.1E-5
12.66,-2.1E-5
12.67,-2.1E-5
12.68,-2.1E-5
12.69,-2.1E-5
12.7,-2.23E-5
12.71,-2.24E-5
12.72,-2.24E-5
12.73,-2.24E-5
12.74,-2.24E-5
12.75,-2.24E-5
12.76,-2.24E-5
12.77,-2.25E-5
12.78,-2.25E-5
12.79,-2.25E-5
12.8,-2.25E-5
12.81,-2.25E-5
12.82,-2.26E-5
12.83,-2.26E-5
12.84,-2.26E-5
12.85,-2.26E-5
12.86,-2.26E-5
12.87,-2.27E-5
12.88,-2.27E-5
12.89,-2.27E-5
12.9,-2.27E-5
12.91,-2.28E-5
12.92,-2.28E-5
12.93,-2.28E-5
12.94,-2.28E-5
12.95,-2.29E-5
12.96,-2.29E-5
12.97,-2.29E-5
12.98,-2.3E-5
12.99,-2.3E-5
13,-2.3E-5
13.01,-2.3E-5
13.02,-2.31E-5
13.03,-2.31E-5
13.04,-2.31E-5
13.05,-2.32E-5
13.06,-2.32E-5
13.07,-2.32E-5
13.08,-2.33E-5
13.09,-2.33E-5
13.1,-2.34E-5
13.11,-2.34E-5
13.12,-2.34E-5
13.13,-2.35E-5
13.14,-2.35E-5
13.15,-2.36E-5
13.16,-2.36E-5
13.17,-2.36E-5
13.18,-2.37E-5
13.19,-2.37E-5
13.2,-2.38E-5
13.21,-2.38E-5
13.22,-2.39E-5
13.23,-2.39E-5
13.24,-2.4E-5
13.25,-2.4E-5
13.26,-2.41E-5
13.27,-2.41E-5
13.28,-2.42E-5
13.29,-2.42E-5
13.3,-2.43E-5
13.31,-2.43E-5
13.32,-2.44E-5
13.33,-2.45E-5
13.34,-2.45E-5
13.35,-2.46E-5
13.36,-2.47E-5
13.37,-2.47E-5
13.38,-2.48E-5
13.39,-2.49E-5
13.4,-2.49E-5
13.41,-2.5E-5
13.42,-2.51E-5
13.43,-2.51E-5
13.44,-2.52E-5
13.45,-2.53E-5
13.46,-2.54E-5
13.47,-2.54E-5
13.48,-2.55E-5
13.49,-2.56E-5
13.5,-2.57E-5
13.51,-2.58E-5
13.52,-2.59E-5
13.53,-2.6E-5
13.54,-2.61E-5
13.55,-2.62E-5
13.56,-2.62E-5
13.57,-2.63E-5
13.58,-2.64E-5
13.59,-2.66E-5
13.6,-2.67E-5
13.61,-2.68E-5
13.62,-2.69E-5
13.63,-2.7E-5
13.64,-2.71E-5
13.65,-2.72E-5
13.66,-2.73E-5
13.67,-2.75E-5
13.68,-2.76E-5
13.69,-2.77E-5
13.7,-2.79E-5
13.71,-2.8E-5
13.72,-2.81E-5
13.73,-2.83E-5
13.74,-2.84E-5
13.75,-2.86E-5
13.76,-2.87E-5
13.77,-2.89E-5
13.78,-2.91E-5
13.79,-2.92E-5
13.8,-2.94E-5
13.81,-2.96E-5
13.82,-2.97E-5
13.83,-2.99E-5
13.84,-3.01E-5
13.85,-3.03E-5
13.86,-3.05E-5
13.87,-3.07E-5
13.88,-3.09E-5
13.89,-3.11E-5
13.9,-3.14E-5
13.91,-3.16E-5
13.92,-3.18E-5
13.93,-3.21E-5
13.94,-3.23E-5
13.95,-3.26E-5
13.96,-3.28E-5
13.97,-3.31E-5
13.98,-3.34E-5
13.99,-3.36E-5
14,-3.39E-5
14.01,-3.42E-5
14.02,-3.45E-5
14.03,-3.49E-5
14.04,-3.52E-5
14.05,-3.55E-5
14.06,-3.59E-5
14.07,-3.62E-5
14.08,-3.66E-5
14.09,-3.7E-5
14.1,-3.74E-5
14.11,-3.78E-5
14.12,-3.82E-5
14.13,-3.86E-5
14.14,-3.91E-5
14.15,-3.96E-5
14.16,-4E-5
14.17,-4.05E-5
14.18,-4.1E-5
14.19,-4.16E-5
14.2,-4.21E-5
14.21,-4.27E-5
14.22,-4.33E-5
14.23,-4.39E-5
14.24,-4.46E-5
14.25,-4.52E-5
14.26,-4.59E-5
14.27,-4.66E-5
14.28,-4.74E-5
14.29,-4.81E-5
14.3,-4.89E-5
14.31,-4.98E-5
14.32,-5.07E-5
14.33,-5.16E-5
14.34,-5.25E-5
14.35,-5.35E-5
14.36,-5.45E-5
14.37,-5.56E-5
14.38,-5.68E-5
14.39,-5.79E-5
14.4,-5.92E-5
14.41,-6.05E-5
14.42,-6.18E-5
14.43,-6.33E-5
14.44,-6.48E-5
14.45,-6.64E-5
14.46,-6.8E-5
14.47,-6.98E-5
14.48,-7.16E-5
14.49,-7.35E-5
14.5,-7.56E-5
14.51,-7.78E-5
14.52,-8.01E-5
14.53,-8.25E-5
14.54,-8.51E-5
14.55,-8.78E-5
14.56,-9.07E-5
14.57,-9.38E-5
14.58,-9.71E-5
14.59,-1.006E-4
14.6,-1.044E-4
14.61,-1.084E-4
14.62,-1.127E-4
14.63,-1.173E-4
14.64,-1.223E-4
14.65,-1.277E-4
14.66,-1.335E-4
14.67,-1.398E-4
14.68,-1.466E-4
14.69,-1.54E-4
14.7,-1.621E-4
14.71,-1.709E-4
14.72,-1.806E-4
14.73,-1.912E-4
14.74,-2.029E-4
14.75,-2.158E-4
14.76,-2.301E-4
14.77,-2.461E-4
14.78,-2.64E-4
14.79,-2.841E-4
14.8,-3.067E-4
14.81,-3.325E-4
14.82,-3.618E-4
14.83,-3.955E-4
14.84,-4.345E-4
14.85,-4.798E-4
14.86,-5.331E-4
14.87,-5.963E-4
14.88,-6.719E-4
14.89,-7.636E-4
14.9,-8.762E-4
14.91,-0.00102
14.92,-0.0012
14.93,-0.00143
14.94,-0.00173
14.95,-0.00216
14.96,-0.00275
14.97,-0.00367
14.98,-0.0053
14.99,-0.00919
15,-0.01938
15.01,-0.04079
15.02,-0.06898
15.03,-0.07811
15.04,-0.06081
15.05,-0.04825
15.06,-0.04676
15.07,-0.03854
15.08,-0.02306
15.09,-0.01159
15.1,-0.006
15.11,-0.00373
15.12,-0.00269
15.13,-0.00208
15.14,-0.00166
15.15,-0.00136
15.16,-0.00114
15.17,-9.639E-4
15.18,-8.285E-4
15.19,-7.204E-4
15.2,-6.325E-4
15.21,-5.601E-4
15.22,-4.998E-4
15.23,-4.489E-4
15.24,-4.057E-4
15.25,-3.686E-4
15.26,-3.365E-4
15.27,-3.087E-4
15.28,-2.842E-4
15.29,-2.627E-4
15.3,-2.437E-4
15.31,-2.268E-4
15.32,-2.116E-4
15.33,-1.981E-4
15.34,-1.859E-4
15.35,-1.748E-4
15.36,-1.648E-4
15.37,-1.557E-4
15.38,-1.474E-4
15.39,-1.398E-4
15.4,-1.329E-4
15.41,-1.265E-4
15.42,-1.206E-4
15.43,-1.151E-4
15.44,-1.101E-4
15.45,-1.054E-4
15.46,-1.011E-4
15.47,-9.71E-5
15.48,-9.33E-5
15.49,-8.98E-5
15.5,-8.65E-5
15.51,-8.35E-5
15.52,-8.06E-5
15.53,-7.79E-5
15.54,-7.53E-5
15.55,-7.3E-5
15.56,-7.07E-5
15.57,-6.86E-5
15.58,-6.66E-5
15.59,-6.47E-5
15.6,-6.29E-5
15.61,-6.12E-5
15.62,-5.96E-5
15.63,-5.8E-5
15.64,-5.66E-5
15.65,-5.52E-5
15.66,-5.39E-5
15.67,-5.26E-5
15.68,-5.15E-5
15.69,-5.03E-5
15.7,-4.92E-5
15.71,-4.82E-5
15.72,-4.72E-5
15.73,-4.63E-5
15.74,-4.54E-5
15.75,-4.45E-5
15.76,-4.37E-5
15.77,-4.29E-5
15.78,-4.21E-5
15.79,-4.14E-5
15.8,-4.07E-5
15.81,-4E-5
15.82,-3.93E-5
15.83,-3.87E-5
15.84,-3.81E-5
15.85,-3.75E-5
15.86,-3.7E-5
15.87,-3.64E-5
15.88,-3.59E-5
15.89,-3.54E-5
15.9,-3.49E-5
15.91,-3.45E-5
15.92,-3.4E-5
15.93,-3.36E-5
15.94,-3.32E-5
15.95,-3.28E-5
15.96,-3.24E-5
15.97,-3.2E-5
15.98,-3.16E-5
15.99,-3.13E-5
16,-3.09E-5
16.01,-3.06E-5
16.02,-3.03E-5
16.03,-2.99E-5
16.04,-2.96E-5
16.05,-2.93E-5
16.06,-2.91E-5
16.07,-2.88E-5
16.08,-2.85E-5
16.09,-2.82E-5
16.1,-2.8E-5
16.11,-2.77E-5
16.12,-2.75E-5
16.13,-2.73E-5
16.14,-2.7E-5
16.15,-2.68E-5
16.16,-2.66E-5
16.17,-2.64E-5
16.18,-2.62E-5
16.19,-2.6E-5
16.2,-2.58E-5
16.21,-2.56E-5
16.22,-2.54E-5
16.23,-2.53E-5
16.24,-2.51E-5
16.25,-2.49E-5
16.26,-2.47E-5
16.27,-2.46E-5
16.28,-2.44E-5
16.29,-2.43E-5
16.3,-2.41E-5
16.31,-2.4E-5
16.32,-2.38E-5
16.33,-2.37E-5
16.34,-2.36E-5
16.35,-2.34E-5
16.36,-2.33E-5
16.37,-2.43E-5
16.38,-2.42E-5
16.39,-2.41E-5
16.4,-2.4E-5
16.41,-2.39E-5
16.42,-2.38E-5
16.43,-2.36E-5
16.44,-2.35E-5
16.45,-2.34E-5
16.46,-2.33E-5
16.47,-2.32E-5
16.48,-2.31E-5
16.49,-2.3E-5
16.5,-2.3E-5
16.51,-2.29E-5
16.52,-2.28E-5
16.53,-2.27E-5
16.54,-2.26E-5
16.55,-2.25E-5
16.56,-2.24E-5
16.57,-2.24E-5
16.58,-2.23E-5
16.59,-2.22E-5
16.6,-2.21E-5
16.61,-2.2E-5
16.62,-2.2E-5
16.63,-2.19E-5
16.64,-2.18E-5
16.65,-2.18E-5
16.66,-2.17E-5
16.67,-2.16E-5
16.68,-2.16E-5
16.69,-2.15E-5
16.7,-2.14E-5
16.71,-2.14E-5
16.72,-2.13E-5
16.73,-2.13E-5
16.74,-2.12E-5
16.75,-2.12E-5
16.76,-2.11E-5
16.77,-2.1E-5
16.78,-2.1E-5
16.79,-2.09E-5
16.8,-2.09E-5
16.81,-2.08E-5
16.82,-2.08E-5
16.83,-2.07E-5
16.84,-1.94E-5
16.85,-1.93E-5
16.86,-1.93E-5
16.87,-1.93E-5
16.88,-1.93E-5
16.89,-1.92E-5
16.9,-1.92E-5
16.91,-1.92E-5
16.92,-1.91E-5
16.93,-1.91E-5
16.94,-1.91E-5
16.95,-1.91E-5
16.96,-1.9E-5
16.97,-1.9E-5
16.98,-1.9E-5
16.99,-1.9E-5
17,-1.9E-5
17.01,-1.89E-5
17.02,-1.89E-5
17.03,-1.89E-5
17.04,-1.89E-5
17.05,-1.88E-5
17.06,-1.88E-5
17.07,-1.88E-5
17.08,-1.88E-5
17.09,-1.88E-5
17.1,-1.87E-5
17.11,-1.87E-5
17.12,-1.87E-5
17.13,-1.87E-5
17.14,-1.87E-5
17.15,-1.87E-5
17.16,-1.86E-5
17.17,-1.86E-5
17.18,-1.86E-5
17.19,-1.86E-5
17.2,-1.86E-5
17.21,-1.86E-5
17.22,-1.86E-5
17.23,-1.85E-5
17.24,-1.85E-5
17.25,-1.85E-5
17.26,-1.85E-5
17.27,-1.85E-5
17.28,-1.85E-5
17.29,-1.85E-5
17.3,-1.84E-5
17.31,-1.84E-5
17.32,-1.84E-5
17.33,-1.84E-5
17.34,-1.84E-5
17.35,-1.84E-5
17.36,-1.84E-5
17.37,-1.84E-5
17.38,-1.84E-5
17.39,-1.83E-5
17.4,-1.83E-5
17.41,-1.83E-5
17.42,-1.83E-5
17.43,-1.83E-5
17.44,-1.7E-5
17.45,-1.7E-5
17.46,-1.7E-5
17.47,-1.7E-5
17.48,-1.7E-5
17.49,-1.7E-5
17.5,-1.7E-5
17.51,-1.7E-5
17.52,-1.7E-5
17.53,-1.7E-5
17.54,-1.7E-5
17.55,-1.7E-5
17.56,-1.7E-5
17.57,-1.7E-5
17.58,-1.7E-5
17.59,-1.7E-5
17.6,-1.7E-5
17.61,-1.7E-5
17.62,-1.7E-5
17.63,-1.7E-5
17.64,-1.7E-5
17.65,-1.7E-5
17.66,-1.7E-5
17.67,-1.7E-5
17.68,-1.7E-5
17.69,-1.71E-5
17.7,-1.71E-5
17.71,-1.71E-5
17.72,-1.71E-5
17.73,-1.71E-5
17.74,-1.71E-5
17.75,-1.71E-5
17.76,-1.71E-5
17.77,-1.71E-5
17.78,-1.71E-5
17.79,-1.71E-5
17.8,-1.71E-5
17.81,-1.71E-5
17.82,-1.71E-5
17.83,-1.71E-5
17.84,-1.71E-5
17.85,-1.71E-5
17.86,-1.71E-5
17.87,-1.71E-5
17.88,-1.72E-5
17.89,-1.72E-5
17.9,-1.72E-5
17.91,-1.72E-5
17.92,-1.72E-5
17.93,-1.72E-5
17.94,-1.72E-5
17.95,-1.72E-5
17.96,-1.72E-5
17.97,-1.72E-5
17.98,-1.72E-5
17.99,-1.72E-5
18,-1.72E-5
18.01,-1.72E-5
18.02,-1.72E-5
18.03,-1.72E-5
18.04,-1.72E-5
18.05,-1.73E-5
18.06,-1.73E-5
18.07,-1.73E-5
18.08,-1.73E-5
18.09,-1.73E-5
18.1,-1.73E-5
18.11,-1.73E-5
18.12,-1.73E-5
18.13,-1.73E-5
18.14,-1.73E-5
18.15,-1.73E-5
18.16,-1.73E-5
18.17,-1.73E-5
18.18,-1.73E-5
18.19,-1.73E-5
18.2,-1.74E-5
18.21,-1.74E-5
18.22,-1.74E-5
18.23,-1.74E-5
18.24,-1.74E-5
18.25,-1.74E-5
18.26,-1.74E-5
18.27,-1.74E-5
18.28,-1.74E-5
18.29,-1.74E-5
18.3,-1.74E-5
18.31,-1.74E-5
18.32,-1.74E-5
18.33,-1.75E-5
18.34,-1.75E-5
18.35,-1.75E-5
18.36,-1.86E-5
18.37,-1.87E-5
18.38,-1.87E-5
18.39,-1.87E-5
18.4,-1.87E-5
18.41,-1.87E-5
18.42,-1.87E-5
18.43,-1.87E-5
18.44,-1.88E-5
18.45,-1.88E-5
18.46,-1.88E-5
18.47,-1.88E-5
18.48,-1.88E-5
18.49,-1.88E-5
18.5,-1.88E-5
18.51,-1.88E-5
18.52,-1.89E-5
18.53,-1.99E-5
18.54,-2E-5
18.55,-2E-5
18.56,-2E-5
18.57,-2E-5
18.58,-2E-5
18.59,-2E-5
18.6,-2.01E-5
18.61,-2.01E-5
18.62,-2.01E-5
18.63,-2.01E-5
18.64,-2.01E-5
18.65,-2.01E-5
18.66,-2.01E-5
18.67,-2.02E-5
18.68,-2.02E-5
18.69,-2.02E-5
18.7,-2.02E-5
18.71,-2.02E-5
18.72,-2.02E-5
18.73,-2.03E-5
18.74,-2.03E-5
18.75,-2.03E-5
18.76,-2.03E-5
18.77,-2.03E-5
18.78,-2.04E-5
18.79,-2.04E-5
18.8,-2.04E-5
18.81,-2.04E-5
18.82,-2.04E-5
18.83,-2.04E-5
18.84,-2.05E-5
18.85,-2.05E-5
18.86,-2.05E-5
18.87,-2.05E-5
18.88,-2.05E-5
18.89,-2.06E-5
18.9,-2.06E-5
18.91,-2.06E-5
18.92,-2.06E-5
18.93,-2.06E-5
18.94,-2.07E-5
18.95,-2.07E-5
18.96,-2.07E-5
18.97,-2.07E-5
18.98,-2.07E-5
18.99,-2.08E-5
19,-2.08E-5
19.01,-2.08E-5
19.02,-2.08E-5
19.03,-2.09E-5
19.04,-2.2E-5
19.05,-2.21E-5
19.06,-2.21E-5
19.07,-2.21E-5
19.08,-2.21E-5
19.09,-2.22E-5
19.1,-2.22E-5
19.11,-2.22E-5
19.12,-2.23E-5
19.13,-2.23E-5
19.14,-2.23E-5
19.15,-2.23E-5
19.16,-2.24E-5
19.17,-2.24E-5
19.18,-2.24E-5
19.19,-2.25E-5
19.2,-2.25E-5
19.21,-2.25E-5
19.22,-2.25E-5
19.23,-2.26E-5
19.24,-2.26E-5
19.25,-2.26E-5
19.26,-2.27E-5
19.27,-2.27E-5
19.28,-2.27E-5
19.29,-2.28E-5
19.3,-2.28E-5
19.31,-2.28E-5
19.32,-2.29E-5
19.33,-2.29E-5
19.34,-2.29E-5
19.35,-2.3E-5
19.36,-2.3E-5
19.37,-2.3E-5
19.38,-2.31E-5
19.39,-2.31E-5
19.4,-2.31E-5
19.41,-2.32E-5
19.42,-2.32E-5
19.43,-2.32E-5
19.44,-2.33E-5
19.45,-2.33E-5
19.46,-2.33E-5
19.47,-2.34E-5
19.48,-2.34E-5
19.49,-2.34E-5
19.5,-2.35E-5
19.51,-2.35E-5
19.52,-2.36E-5
19.53,-2.36E-5
19.54,-2.36E-5
19.55,-2.37E-5
19.56,-2.37E-5
19.57,-2.37E-5
19.58,-2.38E-5
19.59,-2.38E-5
19.6,-2.39E-5
19.61,-2.39E-5
19.62,-2.39E-5
19.63,-2.4E-5
19.64,-2.4E-5
19.65,-2.41E-5
19.66,-2.41E-5
19.67,-2.42E-5
19.68,-2.42E-5
19.69,-2.42E-5
19.7,-2.43E-5
19.71,-2.43E-5
19.72,-2.44E-5
19.73,-2.44E-5
19.74,-2.45E-5
19.75,-2.45E-5
19.76,-2.46E-5
19.77,-2.46E-5
19.78,-2.46E-5
19.79,-2.47E-5
19.8,-2.47E-5
19.81,-2.48E-5
19.82,-2.48E-5
19.83,-2.49E-5
19.84,-2.49E-5
19.85,-2.5E-5
19.86,-2.5E-5
19.87,-2.51E-5
19.88,-2.51E-5
19.89,-2.52E-5
19.9,-2.52E-5
19.91,-2.65E-5
19.92,-2.65E-5
19.93,-2.66E-5
19.94,-2.66E-5
19.95,-2.67E-5
19.96,-2.68E-5
19.97,-2.68E-5
19.98,-2.69E-5
19.99,-2.7E-5
20,-2.7E-5
20.01,-2.71E-5
20.02,-2.72E-5
20.03,-2.72E-5
20.04,-2.73E-5
20.05,-2.74E-5
20.06,-2.74E-5
20.07,-2.75E-5
20.08,-2.76E-5
20.09,-2.76E-5
20.1,-2.77E-5
20.11,-2.78E-5
20.12,-2.79E-5
20.13,-2.79E-5
20.14,-2.8E-5
20.15,-2.81E-5
20.16,-2.81E-5
20.17,-2.82E-5
20.18,-2.83E-5
20.19,-2.84E-5
20.2,-2.85E-5
20.21,-2.85E-5
20.22,-2.86E-5
20.23,-2.87E-5
20.24,-2.88E-5
20.25,-2.89E-5
20.26,-2.9E-5
20.27,-2.9E-5
20.28,-2.91E-5
20.29,-2.92E-5
20.3,-2.93E-5
20.31,-2.94E-5
20.32,-2.95E-5
20.33,-2.96E-5
20.34,-2.97E-5
20.35,-2.97E-5
20.36,-2.98E-5
20.37,-2.99E-5
20.38,-3E-5
20.39,-3.01E-5
20.4,-3.02E-5
20.41,-3.03E-5
20.42,-3.04E-5
20.43,-3.05E-5
20.44,-3.06E-5
20.45,-3.07E-5
20.46,-3.08E-5
20.47,-3.09E-5
20.48,-3.1E-5
20.49,-3.12E-5
20.5,-3.13E-5
20.51,-3.14E-5
20.52,-3.15E-5
20.53,-3.16E-5
20.54,-3.17E-5
20.55,-3.18E-5
20.56,-3.19E-5
20.57,-3.21E-5
20.58,-3.22E-5
20.59,-3.23E-5
20.6,-3.24E-5
20.61,-3.26E-5
20.62,-3.27E-5
20.63,-3.28E-5
20.64,-3.29E-5
20.65,-3.31E-5
20.66,-3.32E-5
20.67,-3.33E-5
20.68,-3.35E-5
20.69,-3.36E-5
20.7,-3.37E-5
20.71,-3.39E-5
20.72,-3.4E-5
20.73,-3.42E-5
20.74,-3.43E-5
20.75,-3.45E-5
20.76,-3.46E-5
20.77,-3.48E-5
20.78,-3.49E-5
20.79,-3.51E-5
20.8,-3.52E-5
20.81,-3.54E-5
20.82,-3.56E-5
20.83,-3.57E-5
20.84,-3.59E-5
20.85,-3.61E-5
20.86,-3.63E-5
20.87,-3.64E-5
20.88,-3.66E-5
20.89,-3.68E-5
20.9,-3.7E-5
20.91,-3.72E-5
20.92,-3.73E-5
20.93,-3.75E-5
20.94,-3.77E-5
20.95,-3.79E-5
20.96,-3.81E-5
20.97,-3.83E-5
20.98,-3.85E-5
20.99,-3.88E-5
21,-3.9E-5
21.01,-3.92E-5
21.02,-3.94E-5
21.03,-3.96E-5
21.04,-3.99E-5
21.05,-4.01E-5
21.06,-4.03E-5
21.07,-4.06E-5
21.08,-4.08E-5
21.09,-4.1E-5
21.1,-4.13E-5
21.11,-4.15E-5
21.12,-4.18E-5
21.13,-4.21E-5
21.14,-4.23E-5
21.15,-4.26E-5
21.16,-4.29E-5
21.17,-4.32E-5
21.18,-4.34E-5
21.19,-4.37E-5
21.2,-4.4E-5
21.21,-4.43E-5
21.22,-4.46E-5
21.23,-4.5E-5
21.24,-4.53E-5
21.25,-4.56E-5
21.26,-4.59E-5
21.27,-4.63E-5
21.28,-4.66E-5
21.29,-4.7E-5
21.3,-4.73E-5
21.31,-4.77E-5
21.32,-4.8E-5
21.33,-4.84E-5
21.34,-4.88E-5
21.35,-4.92E-5
21.36,-4.96E-5
21.37,-5E-5
21.38,-5.04E-5
21.39,-5.08E-5
21.4,-5.13E-5
21.41,-5.17E-5
21.42,-5.22E-5
21.43,-5.26E-5
21.44,-5.31E-5
21.45,-5.36E-5
21.46,-5.41E-5
21.47,-5.46E-5
21.48,-5.51E-5
21.49,-5.56E-5
21.5,-5.61E-5
21.51,-5.67E-5
21.52,-5.73E-5
21.53,-5.78E-5
21.54,-5.84E-5
21.55,-5.9E-5
21.56,-5.96E-5
21.57,-6.03E-5
21.58,-6.09E-5
21.59,-6.16E-5
21.6,-6.22E-5
21.61,-6.29E-5
21.62,-6.37E-5
21.63,-6.44E-5
21.64,-6.51E-5
21.65,-6.59E-5
21.66,-6.67E-5
21.67,-6.75E-5
21.68,-6.83E-5
21.69,-6.92E-5
21.7,-7.01E-5
21.71,-7.1E-5
21.72,-7.19E-5
21.73,-7.28E-5
21.74,-7.38E-5
21.75,-7.48E-5
21.76,-7.59E-5
21.77,-7.69E-5
21.78,-7.8E-5
21.79,-7.92E-5
21.8,-8.04E-5
21.81,-8.16E-5
21.82,-8.28E-5
21.83,-8.41E-5
21.84,-8.54E-5
21.85,-8.68E-5
21.86,-8.82E-5
21.87,-8.97E-5
21.88,-9.12E-5
21.89,-9.27E-5
21.9,-9.44E-5
21.91,-9.6E-5
21.92,-9.78E-5
21.93,-9.96E-5
21.94,-1.015E-4
21.95,-1.034E-4
21.96,-1.054E-4
21.97,-1.075E-4
21.98,-1.097E-4
21.99,-1.12E-4
22,-1.143E-4
22.01,-1.168E-4
22.02,-1.193E-4
22.03,-1.22E-4
22.04,-1.248E-4
22.05,-1.277E-4
22.06,-1.307E-4
22.07,-1.339E-4
22.08,-1.373E-4
22.09,-1.408E-4
22.1,-1.444E-4
22.11,-1.483E-4
22.12,-1.523E-4
22.13,-1.566E-4
22.14,-1.611E-4
22.15,-1.658E-4
22.16,-1.708E-4
22.17,-1.76E-4
22.18,-1.816E-4
22.19,-1.875E-4
22.2,-1.938E-4
22.21,-2.005E-4
22.22,-2.076E-4
22.23,-2.152E-4
22.24,-2.233E-4
22.25,-2.319E-4
22.26,-2.412E-4
22.27,-2.512E-4
22.28,-2.619E-4
22.29,-2.735E-4
22.3,-2.86E-4
22.31,-2.996E-4
22.32,-3.144E-4
22.33,-3.305E-4
22.34,-3.481E-4
22.35,-3.675E-4
22.36,-3.888E-4
22.37,-4.124E-4
22.38,-4.397E-4
22.39,-4.689E-4
22.4,-5.017E-4
22.41,-5.387E-4
22.42,-5.807E-4
22.43,-6.286E-4
22.44,-6.837E-4
22.45,-7.475E-4
22.46,-8.222E-4
22.47,-9.105E-4
22.48,-0.00102
22.49,-0.00114
22.5,-0.0013
22.51,-0.0015
22.52,-0.00174
22.53,-0.00207
22.54,-0.0025
22.55,-0.0031
22.56,-0.00398
22.57,-0.00542
22.58,-0.00827
22.59,-0.0147
22.6,-0.028
22.61,-0.04892
22.62,-0.0665
22.63,-0.06008
22.64,-0.04053
22.65,-0.02807
22.66,-0.02737
22.67,-0.03406
22.68,-0.03608
22.69,-0.02676
22.7,-0.0159
22.71,-0.00894
22.72,-0.00551
22.73,-0.00394
22.74,-0.00312
22.75,-0.00262
22.76,-0.00229
22.77,-0.00206
22.78,-0.0019
22.79,-0.0018
22.8,-0.00174
22.81,-0.00172
22.82,-0.00173
22.83,-0.00178
22.84,-0.00185
22.85,-0.00196
22.86,-0.00212
22.87,-0.00232
22.88,-0.00259
22.89,-0.00295
22.9,-0.00342
22.91,-0.00405
22.92,-0.00493
22.93,-0.00617
22.94,-0.00809
22.95,-0.01148
22.96,-0.01876
22.97,-0.03493
22.98,-0.06521
22.99,-0.10458
23,-0.12078
23.01,-0.09346
23.02,-0.06071
23.03,-0.04652
23.04,-0.05183
23.05,-0.06427
23.06,-0.06072
23.07,-0.04099
23.08,-0.02333
23.09,-0.01305
23.1,-0.00814
23.11,-0.00579
23.12,-0.00447
23.13,-0.00359
23.14,-0.00296
23.15,-0.00249
23.16,-0.00213
23.17,-0.00184
23.18,-0.00161
23.19,-0.00143
23.2,-0.00127
23.21,-0.00114
23.22,-0.00103
23.23,-9.397E-4
23.24,-8.588E-4
23.25,-7.885E-4
23.26,-7.27E-4
23.27,-6.728E-4
23.28,-6.249E-4
23.29,-5.822E-4
23.3,-5.441E-4
23.31,-5.099E-4
23.32,-4.79E-4
23.33,-4.511E-4
23.34,-4.257E-4
23.35,-4.027E-4
23.36,-3.816E-4
23.37,-3.623E-4
23.38,-3.445E-4
23.39,-3.282E-4
23.4,-3.131E-4
23.41,-2.992E-4
23.42,-2.862E-4
23.43,-2.742E-4
23.44,-2.631E-4
23.45,-2.527E-4
23.46,-2.43E-4
23.47,-2.339E-4
23.48,-2.254E-4
23.49,-2.174E-4
23.5,-2.099E-4
23.51,-2.029E-4
23.52,-1.962E-4
23.53,-1.9E-4
23.54,-1.841E-4
23.55,-1.785E-4
23.56,-1.733E-4
23.57,-1.683E-4
23.58,-1.635E-4
23.59,-1.591E-4
23.6,-1.548E-4
23.61,-1.508E-4
23.62,-1.47E-4
23.63,-1.433E-4
23.64,-1.398E-4
23.65,-1.365E-4
23.66,-1.334E-4
23.67,-1.304E-4
23.68,-1.275E-4
23.69,-1.248E-4
23.7,-1.222E-4
23.71,-1.197E-4
23.72,-1.173E-4
23.73,-1.15E-4
23.74,-1.128E-4
23.75,-1.108E-4
23.76,-1.088E-4
23.77,-1.069E-4
23.78,-1.051E-4
23.79,-1.033E-4
23.8,-1.017E-4
23.81,-1.001E-4
23.82,-9.86E-5
23.83,-9.71E-5
23.84,-9.57E-5
23.85,-9.44E-5
23.86,-9.32E-5
23.87,-9.2E-5
23.88,-9.09E-5
23.89,-8.98E-5
23.9,-8.89E-5
23.91,-8.79E-5
23.92,-8.71E-5
23.93,-8.63E-5
23.94,-8.56E-5
23.95,-8.49E-5
23.96,-8.43E-5
23.97,-8.38E-5
23.98,-8.34E-5
23.99,-8.31E-5
24,-8.29E-5
24.01,-8.28E-5
24.02,-8.29E-5
24.03,-8.31E-5
24.04,-8.35E-5
24.05,-8.41E-5
24.06,-8.5E-5
24.07,-8.62E-5
24.08,-8.79E-5
24.09,-9E-5
24.1,-9.29E-5
24.11,-9.66E-5
24.12,-1.017E-4
24.13,-1.085E-4
24.14,-1.178E-4
24.15,-1.312E-4
24.16,-1.513E-4
24.17,-1.855E-4
24.18,-2.551E-4
24.19,-4.085E-4
24.2,-7.092E-4
24.21,-0.00115
24.22,-0.00147
24.23,-0.00128
24.24,-8.662E-4
24.25,-6.089E-4
24.26,-5.818E-4
24.27,-7.197E-4
24.28,-8.265E-4
24.29,-6.9E-4
24.3,-4.536E-4
24.31,-2.798E-4
24.32,-1.858E-4
24.33,-1.41E-4
24.34,-1.181E-4
24.35,-1.042E-4
24.36,-9.46E-5
24.37,-8.76E-5
24.38,-8.22E-5
24.39,-7.79E-5
24.4,-7.45E-5
24.41,-7.17E-5
24.42,-6.93E-5
24.43,-6.74E-5
24.44,-6.57E-5
24.45,-6.42E-5
24.46,-6.29E-5
24.47,-6.18E-5
24.48,-6.08E-5
24.49,-5.99E-5
24.5,-5.91E-5
24.51,-5.83E-5
24.52,-5.76E-5
24.53,-5.7E-5
24.54,-5.65E-5
24.55,-5.59E-5
24.56,-5.55E-5
24.57,-5.5E-5
24.58,-5.46E-5
24.59,-5.42E-5
24.6,-5.38E-5
24.61,-5.35E-5
24.62,-5.32E-5
24.63,-5.29E-5
24.64,-5.26E-5
24.65,-5.23E-5
24.66,-5.21E-5
24.67,-5.18E-5
24.68,-5.16E-5
24.69,-5.14E-5
24.7,-5.12E-5
24.71,-5.1E-5
24.72,-5.08E-5
24.73,-5.06E-5
24.74,-5.05E-5
24.75,-5.03E-5
24.76,-5.02E-5
24.77,-5E-5
24.78,-4.99E-5
24.79,-4.98E-5
24.8,-4.96E-5
24.81,-4.95E-5
24.82,-4.94E-5
24.83,-4.93E-5
24.84,-4.92E-5
24.85,-4.91E-5
24.86,-4.9E-5
24.87,-4.89E-5
24.88,-4.77E-5
24.89,-4.76E-5
24.9,-4.76E-5
24.91,-4.75E-5
24.92,-4.75E-5
24.93,-4.75E-5
24.94,-4.74E-5
24.95,-4.74E-5
24.96,-4.73E-5
24.97,-4.73E-5
24.98,-4.73E-5
24.99,-4.73E-5
25,-4.73E-5
25.01,-4.72E-5
25.02,-4.72E-5
25.03,-4.72E-5
25.04,-4.72E-5
25.05,-4.72E-5
25.06,-4.72E-5
25.07,-4.72E-5
25.08,-4.72E-5
25.09,-4.73E-5
25.1,-4.73E-5
25.11,-4.73E-5
25.12,-4.73E-5
25.13,-4.73E-5
25.14,-4.74E-5
25.15,-4.74E-5
25.16,-4.74E-5
25.17,-4.75E-5
25.18,-4.75E-5
25.19,-4.75E-5
25.2,-4.76E-5
25.21,-4.76E-5
25.22,-4.77E-5
25.23,-4.77E-5
25.24,-4.78E-5
25.25,-4.78E-5
25.26,-4.79E-5
25.27,-4.8E-5
25.28,-4.8E-5
25.29,-4.81E-5
25.3,-4.82E-5
25.31,-4.82E-5
25.32,-4.83E-5
25.33,-4.84E-5
25.34,-4.85E-5
25.35,-4.86E-5
25.36,-4.86E-5
25.37,-4.87E-5
25.38,-4.88E-5
25.39,-4.89E-5
25.4,-4.9E-5
25.41,-4.91E-5
25.42,-4.92E-5
25.43,-4.93E-5
25.44,-4.94E-5
25.45,-4.95E-5
25.46,-4.96E-5
25.47,-4.98E-5
25.48,-4.99E-5
25.49,-5E-5
25.5,-5.01E-5
25.51,-5.02E-5
25.52,-5.04E-5
25.53,-5.05E-5
25.54,-5.06E-5
25.55,-5.08E-5
25.56,-5.09E-5
25.57,-5.11E-5
25.58,-5.12E-5
25.59,-5.14E-5
25.6,-5.15E-5
25.61,-5.17E-5
25.62,-5.18E-5
25.63,-5.08E-5
25.64,-5.1E-5
25.65,-5.1E-5
25.66,-5.12E-5
25.67,-5.14E-5
25.68,-5.16E-5
25.69,-5.18E-5
25.7,-5.2E-5
25.71,-5.21E-5
25.72,-5.23E-5
25.73,-5.25E-5
25.74,-5.27E-5
25.75,-5.3E-5
25.76,-5.32E-5
25.77,-5.34E-5
25.78,-5.36E-5
25.79,-5.38E-5
25.8,-5.41E-5
25.81,-5.43E-5
25.82,-5.46E-5
25.83,-5.48E-5
25.84,-5.51E-5
25.85,-5.53E-5
25.86,-5.56E-5
25.87,-5.58E-5
25.88,-5.61E-5
25.89,-5.64E-5
25.9,-5.66E-5
25.91,-5.69E-5
25.92,-5.72E-5
25.93,-5.75E-5
25.94,-5.78E-5
25.95,-5.81E-5
25.96,-5.72E-5
25.97,-5.76E-5
25.98,-5.79E-5
25.99,-5.82E-5
26,-5.86E-5
26.01,-5.89E-5
26.02,-5.93E-5
26.03,-5.96E-5
26.04,-6E-5
26.05,-6.03E-5
26.06,-6.07E-5
26.07,-6.11E-5
26.08,-6.15E-5
26.09,-6.19E-5
26.1,-6.23E-5
26.11,-6.27E-5
26.12,-6.31E-5
26.13,-6.35E-5
26.14,-6.4E-5
26.15,-6.44E-5
26.16,-6.49E-5
26.17,-6.53E-5
26.18,-6.58E-5
26.19,-6.63E-5
26.2,-6.67E-5
26.21,-6.72E-5
26.22,-6.77E-5
26.23,-6.83E-5
26.24,-6.88E-5
26.25,-6.93E-5
26.26,-6.99E-5
26.27,-7.04E-5
26.28,-7.1E-5
26.29,-7.16E-5
26.3,-7.22E-5
26.31,-7.28E-5
26.32,-7.34E-5
26.33,-7.4E-5
26.34,-7.47E-5
26.35,-7.53E-5
26.36,-7.6E-5
26.37,-7.67E-5
26.38,-7.74E-5
26.39,-7.81E-5
26.4,-7.89E-5
26.41,-7.96E-5
26.42,-8.04E-5
26.43,-8.12E-5
26.44,-8.2E-5
26.45,-8.28E-5
26.46,-8.37E-5
26.47,-8.46E-5
26.48,-8.55E-5
26.49,-8.64E-5
26.5,-8.73E-5
26.51,-8.83E-5
26.52,-8.93E-5
26.53,-9.03E-5
26.54,-9.13E-5
26.55,-9.24E-5
26.56,-9.35E-5
26.57,-9.46E-5
26.58,-9.66E-5
26.59,-9.78E-5
26.6,-9.91E-5
26.61,-1.003E-4
26.62,-1.016E-4
26.63,-1.03E-4
26.64,-1.043E-4
26.65,-1.057E-4
26.66,-1.072E-4
26.67,-1.087E-4
26.68,-1.102E-4
26.69,-1.118E-4
26.7,-1.135E-4
26.71,-1.152E-4
26.72,-1.169E-4
26.73,-1.188E-4
26.74,-1.206E-4
26.75,-1.226E-4
26.76,-1.246E-4
26.77,-1.266E-4
26.78,-1.288E-4
26.79,-1.31E-4
26.8,-1.333E-4
26.81,-1.357E-4
26.82,-1.382E-4
26.83,-1.407E-4
26.84,-1.434E-4
26.85,-1.461E-4
26.86,-1.49E-4
26.87,-1.52E-4
26.88,-1.551E-4
26.89,-1.583E-4
26.9,-1.617E-4
26.91,-1.652E-4
26.92,-1.689E-4
26.93,-1.727E-4
26.94,-1.767E-4
26.95,-1.797E-4
26.96,-1.84E-4
26.97,-1.886E-4
26.98,-1.934E-4
26.99,-1.984E-4
27,-2.037E-4
27.01,-2.092E-4
27.02,-2.15E-4
27.03,-2.211E-4
27.04,-2.275E-4
27.05,-2.342E-4
27.06,-2.414E-4
27.07,-2.489E-4
27.08,-2.569E-4
27.09,-2.653E-4
27.1,-2.742E-4
27.11,-2.836E-4
27.12,-2.937E-4
27.13,-3.043E-4
27.14,-3.157E-4
27.15,-3.278E-4
27.16,-3.408E-4
27.17,-3.546E-4
27.18,-3.694E-4
27.19,-3.853E-4
27.2,-4.024E-4
27.21,-4.208E-4
27.22,-4.406E-4
27.23,-4.621E-4
27.24,-4.853E-4
27.25,-5.106E-4
27.26,-5.381E-4
27.27,-5.681E-4
27.28,-6.009E-4
27.29,-6.37E-4
27.3,-6.767E-4
27.31,-7.206E-4
27.32,-7.692E-4
27.33,-8.233E-4
27.34,-8.838E-4
27.35,-9.517E-4
27.36,-0.00103
27.37,-0.00112
27.38,-0.00121
27.39,-0.00133
27.4,-0.00146
27.41,-0.00161
27.42,-0.00179
27.43,-0.002
27.44,-0.00226
27.45,-0.00257
27.46,-0.00295
27.47,-0.00342
27.48,-0.00402
27.49,-0.0048
27.5,-0.00584
27.51,-0.00726
27.52,-0.00933
27.53,-0.01262
27.54,-0.01877
27.55,-0.03147
27.56,-0.05639
27.57,-0.09631
27.58,-0.13778
27.59,-0.14056
27.6,-0.10263
27.61,-0.06575
27.62,-0.04733
27.63,-0.0479
27.64,-0.06232
27.65,-0.07738
27.66,-0.07127
27.67,-0.04887
27.68,-0.02913
27.69,-0.0171
27.7,-0.01092
27.71,-0.00779
27.72,-0.00601
27.73,-0.00483
27.74,-0.00399
27.75,-0.00336
27.76,-0.00287
27.77,-0.00249
27.78,-0.00218
27.79,-0.00193
27.8,-0.00172
27.81,-0.00154
27.82,-0.00139
27.83,-0.00127
27.84,-0.00116
27.85,-0.00106
27.86,-9.794E-4
27.87,-9.062E-4
27.88,-8.415E-4
27.89,-7.839E-4
27.9,-7.325E-4
27.91,-6.863E-4
27.92,-6.448E-4
27.93,-6.073E-4
27.94,-5.732E-4
27.95,-5.423E-4
27.96,-5.14E-4
27.97,-4.882E-4
27.98,-4.645E-4
27.99,-4.427E-4
28,-4.227E-4
28.01,-4.042E-4
28.02,-3.87E-4
28.03,-3.711E-4
28.04,-3.564E-4
28.05,-3.427E-4
28.06,-3.299E-4
28.07,-3.18E-4
28.08,-3.068E-4
28.09,-2.964E-4
28.1,-2.866E-4
28.11,-2.775E-4
28.12,-2.688E-4
28.13,-2.607E-4
28.14,-2.531E-4
28.15,-2.459E-4
28.16,-2.392E-4
28.17,-2.328E-4
28.18,-2.267E-4
28.19,-2.21E-4
28.2,-2.156E-4
28.21,-2.105E-4
28.22,-2.056E-4
28.23,-2.01E-4
28.24,-1.966E-4
28.25,-1.924E-4
28.26,-1.885E-4
28.27,-1.847E-4
28.28,-1.811E-4
28.29,-1.777E-4
28.3,-1.744E-4
28.31,-1.713E-4
28.32,-1.684E-4
28.33,-1.656E-4
28.34,-1.629E-4
28.35,-1.603E-4
28.36,-1.578E-4
28.37,-1.555E-4
28.38,-1.532E-4
28.39,-1.511E-4
28.4,-1.49E-4
28.41,-1.47E-4
28.42,-1.452E-4
28.43,-1.433E-4
28.44,-1.416E-4
28.45,-1.401E-4
28.46,-1.385E-4
28.47,-1.37E-4
28.48,-1.355E-4
28.49,-1.341E-4
28.5,-1.328E-4
28.51,-1.315E-4
28.52,-1.303E-4
28.53,-1.292E-4
28.54,-1.28E-4
28.55,-1.269E-4
28.56,-1.259E-4
28.57,-1.249E-4
28.58,-1.24E-4
28.59,-1.23E-4
28.6,-1.222E-4
28.61,-1.213E-4
28.62,-1.205E-4
28.63,-1.198E-4
28.64,-1.19E-4
28.65,-1.183E-4
28.66,-1.177E-4
28.67,-1.17E-4
28.68,-1.164E-4
28.69,-1.158E-4
28.7,-1.153E-4
28.71,-1.147E-4
28.72,-1.142E-4
28.73,-1.137E-4
28.74,-1.133E-4
28.75,-1.128E-4
28.76,-1.124E-4
28.77,-1.12E-4
28.78,-1.117E-4
28.79,-1.113E-4
28.8,-1.11E-4
28.81,-1.107E-4
28.82,-1.104E-4
28.83,-1.101E-4
28.84,-1.098E-4
28.85,-1.096E-4
28.86,-1.094E-4
28.87,-1.091E-4
28.88,-1.09E-4
28.89,-1.088E-4
28.9,-1.086E-4
28.91,-1.085E-4
28.92,-1.083E-4
28.93,-1.082E-4
28.94,-1.081E-4
28.95,-1.08E-4
28.96,-1.079E-4
28.97,-1.079E-4
28.98,-1.078E-4
28.99,-1.078E-4
29,-1.077E-4
29.01,-1.077E-4
29.02,-1.077E-4
29.03,-1.077E-4
29.04,-1.077E-4
29.05,-1.078E-4
29.06,-1.078E-4
29.07,-1.079E-4
29.08,-1.079E-4
29.09,-1.08E-4
29.1,-1.081E-4
29.11,-1.082E-4
29.12,-1.083E-4
29.13,-1.084E-4
29.14,-1.085E-4
29.15,-1.086E-4
29.16,-1.088E-4
29.17,-1.089E-4
29.18,-1.091E-4
29.19,-1.093E-4
29.2,-1.094E-4
29.21,-1.105E-4
29.22,-1.107E-4
29.23,-1.109E-4
29.24,-1.111E-4
29.25,-1.113E-4
29.26,-1.116E-4
29.27,-1.118E-4
29.28,-1.12E-4
29.29,-1.123E-4
29.3,-1.126E-4
29.31,-1.129E-4
29.32,-1.131E-4
29.33,-1.134E-4
29.34,-1.137E-4
29.35,-1.14E-4
29.36,-1.144E-4
29.37,-1.147E-4
29.38,-1.15E-4
29.39,-1.154E-4
29.4,-1.157E-4
29.41,-1.161E-4
29.42,-1.165E-4
29.43,-1.168E-4
29.44,-1.172E-4
29.45,-1.176E-4
29.46,-1.18E-4
29.47,-1.184E-4
29.48,-1.189E-4
29.49,-1.193E-4
29.5,-1.197E-4
29.51,-1.202E-4
29.52,-1.206E-4
29.53,-1.211E-4
29.54,-1.216E-4
29.55,-1.221E-4
29.56,-1.225E-4
29.57,-1.23E-4
29.58,-1.236E-4
29.59,-1.241E-4
29.6,-1.246E-4
29.61,-1.251E-4
29.62,-1.257E-4
29.63,-1.262E-4
29.64,-1.268E-4
29.65,-1.274E-4
29.66,-1.28E-4
29.67,-1.286E-4
29.68,-1.292E-4
29.69,-1.298E-4
29.7,-1.304E-4
29.71,-1.311E-4
29.72,-1.317E-4
29.73,-1.324E-4
29.74,-1.33E-4
29.75,-1.337E-4
29.76,-1.344E-4
29.77,-1.351E-4
29.78,-1.358E-4
29.79,-1.366E-4
29.8,-1.373E-4
29.81,-1.381E-4
29.82,-1.389E-4
29.83,-1.396E-4
29.84,-1.404E-4
29.85,-1.413E-4
29.86,-1.421E-4
29.87,-1.429E-4
29.88,-1.438E-4
29.89,-1.447E-4
29.9,-1.456E-4
29.91,-1.465E-4
29.92,-1.475E-4
29.93,-1.484E-4
29.94,-1.494E-4
29.95,-1.504E-4
29.96,-1.515E-4
29.97,-1.525E-4
29.98,-1.536E-4
29.99,-1.547E-4
30,-1.559E-4
30.01,-1.571E-4
30.02,-1.583E-4
30.03,-1.596E-4
30.04,-1.609E-4
30.05,-1.623E-4
30.06,-1.637E-4
30.07,-1.653E-4
30.08,-1.668E-4
30.09,-1.685E-4
30.1,-1.703E-4
30.11,-1.722E-4
30.12,-1.742E-4
30.13,-1.764E-4
30.14,-1.788E-4
30.15,-1.814E-4
30.16,-1.844E-4
30.17,-1.876E-4
30.18,-1.914E-4
30.19,-1.957E-4
30.2,-2.008E-4
30.21,-2.07E-4
30.22,-2.145E-4
30.23,-2.241E-4
30.24,-2.366E-4
30.25,-2.538E-4
30.26,-2.793E-4
30.27,-3.226E-4
30.28,-4.059E-4
30.29,-5.672E-4
30.3,-8.42E-4
30.31,-0.0012
30.32,-0.0014
30.33,-0.00122
30.34,-8.878E-4
30.35,-6.445E-4
30.36,-5.425E-4
30.37,-5.674E-4
30.38,-6.883E-4
30.39,-8.267E-4
30.4,-8.195E-4
30.41,-6.548E-4
30.42,-4.856E-4
30.43,-3.735E-4
30.44,-3.125E-4
30.45,-2.816E-4
30.46,-2.652E-4
30.47,-2.553E-4
30.48,-2.489E-4
30.49,-2.446E-4
30.5,-2.417E-4
30.51,-2.399E-4
30.52,-2.388E-4
30.53,-2.383E-4
30.54,-2.382E-4
30.55,-2.384E-4
30.56,-2.39E-4
30.57,-2.397E-4
30.58,-2.407E-4
30.59,-2.418E-4
30.6,-2.431E-4
30.61,-2.445E-4
30.62,-2.46E-4
30.63,-2.477E-4
30.64,-2.494E-4
30.65,-2.511E-4
30.66,-2.53E-4
30.67,-2.55E-4
30.68,-2.57E-4
30.69,-2.59E-4
30.7,-2.612E-4
30.71,-2.634E-4
30.72,-2.656E-4
30.73,-2.68E-4
30.74,-2.703E-4
30.75,-2.728E-4
30.76,-2.753E-4
30.77,-2.778E-4
30.78,-2.804E-4
30.79,-2.831E-4
30.8,-2.858E-4
30.81,-2.885E-4
30.82,-2.914E-4
30.83,-2.942E-4
30.84,-2.972E-4
30.85,-3.002E-4
30.86,-3.032E-4
30.87,-3.063E-4
30.88,-3.095E-4
30.89,-3.128E-4
30.9,-3.161E-4
30.91,-3.194E-4
30.92,-3.229E-4
30.93,-3.264E-4
30.94,-3.299E-4
30.95,-3.336E-4
30.96,-3.373E-4
30.97,-3.411E-4
30.98,-3.458E-4
30.99,-3.497E-4
31,-3.537E-4
31.01,-3.578E-4
31.02,-3.62E-4
31.03,-3.662E-4
31.04,-3.706E-4
31.05,-3.75E-4
31.06,-3.795E-4
31.07,-3.841E-4
31.08,-3.888E-4
31.09,-3.936E-4
31.1,-3.985E-4
31.11,-4.035E-4
31.12,-4.086E-4
31.13,-4.138E-4
31.14,-4.192E-4
31.15,-4.246E-4
31.16,-4.301E-4
31.17,-4.358E-4
31.18,-4.416E-4
31.19,-4.475E-4
31.2,-4.536E-4
31.21,-4.598E-4
31.22,-4.661E-4
31.23,-4.725E-4
31.24,-4.792E-4
31.25,-4.859E-4
31.26,-4.928E-4
31.27,-4.999E-4
31.28,-5.072E-4
31.29,-5.146E-4
31.3,-5.222E-4
31.31,-5.299E-4
31.32,-5.379E-4
31.33,-5.46E-4
31.34,-5.544E-4
31.35,-5.619E-4
31.36,-5.707E-4
31.37,-5.797E-4
31.38,-5.889E-4
31.39,-5.984E-4
31.4,-6.081E-4
31.41,-6.18E-4
31.42,-6.282E-4
31.43,-6.387E-4
31.44,-6.495E-4
31.45,-6.606E-4
31.46,-6.719E-4
31.47,-6.836E-4
31.48,-6.956E-4
31.49,-7.079E-4
31.5,-7.215E-4
31.51,-7.345E-4
31.52,-7.48E-4
31.53,-7.618E-4
31.54,-7.76E-4
31.55,-7.907E-4
31.56,-8.058E-4
31.57,-8.213E-4
31.58,-8.373E-4
31.59,-8.539E-4
31.6,-8.709E-4
31.61,-8.885E-4
31.62,-9.066E-4
31.63,-9.254E-4
31.64,-9.455E-4
31.65,-9.656E-4
31.66,-9.863E-4
31.67,-0.00101
31.68,-0.00103
31.69,-0.00105
31.7,-0.00108
31.71,-0.0011
31.72,-0.00113
31.73,-0.00115
31.74,-0.00118
31.75,-0.00121
31.76,-0.00124
31.77,-0.00127
31.78,-0.0013
31.79,-0.00133
31.8,-0.00137
31.81,-0.0014
31.82,-0.00144
31.83,-0.00148
31.84,-0.00152
31.85,-0.00156
31.86,-0.00161
31.87,-0.00165
31.88,-0.0017
31.89,-0.00175
31.9,-0.00181
31.91,-0.00186
31.92,-0.00192
31.93,-0.00198
31.94,-0.00205
31.95,-0.00211
31.96,-0.00219
31.97,-0.00226
31.98,-0.00234
31.99,-0.00242
32,-0.00251
32.01,-0.00261
32.02,-0.00271
32.03,-0.00281
32.04,-0.00292
32.05,-0.00304
32.06,-0.00317
32.07,-0.0033
32.08,-0.00345
32.09,-0.0036
32.1,-0.00377
32.11,-0.00395
32.12,-0.00414
32.13,-0.00435
32.14,-0.00457
32.15,-0.00482
32.16,-0.00508
32.17,-0.00537
32.18,-0.00568
32.19,-0.00602
32.2,-0.0064
32.21,-0.00682
32.22,-0.00728
32.23,-0.00779
32.24,-0.00836
32.25,-0.009
32.26,-0.00972
32.27,-0.01053
32.28,-0.01146
32.29,-0.01253
32.3,-0.01376
32.31,-0.01519
32.32,-0.01687
32.33,-0.01887
32.34,-0.02126
32.35,-0.02417
32.36,-0.02776
32.37,-0.03226
32.38,-0.03802
32.39,-0.04555
32.4,-0.0557
32.41,-0.07003
32.42,-0.09196
32.43,-0.12989
32.44,-0.20212
32.45,-0.33771
32.46,-0.56084
32.47,-0.84141
32.48,-1
32.49,-0.85797
32.5,-0.59089
32.51,-0.38616
32.52,-0.28465
32.53,-0.27676
32.54,-0.34602
32.55,-0.4628
32.56,-0.5366
32.57,-0.46563
32.58,-0.32259
32.59,-0.20433
32.6,-0.13095
32.61,-0.09154
32.62,-0.07128
32.63,-0.06042
32.64,-0.05444
32.65,-0.0516
32.66,-0.05134
32.67,-0.05367
32.68,-0.0592
32.69,-0.06976
32.7,-0.0901
32.71,-0.13077
32.72,-0.20864
32.73,-0.33803
32.74,-0.50258
32.75,-0.59953
32.76,-0.51975
32.77,-0.36121
32.78,-0.23706
32.79,-0.17327
32.8,-0.16458
32.81,-0.20162
32.82,-0.26893
32.83,-0.31809
32.84,-0.28408
32.85,-0.19981
32.86,-0.1264
32.87,-0.07933
32.88,-0.05315
32.89,-0.039
32.9,-0.03068
32.91,-0.02518
32.92,-0.0212
32.93,-0.01819
32.94,-0.01584
32.95,-0.01396
32.96,-0.01242
32.97,-0.01115
32.98,-0.01009
32.99,-0.00918
33,-0.00841
33.01,-0.00773
33.02,-0.00714
33.03,-0.00663
33.04,-0.00617
33.05,-0.00576
33.06,-0.00539
33.07,-0.00506
33.08,-0.00477
33.09,-0.0045
33.1,-0.00425
33.11,-0.00403
33.12,-0.00382
33.13,-0.00363
33.14,-0.00346
33.15,-0.00329
33.16,-0.00315
33.17,-0.00301
33.18,-0.00288
33.19,-0.00276
33.2,-0.00264
33.21,-0.00254
33.22,-0.00244
33.23,-0.00235
33.24,-0.00226
33.25,-0.00218
33.26,-0.0021
33.27,-0.00203
33.28,-0.00196
33.29,-0.0019
33.3,-0.00184
33.31,-0.00178
33.32,-0.00173
33.33,-0.00167
33.34,-0.00163
33.35,-0.00158
33.36,-0.00154
33.37,-0.00149
33.38,-0.00146
33.39,-0.00142
33.4,-0.00139
33.41,-0.00135
33.42,-0.00132
33.43,-0.0013
33.44,-0.00127
33.45,-0.00125
33.46,-0.00123
33.47,-0.00121
33.48,-0.00119
33.49,-0.00118
33.5,-0.00117
33.51,-0.00117
33.52,-0.00117
33.53,-0.00119
33.54,-0.00121
33.55,-0.00124
33.56,-0.00129
33.57,-0.00137
33.58,-0.0015
33.59,-0.00173
33.6,-0.00216
33.61,-0.00298
33.62,-0.00442
33.63,-0.00652
33.64,-0.0085
33.65,-0.00853
33.66,-0.00661
33.67,-0.00459
33.68,-0.0033
33.69,-0.00278
33.7,-0.00292
33.71,-0.0036
33.72,-0.00453
33.73,-0.0049
33.74,-0.00412
33.75,-0.00297
33.76,-0.00207
33.77,-0.00151
33.78,-0.0012
33.79,-0.00102
33.8,-9.102E-4
33.81,-8.332E-4
33.82,-7.748E-4
33.83,-7.285E-4
33.84,-6.906E-4
33.85,-6.589E-4
33.86,-6.318E-4
33.87,-6.082E-4
33.88,-5.874E-4
33.89,-5.689E-4
33.9,-5.521E-4
33.91,-5.368E-4
33.92,-5.227E-4
33.93,-5.097E-4
33.94,-4.976E-4
33.95,-4.863E-4
33.96,-4.757E-4
33.97,-4.656E-4
33.98,-4.561E-4
33.99,-4.471E-4
34,-4.385E-4
34.01,-4.303E-4
34.02,-4.224E-4
34.03,-4.149E-4
34.04,-4.077E-4
34.05,-4.007E-4
34.06,-3.94E-4
34.07,-3.875E-4
34.08,-3.813E-4
34.09,-3.753E-4
34.1,-3.694E-4
34.11,-3.637E-4
34.12,-3.582E-4
34.13,-3.529E-4
34.14,-3.477E-4
34.15,-3.427E-4
34.16,-3.378E-4
34.17,-3.331E-4
34.18,-3.284E-4
34.19,-3.239E-4
34.2,-3.195E-4
34.21,-3.152E-4
34.22,-3.11E-4
34.23,-3.07E-4
34.24,-3.03E-4
34.25,-2.991E-4
34.26,-2.953E-4
34.27,-2.916E-4
34.28,-2.88E-4
34.29,-2.845E-4
34.3,-2.81E-4
34.31,-2.776E-4
34.32,-2.743E-4
34.33,-2.711E-4
34.34,-2.679E-4
34.35,-2.648E-4
34.36,-2.618E-4
34.37,-2.588E-4
34.38,-2.559E-4
34.39,-2.531E-4
34.4,-2.503E-4
34.41,-2.475E-4
34.42,-2.449E-4
34.43,-2.422E-4
34.44,-2.397E-4
34.45,-2.372E-4
34.46,-2.347E-4
34.47,-2.323E-4
34.48,-2.299E-4
34.49,-2.276E-4
34.5,-2.253E-4
34.51,-2.23E-4
34.52,-2.208E-4
34.53,-2.187E-4
34.54,-2.166E-4
34.55,-2.145E-4
34.56,-2.125E-4
34.57,-2.105E-4
34.58,-2.085E-4
34.59,-2.066E-4
34.6,-2.047E-4
34.61,-2.028E-4
34.62,-2.01E-4
34.63,-1.992E-4
34.64,-1.975E-4
34.65,-1.958E-4
34.66,-1.941E-4
34.67,-1.924E-4
34.68,-1.908E-4
34.69,-1.892E-4
34.7,-1.876E-4
34.71,-1.861E-4
34.72,-1.846E-4
34.73,-1.831E-4
34.74,-1.817E-4
34.75,-1.802E-4
34.76,-1.788E-4
34.77,-1.775E-4
34.78,-1.761E-4
34.79,-1.748E-4
34.8,-1.735E-4
34.81,-1.722E-4
34.82,-1.71E-4
34.83,-1.697E-4
34.84,-1.685E-4
34.85,-1.674E-4
34.86,-1.662E-4
34.87,-1.651E-4
34.88,-1.639E-4
34.89,-1.629E-4
34.9,-1.618E-4
34.91,-1.607E-4
34.92,-1.597E-4
34.93,-1.587E-4
34.94,-1.577E-4
34.95,-1.567E-4
34.96,-1.558E-4
34.97,-1.549E-4
34.98,-1.54E-4
34.99,-1.531E-4
35,-1.522E-4
35.01,-1.514E-4
35.02,-1.505E-4
35.03,-1.497E-4
35.04,-1.489E-4
35.05,-1.482E-4
35.06,-1.474E-4
35.07,-1.467E-4
35.08,-1.46E-4
35.09,-1.453E-4
35.1,-1.446E-4
35.11,-1.439E-4
35.12,-1.433E-4
35.13,-1.427E-4
35.14,-1.421E-4
35.15,-1.415E-4
35.16,-1.409E-4
35.17,-1.404E-4
35.18,-1.399E-4
35.19,-1.394E-4
35.2,-1.389E-4
35.21,-1.384E-4
35.22,-1.38E-4
35.23,-1.375E-4
35.24,-1.371E-4
35.25,-1.367E-4
35.26,-1.364E-4
35.27,-1.36E-4
35.28,-1.357E-4
35.29,-1.354E-4
35.3,-1.351E-4
35.31,-1.348E-4
35.32,-1.346E-4
35.33,-1.344E-4
35.34,-1.342E-4
35.35,-1.34E-4
35.36,-1.338E-4
35.37,-1.337E-4
35.38,-1.336E-4
35.39,-1.335E-4
35.4,-1.335E-4
35.41,-1.335E-4
35.42,-1.327E-4
35.43,-1.327E-4
35.44,-1.328E-4
35.45,-1.329E-4
35.46,-1.331E-4
35.47,-1.332E-4
35.48,-1.334E-4
35.49,-1.337E-4
35.5,-1.34E-4
35.51,-1.339E-4
35.52,-1.342E-4
35.53,-1.347E-4
35.54,-1.351E-4
35.55,-1.356E-4
35.56,-1.361E-4
35.57,-1.367E-4
35.58,-1.374E-4
35.59,-1.381E-4
35.6,-1.388E-4
35.61,-1.397E-4
35.62,-1.406E-4
35.63,-1.415E-4
35.64,-1.425E-4
35.65,-1.437E-4
35.66,-1.449E-4
35.67,-1.461E-4
35.68,-1.475E-4
35.69,-1.49E-4
35.7,-1.506E-4
35.71,-1.523E-4
35.72,-1.541E-4
35.73,-1.561E-4
35.74,-1.582E-4
35.75,-1.605E-4
35.76,-1.629E-4
35.77,-1.655E-4
35.78,-1.684E-4
35.79,-1.714E-4
35.8,-1.747E-4
35.81,-1.782E-4
35.82,-1.82E-4
35.83,-1.862E-4
35.84,-1.907E-4
35.85,-1.955E-4
35.86,-2.008E-4
35.87,-2.066E-4
35.88,-2.129E-4
35.89,-2.197E-4
35.9,-2.273E-4
35.91,-2.355E-4
35.92,-2.447E-4
35.93,-2.547E-4
35.94,-2.659E-4
35.95,-2.783E-4
35.96,-2.922E-4
35.97,-3.077E-4
35.98,-3.252E-4
35.99,-3.449E-4
36,-3.674E-4
36.01,-3.931E-4
36.02,-4.227E-4
36.03,-4.57E-4
36.04,-4.97E-4
36.05,-5.441E-4
36.06,-6.002E-4
36.07,-6.675E-4
36.08,-7.495E-4
36.09,-8.507E-4
36.1,-9.775E-4
36.11,-0.00114
36.12,-0.00135
36.13,-0.00164
36.14,-0.00204
36.15,-0.00265
36.16,-0.0037
36.17,-0.0056
36.18,-0.00899
36.19,-0.01439
36.2,-0.02122
36.21,-0.02583
36.22,-0.02352
36.23,-0.01708
36.24,-0.01137
36.25,-0.00786
36.26,-0.00646
36.27,-0.00681
36.28,-0.00868
36.29,-0.01158
36.3,-0.0137
36.31,-0.01254
36.32,-0.00915
36.33,-0.00599
36.34,-0.00384
36.35,-0.00257
36.36,-0.00186
36.37,-0.00145
36.38,-0.00118
36.39,-9.929E-4
36.4,-8.516E-4
36.41,-7.424E-4
36.42,-6.561E-4
36.43,-5.865E-4
36.44,-5.295E-4
36.45,-4.822E-4
36.46,-4.425E-4
36.47,-4.087E-4
36.48,-3.798E-4
36.49,-3.549E-4
36.5,-3.332E-4
36.51,-3.142E-4
36.52,-2.974E-4
36.53,-2.826E-4
36.54,-2.695E-4
36.55,-2.577E-4
36.56,-2.472E-4
36.57,-2.377E-4
36.58,-2.292E-4
36.59,-2.215E-4
36.6,-2.145E-4
36.61,-2.081E-4
36.62,-2.023E-4
36.63,-1.97E-4
36.64,-1.922E-4
36.65,-1.878E-4
36.66,-1.837E-4
36.67,-1.8E-4
36.68,-1.765E-4
36.69,-1.734E-4
36.7,-1.705E-4
36.71,-1.679E-4
36.72,-1.654E-4
36.73,-1.632E-4
36.74,-1.611E-4
36.75,-1.592E-4
36.76,-1.575E-4
36.77,-1.559E-4
36.78,-1.544E-4
36.79,-1.531E-4
36.8,-1.519E-4
36.81,-1.508E-4
36.82,-1.498E-4
36.83,-1.489E-4
36.84,-1.481E-4
36.85,-1.474E-4
36.86,-1.468E-4
36.87,-1.463E-4
36.88,-1.458E-4
36.89,-1.454E-4
36.9,-1.451E-4
36.91,-1.449E-4
36.92,-1.447E-4
36.93,-1.446E-4
36.94,-1.446E-4
36.95,-1.446E-4
36.96,-1.447E-4
36.97,-1.448E-4
36.98,-1.45E-4
36.99,-1.452E-4
37,-1.455E-4
37.01,-1.459E-4
37.02,-1.463E-4
37.03,-1.468E-4
37.04,-1.473E-4
37.05,-1.479E-4
37.06,-1.485E-4
37.07,-1.492E-4
37.08,-1.499E-4
37.09,-1.507E-4
37.1,-1.515E-4
37.11,-1.524E-4
37.12,-1.533E-4
37.13,-1.543E-4
37.14,-1.554E-4
37.15,-1.565E-4
37.16,-1.576E-4
37.17,-1.589E-4
37.18,-1.601E-4
37.19,-1.615E-4
37.2,-1.629E-4
37.21,-1.643E-4
37.22,-1.658E-4
37.23,-1.674E-4
37.24,-1.691E-4
37.25,-1.708E-4
37.26,-1.726E-4
37.27,-1.745E-4
37.28,-1.764E-4
37.29,-1.784E-4
37.3,-1.805E-4
37.31,-1.827E-4
37.32,-1.849E-4
37.33,-1.873E-4
37.34,-1.897E-4
37.35,-1.923E-4
37.36,-1.949E-4
37.37,-1.976E-4
37.38,-2.005E-4
37.39,-2.034E-4
37.4,-2.065E-4
37.41,-2.097E-4
37.42,-2.13E-4
37.43,-2.164E-4
37.44,-2.2E-4
37.45,-2.237E-4
37.46,-2.276E-4
37.47,-2.316E-4
37.48,-2.358E-4
37.49,-2.402E-4
37.5,-2.447E-4
37.51,-2.495E-4
37.52,-2.544E-4
37.53,-2.596E-4
37.54,-2.649E-4
37.55,-2.705E-4
37.56,-2.764E-4
37.57,-2.825E-4
37.58,-2.889E-4
37.59,-2.956E-4
37.6,-3.026E-4
37.61,-3.1E-4
37.62,-3.177E-4
37.63,-3.257E-4
37.64,-3.342E-4
37.65,-3.431E-4
37.66,-3.525E-4
37.67,-3.623E-4
37.68,-3.727E-4
37.69,-3.837E-4
37.7,-3.952E-4
37.71,-4.075E-4
37.72,-4.204E-4
37.73,-4.341E-4
37.74,-4.486E-4
37.75,-4.64E-4
37.76,-4.804E-4
37.77,-4.978E-4
37.78,-5.164E-4
37.79,-5.363E-4
37.8,-5.576E-4
37.81,-5.804E-4
37.82,-6.049E-4
37.83,-6.313E-4
37.84,-6.597E-4
37.85,-6.905E-4
37.86,-7.239E-4
37.87,-7.601E-4
37.88,-7.997E-4
37.89,-8.429E-4
37.9,-8.904E-4
37.91,-9.427E-4
37.92,-0.001
37.93,-0.00106
37.94,-0.00114
37.95,-0.00122
37.96,-0.00131
37.97,-0.00141
37.98,-0.00153
37.99,-0.00166
38,-0.00182
38.01,-0.00201
38.02,-0.00223
38.03,-0.00249
38.04,-0.00281
38.05,-0.00321
38.06,-0.00371
38.07,-0.00436
38.08,-0.00524
38.09,-0.00646
38.1,-0.00834
38.11,-0.01152
38.12,-0.01715
38.13,-0.0268
38.14,-0.04146
38.15,-0.05904
38.16,-0.06954
38.17,-0.06253
38.18,-0.04603
38.19,-0.03155
38.2,-0.02247
38.21,-0.01849
38.22,-0.01875
38.23,-0.02273
38.24,-0.02983
38.25,-0.03734
38.26,-0.0389
38.27,-0.03249
38.28,-0.02423
38.29,-0.01811
38.3,-0.01471
38.31,-0.0135
38.32,-0.01389
38.33,-0.01574
38.34,-0.01962
38.35,-0.02708
38.36,-0.04069
38.37,-0.0632
38.38,-0.09453
38.39,-0.12438
38.4,-0.12854
38.41,-0.10283
38.42,-0.07138
38.43,-0.04824
38.44,-0.03534
38.45,-0.0312
38.46,-0.03442
38.47,-0.04423
38.48,-0.05847
38.49,-0.06884
38.5,-0.06383
38.51,-0.04767
38.52,-0.03193
38.53,-0.02081
38.54,-0.014
38.55,-0.01008
38.56,-0.00776
38.57,-0.00627
38.58,-0.00523
38.59,-0.00445
38.6,-0.00384
38.61,-0.00336
38.62,-0.00297
38.63,-0.00265
38.64,-0.00238
38.65,-0.00216
38.66,-0.00197
38.67,-0.0018
38.68,-0.00166
38.69,-0.00153
38.7,-0.00142
38.71,-0.00132
38.72,-0.00124
38.73,-0.00116
38.74,-0.00109
38.75,-0.00103
38.76,-9.689E-4
38.77,-9.169E-4
38.78,-8.694E-4
38.79,-8.261E-4
38.8,-7.863E-4
38.81,-7.497E-4
38.82,-7.161E-4
38.83,-6.85E-4
38.84,-6.562E-4
38.85,-6.295E-4
38.86,-6.047E-4
38.87,-5.817E-4
38.88,-5.602E-4
38.89,-5.401E-4
38.9,-5.214E-4
38.91,-5.039E-4
38.92,-4.875E-4
38.93,-4.721E-4
38.94,-4.577E-4
38.95,-4.441E-4
38.96,-4.314E-4
38.97,-4.194E-4
38.98,-4.081E-4
38.99,-3.974E-4
39,-3.874E-4
39.01,-3.779E-4
39.02,-3.69E-4
39.03,-3.606E-4
39.04,-3.526E-4
39.05,-3.451E-4
39.06,-3.38E-4
39.07,-3.313E-4
39.08,-3.249E-4
39.09,-3.19E-4
39.1,-3.133E-4
39.11,-3.08E-4
39.12,-3.03E-4
39.13,-2.983E-4
39.14,-2.938E-4
39.15,-2.897E-4
39.16,-2.857E-4
39.17,-2.82E-4
39.18,-2.786E-4
39.19,-2.754E-4
39.2,-2.724E-4
39.21,-2.696E-4
39.22,-2.67E-4
39.23,-2.646E-4
39.24,-2.625E-4
39.25,-2.596E-4
39.26,-2.578E-4
39.27,-2.569E-4
39.28,-2.554E-4
39.29,-2.542E-4
39.3,-2.531E-4
39.31,-2.522E-4
39.32,-2.515E-4
39.33,-2.509E-4
39.34,-2.505E-4
39.35,-2.503E-4
39.36,-2.502E-4
39.37,-2.503E-4
39.38,-2.506E-4
39.39,-2.51E-4
39.4,-2.517E-4
39.41,-2.525E-4
39.42,-2.535E-4
39.43,-2.547E-4
39.44,-2.56E-4
39.45,-2.576E-4
39.46,-2.594E-4
39.47,-2.613E-4
39.48,-2.635E-4
39.49,-2.659E-4
39.5,-2.686E-4
39.51,-2.714E-4
39.52,-2.745E-4
39.53,-2.779E-4
39.54,-2.815E-4
39.55,-2.855E-4
39.56,-2.897E-4
39.57,-2.942E-4
39.58,-2.99E-4
39.59,-3.042E-4
39.6,-3.098E-4
39.61,-3.157E-4
39.62,-3.221E-4
39.63,-3.289E-4
39.64,-3.361E-4
39.65,-3.439E-4
39.66,-3.522E-4
39.67,-3.61E-4
39.68,-3.705E-4
39.69,-3.806E-4
39.7,-3.914E-4
39.71,-4.03E-4
39.72,-4.154E-4
39.73,-4.287E-4
39.74,-4.43E-4
39.75,-4.583E-4
39.76,-4.748E-4
39.77,-4.926E-4
39.78,-5.117E-4
39.79,-5.324E-4
39.8,-5.548E-4
39.81,-5.79E-4
39.82,-6.052E-4
39.83,-6.338E-4
39.84,-6.648E-4
39.85,-6.988E-4
39.86,-7.359E-4
39.87,-7.767E-4
39.88,-8.215E-4
39.89,-8.709E-4
39.9,-9.257E-4
39.91,-9.865E-4
39.92,-0.00105
39.93,-0.00113
39.94,-0.00122
39.95,-0.00131
39.96,-0.00142
39.97,-0.00155
39.98,-0.00169
39.99,-0.00186
40,-0.00205
40.01,-0.00228
40.02,-0.00255
40.03,-0.00287
40.04,-0.00326
40.05,-0.00375
40.06,-0.00435
40.07,-0.00512
40.08,-0.00611
40.09,-0.00745
40.1,-0.00933
40.11,-0.0122
40.12,-0.01696
40.13,-0.02526
40.14,-0.03934
40.15,-0.06095
40.16,-0.08824
40.17,-0.10913
40.18,-0.10502
40.19,-0.08081
40.2,-0.05573
40.21,-0.03806
40.22,-0.02837
40.23,-0.02528
40.24,-0.02778
40.25,-0.03542
40.26,-0.04699
40.27,-0.05712
40.28,-0.05614
40.29,-0.04407
40.3,-0.03041
40.31,-0.02004
40.32,-0.01337
40.33,-0.00941
40.34,-0.00708
40.35,-0.00562
40.36,-0.00462
40.37,-0.00389
40.38,-0.00332
40.39,-0.00288
40.4,-0.00253
40.41,-0.00224
40.42,-0.002
40.43,-0.0018
40.44,-0.00163
40.45,-0.00148
40.46,-0.00135
40.47,-0.00124
40.48,-0.00115
40.49,-0.00106
40.5,-9.849E-4
40.51,-9.177E-4
40.52,-8.575E-4
40.53,-8.034E-4
40.54,-7.545E-4
40.55,-7.102E-4
40.56,-6.699E-4
40.57,-6.332E-4
40.58,-5.996E-4
40.59,-5.687E-4
40.6,-5.404E-4
40.61,-5.142E-4
40.62,-4.901E-4
40.63,-4.677E-4
40.64,-4.469E-4
40.65,-4.276E-4
40.66,-4.096E-4
40.67,-3.928E-4
40.68,-3.771E-4
40.69,-3.624E-4
40.7,-3.486E-4
40.71,-3.357E-4
40.72,-3.235E-4
40.73,-3.121E-4
40.74,-3.013E-4
40.75,-2.901E-4
40.76,-2.805E-4
40.77,-2.714E-4
40.78,-2.628E-4
40.79,-2.546E-4
40.8,-2.468E-4
40.81,-2.395E-4
40.82,-2.325E-4
40.83,-2.258E-4
40.84,-2.195E-4
40.85,-2.134E-4
40.86,-2.076E-4
40.87,-2.021E-4
40.88,-1.969E-4
40.89,-1.918E-4
40.9,-1.87E-4
40.91,-1.824E-4
40.92,-1.78E-4
40.93,-1.738E-4
40.94,-1.697E-4
40.95,-1.658E-4
40.96,-1.621E-4
40.97,-1.585E-4
40.98,-1.55E-4
40.99,-1.517E-4
41,-1.485E-4
41.01,-1.454E-4
41.02,-1.425E-4
41.03,-1.396E-4
41.04,-1.368E-4
41.05,-1.342E-4
41.06,-1.316E-4
41.07,-1.291E-4
41.08,-1.267E-4
41.09,-1.244E-4
41.1,-1.222E-4
41.11,-1.2E-4
41.12,-1.179E-4
41.13,-1.159E-4
41.14,-1.139E-4
41.15,-1.12E-4
41.16,-1.102E-4
41.17,-1.084E-4
41.18,-1.067E-4
41.19,-1.05E-4
41.2,-1.034E-4
41.21,-1.018E-4
41.22,-1.003E-4
41.23,-9.88E-5
41.24,-9.73E-5
41.25,-9.67E-5
41.26,-9.53E-5
41.27,-9.4E-5
41.28,-9.27E-5
41.29,-9.14E-5
41.3,-9.02E-5
41.31,-8.9E-5
41.32,-8.79E-5
41.33,-8.68E-5
41.34,-8.57E-5
41.35,-8.46E-5
41.36,-8.36E-5
41.37,-8.25E-5
41.38,-8.16E-5
41.39,-8.06E-5
41.4,-7.97E-5
41.41,-7.87E-5
41.42,-7.79E-5
41.43,-7.7E-5
41.44,-7.61E-5
41.45,-7.53E-5
41.46,-7.45E-5
41.47,-7.37E-5
41.48,-7.29E-5
41.49,-7.22E-5
41.5,-7.15E-5
41.51,-7.07E-5
41.52,-7E-5
41.53,-6.93E-5
41.54,-6.87E-5
41.55,-6.8E-5
41.56,-6.74E-5
41.57,-6.68E-5
41.58,-6.61E-5
41.59,-6.55E-5
41.6,-6.5E-5
41.61,-6.44E-5
41.62,-6.38E-5
41.63,-6.33E-5
41.64,-6.27E-5
41.65,-6.22E-5
41.66,-6.17E-5
41.67,-6.12E-5
41.68,-6.07E-5
41.69,-6.02E-5
41.7,-5.98E-5
41.71,-5.93E-5
41.72,-5.96E-5
41.73,-5.91E-5
41.74,-5.87E-5
41.75,-5.83E-5
41.76,-5.79E-5
41.77,-5.75E-5
41.78,-5.71E-5
41.79,-5.67E-5
41.8,-5.63E-5
41.81,-5.59E-5
41.82,-5.56E-5
41.83,-5.52E-5
41.84,-5.49E-5
41.85,-5.45E-5
41.86,-5.42E-5
41.87,-5.39E-5
41.88,-5.35E-5
41.89,-5.32E-5
41.9,-5.29E-5
41.91,-5.17E-5
41.92,-5.14E-5
41.93,-5.11E-5
41.94,-5.09E-5
41.95,-5.06E-5
41.96,-5.03E-5
41.97,-5.01E-5
41.98,-4.98E-5
41.99,-4.95E-5
42,-4.93E-5
42.01,-4.9E-5
42.02,-4.88E-5
42.03,-4.86E-5
42.04,-4.83E-5
42.05,-4.81E-5
42.06,-4.79E-5
42.07,-4.77E-5
42.08,-4.75E-5
42.09,-4.73E-5
42.1,-4.71E-5
42.11,-4.69E-5
42.12,-4.67E-5
42.13,-4.65E-5
42.14,-4.63E-5
42.15,-4.61E-5
42.16,-4.59E-5
42.17,-4.57E-5
42.18,-4.56E-5
42.19,-4.54E-5
42.2,-4.52E-5
42.21,-4.51E-5
42.22,-4.49E-5
42.23,-4.48E-5
42.24,-4.46E-5
42.25,-4.45E-5
42.26,-4.34E-5
42.27,-4.32E-5
42.28,-4.31E-5
42.29,-4.29E-5
42.3,-4.28E-5
42.31,-4.27E-5
42.32,-4.26E-5
42.33,-4.24E-5
42.34,-4.23E-5
42.35,-4.22E-5
42.36,-4.21E-5
42.37,-4.2E-5
42.38,-4.19E-5
42.39,-4.18E-5
42.4,-4.17E-5
42.41,-4.16E-5
42.42,-4.15E-5
42.43,-4.14E-5
42.44,-4.13E-5
42.45,-4.12E-5
42.46,-4.11E-5
42.47,-4.1E-5
42.48,-4.1E-5
42.49,-4.16E-5
42.5,-4.16E-5
42.51,-4.15E-5
42.52,-4.14E-5
42.53,-4.14E-5
42.54,-4.13E-5
42.55,-4.13E-5
42.56,-4.12E-5
42.57,-4.12E-5
42.58,-4.11E-5
42.59,-4.11E-5
42.6,-4.14E-5
42.61,-4.13E-5
42.62,-4.21E-5
42.63,-4.2E-5
42.64,-4.2E-5
42.65,-4.2E-5
42.66,-4.19E-5
42.67,-4.19E-5
42.68,-4.19E-5
42.69,-4.19E-5
42.7,-4.19E-5
42.71,-4.19E-5
42.72,-4.18E-5
42.73,-4.18E-5
42.74,-4.18E-5
42.75,-4.18E-5
42.76,-4.18E-5
42.77,-4.18E-5
42.78,-4.18E-5
42.79,-4.18E-5
42.8,-4.18E-5
42.81,-4.18E-5
42.82,-4.18E-5
42.83,-4.19E-5
42.84,-4.19E-5
42.85,-4.19E-5
42.86,-4.19E-5
42.87,-4.19E-5
42.88,-4.19E-5
42.89,-4.2E-5
42.9,-4.2E-5
42.91,-4.2E-5
42.92,-4.21E-5
42.93,-4.21E-5
42.94,-4.21E-5
42.95,-4.22E-5
42.96,-4.22E-5
42.97,-4.22E-5
42.98,-4.23E-5
42.99,-4.23E-5
43,-4.24E-5
43.01,-4.24E-5
43.02,-4.25E-5
43.03,-4.25E-5
43.04,-4.26E-5
43.05,-4.26E-5
43.06,-4.27E-5
43.07,-4.28E-5
43.08,-4.28E-5
43.09,-4.29E-5
43.1,-4.3E-5
43.11,-4.3E-5
43.12,-4.31E-5
43.13,-4.32E-5
43.14,-4.33E-5
43.15,-4.25E-5
43.16,-4.26E-5
43.17,-4.27E-5
43.18,-4.28E-5
43.19,-4.29E-5
43.2,-4.3E-5
43.21,-4.21E-5
43.22,-4.22E-5
43.23,-4.23E-5
43.24,-4.24E-5
43.25,-4.25E-5
43.26,-4.26E-5
43.27,-4.27E-5
43.28,-4.29E-5
43.29,-4.3E-5
43.3,-4.31E-5
43.31,-4.32E-5
43.32,-4.34E-5
43.33,-4.35E-5
43.34,-4.36E-5
43.35,-4.38E-5
43.36,-4.39E-5
43.37,-4.47E-5
43.38,-4.49E-5
43.39,-4.5E-5
43.4,-4.52E-5
43.41,-4.45E-5
43.42,-4.46E-5
43.43,-4.48E-5
43.44,-4.5E-5
43.45,-4.51E-5
43.46,-4.53E-5
43.47,-4.55E-5
43.48,-4.57E-5
43.49,-4.59E-5
43.5,-4.6E-5
43.51,-4.62E-5
43.52,-4.64E-5
43.53,-4.66E-5
43.54,-4.68E-5
43.55,-4.7E-5
43.56,-4.72E-5
43.57,-4.75E-5
43.58,-4.77E-5
43.59,-4.79E-5
43.6,-4.81E-5
43.61,-4.83E-5
43.62,-4.86E-5
43.63,-4.88E-5
43.64,-4.9E-5
43.65,-4.93E-5
43.66,-4.95E-5
43.67,-4.98E-5
43.68,-5E-5
43.69,-5.03E-5
43.7,-5.06E-5
43.71,-5.08E-5
43.72,-5.17E-5
43.73,-5.2E-5
43.74,-5.23E-5
43.75,-5.26E-5
43.76,-5.29E-5
43.77,-5.32E-5
43.78,-5.35E-5
43.79,-5.38E-5
43.8,-5.41E-5
43.81,-5.44E-5
43.82,-5.48E-5
43.83,-5.51E-5
43.84,-5.54E-5
43.85,-5.58E-5
43.86,-5.61E-5
43.87,-5.65E-5
43.88,-5.69E-5
43.89,-5.72E-5
43.9,-5.76E-5
43.91,-5.8E-5
43.92,-5.84E-5
43.93,-5.88E-5
43.94,-5.92E-5
43.95,-5.96E-5
43.96,-6.01E-5
43.97,-6.05E-5
43.98,-6.09E-5
43.99,-6.14E-5
44,-6.19E-5
44.01,-6.23E-5
44.02,-6.28E-5
44.03,-6.33E-5
44.04,-6.38E-5
44.05,-6.43E-5
44.06,-6.48E-5
44.07,-6.54E-5
44.08,-6.59E-5
44.09,-6.65E-5
44.1,-6.7E-5
44.11,-6.76E-5
44.12,-6.82E-5
44.13,-6.88E-5
44.14,-6.95E-5
44.15,-7.01E-5
44.16,-7.08E-5
44.17,-7.14E-5
44.18,-7.21E-5
44.19,-7.28E-5
44.2,-7.35E-5
44.21,-7.43E-5
44.22,-7.5E-5
44.23,-7.58E-5
44.24,-7.66E-5
44.25,-7.74E-5
44.26,-7.83E-5
44.27,-7.91E-5
44.28,-8E-5
44.29,-8.09E-5
44.3,-8.18E-5
44.31,-8.28E-5
44.32,-8.38E-5
44.33,-8.48E-5
44.34,-8.59E-5
44.35,-8.69E-5
44.36,-8.8E-5
44.37,-8.92E-5
44.38,-9.04E-5
44.39,-9.16E-5
44.4,-9.29E-5
44.41,-9.42E-5
44.42,-9.55E-5
44.43,-9.69E-5
44.44,-9.84E-5
44.45,-9.99E-5
44.46,-1.014E-4
44.47,-1.03E-4
44.48,-1.047E-4
44.49,-1.065E-4
44.5,-1.083E-4
44.51,-1.102E-4
44.52,-1.121E-4
44.53,-1.142E-4
44.54,-1.163E-4
44.55,-1.185E-4
44.56,-1.209E-4
44.57,-1.233E-4
44.58,-1.259E-4
44.59,-1.286E-4
44.6,-1.314E-4
44.61,-1.344E-4
44.62,-1.375E-4
44.63,-1.408E-4
44.64,-1.443E-4
44.65,-1.48E-4
44.66,-1.52E-4
44.67,-1.561E-4
44.68,-1.606E-4
44.69,-1.653E-4
44.7,-1.703E-4
44.71,-1.758E-4
44.72,-1.816E-4
44.73,-1.879E-4
44.74,-1.946E-4
44.75,-2.019E-4
44.76,-2.099E-4
44.77,-2.186E-4
44.78,-2.281E-4
44.79,-2.386E-4
44.8,-2.501E-4
44.81,-2.629E-4
44.82,-2.772E-4
44.83,-2.933E-4
44.84,-3.114E-4
44.85,-3.321E-4
44.86,-3.558E-4
44.87,-3.833E-4
44.88,-4.154E-4
44.89,-4.535E-4
44.9,-4.992E-4
44.91,-5.549E-4
44.92,-6.241E-4
44.93,-7.119E-4
44.94,-8.274E-4
44.95,-9.873E-4
44.96,-0.00123
44.97,-0.0016
44.98,-0.00222
44.99,-0.00321
45,-0.00464
45.01,-0.00642
45.02,-0.00789
45.03,-0.00796
45.04,-0.00662
45.05,-0.00495
45.06,-0.00363
45.07,-0.0028
45.08,-0.00239
45.09,-0.00232
45.1,-0.00255
45.11,-0.00309
45.12,-0.0039
45.13,-0.00483
45.14,-0.00539
45.15,-0.00524
45.16,-0.00477
45.17,-0.00458
45.18,-0.005
45.19,-0.00631
45.2,-0.0087
45.21,-0.01217
45.22,-0.01601
45.23,-0.01806
45.24,-0.01648
45.25,-0.01272
45.26,-0.00909
45.27,-0.00646
45.28,-0.00487
45.29,-0.00414
45.3,-0.00409
45.31,-0.00469
45.32,-0.00592
45.33,-0.00763
45.34,-0.00917
45.35,-0.0093
45.36,-0.00778
45.37,-0.00574
45.38,-0.00403
45.39,-0.00282
45.4,-0.00205
45.41,-0.00158
45.42,-0.00128
45.43,-0.00108
45.44,-9.364E-4
45.45,-8.29E-4
45.46,-7.453E-4
45.47,-6.786E-4
45.48,-6.246E-4
45.49,-5.803E-4
45.5,-5.437E-4
45.51,-5.131E-4
45.52,-4.874E-4
45.53,-4.657E-4
45.54,-4.473E-4
45.55,-4.317E-4
45.56,-4.185E-4
45.57,-4.073E-4
45.58,-3.978E-4
45.59,-3.9E-4
45.6,-3.835E-4
45.61,-3.782E-4
45.62,-3.74E-4
45.63,-3.708E-4
45.64,-3.686E-4
45.65,-3.672E-4
45.66,-3.666E-4
45.67,-3.668E-4
45.68,-3.677E-4
45.69,-3.693E-4
45.7,-3.716E-4
45.71,-3.745E-4
45.72,-3.782E-4
45.73,-3.825E-4
45.74,-3.875E-4
45.75,-3.932E-4
45.76,-3.996E-4
45.77,-4.068E-4
45.78,-4.147E-4
45.79,-4.235E-4
45.8,-4.331E-4
45.81,-4.437E-4
45.82,-4.553E-4
45.83,-4.679E-4
45.84,-4.817E-4
45.85,-4.968E-4
45.86,-5.133E-4
45.87,-5.313E-4
45.88,-5.51E-4
45.89,-5.727E-4
45.9,-5.965E-4
45.91,-6.226E-4
45.92,-6.516E-4
45.93,-6.836E-4
45.94,-7.192E-4
45.95,-7.588E-4
45.96,-8.033E-4
45.97,-8.533E-4
45.98,-9.098E-4
45.99,-9.741E-4
46,-0.00105
46.01,-0.00113
46.02,-0.00123
46.03,-0.00135
46.04,-0.00148
46.05,-0.00165
46.06,-0.00184
46.07,-0.00208
46.08,-0.00238
46.09,-0.00277
46.1,-0.00326
46.11,-0.00394
46.12,-0.00492
46.13,-0.00642
46.14,-0.00887
46.15,-0.01285
46.16,-0.01897
46.17,-0.02747
46.18,-0.03703
46.19,-0.04311
46.2,-0.04072
46.21,-0.03221
46.22,-0.02326
46.23,-0.01649
46.24,-0.01221
46.25,-0.01003
46.26,-0.00952
46.27,-0.0105
46.28,-0.01297
46.29,-0.01677
46.3,-0.02099
46.31,-0.02306
46.32,-0.0209
46.33,-0.01621
46.34,-0.01162
46.35,-0.00817
46.36,-0.00586
46.37,-0.00441
46.38,-0.00352
46.39,-0.00294
46.4,-0.00255
46.41,-0.00226
46.42,-0.00205
46.43,-0.00188
46.44,-0.00175
46.45,-0.00165
46.46,-0.00157
46.47,-0.00151
46.48,-0.00146
46.49,-0.00142
46.5,-0.0014
46.51,-0.00138
46.52,-0.00137
46.53,-0.00137
46.54,-0.00137
46.55,-0.00138
46.56,-0.00139
46.57,-0.00141
46.58,-0.00144
46.59,-0.00147
46.6,-0.00151
46.61,-0.00155
46.62,-0.0016
46.63,-0.00165
46.64,-0.00171
46.65,-0.00178
46.66,-0.00186
46.67,-0.00194
46.68,-0.00203
46.69,-0.00214
46.7,-0.00225
46.71,-0.00238
46.72,-0.00252
46.73,-0.00268
46.74,-0.00286
46.75,-0.00306
46.76,-0.00329
46.77,-0.00355
46.78,-0.00384
46.79,-0.00417
46.8,-0.00456
46.81,-0.005
46.82,-0.00552
46.83,-0.00613
46.84,-0.00685
46.85,-0.00771
46.86,-0.00875
46.87,-0.01003
46.88,-0.01163
46.89,-0.01365
46.9,-0.01628
46.91,-0.01982
46.92,-0.02489
46.93,-0.03261
46.94,-0.04502
46.95,-0.06512
46.96,-0.09629
46.97,-0.14029
46.98,-0.19241
46.99,-0.23212
47,-0.22974
47.01,-0.18813
47.02,-0.13794
47.03,-0.09752
47.04,-0.0706
47.05,-0.05557
47.06,-0.05
47.07,-0.05246
47.08,-0.06271
47.09,-0.08068
47.1,-0.10379
47.11,-0.12223
47.12,-0.1209
47.13,-0.09956
47.14,-0.07306
47.15,-0.051
47.16,-0.03539
47.17,-0.02525
47.18,-0.0189
47.19,-0.01486
47.2,-0.01214
47.21,-0.01019
47.22,-0.00872
47.23,-0.00756
47.24,-0.00663
47.25,-0.00587
47.26,-0.00524
47.27,-0.00471
47.28,-0.00426
47.29,-0.00388
47.3,-0.00355
47.31,-0.00326
47.32,-0.00301
47.33,-0.00279
47.34,-0.00259
47.35,-0.00241
47.36,-0.00226
47.37,-0.00212
47.38,-0.00199
47.39,-0.00187
47.4,-0.00177
47.41,-0.00168
47.42,-0.00159
47.43,-0.00151
47.44,-0.00144
47.45,-0.00138
47.46,-0.00132
47.47,-0.00127
47.48,-0.00122
47.49,-0.00118
47.5,-0.00114
47.51,-0.00111
47.52,-0.00108
47.53,-0.00106
47.54,-0.00105
47.55,-0.00104
47.56,-0.00104
47.57,-0.00106
47.58,-0.0011
47.59,-0.00116
47.6,-0.00129
47.61,-0.0015
47.62,-0.00186
47.63,-0.0024
47.64,-0.00314
47.65,-0.00391
47.66,-0.00429
47.67,-0.00396
47.68,-0.0032
47.69,-0.00244
47.7,-0.00187
47.71,-0.0015
47.72,-0.0013
47.73,-0.00124
47.74,-0.0013
47.75,-0.00147
47.76,-0.00177
47.77,-0.00212
47.78,-0.00235
47.79,-0.00225
47.8,-0.00188
47.81,-0.00146
47.82,-0.00112
47.83,-8.849E-4
47.84,-7.278E-4
47.85,-6.26E-4
47.86,-5.58E-4
47.87,-5.095E-4
47.88,-4.726E-4
47.89,-4.429E-4
47.9,-4.183E-4
47.91,-3.974E-4
47.92,-3.793E-4
47.93,-3.634E-4
47.94,-3.493E-4
47.95,-3.366E-4
47.96,-3.251E-4
47.97,-3.145E-4
47.98,-3.048E-4
47.99,-2.959E-4
48,-2.875E-4
48.01,-2.797E-4
48.02,-2.724E-4
48.03,-2.655E-4
48.04,-2.596E-4
48.05,-2.534E-4
48.06,-2.476E-4
48.07,-2.427E-4
48.08,-2.373E-4
48.09,-2.323E-4
48.1,-2.274E-4
48.11,-2.228E-4
48.12,-2.183E-4
48.13,-2.14E-4
48.14,-2.099E-4
48.15,-2.06E-4
48.16,-2.022E-4
48.17,-1.985E-4
48.18,-1.949E-4
48.19,-1.915E-4
48.2,-1.882E-4
48.21,-1.85E-4
48.22,-1.819E-4
48.23,-1.79E-4
48.24,-1.761E-4
48.25,-1.733E-4
48.26,-1.705E-4
48.27,-1.679E-4
48.28,-1.653E-4
48.29,-1.629E-4
48.3,-1.605E-4
48.31,-1.581E-4
48.32,-1.559E-4
48.33,-1.537E-4
48.34,-1.515E-4
48.35,-1.494E-4
48.36,-1.474E-4
48.37,-1.454E-4
48.38,-1.435E-4
48.39,-1.417E-4
48.4,-1.399E-4
48.41,-1.381E-4
48.42,-1.364E-4
48.43,-1.347E-4
48.44,-1.331E-4
48.45,-1.315E-4
48.46,-1.3E-4
48.47,-1.285E-4
48.48,-1.27E-4
48.49,-1.256E-4
48.5,-1.242E-4
48.51,-1.229E-4
48.52,-1.216E-4
48.53,-1.203E-4
48.54,-1.19E-4
48.55,-1.171E-4
48.56,-1.159E-4
48.57,-1.148E-4
48.58,-1.136E-4
48.59,-1.126E-4
48.6,-1.115E-4
48.61,-1.105E-4
48.62,-1.095E-4
48.63,-1.085E-4
48.64,-1.076E-4
48.65,-1.067E-4
48.66,-1.058E-4
48.67,-1.049E-4
48.68,-1.041E-4
48.69,-1.033E-4
48.7,-1.025E-4
48.71,-1.018E-4
48.72,-1.01E-4
48.73,-1.003E-4
48.74,-9.96E-5
48.75,-9.9E-5
48.76,-9.83E-5
48.77,-9.77E-5
48.78,-9.71E-5
48.79,-9.65E-5
48.8,-9.6E-5
48.81,-9.55E-5
48.82,-9.5E-5
48.83,-9.45E-5
48.84,-9.41E-5
48.85,-9.36E-5
48.86,-9.32E-5
48.87,-9.29E-5
48.88,-9.25E-5
48.89,-9.22E-5
48.9,-9.19E-5
48.91,-9.16E-5
48.92,-9.13E-5
48.93,-9.11E-5
48.94,-9.09E-5
48.95,-9.07E-5
48.96,-9.06E-5
48.97,-9.05E-5
48.98,-9.04E-5
48.99,-9.04E-5
49,-9.03E-5
49.01,-9.03E-5
49.02,-9.04E-5
49.03,-9.05E-5
49.04,-9.06E-5
49.05,-9.08E-5
49.06,-9.1E-5
49.07,-9.12E-5
49.08,-9.15E-5
49.09,-9.19E-5
49.1,-9.22E-5
49.11,-9.33E-5
49.12,-9.38E-5
49.13,-9.44E-5
49.14,-9.5E-5
49.15,-9.57E-5
49.16,-9.65E-5
49.17,-9.74E-5
49.18,-9.83E-5
49.19,-9.94E-5
49.2,-1.005E-4
49.21,-1.023E-4
49.22,-1.037E-4
49.23,-1.052E-4
49.24,-1.069E-4
49.25,-1.087E-4
49.26,-1.106E-4
49.27,-1.128E-4
49.28,-1.152E-4
49.29,-1.184E-4
49.3,-1.212E-4
49.31,-1.244E-4
49.32,-1.279E-4
49.33,-1.318E-4
49.34,-1.362E-4
49.35,-1.41E-4
49.36,-1.464E-4
49.37,-1.53E-4
49.38,-1.598E-4
49.39,-1.674E-4
49.4,-1.761E-4
49.41,-1.86E-4
49.42,-1.976E-4
49.43,-2.107E-4
49.44,-2.259E-4
49.45,-2.437E-4
49.46,-2.648E-4
49.47,-2.898E-4
49.48,-3.2E-4
49.49,-3.567E-4
49.5,-4.022E-4
49.51,-4.594E-4
49.52,-5.33E-4
49.53,-6.311E-4
49.54,-7.686E-4
49.55,-9.734E-4
49.56,-0.00129
49.57,-0.0018
49.58,-0.00258
49.59,-0.00369
49.6,-0.00508
49.61,-0.00639
49.62,-0.00684
49.63,-0.00607
49.64,-0.00472
49.65,-0.00344
49.66,-0.00249
49.67,-0.00188
49.68,-0.00156
49.69,-0.00146
49.7,-0.00155
49.71,-0.00184
49.72,-0.00233
49.73,-0.00296
49.74,-0.0035
49.75,-0.00357
49.76,-0.00307
49.77,-0.00235
49.78,-0.0017
49.79,-0.00122
49.8,-8.907E-4
49.81,-6.788E-4
49.82,-5.427E-4
49.83,-4.522E-4
49.84,-3.884E-4
49.85,-3.408E-4
49.86,-3.039E-4
49.87,-2.745E-4
49.88,-2.505E-4
49.89,-2.308E-4
49.9,-2.143E-4
49.91,-2.004E-4
49.92,-1.885E-4
49.93,-1.784E-4
49.94,-1.696E-4
49.95,-1.619E-4
49.96,-1.553E-4
49.97,-1.494E-4
49.98,-1.442E-4
49.99,-1.396E-4
50,-1.356E-4
50.01,-1.32E-4
50.02,-1.287E-4
50.03,-1.255E-4
50.04,-1.23E-4
50.05,-1.199E-4
50.06,-1.179E-4
50.07,-1.161E-4
50.08,-1.145E-4
50.09,-1.131E-4
50.1,-1.118E-4
50.11,-1.107E-4
50.12,-1.097E-4
50.13,-1.089E-4
50.14,-1.082E-4
50.15,-1.076E-4
50.16,-1.07E-4
50.17,-1.066E-4
50.18,-1.063E-4
50.19,-1.061E-4
50.2,-1.06E-4
50.21,-1.06E-4
50.22,-1.06E-4
50.23,-1.062E-4
50.24,-1.064E-4
50.25,-1.067E-4
50.26,-1.07E-4
50.27,-1.075E-4
50.28,-1.08E-4
50.29,-1.086E-4
50.3,-1.092E-4
50.31,-1.099E-4
50.32,-1.107E-4
50.33,-1.116E-4
50.34,-1.125E-4
50.35,-1.135E-4
50.36,-1.146E-4
50.37,-1.158E-4
50.38,-1.17E-4
50.39,-1.183E-4
50.4,-1.197E-4
50.41,-1.212E-4
50.42,-1.228E-4
50.43,-1.244E-4
50.44,-1.262E-4
50.45,-1.281E-4
50.46,-1.3E-4
50.47,-1.321E-4
50.48,-1.343E-4
50.49,-1.366E-4
50.5,-1.39E-4
50.51,-1.416E-4
50.52,-1.443E-4
50.53,-1.471E-4
50.54,-1.501E-4
50.55,-1.532E-4
50.56,-1.566E-4
50.57,-1.601E-4
50.58,-1.638E-4
50.59,-1.677E-4
50.6,-1.719E-4
50.61,-1.762E-4
50.62,-1.808E-4
50.63,-1.857E-4
50.64,-1.909E-4
50.65,-1.964E-4
50.66,-2.022E-4
50.67,-2.084E-4
50.68,-2.15E-4
50.69,-2.22E-4
50.7,-2.295E-4
50.71,-2.375E-4
50.72,-2.46E-4
50.73,-2.551E-4
50.74,-2.649E-4
50.75,-2.754E-4
50.76,-2.866E-4
50.77,-2.988E-4
50.78,-3.119E-4
50.79,-3.26E-4
50.8,-3.413E-4
50.81,-3.579E-4
50.82,-3.76E-4
50.83,-3.957E-4
50.84,-4.172E-4
50.85,-4.408E-4
50.86,-4.668E-4
50.87,-4.954E-4
50.88,-5.272E-4
50.89,-5.624E-4
50.9,-6.017E-4
50.91,-6.457E-4
50.92,-6.952E-4
50.93,-7.512E-4
50.94,-8.149E-4
50.95,-8.878E-4
50.96,-9.717E-4
50.97,-0.00107
50.98,-0.00118
50.99,-0.00132
51,-0.00148
51.01,-0.00167
51.02,-0.0019
51.03,-0.00219
51.04,-0.00256
51.05,-0.00303
51.06,-0.00366
51.07,-0.00455
51.08,-0.00588
51.09,-0.00796
51.1,-0.01119
51.11,-0.01604
51.12,-0.02278
51.13,-0.03096
51.14,-0.03824
51.15,-0.04034
51.16,-0.03563
51.17,-0.02771
51.18,-0.0203
51.19,-0.01473
51.2,-0.01109
51.21,-0.00905
51.22,-0.00828
51.23,-0.0086
51.24,-0.01001
51.25,-0.01253
51.26,-0.01601
51.27,-0.01959
51.28,-0.02126
51.29,-0.01953
51.3,-0.0156
51.31,-0.01151
51.32,-0.00823
51.33,-0.00589
51.34,-0.00433
51.35,-0.00332
51.36,-0.00266
51.37,-0.0022
51.38,-0.00187
51.39,-0.00161
51.4,-0.00141
51.41,-0.00125
51.42,-0.00112
51.43,-0.00101
51.44,-9.119E-4
51.45,-8.327E-4
51.46,-7.64E-4
51.47,-7.046E-4
51.48,-6.527E-4
51.49,-6.072E-4
51.5,-5.671E-4
51.51,-5.314E-4
51.52,-4.997E-4
51.53,-4.712E-4
51.54,-4.457E-4
51.55,-4.227E-4
51.56,-4.018E-4
51.57,-3.829E-4
51.58,-3.657E-4
51.59,-3.501E-4
51.6,-3.358E-4
51.61,-3.227E-4
51.62,-3.107E-4
51.63,-2.997E-4
51.64,-2.896E-4
51.65,-2.803E-4
51.66,-2.718E-4
51.67,-2.639E-4
51.68,-2.567E-4
51.69,-2.501E-4
51.7,-2.44E-4
51.71,-2.384E-4
51.72,-2.333E-4
51.73,-2.286E-4
51.74,-2.244E-4
51.75,-2.205E-4
51.76,-2.17E-4
51.77,-2.139E-4
51.78,-2.111E-4
51.79,-2.087E-4
51.8,-2.066E-4
51.81,-2.048E-4
51.82,-2.034E-4
51.83,-2.022E-4
51.84,-2.014E-4
51.85,-2.009E-4
51.86,-2.008E-4
51.87,-2.009E-4
51.88,-2.015E-4
51.89,-2.024E-4
51.9,-2.037E-4
51.91,-2.054E-4
51.92,-2.076E-4
51.93,-2.103E-4
51.94,-2.135E-4
51.95,-2.174E-4
51.96,-2.219E-4
51.97,-2.272E-4
51.98,-2.333E-4
51.99,-2.404E-4
52,-2.487E-4
52.01,-2.584E-4
52.02,-2.696E-4
52.03,-2.828E-4
52.04,-2.983E-4
52.05,-3.166E-4
52.06,-3.385E-4
52.07,-3.649E-4
52.08,-3.962E-4
52.09,-4.357E-4
52.1,-4.851E-4
52.11,-5.485E-4
52.12,-6.325E-4
52.13,-7.492E-4
52.14,-9.208E-4
52.15,-0.00118
52.16,-0.00159
52.17,-0.0022
52.18,-0.00307
52.19,-0.00415
52.2,-0.00523
52.21,-0.00578
52.22,-0.00539
52.23,-0.00438
52.24,-0.00331
52.25,-0.00246
52.26,-0.00187
52.27,-0.00151
52.28,-0.00133
52.29,-0.00131
52.3,-0.00143
52.31,-0.0017
52.32,-0.00211
52.33,-0.00262
52.34,-0.00305
52.35,-0.0031
52.36,-0.00273
52.37,-0.00216
52.38,-0.00164
52.39,-0.00125
52.4,-9.69E-4
52.41,-7.885E-4
52.42,-6.737E-4
52.43,-6.004E-4
52.44,-5.524E-4
52.45,-5.204E-4
52.46,-4.996E-4
52.47,-4.86E-4
52.48,-4.785E-4
52.49,-4.762E-4
52.5,-4.784E-4
52.51,-4.847E-4
52.52,-4.949E-4
52.53,-5.096E-4
52.54,-5.278E-4
52.55,-5.503E-4
52.56,-5.775E-4
52.57,-6.101E-4
52.58,-6.489E-4
52.59,-6.95E-4
52.6,-7.498E-4
52.61,-8.152E-4
52.62,-8.939E-4
52.63,-9.893E-4
52.64,-0.00111
52.65,-0.00125
52.66,-0.00144
52.67,-0.00168
52.68,-0.00202
52.69,-0.0025
52.7,-0.00324
52.71,-0.00437
52.72,-0.00607
52.73,-0.00845
52.74,-0.01149
52.75,-0.01459
52.76,-0.01638
52.77,-0.0156
52.78,-0.01293
52.79,-0.00994
52.8,-0.00752
52.81,-0.00584
52.82,-0.00484
52.83,-0.0044
52.84,-0.00443
52.85,-0.0049
52.86,-0.00585
52.87,-0.00735
52.88,-0.0094
52.89,-0.01175
52.9,-0.01382
52.91,-0.01531
52.92,-0.01677
52.93,-0.01852
52.94,-0.01966
52.95,-0.01868
52.96,-0.01562
52.97,-0.012
52.98,-0.00891
52.99,-0.00666
53,-0.00518
53.01,-0.00433
53.02,-0.00396
53.03,-0.00403
53.04,-0.00451
53.05,-0.00544
53.06,-0.00675
53.07,-0.00818
53.08,-0.00904
53.09,-0.00863
53.1,-0.00718
53.11,-0.00549
53.12,-0.00404
53.13,-0.00297
53.14,-0.00223
53.15,-0.00174
53.16,-0.00141
53.17,-0.00118
53.18,-0.00102
53.19,-8.927E-4
53.2,-7.939E-4
53.21,-7.136E-4
53.22,-6.472E-4
53.23,-5.914E-4
53.24,-5.441E-4
53.25,-5.034E-4
53.26,-4.683E-4
53.27,-4.376E-4
53.28,-4.107E-4
53.29,-3.869E-4
53.3,-3.658E-4
53.31,-3.47E-4
53.32,-3.302E-4
53.33,-3.15E-4
53.34,-3.014E-4
53.35,-2.897E-4
53.36,-2.786E-4
53.37,-2.686E-4
53.38,-2.596E-4
53.39,-2.515E-4
53.4,-2.443E-4
53.41,-2.379E-4
53.42,-2.323E-4
53.43,-2.276E-4
53.44,-2.239E-4
53.45,-2.211E-4
53.46,-2.196E-4
53.47,-2.199E-4
53.48,-2.226E-4
53.49,-2.294E-4
53.5,-2.423E-4
53.51,-2.64E-4
53.52,-2.973E-4
53.53,-3.426E-4
53.54,-3.947E-4
53.55,-4.349E-4
53.56,-4.369E-4
53.57,-3.978E-4
53.58,-3.424E-4
53.59,-2.918E-4
53.6,-2.532E-4
53.61,-2.271E-4
53.62,-2.112E-4
53.63,-2.035E-4
53.64,-2.028E-4
53.65,-2.088E-4
53.66,-2.22E-4
53.67,-2.42E-4
53.68,-2.66E-4
53.69,-2.846E-4
53.7,-2.846E-4
53.71,-2.643E-4
53.72,-2.358E-4
53.73,-2.097E-4
53.74,-1.894E-4
53.75,-1.751E-4
53.76,-1.656E-4
53.77,-1.593E-4
53.78,-1.551E-4
53.79,-1.523E-4
53.8,-1.504E-4
53.81,-1.49E-4
53.82,-1.481E-4
53.83,-1.475E-4
53.84,-1.473E-4
53.85,-1.472E-4
53.86,-1.474E-4
53.87,-1.478E-4
53.88,-1.484E-4
53.89,-1.492E-4
53.9,-1.502E-4
53.91,-1.513E-4
53.92,-1.526E-4
53.93,-1.54E-4
53.94,-1.557E-4
53.95,-1.575E-4
53.96,-1.595E-4
53.97,-1.617E-4
53.98,-1.641E-4
53.99,-1.667E-4
54,-1.695E-4
54.01,-1.726E-4
54.02,-1.759E-4
54.03,-1.795E-4
54.04,-1.834E-4
54.05,-1.876E-4
54.06,-1.921E-4
54.07,-1.97E-4
54.08,-2.024E-4
54.09,-2.081E-4
54.1,-2.144E-4
54.11,-2.211E-4
54.12,-2.285E-4
54.13,-2.365E-4
54.14,-2.453E-4
54.15,-2.548E-4
54.16,-2.653E-4
54.17,-2.768E-4
54.18,-2.894E-4
54.19,-3.033E-4
54.2,-3.187E-4
54.21,-3.358E-4
54.22,-3.549E-4
54.23,-3.763E-4
54.24,-4.002E-4
54.25,-4.273E-4
54.26,-4.58E-4
54.27,-4.931E-4
54.28,-5.333E-4
54.29,-5.798E-4
54.3,-6.34E-4
54.31,-6.976E-4
54.32,-7.73E-4
54.33,-8.632E-4
54.34,-9.725E-4
54.35,-0.00111
54.36,-0.00127
54.37,-0.00149
54.38,-0.00178
54.39,-0.00217
54.4,-0.00276
54.41,-0.00364
54.42,-0.00498
54.43,-0.00696
54.44,-0.00969
54.45,-0.01308
54.46,-0.01647
54.47,-0.01832
54.48,-0.01739
54.49,-0.01438
54.5,-0.01098
54.51,-0.00812
54.52,-0.00606
54.53,-0.00473
54.54,-0.00399
54.55,-0.00373
54.56,-0.00388
54.57,-0.00445
54.58,-0.00546
54.59,-0.00688
54.6,-0.00846
54.61,-0.00956
54.62,-0.0094
54.63,-0.00802
54.64,-0.00623
54.65,-0.00462
54.66,-0.00338
54.67,-0.00251
54.68,-0.00192
54.69,-0.00153
54.7,-0.00126
54.71,-0.00107
54.72,-9.357E-4
54.73,-8.281E-4
54.74,-7.425E-4
54.75,-6.729E-4
54.76,-6.156E-4
54.77,-5.678E-4
54.78,-5.277E-4
54.79,-4.937E-4
54.8,-4.643E-4
54.81,-4.395E-4
54.82,-4.182E-4
54.83,-3.999E-4
54.84,-3.842E-4
54.85,-3.706E-4
54.86,-3.59E-4
54.87,-3.49E-4
54.88,-3.406E-4
54.89,-3.336E-4
54.9,-3.278E-4
54.91,-3.231E-4
54.92,-3.195E-4
54.93,-3.169E-4
54.94,-3.15E-4
54.95,-3.144E-4
54.96,-3.146E-4
54.97,-3.157E-4
54.98,-3.178E-4
54.99,-3.207E-4
55,-3.246E-4
55.01,-3.295E-4
55.02,-3.354E-4
55.03,-3.424E-4
55.04,-3.506E-4
55.05,-3.601E-4
55.06,-3.709E-4
55.07,-3.833E-4
55.08,-3.974E-4
55.09,-4.133E-4
55.1,-4.32E-4
55.11,-4.526E-4
55.12,-4.76E-4
55.13,-5.026E-4
55.14,-5.33E-4
55.15,-5.678E-4
55.16,-6.079E-4
55.17,-6.542E-4
55.18,-7.08E-4
55.19,-7.71E-4
55.2,-8.452E-4
55.21,-9.335E-4
55.22,-0.00104
55.23,-0.00117
55.24,-0.00133
55.25,-0.00152
55.26,-0.00178
55.27,-0.00212
55.28,-0.00259
55.29,-0.00328
55.3,-0.00433
55.31,-0.0059
55.32,-0.0082
55.33,-0.01135
55.34,-0.01524
55.35,-0.01911
55.36,-0.02126
55.37,-0.02027
55.38,-0.01689
55.39,-0.01298
55.4,-0.00966
55.41,-0.00722
55.42,-0.00562
55.43,-0.00469
55.44,-0.00431
55.45,-0.0044
55.46,-0.00495
55.47,-0.00599
55.48,-0.00751
55.49,-0.00932
55.5,-0.01083
55.51,-0.01112
55.52,-0.00989
55.53,-0.00789
55.54,-0.00594
55.55,-0.00437
55.56,-0.00322
55.57,-0.00243
55.58,-0.00191
55.59,-0.00155
55.6,-0.0013
55.61,-0.00112
55.62,-9.763E-4
55.63,-8.66E-4
55.64,-7.76E-4
55.65,-7.016E-4
55.66,-6.394E-4
55.67,-5.867E-4
55.68,-5.417E-4
55.69,-5.029E-4
55.7,-4.692E-4
55.71,-4.398E-4
55.72,-4.132E-4
55.73,-3.903E-4
55.74,-3.699E-4
55.75,-3.517E-4
55.76,-3.354E-4
55.77,-3.207E-4
55.78,-3.074E-4
55.79,-2.954E-4
55.8,-2.844E-4
55.81,-2.745E-4
55.82,-2.654E-4
55.83,-2.571E-4
55.84,-2.494E-4
55.85,-2.424E-4
55.86,-2.36E-4
55.87,-2.3E-4
55.88,-2.245E-4
55.89,-2.195E-4
55.9,-2.148E-4
55.91,-2.104E-4
55.92,-2.064E-4
55.93,-2.027E-4
55.94,-1.998E-4
55.95,-1.966E-4
55.96,-1.942E-4
55.97,-1.915E-4
55.98,-1.883E-4
55.99,-1.859E-4
56,-1.837E-4
56.01,-1.817E-4
56.02,-1.799E-4
56.03,-1.781E-4
56.04,-1.766E-4
56.05,-1.751E-4
56.06,-1.738E-4
56.07,-1.725E-4
56.08,-1.714E-4
56.09,-1.704E-4
56.1,-1.695E-4
56.11,-1.687E-4
56.12,-1.68E-4
56.13,-1.673E-4
56.14,-1.667E-4
56.15,-1.662E-4
56.16,-1.658E-4
56.17,-1.655E-4
56.18,-1.652E-4
56.19,-1.65E-4
56.2,-1.648E-4
56.21,-1.647E-4
56.22,-1.647E-4
56.23,-1.647E-4
56.24,-1.648E-4
56.25,-1.65E-4
56.26,-1.652E-4
56.27,-1.654E-4
56.28,-1.657E-4
56.29,-1.661E-4
56.3,-1.665E-4
56.31,-1.67E-4
56.32,-1.675E-4
56.33,-1.68E-4
56.34,-1.686E-4
56.35,-1.693E-4
56.36,-1.699E-4
56.37,-1.707E-4
56.38,-1.715E-4
56.39,-1.723E-4
56.4,-1.732E-4
56.41,-1.741E-4
56.42,-1.751E-4
56.43,-1.761E-4
56.44,-1.772E-4
56.45,-1.783E-4
56.46,-1.794E-4
56.47,-1.806E-4
56.48,-1.819E-4
56.49,-1.832E-4
56.5,-1.845E-4
56.51,-1.859E-4
56.52,-1.874E-4
56.53,-1.888E-4
56.54,-1.904E-4
56.55,-1.92E-4
56.56,-1.936E-4
56.57,-1.953E-4
56.58,-1.971E-4
56.59,-1.989E-4
56.6,-2.008E-4
56.61,-2.027E-4
56.62,-2.047E-4
56.63,-2.067E-4
56.64,-2.088E-4
56.65,-2.11E-4
56.66,-2.133E-4
56.67,-2.149E-4
56.68,-2.173E-4
56.69,-2.198E-4
56.7,-2.223E-4
56.71,-2.25E-4
56.72,-2.277E-4
56.73,-2.305E-4
56.74,-2.334E-4
56.75,-2.364E-4
56.76,-2.395E-4
56.77,-2.428E-4
56.78,-2.462E-4
56.79,-2.497E-4
56.8,-2.534E-4
56.81,-2.572E-4
56.82,-2.613E-4
56.83,-2.656E-4
56.84,-2.702E-4
56.85,-2.752E-4
56.86,-2.808E-4
56.87,-2.864E-4
56.88,-2.939E-4
56.89,-3.032E-4
56.9,-3.151E-4
56.91,-3.312E-4
56.92,-3.511E-4
56.93,-3.755E-4
56.94,-4.016E-4
56.95,-4.224E-4
56.96,-4.281E-4
56.97,-4.194E-4
56.98,-4.043E-4
56.99,-3.905E-4
57,-3.81E-4
57.01,-3.763E-4
57.02,-3.757E-4
57.03,-3.784E-4
57.04,-3.84E-4
57.05,-3.921E-4
57.06,-4.029E-4
57.07,-4.164E-4
57.08,-4.326E-4
57.09,-4.502E-4
57.1,-4.658E-4
57.11,-4.747E-4
57.12,-4.763E-4
57.13,-4.746E-4
57.14,-4.737E-4
57.15,-4.751E-4
57.16,-4.792E-4
57.17,-4.856E-4
57.18,-4.938E-4
57.19,-5.033E-4
57.2,-5.14E-4
57.21,-5.255E-4
57.22,-5.379E-4
57.23,-5.51E-4
57.24,-5.648E-4
57.25,-5.795E-4
57.26,-5.949E-4
57.27,-6.116E-4
57.28,-6.287E-4
57.29,-6.468E-4
57.3,-6.658E-4
57.31,-6.858E-4
57.32,-7.07E-4
57.33,-7.295E-4
57.34,-7.532E-4
57.35,-7.783E-4
57.36,-8.05E-4
57.37,-8.333E-4
57.38,-8.635E-4
57.39,-8.957E-4
57.4,-9.3E-4
57.41,-9.668E-4
57.42,-0.00101
57.43,-0.00105
57.44,-0.00109
57.45,-0.00114
57.46,-0.0012
57.47,-0.00125
57.48,-0.00132
57.49,-0.00139
57.5,-0.00146
57.51,-0.00154
57.52,-0.00163
57.53,-0.00174
57.54,-0.00185
57.55,-0.00197
57.56,-0.00212
57.57,-0.00228
57.58,-0.00246
57.59,-0.00267
57.6,-0.00291
57.61,-0.00319
57.62,-0.00352
57.63,-0.00391
57.64,-0.00438
57.65,-0.00496
57.66,-0.00567
57.67,-0.00659
57.68,-0.0078
57.69,-0.00948
57.7,-0.01191
57.71,-0.01551
57.72,-0.02081
57.73,-0.02838
57.74,-0.03856
57.75,-0.05097
57.76,-0.0634
57.77,-0.07093
57.78,-0.069
57.79,-0.05906
57.8,-0.04659
57.81,-0.03545
57.82,-0.02693
57.83,-0.02104
57.84,-0.01739
57.85,-0.01551
57.86,-0.01511
57.87,-0.01608
57.88,-0.01846
57.89,-0.02234
57.9,-0.02761
57.91,-0.03348
57.92,-0.03789
57.93,-0.03819
57.94,-0.03398
57.95,-0.02768
57.96,-0.0216
57.97,-0.0167
57.98,-0.01311
57.99,-0.01064
58,-0.00902
58.01,-0.00798
58.02,-0.00732
58.03,-0.00691
58.04,-0.00668
58.05,-0.00658
58.06,-0.00658
58.07,-0.00668
58.08,-0.00686
58.09,-0.00714
58.1,-0.00751
58.11,-0.00799
58.12,-0.00859
58.13,-0.00933
58.14,-0.01024
58.15,-0.01137
58.16,-0.01276
58.17,-0.01451
58.18,-0.01674
58.19,-0.01969
58.2,-0.02372
58.21,-0.02948
58.22,-0.03796
58.23,-0.05054
58.24,-0.0688
58.25,-0.09414
58.26,-0.12674
58.27,-0.16341
58.28,-0.19409
58.29,-0.20332
58.3,-0.1852
58.31,-0.15142
58.32,-0.11653
58.33,-0.0877
58.34,-0.06657
58.35,-0.05247
58.36,-0.04411
58.37,-0.04035
58.38,-0.04055
58.39,-0.04459
58.4,-0.05274
58.41,-0.06512
58.42,-0.08095
58.43,-0.09698
58.44,-0.10626
58.45,-0.10244
58.46,-0.08744
58.47,-0.0688
58.48,-0.05189
58.49,-0.03856
58.5,-0.02882
58.51,-0.02202
58.52,-0.01737
58.53,-0.01416
58.54,-0.01188
58.55,-0.01018
58.56,-0.00886
58.57,-0.00781
58.58,-0.00694
58.59,-0.00623
58.6,-0.00562
58.61,-0.00511
58.62,-0.00466
58.63,-0.00428
58.64,-0.00394
58.65,-0.00365
58.66,-0.00339
58.67,-0.00316
58.68,-0.00295
58.69,-0.00276
58.7,-0.0026
58.71,-0.00244
58.72,-0.00231
58.73,-0.00218
58.74,-0.00207
58.75,-0.00196
58.76,-0.00186
58.77,-0.00177
58.78,-0.00169
58.79,-0.00161
58.8,-0.00154
58.81,-0.00148
58.82,-0.00141
58.83,-0.00136
58.84,-0.0013
58.85,-0.00125
58.86,-0.0012
58.87,-0.00116
58.88,-0.00112
58.89,-0.00108
58.9,-0.00104
58.91,-0.00101
58.92,-9.736E-4
58.93,-9.423E-4
58.94,-9.128E-4
58.95,-8.848E-4
58.96,-8.582E-4
58.97,-8.33E-4
58.98,-8.085E-4
58.99,-7.857E-4
59,-7.641E-4
59.01,-7.436E-4
59.02,-7.24E-4
59.03,-7.053E-4
59.04,-6.876E-4
59.05,-6.706E-4
59.06,-6.545E-4
59.07,-6.391E-4
59.08,-6.244E-4
59.09,-6.103E-4
59.1,-5.969E-4
59.11,-5.841E-4
59.12,-5.719E-4
59.13,-5.603E-4
59.14,-5.491E-4
59.15,-5.385E-4
59.16,-5.283E-4
59.17,-5.187E-4
59.18,-5.094E-4
59.19,-5.006E-4
59.2,-4.922E-4
59.21,-4.842E-4
59.22,-4.767E-4
59.23,-4.694E-4
59.24,-4.626E-4
59.25,-4.561E-4
59.26,-4.5E-4
59.27,-4.447E-4
59.28,-4.393E-4
59.29,-4.342E-4
59.3,-4.294E-4
59.31,-4.25E-4
59.32,-4.209E-4
59.33,-4.171E-4
59.34,-4.136E-4
59.35,-4.105E-4
59.36,-4.077E-4
59.37,-4.053E-4
59.38,-4.032E-4
59.39,-4.014E-4
59.4,-4E-4
59.41,-3.99E-4
59.42,-3.984E-4
59.43,-3.982E-4
59.44,-3.983E-4
59.45,-3.99E-4
59.46,-4E-4
59.47,-4.016E-4
59.48,-4.037E-4
59.49,-4.063E-4
59.5,-4.096E-4
59.51,-4.134E-4
59.52,-4.18E-4
59.53,-4.233E-4
59.54,-4.295E-4
59.55,-4.365E-4
59.56,-4.445E-4
59.57,-4.536E-4
59.58,-4.639E-4
59.59,-4.755E-4
59.6,-4.887E-4
59.61,-5.036E-4
59.62,-5.204E-4
59.63,-5.394E-4
59.64,-5.609E-4
59.65,-5.854E-4
59.66,-6.132E-4
59.67,-6.45E-4
59.68,-6.814E-4
59.69,-7.233E-4
59.7,-7.718E-4
59.71,-8.281E-4
59.72,-8.941E-4
59.73,-9.719E-4
59.74,-0.00106
59.75,-0.00118
59.76,-0.00131
59.77,-0.00148
59.78,-0.00168
59.79,-0.00195
59.8,-0.00232
59.81,-0.00282
59.82,-0.00356
59.83,-0.00463
59.84,-0.00619
59.85,-0.00837
59.86,-0.01122
59.87,-0.01461
59.88,-0.01788
59.89,-0.01976
59.9,-0.01914
59.91,-0.01646
59.92,-0.01309
59.93,-0.01003
59.94,-0.00763
59.95,-0.00593
59.96,-0.00482
59.97,-0.0042
59.98,-0.00396
59.99,-0.00407
60,-0.00453
60.01,-0.00538
60.02,-0.0066
60.03,-0.00812
60.04,-0.0096
60.05,-0.0104
60.06,-0.00999
60.07,-0.00857
60.08,-0.00681
60.09,-0.00521
60.1,-0.00393
60.11,-0.00299
60.12,-0.00232
60.13,-0.00185
60.14,-0.00153
60.15,-0.0013
60.16,-0.00113
60.17,-9.97E-4
60.18,-8.912E-4
60.19,-8.045E-4
60.2,-7.324E-4
60.21,-6.715E-4
60.22,-6.195E-4
60.23,-5.748E-4
60.24,-5.36E-4
60.25,-5.021E-4
60.26,-4.722E-4
60.27,-4.457E-4
60.28,-4.221E-4
60.29,-4.01E-4
60.3,-3.821E-4
60.31,-3.649E-4
60.32,-3.494E-4
60.33,-3.353E-4
60.34,-3.224E-4
60.35,-3.105E-4
60.36,-2.997E-4
60.37,-2.897E-4
60.38,-2.805E-4
60.39,-2.719E-4
60.4,-2.64E-4
60.41,-2.567E-4
60.42,-2.499E-4
60.43,-2.435E-4
60.44,-2.376E-4
60.45,-2.32E-4
60.46,-2.268E-4
60.47,-2.219E-4
60.48,-2.173E-4
60.49,-2.13E-4
60.5,-2.09E-4
60.51,-2.052E-4
60.52,-2.016E-4
60.53,-1.982E-4
60.54,-1.951E-4
60.55,-1.92E-4
60.56,-1.892E-4
60.57,-1.865E-4
60.58,-1.84E-4
60.59,-1.816E-4
60.6,-1.794E-4
60.61,-1.772E-4
60.62,-1.752E-4
60.63,-1.733E-4
60.64,-1.715E-4
60.65,-1.698E-4
60.66,-1.682E-4
60.67,-1.667E-4
60.68,-1.653E-4
60.69,-1.64E-4
60.7,-1.627E-4
60.71,-1.615E-4
60.72,-1.604E-4
60.73,-1.594E-4
60.74,-1.584E-4
60.75,-1.576E-4
60.76,-1.567E-4
60.77,-1.56E-4
60.78,-1.553E-4
60.79,-1.546E-4
60.8,-1.54E-4
60.81,-1.535E-4
60.82,-1.531E-4
60.83,-1.526E-4
60.84,-1.523E-4
60.85,-1.52E-4
60.86,-1.517E-4
60.87,-1.515E-4
60.88,-1.514E-4
60.89,-1.513E-4
60.9,-1.512E-4
60.91,-1.512E-4
60.92,-1.513E-4
60.93,-1.514E-4
60.94,-1.515E-4
60.95,-1.517E-4
60.96,-1.52E-4
60.97,-1.523E-4
60.98,-1.526E-4
60.99,-1.53E-4
61,-1.535E-4
61.01,-1.54E-4
61.02,-1.545E-4
61.03,-1.551E-4
61.04,-1.558E-4
61.05,-1.565E-4
61.06,-1.572E-4
61.07,-1.581E-4
61.08,-1.589E-4
61.09,-1.599E-4
61.1,-1.609E-4
61.11,-1.624E-4
61.12,-1.635E-4
61.13,-1.647E-4
61.14,-1.66E-4
61.15,-1.673E-4
61.16,-1.686E-4
61.17,-1.701E-4
61.18,-1.716E-4
61.19,-1.732E-4
61.2,-1.749E-4
61.21,-1.766E-4
61.22,-1.785E-4
61.23,-1.804E-4
61.24,-1.824E-4
61.25,-1.845E-4
61.26,-1.867E-4
61.27,-1.89E-4
61.28,-1.914E-4
61.29,-1.939E-4
61.3,-1.965E-4
61.31,-1.992E-4
61.32,-2.02E-4
61.33,-2.05E-4
61.34,-2.081E-4
61.35,-2.114E-4
61.36,-2.148E-4
61.37,-2.183E-4
61.38,-2.22E-4
61.39,-2.259E-4
61.4,-2.299E-4
61.41,-2.341E-4
61.42,-2.386E-4
61.43,-2.432E-4
61.44,-2.48E-4
61.45,-2.531E-4
61.46,-2.584E-4
61.47,-2.64E-4
61.48,-2.698E-4
61.49,-2.759E-4
61.5,-2.823E-4
61.51,-2.891E-4
61.52,-2.962E-4
61.53,-3.036E-4
61.54,-3.115E-4
61.55,-3.197E-4
61.56,-3.284E-4
61.57,-3.376E-4
61.58,-3.473E-4
61.59,-3.576E-4
61.6,-3.684E-4
61.61,-3.799E-4
61.62,-3.921E-4
61.63,-4.05E-4
61.64,-4.187E-4
61.65,-4.332E-4
61.66,-4.488E-4
61.67,-4.653E-4
61.68,-4.83E-4
61.69,-5.019E-4
61.7,-5.222E-4
61.71,-5.439E-4
61.72,-5.673E-4
61.73,-5.924E-4
61.74,-6.196E-4
61.75,-6.49E-4
61.76,-6.809E-4
61.77,-7.155E-4
61.78,-7.532E-4
61.79,-7.945E-4
61.8,-8.397E-4
61.81,-8.894E-4
61.82,-9.443E-4
61.83,-0.00101
61.84,-0.00107
61.85,-0.00115
61.86,-0.00123
61.87,-0.00133
61.88,-0.00144
61.89,-0.00156
61.9,-0.0017
61.91,-0.00187
61.92,-0.00206
61.93,-0.00229
61.94,-0.00257
61.95,-0.0029
61.96,-0.00331
61.97,-0.00384
61.98,-0.00455
61.99,-0.00551
62,-0.00689
62.01,-0.00885
62.02,-0.01162
62.03,-0.01539
62.04,-0.02023
62.05,-0.02587
62.06,-0.03128
62.07,-0.03448
62.08,-0.03381
62.09,-0.02983
62.1,-0.02461
62.11,-0.01979
62.12,-0.01603
62.13,-0.01346
62.14,-0.01201
62.15,-0.01158
62.16,-0.01212
62.17,-0.01373
62.18,-0.01658
62.19,-0.02093
62.2,-0.02696
62.21,-0.03456
62.22,-0.04286
62.23,-0.04958
62.24,-0.05155
62.25,-0.04754
62.26,-0.0398
62.27,-0.03139
62.28,-0.02408
62.29,-0.01841
62.3,-0.01433
62.31,-0.01158
62.32,-0.00989
62.33,-0.00902
62.34,-0.00885
62.35,-0.00933
62.36,-0.01048
62.37,-0.01228
62.38,-0.01462
62.39,-0.01707
62.4,-0.01869
62.41,-0.0185
62.42,-0.01647
62.43,-0.01355
62.44,-0.01066
62.45,-0.00822
62.46,-0.00634
62.47,-0.00496
62.48,-0.00397
62.49,-0.00327
62.5,-0.00277
62.51,-0.00239
62.52,-0.0021
62.53,-0.00187
62.54,-0.00169
62.55,-0.00153
62.56,-0.00139
62.57,-0.00128
62.58,-0.00118
62.59,-0.00109
62.6,-0.00102
62.61,-9.483E-4
62.62,-8.879E-4
62.63,-8.338E-4
62.64,-7.851E-4
62.65,-7.411E-4
62.66,-7.011E-4
62.67,-6.648E-4
62.68,-6.316E-4
62.69,-6.011E-4
62.7,-5.731E-4
62.71,-5.473E-4
62.72,-5.235E-4
62.73,-5.015E-4
62.74,-4.81E-4
62.75,-4.62E-4
62.76,-4.443E-4
62.77,-4.279E-4
62.78,-4.125E-4
62.79,-3.982E-4
62.8,-3.848E-4
62.81,-3.723E-4
62.82,-3.606E-4
62.83,-3.497E-4
62.84,-3.395E-4
62.85,-3.3E-4
62.86,-3.211E-4
62.87,-3.129E-4
62.88,-3.054E-4
62.89,-2.985E-4
62.9,-2.922E-4
62.91,-2.866E-4
62.92,-2.818E-4
62.93,-2.777E-4
62.94,-2.745E-4
62.95,-2.725E-4
62.96,-2.718E-4
62.97,-2.73E-4
62.98,-2.769E-4
62.99,-2.847E-4
63,-2.983E-4
63.01,-3.202E-4
63.02,-3.53E-4
63.03,-3.989E-4
63.04,-4.584E-4
63.05,-5.267E-4
63.06,-5.891E-4
63.07,-6.2E-4
63.08,-6.005E-4
63.09,-5.406E-4
63.1,-4.665E-4
63.11,-3.977E-4
63.12,-3.418E-4
63.13,-2.999E-4
63.14,-2.706E-4
63.15,-2.514E-4
63.16,-2.406E-4
63.17,-2.369E-4
63.18,-2.401E-4
63.19,-2.504E-4
63.2,-2.685E-4
63.21,-2.941E-4
63.22,-3.249E-4
63.23,-3.535E-4
63.24,-3.672E-4
63.25,-3.562E-4
63.26,-3.247E-4
63.27,-2.858E-4
63.28,-2.492E-4
63.29,-2.188E-4
63.3,-1.957E-4
63.31,-1.782E-4
63.32,-1.654E-4
63.33,-1.559E-4
63.34,-1.488E-4
63.35,-1.431E-4
63.36,-1.385E-4
63.37,-1.346E-4
63.38,-1.313E-4
63.39,-1.283E-4
63.4,-1.256E-4
63.41,-1.232E-4
63.42,-1.21E-4
63.43,-1.19E-4
63.44,-1.171E-4
63.45,-1.154E-4
63.46,-1.138E-4
63.47,-1.124E-4
63.48,-1.11E-4
63.49,-1.097E-4
63.5,-1.084E-4
63.51,-1.077E-4
63.52,-1.065E-4
63.53,-1.054E-4
63.54,-1.044E-4
63.55,-1.035E-4
63.56,-1.025E-4
63.57,-1.017E-4
63.58,-1.008E-4
63.59,-1E-4
63.6,-9.92E-5
63.61,-9.85E-5
63.62,-9.78E-5
63.63,-9.72E-5
63.64,-9.65E-5
63.65,-9.59E-5
63.66,-9.54E-5
63.67,-9.48E-5
63.68,-9.43E-5
63.69,-9.38E-5
63.7,-9.34E-5
63.71,-9.3E-5
63.72,-9.25E-5
63.73,-9.22E-5
63.74,-9.18E-5
63.75,-9.15E-5
63.76,-9.12E-5
63.77,-9.09E-5
63.78,-9.06E-5
63.79,-9.04E-5
63.8,-9.02E-5
63.81,-9E-5
63.82,-8.98E-5
63.83,-8.96E-5
63.84,-8.95E-5
63.85,-8.88E-5
63.86,-8.87E-5
63.87,-8.87E-5
63.88,-8.86E-5
63.89,-8.86E-5
63.9,-8.86E-5
63.91,-8.87E-5
63.92,-8.87E-5
63.93,-8.88E-5
63.94,-8.89E-5
63.95,-8.9E-5
63.96,-8.91E-5
63.97,-8.93E-5
63.98,-8.95E-5
63.99,-8.97E-5
64,-9E-5
64.01,-9.02E-5
64.02,-9.05E-5
64.03,-9.08E-5
64.04,-9.12E-5
64.05,-9.16E-5
64.06,-9.2E-5
64.07,-9.24E-5
64.08,-9.28E-5
64.09,-9.33E-5
64.1,-9.39E-5
64.11,-9.44E-5
64.12,-9.5E-5
64.13,-9.56E-5
64.14,-9.63E-5
64.15,-9.7E-5
64.16,-9.77E-5
64.17,-9.85E-5
64.18,-9.93E-5
64.19,-1.002E-4
64.2,-1.011E-4
64.21,-1.02E-4
64.22,-1.03E-4
64.23,-1.04E-4
64.24,-1.051E-4
64.25,-1.063E-4
64.26,-1.075E-4
64.27,-1.087E-4
64.28,-1.101E-4
64.29,-1.115E-4
64.3,-1.129E-4
64.31,-1.144E-4
64.32,-1.16E-4
64.33,-1.177E-4
64.34,-1.195E-4
64.35,-1.213E-4
64.36,-1.233E-4
64.37,-1.247E-4
64.38,-1.268E-4
64.39,-1.291E-4
64.4,-1.314E-4
64.41,-1.339E-4
64.42,-1.365E-4
64.43,-1.393E-4
64.44,-1.422E-4
64.45,-1.452E-4
64.46,-1.484E-4
64.47,-1.518E-4
64.48,-1.554E-4
64.49,-1.591E-4
64.5,-1.631E-4
64.51,-1.673E-4
64.52,-1.718E-4
64.53,-1.765E-4
64.54,-1.815E-4
64.55,-1.868E-4
64.56,-1.925E-4
64.57,-1.985E-4
64.58,-2.049E-4
64.59,-2.117E-4
64.6,-2.19E-4
64.61,-2.268E-4
64.62,-2.351E-4
64.63,-2.441E-4
64.64,-2.537E-4
64.65,-2.641E-4
64.66,-2.752E-4
64.67,-2.873E-4
64.68,-3.003E-4
64.69,-3.145E-4
64.7,-3.298E-4
64.71,-3.466E-4
64.72,-3.649E-4
64.73,-3.849E-4
64.74,-4.069E-4
64.75,-4.312E-4
64.76,-4.58E-4
64.77,-4.878E-4
64.78,-5.209E-4
64.79,-5.58E-4
64.8,-5.996E-4
64.81,-6.466E-4
64.82,-6.999E-4
64.83,-7.606E-4
64.84,-8.304E-4
64.85,-9.11E-4
64.86,-0.001
64.87,-0.00111
64.88,-0.00125
64.89,-0.0014
64.9,-0.00159
64.91,-0.00183
64.92,-0.00213
64.93,-0.00252
64.94,-0.00306
64.95,-0.00381
64.96,-0.00488
64.97,-0.00638
64.98,-0.00843
64.99,-0.01112
65,-0.01441
65.01,-0.01799
65.02,-0.02103
65.03,-0.02231
65.04,-0.02117
65.05,-0.01824
65.06,-0.01475
65.07,-0.01155
65.08,-0.00896
65.09,-0.00704
65.1,-0.0057
65.11,-0.00485
65.12,-0.0044
65.13,-0.00428
65.14,-0.00447
65.15,-0.00499
65.16,-0.00587
65.17,-0.0071
65.18,-0.00864
65.19,-0.01024
65.2,-0.01142
65.21,-0.0116
65.22,-0.01061
65.23,-0.00893
65.24,-0.00713
65.25,-0.00553
65.26,-0.00425
65.27,-0.00329
65.28,-0.00258
65.29,-0.00208
65.3,-0.00172
65.31,-0.00145
65.32,-0.00126
65.33,-0.0011
65.34,-9.782E-4
65.35,-8.77E-4
65.36,-7.924E-4
65.37,-7.207E-4
65.38,-6.594E-4
65.39,-6.064E-4
65.4,-5.603E-4
65.41,-5.199E-4
65.42,-4.843E-4
65.43,-4.527E-4
65.44,-4.246E-4
65.45,-3.998E-4
65.46,-3.772E-4
65.47,-3.567E-4
65.48,-3.382E-4
65.49,-3.214E-4
65.5,-3.06E-4
65.51,-2.919E-4
65.52,-2.79E-4
65.53,-2.672E-4
65.54,-2.562E-4
65.55,-2.461E-4
65.56,-2.368E-4
65.57,-2.281E-4
65.58,-2.2E-4
65.59,-2.125E-4
65.6,-2.055E-4
65.61,-1.99E-4
65.62,-1.929E-4
65.63,-1.872E-4
65.64,-1.818E-4
65.65,-1.768E-4
65.66,-1.72E-4
65.67,-1.676E-4
65.68,-1.634E-4
65.69,-1.594E-4
65.7,-1.557E-4
65.71,-1.522E-4
65.72,-1.489E-4
65.73,-1.457E-4
65.74,-1.427E-4
65.75,-1.399E-4
65.76,-1.373E-4
65.77,-1.347E-4
65.78,-1.323E-4
65.79,-1.301E-4
65.8,-1.279E-4
65.81,-1.259E-4
65.82,-1.239E-4
65.83,-1.221E-4
65.84,-1.203E-4
65.85,-1.187E-4
65.86,-1.171E-4
65.87,-1.156E-4
65.88,-1.142E-4
65.89,-1.128E-4
65.9,-1.115E-4
65.91,-1.103E-4
65.92,-1.092E-4
65.93,-1.081E-4
65.94,-1.07E-4
65.95,-1.061E-4
65.96,-1.051E-4
65.97,-1.043E-4
65.98,-1.034E-4
65.99,-1.027E-4
66,-1.019E-4
66.01,-1.012E-4
66.02,-1.006E-4
66.03,-1E-4
66.04,-9.94E-5
66.05,-9.89E-5
66.06,-9.84E-5
66.07,-9.79E-5
66.08,-9.75E-5
66.09,-9.71E-5
66.1,-9.67E-5
66.11,-9.64E-5
66.12,-9.61E-5
66.13,-9.58E-5
66.14,-9.56E-5
66.15,-9.54E-5
66.16,-9.52E-5
66.17,-9.51E-5
66.18,-9.5E-5
66.19,-9.49E-5
66.2,-9.48E-5
66.21,-9.48E-5
66.22,-9.48E-5
66.23,-9.48E-5
66.24,-9.48E-5
66.25,-9.48E-5
66.26,-9.49E-5
66.27,-9.51E-5
66.28,-9.52E-5
66.29,-9.54E-5
66.3,-9.56E-5
66.31,-9.58E-5
66.32,-9.61E-5
66.33,-9.64E-5
66.34,-9.67E-5
66.35,-9.7E-5
66.36,-9.74E-5
66.37,-9.78E-5
66.38,-9.82E-5
66.39,-9.86E-5
66.4,-9.91E-5
66.41,-9.96E-5
66.42,-1.001E-4
66.43,-1.007E-4
66.44,-1.013E-4
66.45,-1.019E-4
66.46,-1.026E-4
66.47,-1.033E-4
66.48,-1.04E-4
66.49,-1.048E-4
66.5,-1.056E-4
66.51,-1.064E-4
66.52,-1.073E-4
66.53,-1.083E-4
66.54,-1.086E-4
66.55,-1.097E-4
66.56,-1.107E-4
66.57,-1.119E-4
66.58,-1.13E-4
66.59,-1.143E-4
66.6,-1.155E-4
66.61,-1.169E-4
66.62,-1.183E-4
66.63,-1.198E-4
66.64,-1.213E-4
66.65,-1.23E-4
66.66,-1.247E-4
66.67,-1.265E-4
66.68,-1.285E-4
66.69,-1.305E-4
66.7,-1.326E-4
66.71,-1.349E-4
66.72,-1.372E-4
66.73,-1.397E-4
66.74,-1.424E-4
66.75,-1.452E-4
66.76,-1.481E-4
66.77,-1.513E-4
66.78,-1.547E-4
66.79,-1.584E-4
66.8,-1.623E-4
66.81,-1.665E-4
66.82,-1.71E-4
66.83,-1.759E-4
66.84,-1.812E-4
66.85,-1.87E-4
66.86,-1.934E-4
66.87,-2.004E-4
66.88,-2.081E-4
66.89,-2.166E-4
66.9,-2.261E-4
66.91,-2.368E-4
66.92,-2.488E-4
66.93,-2.624E-4
66.94,-2.78E-4
66.95,-2.96E-4
66.96,-3.169E-4
66.97,-3.416E-4
66.98,-3.71E-4
66.99,-4.068E-4
67,-4.515E-4
67.01,-5.088E-4
67.02,-5.85E-4
67.03,-6.891E-4
67.04,-8.338E-4
67.05,-0.00104
67.06,-0.00131
67.07,-0.00167
67.08,-0.00213
67.09,-0.00265
67.1,-0.00317
67.11,-0.00353
67.12,-0.00357
67.13,-0.00328
67.14,-0.0028
67.15,-0.00229
67.16,-0.00184
67.17,-0.00148
67.18,-0.00122
67.19,-0.00103
67.2,-9.172E-4
67.21,-8.57E-4
67.22,-8.441E-4
67.23,-8.758E-4
67.24,-9.538E-4
67.25,-0.00108
67.26,-0.00126
67.27,-0.00149
67.28,-0.00173
67.29,-0.00194
67.3,-0.00202
67.31,-0.00193
67.32,-0.00171
67.33,-0.00145
67.34,-0.0012
67.35,-9.93E-4
67.36,-8.331E-4
67.37,-7.145E-4
67.38,-6.302E-4
67.39,-5.714E-4
67.4,-5.307E-4
67.41,-5.026E-4
67.42,-4.83E-4
67.43,-4.695E-4
67.44,-4.604E-4
67.45,-4.546E-4
67.46,-4.516E-4
67.47,-4.508E-4
67.48,-4.519E-4
67.49,-4.547E-4
67.5,-4.59E-4
67.51,-4.647E-4
67.52,-4.718E-4
67.53,-4.801E-4
67.54,-4.896E-4
67.55,-5.003E-4
67.56,-5.123E-4
67.57,-5.254E-4
67.58,-5.399E-4
67.59,-5.556E-4
67.6,-5.728E-4
67.61,-5.914E-4
67.62,-6.115E-4
67.63,-6.333E-4
67.64,-6.564E-4
67.65,-6.819E-4
67.66,-7.095E-4
67.67,-7.395E-4
67.68,-7.72E-4
67.69,-8.073E-4
67.7,-8.457E-4
67.71,-8.875E-4
67.72,-9.332E-4
67.73,-9.832E-4
67.74,-0.00104
67.75,-0.0011
67.76,-0.00117
67.77,-0.00124
67.78,-0.00132
67.79,-0.00141
67.8,-0.00152
67.81,-0.00163
67.82,-0.00176
67.83,-0.00191
67.84,-0.00208
67.85,-0.00228
67.86,-0.00251
67.87,-0.00277
67.88,-0.00309
67.89,-0.00348
67.9,-0.00395
67.91,-0.00455
67.92,-0.00532
67.93,-0.00636
67.94,-0.00777
67.95,-0.0097
67.96,-0.01232
67.97,-0.01577
67.98,-0.02015
67.99,-0.02538
68,-0.03099
68.01,-0.0359
68.02,-0.03878
68.03,-0.03922
68.04,-0.03819
68.05,-0.03697
68.06,-0.03598
68.07,-0.03465
68.08,-0.0321
68.09,-0.02826
68.1,-0.02392
68.11,-0.01994
68.12,-0.01678
68.13,-0.01459
68.14,-0.01338
68.15,-0.01309
68.16,-0.01368
68.17,-0.01505
68.18,-0.01703
68.19,-0.01923
68.2,-0.02101
68.21,-0.02175
68.22,-0.02141
68.23,-0.02056
68.24,-0.01975
68.25,-0.01904
68.26,-0.01805
68.27,-0.01642
68.28,-0.0142
68.29,-0.01183
68.3,-0.00967
68.31,-0.00788
68.32,-0.00647
68.33,-0.0054
68.34,-0.00461
68.35,-0.00404
68.36,-0.00362
68.37,-0.00331
68.38,-0.00309
68.39,-0.00293
68.4,-0.00281
68.41,-0.00273
68.42,-0.00269
68.43,-0.00268
68.44,-0.0027
68.45,-0.00274
68.46,-0.00282
68.47,-0.00293
68.48,-0.00308
68.49,-0.00328
68.5,-0.00353
68.51,-0.00385
68.52,-0.00425
68.53,-0.00478
68.54,-0.00549
68.55,-0.00645
68.56,-0.00778
68.57,-0.00964
68.58,-0.01222
68.59,-0.01571
68.6,-0.02025
68.61,-0.02586
68.62,-0.03218
68.63,-0.03824
68.64,-0.04222
68.65,-0.04241
68.66,-0.03873
68.67,-0.03287
68.68,-0.02665
68.69,-0.02114
68.7,-0.01671
68.71,-0.01337
68.72,-0.01102
68.73,-0.00947
68.74,-0.00859
68.75,-0.00827
68.76,-0.00847
68.77,-0.00921
68.78,-0.01051
68.79,-0.01242
68.8,-0.01491
68.81,-0.01778
68.82,-0.02051
68.83,-0.02221
68.84,-0.02203
68.85,-0.01999
68.86,-0.01691
68.87,-0.01368
68.88,-0.01082
68.89,-0.00848
68.9,-0.00667
68.91,-0.00531
68.92,-0.00432
68.93,-0.0036
68.94,-0.00307
68.95,-0.00266
68.96,-0.00235
68.97,-0.0021
68.98,-0.00189
68.99,-0.00172
69,-0.00158
69.01,-0.00145
69.02,-0.00135
69.03,-0.00126
69.04,-0.00118
69.05,-0.00111
69.06,-0.00105
69.07,-0.00101
69.08,-9.741E-4
69.09,-9.525E-4
69.1,-9.461E-4
69.11,-9.573E-4
69.12,-9.88E-4
69.13,-0.00104
69.14,-0.00111
69.15,-0.00119
69.16,-0.00125
69.17,-0.00126
69.18,-0.00121
69.19,-0.0011
69.2,-9.804E-4
69.21,-8.621E-4
69.22,-7.608E-4
69.23,-6.788E-4
69.24,-6.154E-4
69.25,-5.678E-4
69.26,-5.335E-4
69.27,-5.102E-4
69.28,-4.964E-4
69.29,-4.919E-4
69.3,-4.97E-4
69.31,-5.124E-4
69.32,-5.384E-4
69.33,-5.738E-4
69.34,-6.138E-4
69.35,-6.475E-4
69.36,-6.591E-4
69.37,-6.379E-4
69.38,-5.892E-4
69.39,-5.286E-4
69.4,-4.689E-4
69.41,-4.163E-4
69.42,-3.734E-4
69.43,-3.392E-4
69.44,-3.126E-4
69.45,-2.918E-4
69.46,-2.753E-4
69.47,-2.619E-4
69.48,-2.507E-4
69.49,-2.411E-4
69.5,-2.326E-4
69.51,-2.25E-4
69.52,-2.181E-4
69.53,-2.117E-4
69.54,-2.058E-4
69.55,-2.003E-4
69.56,-1.952E-4
69.57,-1.904E-4
69.58,-1.858E-4
69.59,-1.815E-4
69.6,-1.774E-4
69.61,-1.735E-4
69.62,-1.702E-4
69.63,-1.667E-4
69.64,-1.633E-4
69.65,-1.601E-4
69.66,-1.57E-4
69.67,-1.54E-4
69.68,-1.511E-4
69.69,-1.484E-4
69.7,-1.457E-4
69.71,-1.431E-4
69.72,-1.407E-4
69.73,-1.383E-4
69.74,-1.36E-4
69.75,-1.338E-4
69.76,-1.316E-4
69.77,-1.295E-4
69.78,-1.275E-4
69.79,-1.256E-4
69.8,-1.237E-4
69.81,-1.219E-4
69.82,-1.196E-4
69.83,-1.178E-4
69.84,-1.162E-4
69.85,-1.146E-4
69.86,-1.13E-4
69.87,-1.115E-4
69.88,-1.1E-4
69.89,-1.086E-4
69.9,-1.072E-4
69.91,-1.059E-4
69.92,-1.046E-4
69.93,-1.033E-4
69.94,-1.021E-4
69.95,-1.009E-4
69.96,-9.98E-5
69.97,-9.86E-5
69.98,-9.76E-5
69.99,-9.65E-5
70,-9.55E-5
70.01,-9.45E-5
70.02,-9.36E-5
70.03,-9.26E-5
70.04,-9.17E-5
70.05,-9.09E-5
70.06,-9.01E-5
70.07,-8.93E-5
70.08,-8.85E-5
70.09,-8.77E-5
70.1,-8.7E-5
70.11,-8.63E-5
70.12,-8.57E-5
70.13,-8.51E-5
70.14,-8.45E-5
70.15,-8.39E-5
70.16,-8.34E-5
70.17,-8.29E-5
70.18,-8.24E-5
70.19,-8.19E-5
70.2,-8.15E-5
70.21,-8.12E-5
70.22,-8.08E-5
70.23,-8.05E-5
70.24,-8.02E-5
70.25,-8E-5
70.26,-7.98E-5
70.27,-7.97E-5
70.28,-7.95E-5
70.29,-7.95E-5
70.3,-7.95E-5
70.31,-7.95E-5
70.32,-7.96E-5
70.33,-7.97E-5
70.34,-7.99E-5
70.35,-8.02E-5
70.36,-8.06E-5
70.37,-8.1E-5
70.38,-8.15E-5
70.39,-8.21E-5
70.4,-8.28E-5
70.41,-8.37E-5
70.42,-8.46E-5
70.43,-8.57E-5
70.44,-8.7E-5
70.45,-8.85E-5
70.46,-9.01E-5
70.47,-9.2E-5
70.48,-9.41E-5
70.49,-9.66E-5
70.5,-9.94E-5
70.51,-1.026E-4
70.52,-1.06E-4
70.53,-1.102E-4
70.54,-1.152E-4
70.55,-1.209E-4
70.56,-1.276E-4
70.57,-1.355E-4
70.58,-1.449E-4
70.59,-1.562E-4
70.6,-1.7E-4
70.61,-1.871E-4
70.62,-2.091E-4
70.63,-2.378E-4
70.64,-2.766E-4
70.65,-3.297E-4
70.66,-4.025E-4
70.67,-5.013E-4
70.68,-6.321E-4
70.69,-7.986E-4
70.7,-9.991E-4
70.71,-0.00122
70.72,-0.00142
70.73,-0.00155
70.74,-0.00154
70.75,-0.00141
70.76,-0.00121
70.77,-9.969E-4
70.78,-8.048E-4
70.79,-6.48E-4
70.8,-5.281E-4
70.81,-4.414E-4
70.82,-3.827E-4
70.83,-3.468E-4
70.84,-3.303E-4
70.85,-3.311E-4
70.86,-3.491E-4
70.87,-3.853E-4
70.88,-4.412E-4
70.89,-5.17E-4
70.9,-6.1E-4
70.91,-7.099E-4
70.92,-7.946E-4
70.93,-8.329E-4
70.94,-8.052E-4
70.95,-7.216E-4
70.96,-6.122E-4
70.97,-5.029E-4
70.98,-4.072E-4
70.99,-3.292E-4
71,-2.686E-4
71.01,-2.23E-4
71.02,-1.891E-4
71.03,-1.642E-4
71.04,-1.455E-4
71.05,-1.313E-4
71.06,-1.202E-4
71.07,-1.112E-4
71.08,-1.038E-4
71.09,-9.76E-5
71.1,-9.23E-5
71.11,-8.8E-5
71.12,-8.4E-5
71.13,-8.05E-5
71.14,-7.75E-5
71.15,-7.48E-5
71.16,-7.23E-5
71.17,-7.02E-5
71.18,-6.82E-5
71.19,-6.64E-5
71.2,-6.48E-5
71.21,-6.34E-5
71.22,-6.21E-5
71.23,-6.08E-5
71.24,-5.97E-5
71.25,-5.87E-5
71.26,-5.78E-5
71.27,-5.69E-5
71.28,-5.61E-5
71.29,-5.54E-5
71.3,-5.47E-5
71.31,-5.42E-5
71.32,-5.36E-5
71.33,-5.3E-5
71.34,-5.25E-5
71.35,-5.21E-5
71.36,-5.16E-5
71.37,-5.12E-5
71.38,-5.09E-5
71.39,-5E-5
71.4,-4.97E-5
71.41,-4.94E-5
71.42,-4.91E-5
71.43,-4.93E-5
71.44,-4.91E-5
71.45,-4.89E-5
71.46,-4.87E-5
71.47,-4.85E-5
71.48,-4.84E-5
71.49,-4.83E-5
71.5,-4.82E-5
71.51,-4.81E-5
71.52,-4.8E-5
71.53,-4.8E-5
71.54,-4.79E-5
71.55,-4.79E-5
71.56,-4.79E-5
71.57,-4.79E-5
71.58,-4.8E-5
71.59,-4.8E-5
71.6,-4.81E-5
71.61,-4.82E-5
71.62,-4.83E-5
71.63,-4.84E-5
71.64,-4.86E-5
71.65,-4.87E-5
71.66,-4.89E-5
71.67,-4.91E-5
71.68,-4.93E-5
71.69,-4.96E-5
71.7,-4.99E-5
71.71,-5.02E-5
71.72,-5.06E-5
71.73,-5.09E-5
71.74,-5.13E-5
71.75,-5.18E-5
71.76,-5.23E-5
71.77,-5.28E-5
71.78,-5.34E-5
71.79,-5.4E-5
71.8,-5.48E-5
71.81,-5.55E-5
71.82,-5.64E-5
71.83,-5.73E-5
71.84,-5.84E-5
71.85,-5.95E-5
71.86,-6.08E-5
71.87,-6.22E-5
71.88,-6.39E-5
71.89,-6.57E-5
71.9,-6.78E-5
71.91,-7.02E-5
71.92,-7.29E-5
71.93,-7.61E-5
71.94,-7.99E-5
71.95,-8.44E-5
71.96,-8.99E-5
71.97,-9.68E-5
71.98,-1.056E-4
71.99,-1.172E-4
72,-1.329E-4
72.01,-1.541E-4
72.02,-1.826E-4
72.03,-2.203E-4
72.04,-2.685E-4
72.05,-3.273E-4
72.06,-3.94E-4
72.07,-4.604E-4
72.08,-5.11E-4
72.09,-5.278E-4
72.1,-5.037E-4
72.11,-4.499E-4
72.12,-3.848E-4
72.13,-3.223E-4
72.14,-2.69E-4
72.15,-2.268E-4
72.16,-1.953E-4
72.17,-1.731E-4
72.18,-1.586E-4
72.19,-1.506E-4
72.2,-1.48E-4
72.21,-1.507E-4
72.22,-1.585E-4
72.23,-1.719E-4
72.24,-1.912E-4
72.25,-2.165E-4
72.26,-2.467E-4
72.27,-2.782E-4
72.28,-3.04E-4
72.29,-3.151E-4
72.3,-3.057E-4
72.31,-2.807E-4
72.32,-2.484E-4
72.33,-2.163E-4
72.34,-1.885E-4
72.35,-1.659E-4
72.36,-1.486E-4
72.37,-1.358E-4
72.38,-1.268E-4
72.39,-1.207E-4
72.4,-1.166E-4
72.41,-1.141E-4
72.42,-1.127E-4
72.43,-1.121E-4
72.44,-1.121E-4
72.45,-1.126E-4
72.46,-1.137E-4
72.47,-1.151E-4
72.48,-1.169E-4
72.49,-1.191E-4
72.5,-1.217E-4
72.51,-1.246E-4
72.52,-1.279E-4
72.53,-1.317E-4
72.54,-1.358E-4
72.55,-1.406E-4
72.56,-1.458E-4
72.57,-1.515E-4
72.58,-1.578E-4
72.59,-1.648E-4
72.6,-1.727E-4
72.61,-1.814E-4
72.62,-1.912E-4
72.63,-2.022E-4
72.64,-2.145E-4
72.65,-2.285E-4
72.66,-2.445E-4
72.67,-2.627E-4
72.68,-2.838E-4
72.69,-3.082E-4
72.7,-3.369E-4
72.71,-3.71E-4
72.72,-4.124E-4
72.73,-4.636E-4
72.74,-5.285E-4
72.75,-6.13E-4
72.76,-7.253E-4
72.77,-8.762E-4
72.78,-0.00108
72.79,-0.00135
72.8,-0.00169
72.81,-0.00212
72.82,-0.00263
72.83,-0.00317
72.84,-0.00365
72.85,-0.00396
72.86,-0.00398
72.87,-0.00377
72.88,-0.00342
72.89,-0.00306
72.9,-0.00272
72.91,-0.00239
72.92,-0.00207
72.93,-0.00177
72.94,-0.00152
72.95,-0.00132
72.96,-0.00118
72.97,-0.0011
72.98,-0.00108
72.99,-0.00111
73,-0.0012
73.01,-0.00134
73.02,-0.00154
73.03,-0.00177
73.04,-0.00201
73.05,-0.00219
73.06,-0.00226
73.07,-0.0022
73.08,-0.00205
73.09,-0.00186
73.1,-0.00169
73.11,-0.00152
73.12,-0.00137
73.13,-0.00122
73.14,-0.00109
73.15,-9.825E-4
73.16,-9.091E-4
73.17,-8.657E-4
73.18,-8.511E-4
73.19,-8.652E-4
73.2,-9.102E-4
73.21,-9.914E-4
73.22,-0.00112
73.23,-0.0013
73.24,-0.00156
73.25,-0.0019
73.26,-0.00234
73.27,-0.00288
73.28,-0.00349
73.29,-0.0041
73.3,-0.00459
73.31,-0.00477
73.32,-0.0046
73.33,-0.00414
73.34,-0.00357
73.35,-0.00302
73.36,-0.00256
73.37,-0.00222
73.38,-0.002
73.39,-0.00191
73.4,-0.00194
73.41,-0.00208
73.42,-0.00232
73.43,-0.00266
73.44,-0.00305
73.45,-0.00343
73.46,-0.00371
73.47,-0.00385
73.48,-0.00385
73.49,-0.00381
73.5,-0.00374
73.51,-0.00361
73.52,-0.00337
73.53,-0.00302
73.54,-0.0026
73.55,-0.00219
73.56,-0.00183
73.57,-0.00155
73.58,-0.00134
73.59,-0.0012
73.6,-0.00112
73.61,-0.00111
73.62,-0.00114
73.63,-0.00123
73.64,-0.00134
73.65,-0.00146
73.66,-0.00155
73.67,-0.00156
73.68,-0.00147
73.69,-0.00132
73.7,-0.00113
73.71,-9.479E-4
73.72,-7.9E-4
73.73,-6.6E-4
73.74,-5.57E-4
73.75,-4.775E-4
73.76,-4.17E-4
73.77,-3.71E-4
73.78,-3.357E-4
73.79,-3.082E-4
73.8,-2.863E-4
73.81,-2.684E-4
73.82,-2.536E-4
73.83,-2.411E-4
73.84,-2.305E-4
73.85,-2.216E-4
73.86,-2.141E-4
73.87,-2.079E-4
73.88,-2.033E-4
73.89,-1.997E-4
73.9,-1.973E-4
73.91,-1.964E-4
73.92,-1.969E-4
73.93,-1.988E-4
73.94,-2.02E-4
73.95,-2.057E-4
73.96,-2.088E-4
73.97,-2.095E-4
73.98,-2.069E-4
73.99,-2.015E-4
74,-1.946E-4
74.01,-1.878E-4
74.02,-1.814E-4
74.03,-1.767E-4
74.04,-1.732E-4
74.05,-1.708E-4
74.06,-1.694E-4
74.07,-1.688E-4
74.08,-1.69E-4
74.09,-1.698E-4
74.1,-1.713E-4
74.11,-1.734E-4
74.12,-1.763E-4
74.13,-1.799E-4
74.14,-1.843E-4
74.15,-1.892E-4
74.16,-1.945E-4
74.17,-1.994E-4
74.18,-2.037E-4
74.19,-2.06E-4
74.2,-2.07E-4
74.21,-2.076E-4
74.22,-2.084E-4
74.23,-2.098E-4
74.24,-2.121E-4
74.25,-2.152E-4
74.26,-2.19E-4
74.27,-2.236E-4
74.28,-2.289E-4
74.29,-2.349E-4
74.3,-2.418E-4
74.31,-2.49E-4
74.32,-2.569E-4
74.33,-2.654E-4
74.34,-2.746E-4
74.35,-2.846E-4
74.36,-2.955E-4
74.37,-3.071E-4
74.38,-3.198E-4
74.39,-3.337E-4
74.4,-3.488E-4
74.41,-3.652E-4
74.42,-3.831E-4
74.43,-4.027E-4
74.44,-4.242E-4
74.45,-4.479E-4
74.46,-4.74E-4
74.47,-5.028E-4
74.48,-5.348E-4
74.49,-5.704E-4
74.5,-6.102E-4
74.51,-6.549E-4
74.52,-7.052E-4
74.53,-7.622E-4
74.54,-8.27E-4
74.55,-9.013E-4
74.56,-9.869E-4
74.57,-0.00109
74.58,-0.0012
74.59,-0.00134
74.6,-0.00151
74.61,-0.00171
74.62,-0.00197
74.63,-0.0023
74.64,-0.00274
74.65,-0.00333
74.66,-0.00412
74.67,-0.00517
74.68,-0.00653
74.69,-0.00827
74.7,-0.01037
74.71,-0.01276
74.72,-0.01518
74.73,-0.01717
74.74,-0.01809
74.75,-0.01759
74.76,-0.0159
74.77,-0.01359
74.78,-0.01122
74.79,-0.0091
74.8,-0.00734
74.81,-0.00596
74.82,-0.00494
74.83,-0.00422
74.84,-0.00375
74.85,-0.00348
74.86,-0.00341
74.87,-0.0035
74.88,-0.00378
74.89,-0.00425
74.9,-0.00493
74.91,-0.00581
74.92,-0.00686
74.93,-0.00797
74.94,-0.00894
74.95,-0.00945
74.96,-0.00929
74.97,-0.00849
74.98,-0.00733
74.99,-0.00609
75,-0.00495
75.01,-0.00397
75.02,-0.00319
75.03,-0.00258
75.04,-0.00211
75.05,-0.00176
75.06,-0.0015
75.07,-0.00129
75.08,-0.00114
75.09,-0.00102
75.1,-9.169E-4
75.11,-8.344E-4
75.12,-7.651E-4
75.13,-7.061E-4
75.14,-6.554E-4
75.15,-6.115E-4
75.16,-5.735E-4
75.17,-5.403E-4
75.18,-5.113E-4
75.19,-4.86E-4
75.2,-4.639E-4
75.21,-4.446E-4
75.22,-4.279E-4
75.23,-4.136E-4
75.24,-4.015E-4
75.25,-3.914E-4
75.26,-3.833E-4
75.27,-3.771E-4
75.28,-3.73E-4
75.29,-3.708E-4
75.3,-3.708E-4
75.31,-3.73E-4
75.32,-3.779E-4
75.33,-3.857E-4
75.34,-3.969E-4
75.35,-4.125E-4
75.36,-4.336E-4
75.37,-4.62E-4
75.38,-5.006E-4
75.39,-5.532E-4
75.4,-6.253E-4
75.41,-7.24E-4
75.42,-8.571E-4
75.43,-0.00103
75.44,-0.00126
75.45,-0.00154
75.46,-0.00186
75.47,-0.00221
75.48,-0.00252
75.49,-0.00271
75.5,-0.00271
75.51,-0.00253
75.52,-0.00222
75.53,-0.00188
75.54,-0.00156
75.55,-0.00128
75.56,-0.00106
75.57,-8.887E-4
75.58,-7.646E-4
75.59,-6.79E-4
75.6,-6.255E-4
75.61,-5.992E-4
75.62,-5.98E-4
75.63,-6.213E-4
75.64,-6.706E-4
75.65,-7.478E-4
75.66,-8.543E-4
75.67,-9.883E-4
75.68,-0.00114
75.69,-0.0013
75.7,-0.00141
75.71,-0.00145
75.72,-0.0014
75.73,-0.00126
75.74,-0.00109
75.75,-9.158E-4
75.76,-7.589E-4
75.77,-6.272E-4
75.78,-5.214E-4
75.79,-4.39E-4
75.8,-3.761E-4
75.81,-3.285E-4
75.82,-2.923E-4
75.83,-2.645E-4
75.84,-2.427E-4
75.85,-2.252E-4
75.86,-2.109E-4
75.87,-1.992E-4
75.88,-1.89E-4
75.89,-1.802E-4
75.9,-1.725E-4
75.91,-1.658E-4
75.92,-1.598E-4
75.93,-1.546E-4
75.94,-1.499E-4
75.95,-1.458E-4
75.96,-1.42E-4
75.97,-1.387E-4
75.98,-1.357E-4
75.99,-1.329E-4
76,-1.305E-4
76.01,-1.278E-4
76.02,-1.257E-4
76.03,-1.239E-4
76.04,-1.223E-4
76.05,-1.208E-4
76.06,-1.194E-4
76.07,-1.186E-4
76.08,-1.175E-4
76.09,-1.166E-4
76.1,-1.157E-4
76.11,-1.15E-4
76.12,-1.143E-4
76.13,-1.138E-4
76.14,-1.133E-4
76.15,-1.129E-4
76.16,-1.126E-4
76.17,-1.123E-4
76.18,-1.122E-4
76.19,-1.121E-4
76.2,-1.121E-4
76.21,-1.121E-4
76.22,-1.123E-4
76.23,-1.124E-4
76.24,-1.127E-4
76.25,-1.13E-4
76.26,-1.134E-4
76.27,-1.139E-4
76.28,-1.145E-4
76.29,-1.151E-4
76.3,-1.158E-4
76.31,-1.165E-4
76.32,-1.174E-4
76.33,-1.183E-4
76.34,-1.193E-4
76.35,-1.204E-4
76.36,-1.216E-4
76.37,-1.229E-4
76.38,-1.243E-4
76.39,-1.258E-4
76.4,-1.274E-4
76.41,-1.292E-4
76.42,-1.311E-4
76.43,-1.331E-4
76.44,-1.357E-4
76.45,-1.381E-4
76.46,-1.407E-4
76.47,-1.435E-4
76.48,-1.465E-4
76.49,-1.497E-4
76.5,-1.533E-4
76.51,-1.571E-4
76.52,-1.613E-4
76.53,-1.659E-4
76.54,-1.709E-4
76.55,-1.764E-4
76.56,-1.825E-4
76.57,-1.893E-4
76.58,-1.968E-4
76.59,-2.052E-4
76.6,-2.146E-4
76.61,-2.251E-4
76.62,-2.371E-4
76.63,-2.505E-4
76.64,-2.662E-4
76.65,-2.844E-4
76.66,-3.058E-4
76.67,-3.313E-4
76.68,-3.622E-4
76.69,-4.003E-4
76.7,-4.488E-4
76.71,-5.117E-4
76.72,-5.945E-4
76.73,-7.043E-4
76.74,-8.49E-4
76.75,-0.00104
76.76,-0.00128
76.77,-0.00157
76.78,-0.00191
76.79,-0.00228
76.8,-0.00262
76.81,-0.00285
76.82,-0.00291
76.83,-0.00276
76.84,-0.00248
76.85,-0.00213
76.86,-0.00179
76.87,-0.00149
76.88,-0.00124
76.89,-0.00104
76.9,-8.963E-4
76.91,-7.901E-4
76.92,-7.199E-4
76.93,-6.802E-4
76.94,-6.675E-4
76.95,-6.806E-4
76.96,-7.197E-4
76.97,-7.867E-4
76.98,-8.833E-4
76.99,-0.00101
77,-0.00116
77.01,-0.00133
77.02,-0.00149
77.03,-0.0016
77.04,-0.00162
77.05,-0.00154
77.06,-0.00139
77.07,-0.00121
77.08,-0.00104
77.09,-8.824E-4
77.1,-7.505E-4
77.11,-6.441E-4
77.12,-5.607E-4
77.13,-4.974E-4
77.14,-4.5E-4
77.15,-4.146E-4
77.16,-3.887E-4
77.17,-3.688E-4
77.18,-3.538E-4
77.19,-3.423E-4
77.2,-3.334E-4
77.21,-3.267E-4
77.22,-3.216E-4
77.23,-3.179E-4
77.24,-3.154E-4
77.25,-3.138E-4
77.26,-3.132E-4
77.27,-3.133E-4
77.28,-3.139E-4
77.29,-3.154E-4
77.3,-3.174E-4
77.31,-3.201E-4
77.32,-3.232E-4
77.33,-3.269E-4
77.34,-3.308E-4
77.35,-3.354E-4
77.36,-3.404E-4
77.37,-3.46E-4
77.38,-3.52E-4
77.39,-3.584E-4
77.4,-3.653E-4
77.41,-3.727E-4
77.42,-3.806E-4
77.43,-3.89E-4
77.44,-3.979E-4
77.45,-4.074E-4
77.46,-4.174E-4
77.47,-4.28E-4
77.48,-4.393E-4
77.49,-4.512E-4
77.5,-4.637E-4
77.51,-4.771E-4
77.52,-4.912E-4
77.53,-5.062E-4
77.54,-5.221E-4
77.55,-5.39E-4
77.56,-5.569E-4
77.57,-5.76E-4
77.58,-5.962E-4
77.59,-6.178E-4
77.6,-6.407E-4
77.61,-6.652E-4
77.62,-6.914E-4
77.63,-7.193E-4
77.64,-7.493E-4
77.65,-7.814E-4
77.66,-8.159E-4
77.67,-8.531E-4
77.68,-8.932E-4
77.69,-9.365E-4
77.7,-9.835E-4
77.71,-0.00103
77.72,-0.00109
77.73,-0.00115
77.74,-0.00122
77.75,-0.00129
77.76,-0.00137
77.77,-0.00146
77.78,-0.00156
77.79,-0.00167
77.8,-0.00179
77.81,-0.00193
77.82,-0.00208
77.83,-0.00226
77.84,-0.00246
77.85,-0.0027
77.86,-0.00298
77.87,-0.00331
77.88,-0.00371
77.89,-0.00421
77.9,-0.00485
77.91,-0.00567
77.92,-0.00674
77.93,-0.00813
77.94,-0.00993
77.95,-0.01221
77.96,-0.01501
77.97,-0.01831
77.98,-0.02197
77.99,-0.02563
78,-0.02862
78.01,-0.03016
78.02,-0.02983
78.03,-0.02791
78.04,-0.02519
78.05,-0.02245
78.06,-0.0202
78.07,-0.01872
78.08,-0.01815
78.09,-0.01856
78.1,-0.01996
78.11,-0.02233
78.12,-0.02558
78.13,-0.02946
78.14,-0.03346
78.15,-0.03677
78.16,-0.03846
78.17,-0.03812
78.18,-0.03617
78.19,-0.03353
78.2,-0.03097
78.21,-0.02888
78.22,-0.0272
78.23,-0.02561
78.24,-0.02372
78.25,-0.02142
78.26,-0.01892
78.27,-0.01652
78.28,-0.01447
78.29,-0.01291
78.3,-0.01187
78.31,-0.01138
78.32,-0.01142
78.33,-0.01199
78.34,-0.01303
78.35,-0.01446
78.36,-0.01608
78.37,-0.01756
78.38,-0.01842
78.39,-0.01827
78.4,-0.01705
78.41,-0.01512
78.42,-0.01292
78.43,-0.01079
78.44,-0.0089
78.45,-0.00732
78.46,-0.00603
78.47,-0.00502
78.48,-0.00424
78.49,-0.00363
78.5,-0.00316
78.51,-0.00279
78.52,-0.0025
78.53,-0.00226
78.54,-0.00206
78.55,-0.0019
78.56,-0.00176
78.57,-0.00163
78.58,-0.00153
78.59,-0.00144
78.6,-0.00136
78.61,-0.00129
78.62,-0.00123
78.63,-0.00118
78.64,-0.00114
78.65,-0.00109
78.66,-0.00105
78.67,-0.001
78.68,-9.541E-4
78.69,-9.05E-4
78.7,-8.584E-4
78.71,-8.155E-4
78.72,-7.768E-4
78.73,-7.421E-4
78.74,-7.113E-4
78.75,-6.839E-4
78.76,-6.595E-4
78.77,-6.377E-4
78.78,-6.184E-4
78.79,-6.013E-4
78.8,-5.862E-4
78.81,-5.732E-4
78.82,-5.622E-4
78.83,-5.532E-4
78.84,-5.462E-4
78.85,-5.41E-4
78.86,-5.371E-4
78.87,-5.335E-4
78.88,-5.289E-4
78.89,-5.22E-4
78.9,-5.123E-4
78.91,-5.006E-4
78.92,-4.884E-4
78.93,-4.769E-4
78.94,-4.667E-4
78.95,-4.581E-4
78.96,-4.51E-4
78.97,-4.455E-4
78.98,-4.414E-4
78.99,-4.385E-4
79,-4.368E-4
79.01,-4.362E-4
79.02,-4.366E-4
79.03,-4.38E-4
79.04,-4.403E-4
79.05,-4.437E-4
79.06,-4.48E-4
79.07,-4.535E-4
79.08,-4.601E-4
79.09,-4.679E-4
79.1,-4.771E-4
79.11,-4.878E-4
79.12,-5.001E-4
79.13,-5.143E-4
79.14,-5.304E-4
79.15,-5.489E-4
79.16,-5.7E-4
79.17,-5.94E-4
79.18,-6.215E-4
79.19,-6.529E-4
79.2,-6.893E-4
79.21,-7.307E-4
79.22,-7.785E-4
79.23,-8.34E-4
79.24,-8.988E-4
79.25,-9.753E-4
79.26,-0.00107
79.27,-0.00118
79.28,-0.00131
79.29,-0.00149
79.3,-0.00171
79.31,-0.002
79.32,-0.00238
79.33,-0.00288
79.34,-0.00353
79.35,-0.00436
79.36,-0.00538
79.37,-0.0066
79.38,-0.00797
79.39,-0.00939
79.4,-0.01061
79.41,-0.01136
79.42,-0.01137
79.43,-0.01066
79.44,-0.00946
79.45,-0.00807
79.46,-0.00673
79.47,-0.00555
79.48,-0.00457
79.49,-0.00379
79.5,-0.0032
79.51,-0.00277
79.52,-0.00248
79.53,-0.0023
79.54,-0.00222
79.55,-0.00223
79.56,-0.00234
79.57,-0.00255
79.58,-0.00286
79.59,-0.00328
79.6,-0.00381
79.61,-0.00442
79.62,-0.00507
79.63,-0.00563
79.64,-0.00597
79.65,-0.00597
79.66,-0.0056
79.67,-0.00499
79.68,-0.00427
79.69,-0.00357
79.7,-0.00295
79.71,-0.00242
79.72,-0.00199
79.73,-0.00165
79.74,-0.00139
79.75,-0.00119
79.76,-0.00103
79.77,-9.131E-4
79.78,-8.186E-4
79.79,-7.431E-4
79.8,-6.814E-4
79.81,-6.302E-4
79.82,-5.87E-4
79.83,-5.502E-4
79.84,-5.186E-4
79.85,-4.914E-4
79.86,-4.678E-4
79.87,-4.475E-4
79.88,-4.3E-4
79.89,-4.15E-4
79.9,-4.023E-4
79.91,-3.917E-4
79.92,-3.83E-4
79.93,-3.763E-4
79.94,-3.715E-4
79.95,-3.685E-4
79.96,-3.675E-4
79.97,-3.687E-4
79.98,-3.721E-4
79.99,-3.782E-4
80,-3.874E-4
80.01,-4.006E-4
80.02,-4.189E-4
80.03,-4.438E-4
80.04,-4.779E-4
80.05,-5.241E-4
80.06,-5.864E-4
80.07,-6.696E-4
80.08,-7.785E-4
80.09,-9.177E-4
80.1,-0.00109
80.11,-0.0013
80.12,-0.00153
80.13,-0.00176
80.14,-0.00197
80.15,-0.0021
80.16,-0.0021
80.17,-0.00198
80.18,-0.00177
80.19,-0.00154
80.2,-0.00131
80.21,-0.0011
80.22,-9.292E-4
80.23,-7.917E-4
80.24,-6.86E-4
80.25,-6.08E-4
80.26,-5.535E-4
80.27,-5.188E-4
80.28,-5.013E-4
80.29,-4.997E-4
80.3,-5.137E-4
80.31,-5.44E-4
80.32,-5.918E-4
80.33,-6.58E-4
80.34,-7.428E-4
80.35,-8.434E-4
80.36,-9.525E-4
80.37,-0.00105
80.38,-0.00113
80.39,-0.00115
80.4,-0.0011
80.41,-0.00101
80.42,-8.903E-4
80.43,-7.687E-4
80.44,-6.568E-4
80.45,-5.603E-4
80.46,-4.806E-4
80.47,-4.167E-4
80.48,-3.666E-4
80.49,-3.279E-4
80.5,-2.982E-4
80.51,-2.753E-4
80.52,-2.575E-4
80.53,-2.434E-4
80.54,-2.321E-4
80.55,-2.228E-4
80.56,-2.151E-4
80.57,-2.087E-4
80.58,-2.033E-4
80.59,-1.987E-4
80.6,-1.948E-4
80.61,-1.916E-4
80.62,-1.889E-4
80.63,-1.866E-4
80.64,-1.848E-4
80.65,-1.833E-4
80.66,-1.822E-4
80.67,-1.814E-4
80.68,-1.809E-4
80.69,-1.807E-4
80.7,-1.807E-4
80.71,-1.81E-4
80.72,-1.815E-4
80.73,-1.822E-4
80.74,-1.832E-4
80.75,-1.844E-4
80.76,-1.858E-4
80.77,-1.874E-4
80.78,-1.893E-4
80.79,-1.914E-4
80.8,-1.941E-4
80.81,-1.966E-4
80.82,-1.994E-4
80.83,-2.024E-4
80.84,-2.057E-4
80.85,-2.093E-4
80.86,-2.132E-4
80.87,-2.174E-4
80.88,-2.216E-4
80.89,-2.264E-4
80.9,-2.317E-4
80.91,-2.373E-4
80.92,-2.435E-4
80.93,-2.5E-4
80.94,-2.57E-4
80.95,-2.645E-4
80.96,-2.725E-4
80.97,-2.813E-4
80.98,-2.907E-4
80.99,-3.008E-4
81,-3.118E-4
81.01,-3.237E-4
81.02,-3.366E-4
81.03,-3.507E-4
81.04,-3.659E-4
81.05,-3.826E-4
81.06,-4.009E-4
81.07,-4.209E-4
81.08,-4.429E-4
81.09,-4.672E-4
81.1,-4.941E-4
81.11,-5.24E-4
81.12,-5.572E-4
81.13,-5.946E-4
81.14,-6.366E-4
81.15,-6.841E-4
81.16,-7.384E-4
81.17,-8.005E-4
81.18,-8.726E-4
81.19,-9.571E-4
81.2,-0.00106
81.21,-0.00118
81.22,-0.00133
81.23,-0.00152
81.24,-0.00176
81.25,-0.00208
81.26,-0.00249
81.27,-0.003
81.28,-0.00366
81.29,-0.00447
81.3,-0.00543
81.31,-0.00652
81.32,-0.00768
81.33,-0.00876
81.34,-0.00955
81.35,-0.00984
81.36,-0.00957
81.37,-0.00885
81.38,-0.00791
81.39,-0.00696
81.4,-0.00615
81.41,-0.00552
81.42,-0.00512
81.43,-0.00495
81.44,-0.005
81.45,-0.00524
81.46,-0.00565
81.47,-0.00615
81.48,-0.00665
81.49,-0.00703
81.5,-0.00718
81.51,-0.0071
81.52,-0.00689
81.53,-0.00666
81.54,-0.00653
81.55,-0.00654
81.56,-0.00668
81.57,-0.00688
81.58,-0.00702
81.59,-0.00702
81.6,-0.00684
81.61,-0.00653
81.62,-0.00619
81.63,-0.00588
81.64,-0.00563
81.65,-0.0054
81.66,-0.00515
81.67,-0.00489
81.68,-0.00463
81.69,-0.00442
81.7,-0.00429
81.71,-0.00422
81.72,-0.00417
81.73,-0.00407
81.74,-0.00388
81.75,-0.00357
81.76,-0.0032
81.77,-0.00281
81.78,-0.00245
81.79,-0.00214
81.8,-0.00188
81.81,-0.0017
81.82,-0.00157
81.83,-0.00149
81.84,-0.00147
81.85,-0.00149
81.86,-0.00154
81.87,-0.00161
81.88,-0.00167
81.89,-0.0017
81.9,-0.00167
81.91,-0.00157
81.92,-0.00143
81.93,-0.00128
81.94,-0.00112
81.95,-9.812E-4
81.96,-8.599E-4
81.97,-7.589E-4
81.98,-6.767E-4
81.99,-6.109E-4
82,-5.588E-4
82.01,-5.178E-4
82.02,-4.853E-4
82.03,-4.595E-4
82.04,-4.388E-4
82.05,-4.222E-4
82.06,-4.088E-4
82.07,-3.983E-4
82.08,-3.902E-4
82.09,-3.843E-4
82.1,-3.808E-4
82.11,-3.797E-4
82.12,-3.813E-4
82.13,-3.861E-4
82.14,-3.947E-4
82.15,-4.08E-4
82.16,-4.27E-4
82.17,-4.525E-4
82.18,-4.854E-4
82.19,-5.263E-4
82.2,-5.747E-4
82.21,-6.289E-4
82.22,-6.837E-4
82.23,-7.311E-4
82.24,-7.607E-4
82.25,-7.647E-4
82.26,-7.431E-4
82.27,-7.05E-4
82.28,-6.606E-4
82.29,-6.178E-4
82.3,-5.814E-4
82.31,-5.532E-4
82.32,-5.338E-4
82.33,-5.227E-4
82.34,-5.195E-4
82.35,-5.234E-4
82.36,-5.338E-4
82.37,-5.504E-4
82.38,-5.732E-4
82.39,-6.024E-4
82.4,-6.387E-4
82.41,-6.827E-4
82.42,-7.354E-4
82.43,-7.979E-4
82.44,-8.712E-4
82.45,-9.558E-4
82.46,-0.00105
82.47,-0.00116
82.48,-0.00127
82.49,-0.0014
82.5,-0.00154
82.51,-0.00172
82.52,-0.00194
82.53,-0.00224
82.54,-0.00263
82.55,-0.00315
82.56,-0.00382
82.57,-0.00465
82.58,-0.00565
82.59,-0.0068
82.6,-0.00805
82.61,-0.00927
82.62,-0.01023
82.63,-0.01071
82.64,-0.01054
82.65,-0.0098
82.66,-0.0087
82.67,-0.00746
82.68,-0.00627
82.69,-0.00522
82.7,-0.00433
82.71,-0.00362
82.72,-0.00306
82.73,-0.00265
82.74,-0.00235
82.75,-0.00216
82.76,-0.00205
82.77,-0.00202
82.78,-0.00207
82.79,-0.0022
82.8,-0.00242
82.81,-0.00272
82.82,-0.00312
82.83,-0.00361
82.84,-0.00416
82.85,-0.00473
82.86,-0.00523
82.87,-0.00554
82.88,-0.00556
82.89,-0.00527
82.9,-0.00476
82.91,-0.00414
82.92,-0.0035
82.93,-0.00292
82.94,-0.00242
82.95,-0.002
82.96,-0.00165
82.97,-0.00138
82.98,-0.00117
82.99,-0.001
83,-8.747E-4
83.01,-7.724E-4
83.02,-6.905E-4
83.03,-6.237E-4
83.04,-5.681E-4
83.05,-5.211E-4
83.06,-4.807E-4
83.07,-4.456E-4
83.08,-4.149E-4
83.09,-3.877E-4
83.1,-3.636E-4
83.11,-3.419E-4
83.12,-3.225E-4
83.13,-3.05E-4
83.14,-2.892E-4
83.15,-2.748E-4
83.16,-2.616E-4
83.17,-2.496E-4
83.18,-2.385E-4
83.19,-2.284E-4
83.2,-2.19E-4
83.21,-2.103E-4
83.22,-2.023E-4
83.23,-1.948E-4
83.24,-1.878E-4
83.25,-1.813E-4
83.26,-1.753E-4
83.27,-1.696E-4
83.28,-1.642E-4
83.29,-1.592E-4
83.3,-1.545E-4
83.31,-1.501E-4
83.32,-1.459E-4
83.33,-1.42E-4
83.34,-1.382E-4
83.35,-1.347E-4
83.36,-1.314E-4
83.37,-1.282E-4
83.38,-1.252E-4
83.39,-1.223E-4
83.4,-1.196E-4
83.41,-1.17E-4
83.42,-1.145E-4
83.43,-1.122E-4
83.44,-1.099E-4
83.45,-1.078E-4
83.46,-1.057E-4
83.47,-1.038E-4
83.48,-1.019E-4
83.49,-1.001E-4
83.5,-9.84E-5
83.51,-9.67E-5
83.52,-9.51E-5
83.53,-9.36E-5
83.54,-9.21E-5
83.55,-9.07E-5
83.56,-8.94E-5
83.57,-8.81E-5
83.58,-8.69E-5
83.59,-8.57E-5
83.6,-8.45E-5
83.61,-8.34E-5
83.62,-8.24E-5
83.63,-8.13E-5
83.64,-8.03E-5
83.65,-7.94E-5
83.66,-7.85E-5
83.67,-7.76E-5
83.68,-7.67E-5
83.69,-7.59E-5
83.7,-7.51E-5
83.71,-7.44E-5
83.72,-7.36E-5
83.73,-7.29E-5
83.74,-7.22E-5
83.75,-7.16E-5
83.76,-7.09E-5
83.77,-7.03E-5
83.78,-6.97E-5
83.79,-6.92E-5
83.8,-6.86E-5
83.81,-6.81E-5
83.82,-6.76E-5
83.83,-6.74E-5
83.84,-6.69E-5
83.85,-6.65E-5
83.86,-6.6E-5
83.87,-6.56E-5
83.88,-6.52E-5
83.89,-6.48E-5
83.9,-6.44E-5
83.91,-6.41E-5
83.92,-6.37E-5
83.93,-6.34E-5
83.94,-6.3E-5
83.95,-6.27E-5
83.96,-6.24E-5
83.97,-6.22E-5
83.98,-6.19E-5
83.99,-6.16E-5
84,-6.14E-5
84.01,-6.11E-5
84.02,-6.09E-5
84.03,-6.07E-5
84.04,-6.05E-5
84.05,-6.03E-5
84.06,-6.01E-5
84.07,-5.99E-5
84.08,-5.98E-5
84.09,-5.96E-5
84.1,-5.95E-5
84.11,-5.94E-5
84.12,-5.92E-5
84.13,-5.91E-5
84.14,-5.9E-5
84.15,-5.89E-5
84.16,-5.88E-5
84.17,-5.87E-5
84.18,-5.87E-5
84.19,-5.86E-5
84.2,-5.86E-5
84.21,-5.85E-5
84.22,-5.85E-5
84.23,-5.84E-5
84.24,-5.84E-5
84.25,-5.84E-5
84.26,-5.84E-5
84.27,-5.84E-5
84.28,-5.84E-5
84.29,-5.84E-5
84.3,-5.85E-5
84.31,-5.85E-5
84.32,-5.85E-5
84.33,-5.86E-5
84.34,-5.87E-5
84.35,-5.87E-5
84.36,-5.88E-5
84.37,-5.89E-5
84.38,-5.93E-5
84.39,-5.94E-5
84.4,-5.95E-5
84.41,-5.96E-5
84.42,-5.97E-5
84.43,-5.99E-5
84.44,-6E-5
84.45,-6.02E-5
84.46,-6.03E-5
84.47,-6.08E-5
84.48,-6.08E-5
84.49,-6.09E-5
84.5,-6.11E-5
84.51,-6.13E-5
84.52,-6.15E-5
84.53,-6.17E-5
84.54,-6.2E-5
84.55,-6.22E-5
84.56,-6.24E-5
84.57,-6.23E-5
84.58,-6.25E-5
84.59,-6.28E-5
84.6,-6.31E-5
84.61,-6.33E-5
84.62,-6.36E-5
84.63,-6.39E-5
84.64,-6.43E-5
84.65,-6.46E-5
84.66,-6.49E-5
84.67,-6.53E-5
84.68,-6.56E-5
84.69,-6.6E-5
84.7,-6.63E-5
84.71,-6.67E-5
84.72,-6.71E-5
84.73,-6.74E-5
84.74,-6.79E-5
84.75,-6.83E-5
84.76,-6.87E-5
84.77,-6.92E-5
84.78,-6.96E-5
84.79,-7.01E-5
84.8,-7.06E-5
84.81,-7.11E-5
84.82,-7.16E-5
84.83,-7.21E-5
84.84,-7.27E-5
84.85,-7.32E-5
84.86,-7.38E-5
84.87,-7.44E-5
84.88,-7.5E-5
84.89,-7.56E-5
84.9,-7.62E-5
84.91,-7.69E-5
84.92,-7.76E-5
84.93,-7.82E-5
84.94,-7.89E-5
84.95,-7.97E-5
84.96,-8.04E-5
84.97,-8.11E-5
84.98,-8.19E-5
84.99,-8.27E-5
85,-8.35E-5
85.01,-8.43E-5
85.02,-8.52E-5
85.03,-8.61E-5
85.04,-8.7E-5
85.05,-8.79E-5
85.06,-8.88E-5
85.07,-8.98E-5
85.08,-9.09E-5
85.09,-9.19E-5
85.1,-9.3E-5
85.11,-9.4E-5
85.12,-9.51E-5
85.13,-9.63E-5
85.14,-9.75E-5
85.15,-9.87E-5
85.16,-9.99E-5
85.17,-1.012E-4
85.18,-1.025E-4
85.19,-1.038E-4
85.2,-1.052E-4
85.21,-1.066E-4
85.22,-1.081E-4
85.23,-1.096E-4
85.24,-1.114E-4
85.25,-1.13E-4
85.26,-1.147E-4
85.27,-1.164E-4
85.28,-1.181E-4
85.29,-1.199E-4
85.3,-1.217E-4
85.31,-1.236E-4
85.32,-1.256E-4
85.33,-1.277E-4
85.34,-1.298E-4
85.35,-1.32E-4
85.36,-1.342E-4
85.37,-1.365E-4
85.38,-1.389E-4
85.39,-1.414E-4
85.4,-1.439E-4
85.41,-1.466E-4
85.42,-1.494E-4
85.43,-1.522E-4
85.44,-1.552E-4
85.45,-1.582E-4
85.46,-1.614E-4
85.47,-1.647E-4
85.48,-1.682E-4
85.49,-1.718E-4
85.5,-1.751E-4
85.51,-1.789E-4
85.52,-1.833E-4
85.53,-1.875E-4
85.54,-1.919E-4
85.55,-1.965E-4
85.56,-2.013E-4
85.57,-2.064E-4
85.58,-2.117E-4
85.59,-2.172E-4
85.6,-2.23E-4
85.61,-2.292E-4
85.62,-2.356E-4
85.63,-2.424E-4
85.64,-2.496E-4
85.65,-2.572E-4
85.66,-2.653E-4
85.67,-2.738E-4
85.68,-2.829E-4
85.69,-2.926E-4
85.7,-3.03E-4
85.71,-3.141E-4
85.72,-3.26E-4
85.73,-3.389E-4
85.74,-3.529E-4
85.75,-3.68E-4
85.76,-3.846E-4
85.77,-4.029E-4
85.78,-4.233E-4
85.79,-4.462E-4
85.8,-4.724E-4
85.81,-5.027E-4
85.82,-5.381E-4
85.83,-5.8E-4
85.84,-6.298E-4
85.85,-6.889E-4
85.86,-7.588E-4
85.87,-8.406E-4
85.88,-9.345E-4
85.89,-0.00104
85.9,-0.00115
85.91,-0.00126
85.92,-0.00137
85.93,-0.00144
85.94,-0.00149
85.95,-0.00152
85.96,-0.00153
85.97,-0.00156
85.98,-0.0016
85.99,-0.00168
86,-0.0018
86.01,-0.00196
86.02,-0.00217
86.03,-0.00242
86.04,-0.00272
86.05,-0.00303
86.06,-0.00333
86.07,-0.0036
86.08,-0.00378
86.09,-0.00389
86.1,-0.00395
86.11,-0.00402
86.12,-0.00415
86.13,-0.0044
86.14,-0.00479
86.15,-0.00536
86.16,-0.00614
86.17,-0.00713
86.18,-0.00834
86.19,-0.00974
86.2,-0.01127
86.21,-0.01279
86.22,-0.01411
86.23,-0.01495
86.24,-0.01509
86.25,-0.01451
86.26,-0.01336
86.27,-0.01192
86.28,-0.01044
86.29,-0.00907
86.3,-0.00789
86.31,-0.00691
86.32,-0.00613
86.33,-0.0055
86.34,-0.00499
86.35,-0.00457
86.36,-0.00423
86.37,-0.00398
86.38,-0.00381
86.39,-0.00374
86.4,-0.00378
86.41,-0.00394
86.42,-0.00421
86.43,-0.00461
86.44,-0.00513
86.45,-0.00577
86.46,-0.00648
86.47,-0.00721
86.48,-0.00784
86.49,-0.00825
86.5,-0.00832
86.51,-0.00803
86.52,-0.00746
86.53,-0.00675
86.54,-0.00601
86.55,-0.00532
86.56,-0.00472
86.57,-0.00423
86.58,-0.00386
86.59,-0.00359
86.6,-0.00341
86.61,-0.00333
86.62,-0.00333
86.63,-0.00342
86.64,-0.00358
86.65,-0.00384
86.66,-0.00421
86.67,-0.0047
86.68,-0.00535
86.69,-0.00618
86.7,-0.00721
86.71,-0.00849
86.72,-0.01001
86.73,-0.01177
86.74,-0.0137
86.75,-0.01568
86.76,-0.01753
86.77,-0.01907
86.78,-0.02023
86.79,-0.02101
86.8,-0.02142
86.81,-0.02137
86.82,-0.02074
86.83,-0.01947
86.84,-0.01767
86.85,-0.0156
86.86,-0.0135
86.87,-0.01156
86.88,-0.00988
86.89,-0.00848
86.9,-0.00736
86.91,-0.0065
86.92,-0.00589
86.93,-0.0055
86.94,-0.00531
86.95,-0.00531
86.96,-0.00549
86.97,-0.00583
86.98,-0.00635
86.99,-0.00701
87,-0.0078
87.01,-0.00865
87.02,-0.00947
87.03,-0.01018
87.04,-0.01071
87.05,-0.01106
87.06,-0.01123
87.07,-0.0112
87.08,-0.0109
87.09,-0.01029
87.1,-0.0094
87.11,-0.00834
87.12,-0.00723
87.13,-0.00617
87.14,-0.00522
87.15,-0.00441
87.16,-0.00372
87.17,-0.00316
87.18,-0.0027
87.19,-0.00234
87.2,-0.00204
87.21,-0.0018
87.22,-0.00161
87.23,-0.00145
87.24,-0.00132
87.25,-0.00121
87.26,-0.00112
87.27,-0.00104
87.28,-9.639E-4
87.29,-9.001E-4
87.3,-8.433E-4
87.31,-7.923E-4
87.32,-7.466E-4
87.33,-7.05E-4
87.34,-6.671E-4
87.35,-6.326E-4
87.36,-6.01E-4
87.37,-5.72E-4
87.38,-5.452E-4
87.39,-5.206E-4
87.4,-4.977E-4
87.41,-4.765E-4
87.42,-4.569E-4
87.43,-4.385E-4
87.44,-4.214E-4
87.45,-4.053E-4
87.46,-3.903E-4
87.47,-3.762E-4
87.48,-3.63E-4
87.49,-3.505E-4
87.5,-3.387E-4
87.51,-3.276E-4
87.52,-3.171E-4
87.53,-3.072E-4
87.54,-2.978E-4
87.55,-2.889E-4
87.56,-2.804E-4
87.57,-2.723E-4
87.58,-2.646E-4
87.59,-2.573E-4
87.6,-2.503E-4
87.61,-2.437E-4
87.62,-2.373E-4
87.63,-2.313E-4
87.64,-2.255E-4
87.65,-2.199E-4
87.66,-2.146E-4
87.67,-2.095E-4
87.68,-2.046E-4
87.69,-1.999E-4
87.7,-1.954E-4
87.71,-1.91E-4
87.72,-1.868E-4
87.73,-1.828E-4
87.74,-1.79E-4
87.75,-1.752E-4
87.76,-1.717E-4
87.77,-1.682E-4
87.78,-1.649E-4
87.79,-1.616E-4
87.8,-1.585E-4
87.81,-1.555E-4
87.82,-1.526E-4
87.83,-1.498E-4
87.84,-1.471E-4
87.85,-1.445E-4
87.86,-1.42E-4
87.87,-1.395E-4
87.88,-1.371E-4
87.89,-1.348E-4
87.9,-1.326E-4
87.91,-1.304E-4
87.92,-1.279E-4
87.93,-1.259E-4
87.94,-1.239E-4
87.95,-1.22E-4
87.96,-1.202E-4
87.97,-1.184E-4
87.98,-1.166E-4
87.99,-1.149E-4
88,-1.133E-4
88.01,-1.117E-4
88.02,-1.101E-4
88.03,-1.086E-4
88.04,-1.071E-4
88.05,-1.057E-4
88.06,-1.043E-4
88.07,-1.029E-4
88.08,-1.014E-4
88.09,-1.001E-4
88.1,-9.84E-5
88.11,-9.72E-5
88.12,-9.6E-5
88.13,-9.49E-5
88.14,-9.38E-5
88.15,-9.27E-5
88.16,-9.16E-5
88.17,-9.06E-5
88.18,-8.95E-5
88.19,-8.86E-5
88.2,-8.76E-5
88.21,-8.67E-5
88.22,-8.57E-5
88.23,-8.49E-5
88.24,-8.4E-5
88.25,-8.31E-5
88.26,-8.23E-5
88.27,-8.15E-5
88.28,-8.07E-5
88.29,-8E-5
88.3,-7.92E-5
88.31,-7.85E-5
88.32,-7.78E-5
88.33,-7.71E-5
88.34,-7.67E-5
88.35,-7.61E-5
88.36,-7.55E-5
88.37,-7.49E-5
88.38,-7.43E-5
88.39,-7.37E-5
88.4,-7.31E-5
88.41,-7.25E-5
88.42,-7.2E-5
88.43,-7.14E-5
88.44,-7.09E-5
88.45,-7.04E-5
88.46,-6.99E-5
88.47,-6.94E-5
88.48,-6.9E-5
88.49,-6.85E-5
88.5,-6.81E-5
88.51,-6.76E-5
88.52,-6.72E-5
88.53,-6.68E-5
88.54,-6.64E-5
88.55,-6.6E-5
88.56,-6.56E-5
88.57,-6.53E-5
88.58,-6.49E-5
88.59,-6.46E-5
88.6,-6.42E-5
88.61,-6.39E-5
88.62,-6.36E-5
88.63,-6.33E-5
88.64,-6.3E-5
88.65,-6.27E-5
88.66,-6.24E-5
88.67,-6.21E-5
88.68,-6.19E-5
88.69,-6.16E-5
88.7,-6.14E-5
88.71,-6.12E-5
88.72,-6.09E-5
88.73,-6.07E-5
88.74,-6.05E-5
88.75,-6.03E-5
88.76,-6.01E-5
88.77,-6E-5
88.78,-5.98E-5
88.79,-5.96E-5
88.8,-5.95E-5
88.81,-5.93E-5
88.82,-5.92E-5
88.83,-5.91E-5
88.84,-5.89E-5
88.85,-5.88E-5
88.86,-5.87E-5
88.87,-5.86E-5
88.88,-5.85E-5
88.89,-5.84E-5
88.9,-5.84E-5
88.91,-5.83E-5
88.92,-5.82E-5
88.93,-5.82E-5
88.94,-5.81E-5
88.95,-5.81E-5
88.96,-5.81E-5
88.97,-5.81E-5
88.98,-5.8E-5
88.99,-5.8E-5
89,-5.8E-5
89.01,-5.81E-5
89.02,-5.81E-5
89.03,-5.81E-5
89.04,-5.81E-5
89.05,-5.82E-5
89.06,-5.82E-5
89.07,-5.83E-5
89.08,-5.84E-5
89.09,-5.85E-5
89.1,-5.85E-5
89.11,-5.86E-5
89.12,-5.87E-5
89.13,-5.84E-5
89.14,-5.86E-5
89.15,-5.87E-5
89.16,-5.88E-5
89.17,-5.9E-5
89.18,-5.92E-5
89.19,-5.93E-5
89.2,-5.95E-5
89.21,-5.97E-5
89.22,-5.99E-5
89.23,-6.01E-5
89.24,-6.03E-5
89.25,-6.06E-5
89.26,-6.11E-5
89.27,-6.13E-5
89.28,-6.16E-5
89.29,-6.19E-5
89.3,-6.22E-5
89.31,-6.25E-5
89.32,-6.28E-5
89.33,-6.31E-5
89.34,-6.34E-5
89.35,-6.38E-5
89.36,-6.42E-5
89.37,-6.46E-5
89.38,-6.5E-5
89.39,-6.54E-5
89.4,-6.58E-5
89.41,-6.62E-5
89.42,-6.67E-5
89.43,-6.72E-5
89.44,-6.77E-5
89.45,-6.82E-5
89.46,-6.87E-5
89.47,-6.93E-5
89.48,-6.98E-5
89.49,-7.04E-5
89.5,-7.1E-5
89.51,-7.17E-5
89.52,-7.23E-5
89.53,-7.31E-5
89.54,-7.38E-5
89.55,-7.45E-5
89.56,-7.52E-5
89.57,-7.6E-5
89.58,-7.68E-5
89.59,-7.76E-5
89.6,-7.85E-5
89.61,-7.94E-5
89.62,-8.03E-5
89.63,-8.12E-5
89.64,-8.22E-5
89.65,-8.32E-5
89.66,-8.43E-5
89.67,-8.54E-5
89.68,-8.65E-5
89.69,-8.77E-5
89.7,-8.89E-5
89.71,-9.01E-5
89.72,-9.14E-5
89.73,-9.28E-5
89.74,-9.42E-5
89.75,-9.56E-5
89.76,-9.72E-5
89.77,-9.87E-5
89.78,-1.004E-4
89.79,-1.021E-4
89.8,-1.038E-4
89.81,-1.057E-4
89.82,-1.076E-4
89.83,-1.096E-4
89.84,-1.116E-4
89.85,-1.138E-4
89.86,-1.161E-4
89.87,-1.184E-4
89.88,-1.209E-4
89.89,-1.235E-4
89.9,-1.261E-4
89.91,-1.29E-4
89.92,-1.319E-4
89.93,-1.346E-4
89.94,-1.378E-4
89.95,-1.412E-4
89.96,-1.448E-4
89.97,-1.485E-4
89.98,-1.525E-4
89.99,-1.566E-4
90,-1.61E-4
90.01,-1.656E-4
90.02,-1.705E-4
90.03,-1.757E-4
90.04,-1.812E-4
90.05,-1.869E-4
90.06,-1.931E-4
90.07,-1.996E-4
90.08,-2.066E-4
90.09,-2.14E-4
90.1,-2.219E-4
90.11,-2.303E-4
90.12,-2.394E-4
90.13,-2.491E-4
90.14,-2.596E-4
90.15,-2.708E-4
90.16,-2.83E-4
90.17,-2.961E-4
90.18,-3.103E-4
90.19,-3.258E-4
90.2,-3.427E-4
90.21,-3.611E-4
90.22,-3.814E-4
90.23,-4.036E-4
90.24,-4.281E-4
90.25,-4.554E-4
90.26,-4.856E-4
90.27,-5.195E-4
90.28,-5.577E-4
90.29,-6.009E-4
90.3,-6.504E-4
90.31,-7.076E-4
90.32,-7.747E-4
90.33,-8.545E-4
90.34,-9.507E-4
90.35,-0.00107
90.36,-0.00121
90.37,-0.00139
90.38,-0.00162
90.39,-0.0019
90.4,-0.00225
90.41,-0.00266
90.42,-0.00316
90.43,-0.00375
90.44,-0.0044
90.45,-0.00511
90.46,-0.00582
90.47,-0.00646
90.48,-0.00692
90.49,-0.00711
90.5,-0.00699
90.51,-0.00662
90.52,-0.00608
90.53,-0.00548
90.54,-0.00489
90.55,-0.00437
90.56,-0.00392
90.57,-0.00356
90.58,-0.00327
90.59,-0.00303
90.6,-0.00283
90.61,-0.00266
90.62,-0.00253
90.63,-0.00244
90.64,-0.00239
90.65,-0.0024
90.66,-0.00247
90.67,-0.00262
90.68,-0.00285
90.69,-0.00317
90.7,-0.00359
90.71,-0.00412
90.72,-0.00475
90.73,-0.00548
90.74,-0.00628
90.75,-0.00709
90.76,-0.00784
90.77,-0.00842
90.78,-0.00874
90.79,-0.00874
90.8,-0.00842
90.81,-0.00783
90.82,-0.00708
90.83,-0.00627
90.84,-0.00548
90.85,-0.00476
90.86,-0.00412
90.87,-0.00358
90.88,-0.00311
90.89,-0.00272
90.9,-0.00239
90.91,-0.00212
90.92,-0.00191
90.93,-0.00175
90.94,-0.00163
90.95,-0.00155
90.96,-0.00151
90.97,-0.00151
90.98,-0.00155
90.99,-0.00162
91,-0.00174
91.01,-0.00189
91.02,-0.00209
91.03,-0.00231
91.04,-0.00255
91.05,-0.00278
91.06,-0.00296
91.07,-0.00306
91.08,-0.00304
91.09,-0.00291
91.1,-0.00269
91.11,-0.00242
91.12,-0.00214
91.13,-0.00187
91.14,-0.00163
91.15,-0.00142
91.16,-0.00124
91.17,-0.0011
91.18,-9.807E-4
91.19,-8.933E-4
91.2,-8.296E-4
91.21,-7.877E-4
91.22,-7.651E-4
91.23,-7.606E-4
91.24,-7.728E-4
91.25,-8.012E-4
91.26,-8.446E-4
91.27,-9.016E-4
91.28,-9.69E-4
91.29,-0.00104
91.3,-0.00111
91.31,-0.00116
91.32,-0.00118
91.33,-0.00117
91.34,-0.00112
91.35,-0.00104
91.36,-9.431E-4
91.37,-8.473E-4
91.38,-7.564E-4
91.39,-6.748E-4
91.4,-6.04E-4
91.41,-5.445E-4
91.42,-4.958E-4
91.43,-4.567E-4
91.44,-4.264E-4
91.45,-4.035E-4
91.46,-3.873E-4
91.47,-3.77E-4
91.48,-3.72E-4
91.49,-3.722E-4
91.5,-3.776E-4
91.51,-3.883E-4
91.52,-4.048E-4
91.53,-4.272E-4
91.54,-4.558E-4
91.55,-4.904E-4
91.56,-5.301E-4
91.57,-5.732E-4
91.58,-6.16E-4
91.59,-6.536E-4
91.6,-6.791E-4
91.61,-6.874E-4
91.62,-6.771E-4
91.63,-6.515E-4
91.64,-6.166E-4
91.65,-5.787E-4
91.66,-5.425E-4
91.67,-5.109E-4
91.68,-4.854E-4
91.69,-4.667E-4
91.7,-4.55E-4
91.71,-4.504E-4
91.72,-4.524E-4
91.73,-4.613E-4
91.74,-4.774E-4
91.75,-5.014E-4
91.76,-5.343E-4
91.77,-5.779E-4
91.78,-6.344E-4
91.79,-7.066E-4
91.8,-7.978E-4
91.81,-9.118E-4
91.82,-0.00105
91.83,-0.00122
91.84,-0.00142
91.85,-0.00166
91.86,-0.00192
91.87,-0.0022
91.88,-0.00249
91.89,-0.00274
91.9,-0.00294
91.91,-0.00304
91.92,-0.00306
91.93,-0.00299
91.94,-0.00288
91.95,-0.00274
91.96,-0.00258
91.97,-0.0024
91.98,-0.0022
91.99,-0.00199
92,-0.00177
92.01,-0.00157
92.02,-0.00138
92.03,-0.00122
92.04,-0.00109
92.05,-9.827E-4
92.06,-9.039E-4
92.07,-8.499E-4
92.08,-8.194E-4
92.09,-8.113E-4
92.1,-8.252E-4
92.11,-8.611E-4
92.12,-9.182E-4
92.13,-9.963E-4
92.14,-0.00109
92.15,-0.00121
92.16,-0.00133
92.17,-0.00145
92.18,-0.00156
92.19,-0.00163
92.2,-0.00166
92.21,-0.00165
92.22,-0.0016
92.23,-0.00153
92.24,-0.00145
92.25,-0.00137
92.26,-0.00127
92.27,-0.00116
92.28,-0.00105
92.29,-9.346E-4
92.3,-8.281E-4
92.31,-7.32E-4
92.32,-6.486E-4
92.33,-5.779E-4
92.34,-5.195E-4
92.35,-4.718E-4
92.36,-4.333E-4
92.37,-4.023E-4
92.38,-3.769E-4
92.39,-3.555E-4
92.4,-3.364E-4
92.41,-3.189E-4
92.42,-3.025E-4
92.43,-2.874E-4
92.44,-2.737E-4
92.45,-2.614E-4
92.46,-2.507E-4
92.47,-2.414E-4
92.48,-2.335E-4
92.49,-2.267E-4
92.5,-2.211E-4
92.51,-2.165E-4
92.52,-2.128E-4
92.53,-2.099E-4
92.54,-2.077E-4
92.55,-2.062E-4
92.56,-2.053E-4
92.57,-2.05E-4
92.58,-2.053E-4
92.59,-2.062E-4
92.6,-2.077E-4
92.61,-2.098E-4
92.62,-2.125E-4
92.63,-2.157E-4
92.64,-2.196E-4
92.65,-2.239E-4
92.66,-2.284E-4
92.67,-2.33E-4
92.68,-2.374E-4
92.69,-2.413E-4
92.7,-2.447E-4
92.71,-2.478E-4
92.72,-2.51E-4
92.73,-2.545E-4
92.74,-2.586E-4
92.75,-2.635E-4
92.76,-2.692E-4
92.77,-2.759E-4
92.78,-2.835E-4
92.79,-2.922E-4
92.8,-3.02E-4
92.81,-3.13E-4
92.82,-3.252E-4
92.83,-3.385E-4
92.84,-3.536E-4
92.85,-3.703E-4
92.86,-3.888E-4
92.87,-4.094E-4
92.88,-4.324E-4
92.89,-4.58E-4
92.9,-4.866E-4
92.91,-5.188E-4
92.92,-5.553E-4
92.93,-5.967E-4
92.94,-6.443E-4
92.95,-6.994E-4
92.96,-7.64E-4
92.97,-8.408E-4
92.98,-9.332E-4
92.99,-0.00105
93,-0.00118
93.01,-0.00136
93.02,-0.00157
93.03,-0.00183
93.04,-0.00216
93.05,-0.00255
93.06,-0.00303
93.07,-0.00358
93.08,-0.00422
93.09,-0.00492
93.1,-0.00566
93.11,-0.00638
93.12,-0.00699
93.13,-0.00741
93.14,-0.00753
93.15,-0.00734
93.16,-0.00689
93.17,-0.00625
93.18,-0.00554
93.19,-0.00482
93.2,-0.00416
93.21,-0.00356
93.22,-0.00305
93.23,-0.00263
93.24,-0.00228
93.25,-0.00201
93.26,-0.0018
93.27,-0.00164
93.28,-0.00153
93.29,-0.00147
93.3,-0.00144
93.31,-0.00145
93.32,-0.0015
93.33,-0.00159
93.34,-0.00173
93.35,-0.0019
93.36,-0.00212
93.37,-0.00239
93.38,-0.0027
93.39,-0.00303
93.4,-0.00337
93.41,-0.00367
93.42,-0.00389
93.43,-0.00399
93.44,-0.00393
93.45,-0.00373
93.46,-0.00343
93.47,-0.00307
93.48,-0.0027
93.49,-0.00234
93.5,-0.00202
93.51,-0.00173
93.52,-0.00149
93.53,-0.00129
93.54,-0.00112
93.55,-9.855E-4
93.56,-8.759E-4
93.57,-7.881E-4
93.58,-7.181E-4
93.59,-6.621E-4
93.6,-6.174E-4
93.61,-5.815E-4
93.62,-5.532E-4
93.63,-5.305E-4
93.64,-5.128E-4
93.65,-4.996E-4
93.66,-4.905E-4
93.67,-4.854E-4
93.68,-4.844E-4
93.69,-4.878E-4
93.7,-4.961E-4
93.71,-5.101E-4
93.72,-5.309E-4
93.73,-5.601E-4
93.74,-5.995E-4
93.75,-6.513E-4
93.76,-7.179E-4
93.77,-8.019E-4
93.78,-9.059E-4
93.79,-0.00103
93.8,-0.00118
93.81,-0.00135
93.82,-0.00154
93.83,-0.00173
93.84,-0.00192
93.85,-0.00209
93.86,-0.00219
93.87,-0.00222
93.88,-0.00217
93.89,-0.00204
93.9,-0.00186
93.91,-0.00167
93.92,-0.00147
93.93,-0.00128
93.94,-0.00112
93.95,-9.742E-4
93.96,-8.538E-4
93.97,-7.55E-4
93.98,-6.758E-4
93.99,-6.142E-4
94,-5.679E-4
94.01,-5.349E-4
94.02,-5.137E-4
94.03,-5.034E-4
94.04,-5.034E-4
94.05,-5.137E-4
94.06,-5.346E-4
94.07,-5.667E-4
94.08,-6.105E-4
94.09,-6.666E-4
94.1,-7.349E-4
94.11,-8.144E-4
94.12,-9.026E-4
94.13,-9.941E-4
94.14,-0.00108
94.15,-0.00115
94.16,-0.00119
94.17,-0.00119
94.18,-0.00115
94.19,-0.00107
94.2,-9.764E-4
94.21,-8.744E-4
94.22,-7.741E-4
94.23,-6.809E-4
94.24,-5.978E-4
94.25,-5.257E-4
94.26,-4.644E-4
94.27,-4.136E-4
94.28,-3.714E-4
94.29,-3.37E-4
94.3,-3.091E-4
94.31,-2.864E-4
94.32,-2.68E-4
94.33,-2.528E-4
94.34,-2.403E-4
94.35,-2.299E-4
94.36,-2.21E-4
94.37,-2.135E-4
94.38,-2.069E-4
94.39,-2.013E-4
94.4,-1.963E-4
94.41,-1.92E-4
94.42,-1.882E-4
94.43,-1.849E-4
94.44,-1.82E-4
94.45,-1.794E-4
94.46,-1.772E-4
94.47,-1.753E-4
94.48,-1.737E-4
94.49,-1.723E-4
94.5,-1.711E-4
94.51,-1.702E-4
94.52,-1.695E-4
94.53,-1.689E-4
94.54,-1.685E-4
94.55,-1.683E-4
94.56,-1.683E-4
94.57,-1.684E-4
94.58,-1.686E-4
94.59,-1.69E-4
94.6,-1.696E-4
94.61,-1.703E-4
94.62,-1.711E-4
94.63,-1.721E-4
94.64,-1.732E-4
94.65,-1.745E-4
94.66,-1.759E-4
94.67,-1.775E-4
94.68,-1.792E-4
94.69,-1.81E-4
94.7,-1.831E-4
94.71,-1.855E-4
94.72,-1.879E-4
94.73,-1.904E-4
94.74,-1.932E-4
94.75,-1.962E-4
94.76,-1.994E-4
94.77,-2.028E-4
94.78,-2.065E-4
94.79,-2.105E-4
94.8,-2.148E-4
94.81,-2.194E-4
94.82,-2.244E-4
94.83,-2.3E-4
94.84,-2.358E-4
94.85,-2.421E-4
94.86,-2.489E-4
94.87,-2.563E-4
94.88,-2.644E-4
94.89,-2.729E-4
94.9,-2.826E-4
94.91,-2.932E-4
94.92,-3.05E-4
94.93,-3.181E-4
94.94,-3.327E-4
94.95,-3.492E-4
94.96,-3.68E-4
94.97,-3.897E-4
94.98,-4.149E-4
94.99,-4.446E-4
95,-4.802E-4
95.01,-5.232E-4
95.02,-5.756E-4
95.03,-6.397E-4
95.04,-7.18E-4
95.05,-8.134E-4
95.06,-9.286E-4
95.07,-0.00107
95.08,-0.00123
95.09,-0.00141
95.1,-0.00162
95.11,-0.00185
95.12,-0.00208
95.13,-0.00229
95.14,-0.00247
95.15,-0.00257
95.16,-0.00259
95.17,-0.00251
95.18,-0.00237
95.19,-0.00217
95.2,-0.00195
95.21,-0.00174
95.22,-0.00154
95.23,-0.00137
95.24,-0.00122
95.25,-0.00109
95.26,-9.894E-4
95.27,-9.089E-4
95.28,-8.478E-4
95.29,-8.037E-4
95.3,-7.745E-4
95.31,-7.587E-4
95.32,-7.552E-4
95.33,-7.633E-4
95.34,-7.829E-4
95.35,-8.145E-4
95.36,-8.585E-4
95.37,-9.158E-4
95.38,-9.869E-4
95.39,-0.00107
95.4,-0.00117
95.41,-0.00128
95.42,-0.0014
95.43,-0.00151
95.44,-0.00161
95.45,-0.00169
95.46,-0.00172
95.47,-0.00171
95.48,-0.00166
95.49,-0.00158
95.5,-0.00149
95.51,-0.0014
95.52,-0.00131
95.53,-0.00124
95.54,-0.00118
95.55,-0.00113
95.56,-0.0011
95.57,-0.00108
95.58,-0.00107
95.59,-0.00107
95.6,-0.00109
95.61,-0.00111
95.62,-0.00114
95.63,-0.00118
95.64,-0.00123
95.65,-0.00129
95.66,-0.00136
95.67,-0.00144
95.68,-0.00153
95.69,-0.00164
95.7,-0.00176
95.71,-0.00191
95.72,-0.00209
95.73,-0.0023
95.74,-0.00256
95.75,-0.00288
95.76,-0.00328
95.77,-0.00376
95.78,-0.00434
95.79,-0.00505
95.8,-0.0059
95.81,-0.0069
95.82,-0.00804
95.83,-0.00933
95.84,-0.01073
95.85,-0.01217
95.86,-0.01354
95.87,-0.01469
95.88,-0.01543
95.89,-0.01564
95.9,-0.01527
95.91,-0.01441
95.92,-0.01322
95.93,-0.01188
95.94,-0.01052
95.95,-0.00925
95.96,-0.0081
95.97,-0.0071
95.98,-0.00626
95.99,-0.00557
96,-0.00503
96.01,-0.00461
96.02,-0.00431
96.03,-0.0041
96.04,-0.00399
96.05,-0.00396
96.06,-0.004
96.07,-0.00413
96.08,-0.00433
96.09,-0.00462
96.1,-0.005
96.11,-0.00547
96.12,-0.00605
96.13,-0.00673
96.14,-0.00751
96.15,-0.00839
96.16,-0.00932
96.17,-0.01027
96.18,-0.01117
96.19,-0.01194
96.2,-0.01257
96.21,-0.01305
96.22,-0.01348
96.23,-0.01395
96.24,-0.01457
96.25,-0.01543
96.26,-0.01657
96.27,-0.01798
96.28,-0.01963
96.29,-0.02141
96.3,-0.02314
96.31,-0.02457
96.32,-0.02541
96.33,-0.02545
96.34,-0.02463
96.35,-0.02308
96.36,-0.02106
96.37,-0.01881
96.38,-0.01656
96.39,-0.01444
96.4,-0.01253
96.41,-0.01086
96.42,-0.00944
96.43,-0.00826
96.44,-0.00731
96.45,-0.00656
96.46,-0.00598
96.47,-0.00557
96.48,-0.00529
96.49,-0.00513
96.5,-0.00509
96.51,-0.00516
96.52,-0.00534
96.53,-0.00562
96.54,-0.006
96.55,-0.00651
96.56,-0.00712
96.57,-0.00786
96.58,-0.00871
96.59,-0.00965
96.6,-0.01063
96.61,-0.01156
96.62,-0.01233
96.63,-0.01279
96.64,-0.01285
96.65,-0.01247
96.66,-0.01171
96.67,-0.01071
96.68,-0.00958
96.69,-0.00844
96.7,-0.00736
96.71,-0.00637
96.72,-0.0055
96.73,-0.00475
96.74,-0.00411
96.75,-0.00358
96.76,-0.00314
96.77,-0.00278
96.78,-0.00249
96.79,-0.00225
96.8,-0.00206
96.81,-0.00191
96.82,-0.00178
96.83,-0.00167
96.84,-0.00157
96.85,-0.00148
96.86,-0.0014
96.87,-0.00131
96.88,-0.00123
96.89,-0.00116
96.9,-0.00109
96.91,-0.00102
96.92,-9.589E-4
96.93,-9.035E-4
96.94,-8.533E-4
96.95,-8.08E-4
96.96,-7.67E-4
96.97,-7.3E-4
96.98,-6.965E-4
96.99,-6.66E-4
97,-6.382E-4
97.01,-6.129E-4
97.02,-5.895E-4
97.03,-5.681E-4
97.04,-5.482E-4
97.05,-5.297E-4
97.06,-5.125E-4
97.07,-4.964E-4
97.08,-4.814E-4
97.09,-4.674E-4
97.1,-4.542E-4
97.11,-4.419E-4
97.12,-4.303E-4
97.13,-4.194E-4
97.14,-4.092E-4
97.15,-3.996E-4
97.16,-3.905E-4
97.17,-3.82E-4
97.18,-3.741E-4
97.19,-3.666E-4
97.2,-3.596E-4
97.21,-3.531E-4
97.22,-3.47E-4
97.23,-3.413E-4
97.24,-3.36E-4
97.25,-3.312E-4
97.26,-3.267E-4
97.27,-3.227E-4
97.28,-3.19E-4
97.29,-3.157E-4
97.3,-3.128E-4
97.31,-3.102E-4
97.32,-3.081E-4
97.33,-3.064E-4
97.34,-3.052E-4
97.35,-3.043E-4
97.36,-3.039E-4
97.37,-3.04E-4
97.38,-3.043E-4
97.39,-3.054E-4
97.4,-3.071E-4
97.41,-3.094E-4
97.42,-3.125E-4
97.43,-3.163E-4
97.44,-3.21E-4
97.45,-3.267E-4
97.46,-3.333E-4
97.47,-3.413E-4
97.48,-3.506E-4
97.49,-3.615E-4
97.5,-3.744E-4
97.51,-3.897E-4
97.52,-4.079E-4
97.53,-4.298E-4
97.54,-4.562E-4
97.55,-4.883E-4
97.56,-5.279E-4
97.57,-5.765E-4
97.58,-6.363E-4
97.59,-7.1E-4
97.6,-8.001E-4
97.61,-9.092E-4
97.62,-0.00104
97.63,-0.00119
97.64,-0.00137
97.65,-0.00158
97.66,-0.0018
97.67,-0.00204
97.68,-0.00227
97.69,-0.00248
97.7,-0.00265
97.71,-0.00274
97.72,-0.00273
97.73,-0.00264
97.74,-0.00247
97.75,-0.00225
97.76,-0.00202
97.77,-0.00179
97.78,-0.00157
97.79,-0.00137
97.8,-0.0012
97.81,-0.00105
97.82,-9.323E-4
97.83,-8.323E-4
97.84,-7.524E-4
97.85,-6.904E-4
97.86,-6.441E-4
97.87,-6.118E-4
97.88,-5.92E-4
97.89,-5.84E-4
97.9,-5.872E-4
97.91,-6.019E-4
97.92,-6.283E-4
97.93,-6.671E-4
97.94,-7.19E-4
97.95,-7.843E-4
97.96,-8.631E-4
97.97,-9.546E-4
97.98,-0.00106
97.99,-0.00116
98,-0.00127
98.01,-0.00136
98.02,-0.00143
98.03,-0.00146
98.04,-0.00144
98.05,-0.00138
98.06,-0.00129
98.07,-0.00118
98.08,-0.00105
98.09,-9.349E-4
98.1,-8.232E-4
98.11,-7.223E-4
98.12,-6.334E-4
98.13,-5.567E-4
98.14,-4.915E-4
98.15,-4.367E-4
98.16,-3.911E-4
98.17,-3.533E-4
98.18,-3.221E-4
98.19,-2.963E-4
98.2,-2.748E-4
98.21,-2.568E-4
98.22,-2.415E-4
98.23,-2.284E-4
98.24,-2.171E-4
98.25,-2.072E-4
98.26,-1.984E-4
98.27,-1.905E-4
98.28,-1.835E-4
98.29,-1.772E-4
98.3,-1.714E-4
98.31,-1.661E-4
98.32,-1.613E-4
98.33,-1.569E-4
98.34,-1.528E-4
98.35,-1.491E-4
98.36,-1.456E-4
98.37,-1.424E-4
98.38,-1.395E-4
98.39,-1.367E-4
98.4,-1.341E-4
98.41,-1.317E-4
98.42,-1.295E-4
98.43,-1.274E-4
98.44,-1.255E-4
98.45,-1.237E-4
98.46,-1.22E-4
98.47,-1.204E-4
98.48,-1.189E-4
98.49,-1.175E-4
98.5,-1.162E-4
98.51,-1.149E-4
98.52,-1.138E-4
98.53,-1.127E-4
98.54,-1.117E-4
98.55,-1.108E-4
98.56,-1.099E-4
98.57,-1.091E-4
98.58,-1.083E-4
98.59,-1.076E-4
98.6,-1.069E-4
98.61,-1.063E-4
98.62,-1.058E-4
98.63,-1.053E-4
98.64,-1.048E-4
98.65,-1.044E-4
98.66,-1.04E-4
98.67,-1.037E-4
98.68,-1.034E-4
98.69,-1.032E-4
98.7,-1.029E-4
98.71,-1.029E-4
98.72,-1.028E-4
98.73,-1.027E-4
98.74,-1.026E-4
98.75,-1.026E-4
98.76,-1.026E-4
98.77,-1.027E-4
98.78,-1.027E-4
98.79,-1.029E-4
98.8,-1.03E-4
98.81,-1.032E-4
98.82,-1.034E-4
98.83,-1.037E-4
98.84,-1.04E-4
98.85,-1.043E-4
98.86,-1.047E-4
98.87,-1.051E-4
98.88,-1.055E-4
98.89,-1.06E-4
98.9,-1.065E-4
98.91,-1.071E-4
98.92,-1.077E-4
98.93,-1.084E-4
98.94,-1.091E-4
98.95,-1.098E-4
98.96,-1.106E-4
98.97,-1.114E-4
98.98,-1.123E-4
98.99,-1.132E-4
99,-1.142E-4
99.01,-1.153E-4
99.02,-1.164E-4
99.03,-1.175E-4
99.04,-1.187E-4
99.05,-1.2E-4
99.06,-1.213E-4
99.07,-1.228E-4
99.08,-1.242E-4
99.09,-1.258E-4
99.1,-1.274E-4
99.11,-1.291E-4
99.12,-1.309E-4
99.13,-1.328E-4
99.14,-1.348E-4
99.15,-1.369E-4
99.16,-1.39E-4
99.17,-1.413E-4
99.18,-1.437E-4
99.19,-1.463E-4
99.2,-1.489E-4
99.21,-1.517E-4
99.22,-1.546E-4
99.23,-1.577E-4
99.24,-1.61E-4
99.25,-1.644E-4
99.26,-1.68E-4
99.27,-1.718E-4
99.28,-1.758E-4
99.29,-1.8E-4
99.3,-1.845E-4
99.31,-1.892E-4
99.32,-1.942E-4
99.33,-1.995E-4
99.34,-2.051E-4
99.35,-2.108E-4
99.36,-2.171E-4
99.37,-2.238E-4
99.38,-2.31E-4
99.39,-2.387E-4
99.4,-2.468E-4
99.41,-2.556E-4
99.42,-2.649E-4
99.43,-2.749E-4
99.44,-2.857E-4
99.45,-2.973E-4
99.46,-3.098E-4
99.47,-3.233E-4
99.48,-3.379E-4
99.49,-3.538E-4
99.5,-3.708E-4
99.51,-3.897E-4
99.52,-4.103E-4
99.53,-4.329E-4
99.54,-4.578E-4
99.55,-4.854E-4
99.56,-5.161E-4
99.57,-5.506E-4
99.58,-5.895E-4
99.59,-6.339E-4
99.6,-6.85E-4
99.61,-7.445E-4
99.62,-8.145E-4
99.63,-8.974E-4
99.64,-9.964E-4
99.65,-0.00112
99.66,-0.00126
99.67,-0.00143
99.68,-0.00163
99.69,-0.00187
99.7,-0.00216
99.71,-0.00248
99.72,-0.00285
99.73,-0.00326
99.74,-0.00371
99.75,-0.00416
99.76,-0.00461
99.77,-0.005
99.78,-0.0053
99.79,-0.00547
99.8,-0.0055
99.81,-0.00539
99.82,-0.00519
99.83,-0.00495
99.84,-0.00471
99.85,-0.00451
99.86,-0.00438
99.87,-0.00432
99.88,-0.00434
99.89,-0.00444
99.9,-0.00461
99.91,-0.00483
99.92,-0.00507
99.93,-0.00528
99.94,-0.00543
99.95,-0.00547
99.96,-0.00539
99.97,-0.00518
99.98,-0.00489
99.99,-0.00455
100,-0.00421
100.01,-0.00389
100.02,-0.00362
100.03,-0.0034
100.04,-0.00325
100.05,-0.00316
100.06,-0.00312
100.07,-0.00314
100.08,-0.0032
100.09,-0.00328
100.1,-0.00335
100.11,-0.0034
100.12,-0.0034
100.13,-0.00335
100.14,-0.00323
100.15,-0.00308
100.16,-0.00292
100.17,-0.00276
100.18,-0.00262
100.19,-0.00252
100.2,-0.00246
100.21,-0.00244
100.22,-0.00246
100.23,-0.00251
100.24,-0.00259
100.25,-0.00268
100.26,-0.00276
100.27,-0.00281
100.28,-0.00281
100.29,-0.00275
100.3,-0.00262
100.31,-0.00244
100.32,-0.00223
100.33,-0.00202
100.34,-0.0018
100.35,-0.0016
100.36,-0.00142
100.37,-0.00126
100.38,-0.00111
100.39,-9.934E-4
100.4,-8.917E-4
100.41,-8.073E-4
100.42,-7.382E-4
100.43,-6.825E-4
100.44,-6.385E-4
100.45,-6.045E-4
100.46,-5.791E-4
100.47,-5.609E-4
100.48,-5.489E-4
100.49,-5.417E-4
100.5,-5.382E-4
100.51,-5.367E-4
100.52,-5.352E-4
100.53,-5.317E-4
100.54,-5.24E-4
100.55,-5.111E-4
100.56,-4.929E-4
100.57,-4.706E-4
100.58,-4.457E-4
100.59,-4.202E-4
100.6,-3.953E-4
100.61,-3.719E-4
100.62,-3.505E-4
100.63,-3.314E-4
100.64,-3.146E-4
100.65,-3E-4
100.66,-2.876E-4
100.67,-2.77E-4
100.68,-2.683E-4
100.69,-2.612E-4
100.7,-2.555E-4
100.71,-2.512E-4
100.72,-2.48E-4
100.73,-2.461E-4
100.74,-2.453E-4
100.75,-2.457E-4
100.76,-2.472E-4
100.77,-2.5E-4
100.78,-2.542E-4
100.79,-2.596E-4
100.8,-2.664E-4
100.81,-2.746E-4
100.82,-2.84E-4
100.83,-2.944E-4
100.84,-3.053E-4
100.85,-3.163E-4
100.86,-3.264E-4
100.87,-3.348E-4
100.88,-3.408E-4
100.89,-3.444E-4
100.9,-3.461E-4
100.91,-3.467E-4
100.92,-3.475E-4
100.93,-3.495E-4
100.94,-3.533E-4
100.95,-3.602E-4
100.96,-3.707E-4
100.97,-3.856E-4
100.98,-4.057E-4
100.99,-4.321E-4
101,-4.659E-4
101.01,-5.084E-4
101.02,-5.613E-4
101.03,-6.261E-4
101.04,-7.043E-4
101.05,-7.975E-4
101.06,-9.068E-4
101.07,-0.00103
101.08,-0.00117
101.09,-0.00133
101.1,-0.0015
101.11,-0.00167
101.12,-0.00182
101.13,-0.00196
101.14,-0.00205
101.15,-0.00208
101.16,-0.00205
101.17,-0.00196
101.18,-0.00183
101.19,-0.00167
101.2,-0.00151
101.21,-0.00134
101.22,-0.00119
101.23,-0.00105
101.24,-9.285E-4
101.25,-8.232E-4
101.26,-7.342E-4
101.27,-6.604E-4
101.28,-6.005E-4
101.29,-5.531E-4
101.3,-5.168E-4
101.31,-4.903E-4
101.32,-4.726E-4
101.33,-4.631E-4
101.34,-4.614E-4
101.35,-4.672E-4
101.36,-4.808E-4
101.37,-5.024E-4
101.38,-5.323E-4
101.39,-5.711E-4
101.4,-6.189E-4
101.41,-6.758E-4
101.42,-7.413E-4
101.43,-8.143E-4
101.44,-8.918E-4
101.45,-9.697E-4
101.46,-0.00104
101.47,-0.0011
101.48,-0.00113
101.49,-0.00114
101.5,-0.00112
101.51,-0.00107
101.52,-9.961E-4
101.53,-9.148E-4
101.54,-8.299E-4
101.55,-7.47E-4
101.56,-6.696E-4
101.57,-5.995E-4
101.58,-5.374E-4
101.59,-4.836E-4
101.6,-4.377E-4
101.61,-3.989E-4
101.62,-3.666E-4
101.63,-3.4E-4
101.64,-3.182E-4
101.65,-3.004E-4
101.66,-2.86E-4
101.67,-2.743E-4
101.68,-2.648E-4
101.69,-2.572E-4
101.7,-2.511E-4
101.71,-2.462E-4
101.72,-2.423E-4
101.73,-2.394E-4
101.74,-2.372E-4
101.75,-2.357E-4
101.76,-2.349E-4
101.77,-2.346E-4
101.78,-2.349E-4
101.79,-2.357E-4
101.8,-2.37E-4
101.81,-2.388E-4
101.82,-2.41E-4
101.83,-2.438E-4
101.84,-2.47E-4
101.85,-2.507E-4
101.86,-2.548E-4
101.87,-2.595E-4
101.88,-2.647E-4
101.89,-2.705E-4
101.9,-2.768E-4
101.91,-2.837E-4
101.92,-2.913E-4
101.93,-2.996E-4
101.94,-3.086E-4
101.95,-3.185E-4
101.96,-3.292E-4
101.97,-3.408E-4
101.98,-3.535E-4
101.99,-3.673E-4
102,-3.823E-4
102.01,-3.988E-4
102.02,-4.167E-4
102.03,-4.364E-4
102.04,-4.58E-4
102.05,-4.817E-4
102.06,-5.078E-4
102.07,-5.367E-4
102.08,-5.687E-4
102.09,-6.045E-4
102.1,-6.446E-4
102.11,-6.899E-4
102.12,-7.414E-4
102.13,-8.005E-4
102.14,-8.691E-4
102.15,-9.493E-4
102.16,-0.00104
102.17,-0.00116
102.18,-0.00129
102.19,-0.00145
102.2,-0.00165
102.21,-0.00188
102.22,-0.00217
102.23,-0.0025
102.24,-0.00289
102.25,-0.00334
102.26,-0.00385
102.27,-0.00443
102.28,-0.00506
102.29,-0.00573
102.3,-0.0064
102.31,-0.00703
102.32,-0.00756
102.33,-0.00792
102.34,-0.00806
102.35,-0.00795
102.36,-0.00762
102.37,-0.00712
102.38,-0.00651
102.39,-0.00586
102.4,-0.0052
102.41,-0.00459
102.42,-0.00403
102.43,-0.00353
102.44,-0.00309
102.45,-0.00272
102.46,-0.00241
102.47,-0.00216
102.48,-0.00195
102.49,-0.00179
102.5,-0.00167
102.51,-0.00159
102.52,-0.00154
102.53,-0.00152
102.54,-0.00153
102.55,-0.00156
102.56,-0.00163
102.57,-0.00173
102.58,-0.00186
102.59,-0.00203
102.6,-0.00223
102.61,-0.00247
102.62,-0.00274
102.63,-0.00304
102.64,-0.00334
102.65,-0.00365
102.66,-0.00392
102.67,-0.00412
102.68,-0.00423
102.69,-0.00423
102.7,-0.00411
102.71,-0.00388
102.72,-0.00359
102.73,-0.00326
102.74,-0.00292
102.75,-0.00259
102.76,-0.00228
102.77,-0.002
102.78,-0.00175
102.79,-0.00153
102.8,-0.00134
102.81,-0.00118
102.82,-0.00104
102.83,-9.268E-4
102.84,-8.311E-4
102.85,-7.511E-4
102.86,-6.841E-4
102.87,-6.276E-4
102.88,-5.797E-4
102.89,-5.387E-4
102.9,-5.033E-4
102.91,-4.725E-4
102.92,-4.454E-4
102.93,-4.213E-4
102.94,-3.998E-4
102.95,-3.805E-4
102.96,-3.63E-4
102.97,-3.472E-4
102.98,-3.328E-4
102.99,-3.196E-4
103,-3.075E-4
103.01,-2.964E-4
103.02,-2.864E-4
103.03,-2.77E-4
103.04,-2.683E-4
103.05,-2.603E-4
103.06,-2.529E-4
103.07,-2.461E-4
103.08,-2.398E-4
103.09,-2.34E-4
103.1,-2.286E-4
103.11,-2.236E-4
103.12,-2.19E-4
103.13,-2.148E-4
103.14,-2.109E-4
103.15,-2.073E-4
103.16,-2.043E-4
103.17,-2.015E-4
103.18,-1.989E-4
103.19,-1.968E-4
103.2,-1.95E-4
103.21,-1.937E-4
103.22,-1.929E-4
103.23,-1.925E-4
103.24,-1.925E-4
103.25,-1.931E-4
103.26,-1.943E-4
103.27,-1.96E-4
103.28,-1.983E-4
103.29,-2.012E-4
103.3,-2.045E-4
103.31,-2.081E-4
103.32,-2.118E-4
103.33,-2.152E-4
103.34,-2.178E-4
103.35,-2.192E-4
103.36,-2.19E-4
103.37,-2.172E-4
103.38,-2.14E-4
103.39,-2.097E-4
103.4,-2.048E-4
103.41,-1.997E-4
103.42,-1.948E-4
103.43,-1.902E-4
103.44,-1.861E-4
103.45,-1.825E-4
103.46,-1.794E-4
103.47,-1.769E-4
103.48,-1.749E-4
103.49,-1.733E-4
103.5,-1.722E-4
103.51,-1.715E-4
103.52,-1.712E-4
103.53,-1.711E-4
103.54,-1.714E-4
103.55,-1.72E-4
103.56,-1.728E-4
103.57,-1.739E-4
103.58,-1.755E-4
103.59,-1.772E-4
103.6,-1.792E-4
103.61,-1.815E-4
103.62,-1.842E-4
103.63,-1.872E-4
103.64,-1.906E-4
103.65,-1.942E-4
103.66,-1.98E-4
103.67,-2.019E-4
103.68,-2.058E-4
103.69,-2.094E-4
103.7,-2.124E-4
103.71,-2.148E-4
103.72,-2.165E-4
103.73,-2.174E-4
103.74,-2.179E-4
103.75,-2.182E-4
103.76,-2.184E-4
103.77,-2.187E-4
103.78,-2.193E-4
103.79,-2.202E-4
103.8,-2.214E-4
103.81,-2.228E-4
103.82,-2.248E-4
103.83,-2.272E-4
103.84,-2.299E-4
103.85,-2.33E-4
103.86,-2.365E-4
103.87,-2.402E-4
103.88,-2.443E-4
103.89,-2.487E-4
103.9,-2.535E-4
103.91,-2.585E-4
103.92,-2.639E-4
103.93,-2.696E-4
103.94,-2.756E-4
103.95,-2.82E-4
103.96,-2.888E-4
103.97,-2.96E-4
103.98,-3.036E-4
103.99,-3.117E-4
104,-3.203E-4
104.01,-3.294E-4
104.02,-3.392E-4
104.03,-3.495E-4
104.04,-3.606E-4
104.05,-3.725E-4
104.06,-3.853E-4
104.07,-3.991E-4
104.08,-4.141E-4
104.09,-4.305E-4
104.1,-4.484E-4
104.11,-4.682E-4
104.12,-4.902E-4
104.13,-5.149E-4
104.14,-5.426E-4
104.15,-5.741E-4
104.16,-6.098E-4
104.17,-6.502E-4
104.18,-6.963E-4
104.19,-7.487E-4
104.2,-8.077E-4
104.21,-8.739E-4
104.22,-9.474E-4
104.23,-0.00103
104.24,-0.00111
104.25,-0.00121
104.26,-0.0013
104.27,-0.00139
104.28,-0.00147
104.29,-0.00154
104.3,-0.00159
104.31,-0.00163
104.32,-0.00164
104.33,-0.00165
104.34,-0.00165
104.35,-0.00165
104.36,-0.00166
104.37,-0.00167
104.38,-0.00171
104.39,-0.00176
104.4,-0.00183
104.41,-0.00193
104.42,-0.00206
104.43,-0.00221
104.44,-0.00241
104.45,-0.00265
104.46,-0.00295
104.47,-0.00331
104.48,-0.00374
104.49,-0.00426
104.5,-0.00487
104.51,-0.00558
104.52,-0.0064
104.53,-0.00733
104.54,-0.00838
104.55,-0.00951
104.56,-0.01071
104.57,-0.01194
104.58,-0.0131
104.59,-0.01412
104.6,-0.01488
104.61,-0.01527
104.62,-0.01526
104.63,-0.01483
104.64,-0.01407
104.65,-0.01307
104.66,-0.01193
104.67,-0.01075
104.68,-0.0096
104.69,-0.00851
104.7,-0.00752
104.71,-0.00663
104.72,-0.00586
104.73,-0.0052
104.74,-0.00464
104.75,-0.00418
104.76,-0.00381
104.77,-0.00351
104.78,-0.00329
104.79,-0.00313
104.8,-0.00303
104.81,-0.00298
104.82,-0.00299
104.83,-0.00304
104.84,-0.00316
104.85,-0.00332
104.86,-0.00355
104.87,-0.00383
104.88,-0.00417
104.89,-0.00458
104.9,-0.00504
104.91,-0.00556
104.92,-0.00611
104.93,-0.00667
104.94,-0.0072
104.95,-0.00766
104.96,-0.008
104.97,-0.00816
104.98,-0.00812
104.99,-0.00789
105,-0.0075
105.01,-0.007
105.02,-0.00645
105.03,-0.00588
105.04,-0.00534
105.05,-0.00485
105.06,-0.00441
105.07,-0.00405
105.08,-0.00375
105.09,-0.00352
105.1,-0.00336
105.11,-0.00327
105.12,-0.00325
105.13,-0.00328
105.14,-0.00337
105.15,-0.0035
105.16,-0.00367
105.17,-0.00387
105.18,-0.00407
105.19,-0.00425
105.2,-0.00438
105.21,-0.00445
105.22,-0.00442
105.23,-0.00431
105.24,-0.00411
105.25,-0.00386
105.26,-0.00357
105.27,-0.00327
105.28,-0.00297
105.29,-0.00269
105.3,-0.00244
105.31,-0.00221
105.32,-0.00201
105.33,-0.00184
105.34,-0.00169
105.35,-0.00157
105.36,-0.00148
105.37,-0.0014
105.38,-0.00134
105.39,-0.0013
105.4,-0.00127
105.41,-0.00126
105.42,-0.00126
105.43,-0.00127
105.44,-0.0013
105.45,-0.00134
105.46,-0.0014
105.47,-0.00147
105.48,-0.00157
105.49,-0.00167
105.5,-0.0018
105.51,-0.00194
105.52,-0.00209
105.53,-0.00226
105.54,-0.00244
105.55,-0.00261
105.56,-0.00276
105.57,-0.0029
105.58,-0.00301
105.59,-0.00308
105.6,-0.00313
105.61,-0.00317
105.62,-0.00321
105.63,-0.00327
105.64,-0.00338
105.65,-0.00352
105.66,-0.00373
105.67,-0.004
105.68,-0.00433
105.69,-0.00472
105.7,-0.00518
105.71,-0.00567
105.72,-0.00619
105.73,-0.0067
105.74,-0.00715
105.75,-0.00751
105.76,-0.0077
105.77,-0.00772
105.78,-0.00754
105.79,-0.00719
105.8,-0.00671
105.81,-0.00616
105.82,-0.00558
105.83,-0.00501
105.84,-0.00447
105.85,-0.00397
105.86,-0.00352
105.87,-0.00312
105.88,-0.00278
105.89,-0.00249
105.9,-0.00224
105.91,-0.00204
105.92,-0.00188
105.93,-0.00175
105.94,-0.00165
105.95,-0.00158
105.96,-0.00154
105.97,-0.00152
105.98,-0.00153
105.99,-0.00156
106,-0.00161
106.01,-0.00169
106.02,-0.0018
106.03,-0.00194
106.04,-0.00211
106.05,-0.0023
106.06,-0.00252
106.07,-0.00276
106.08,-0.00302
106.09,-0.00329
106.1,-0.00354
106.11,-0.00376
106.12,-0.00391
106.13,-0.00399
106.14,-0.00397
106.15,-0.00386
106.16,-0.00367
106.17,-0.00343
106.18,-0.00315
106.19,-0.00286
106.2,-0.00258
106.21,-0.00232
106.22,-0.00208
106.23,-0.00186
106.24,-0.00167
106.25,-0.0015
106.26,-0.00136
106.27,-0.00123
106.28,-0.00112
106.29,-0.00102
106.3,-9.312E-4
106.31,-8.524E-4
106.32,-7.824E-4
106.33,-7.203E-4
106.34,-6.653E-4
106.35,-6.166E-4
106.36,-5.735E-4
106.37,-5.353E-4
106.38,-5.013E-4
106.39,-4.712E-4
106.4,-4.443E-4
106.41,-4.203E-4
106.42,-3.989E-4
106.43,-3.797E-4
106.44,-3.625E-4
106.45,-3.471E-4
106.46,-3.332E-4
106.47,-3.208E-4
106.48,-3.097E-4
106.49,-2.998E-4
106.5,-2.911E-4
106.51,-2.835E-4
106.52,-2.77E-4
106.53,-2.713E-4
106.54,-2.668E-4
106.55,-2.634E-4
106.56,-2.61E-4
106.57,-2.595E-4
106.58,-2.588E-4
106.59,-2.588E-4
106.6,-2.593E-4
106.61,-2.598E-4
106.62,-2.6E-4
106.63,-2.593E-4
106.64,-2.571E-4
106.65,-2.532E-4
106.66,-2.475E-4
106.67,-2.401E-4
106.68,-2.315E-4
106.69,-2.222E-4
106.7,-2.127E-4
106.71,-2.032E-4
106.72,-1.942E-4
106.73,-1.86E-4
106.74,-1.781E-4
106.75,-1.71E-4
106.76,-1.644E-4
106.77,-1.585E-4
106.78,-1.531E-4
106.79,-1.483E-4
106.8,-1.439E-4
106.81,-1.399E-4
106.82,-1.363E-4
106.83,-1.33E-4
106.84,-1.3E-4
106.85,-1.272E-4
106.86,-1.245E-4
106.87,-1.221E-4
106.88,-1.198E-4
106.89,-1.176E-4
106.9,-1.156E-4
106.91,-1.136E-4
106.92,-1.117E-4
106.93,-1.099E-4
106.94,-1.082E-4
106.95,-1.066E-4
106.96,-1.05E-4
106.97,-1.035E-4
106.98,-1.021E-4
106.99,-1.007E-4
107,-9.94E-5
107.01,-9.8E-5
107.02,-9.68E-5
107.03,-9.56E-5
107.04,-9.44E-5
107.05,-9.33E-5
107.06,-9.23E-5
107.07,-9.12E-5
107.08,-9.02E-5
107.09,-8.93E-5
107.1,-8.83E-5
107.11,-8.74E-5
107.12,-8.66E-5
107.13,-8.57E-5
107.14,-8.49E-5
107.15,-8.41E-5
107.16,-8.34E-5
107.17,-8.27E-5
107.18,-8.2E-5
107.19,-8.13E-5
107.2,-8.07E-5
107.21,-8.01E-5
107.22,-7.95E-5
107.23,-7.9E-5
107.24,-7.85E-5
107.25,-7.8E-5
107.26,-7.75E-5
107.27,-7.71E-5
107.28,-7.66E-5
107.29,-7.63E-5
107.3,-7.59E-5
107.31,-7.56E-5
107.32,-7.53E-5
107.33,-7.5E-5
107.34,-7.48E-5
107.35,-7.46E-5
107.36,-7.44E-5
107.37,-7.43E-5
107.38,-7.42E-5
107.39,-7.41E-5
107.4,-7.41E-5
107.41,-7.41E-5
107.42,-7.42E-5
107.43,-7.43E-5
107.44,-7.45E-5
107.45,-7.47E-5
107.46,-7.5E-5
107.47,-7.54E-5
107.48,-7.58E-5
107.49,-7.64E-5
107.5,-7.7E-5
107.51,-7.77E-5
107.52,-7.85E-5
107.53,-7.94E-5
107.54,-8.05E-5
107.55,-8.18E-5
107.56,-8.32E-5
107.57,-8.49E-5
107.58,-8.69E-5
107.59,-8.92E-5
107.6,-9.18E-5
107.61,-9.5E-5
107.62,-9.87E-5
107.63,-1.031E-4
107.64,-1.084E-4
107.65,-1.147E-4
107.66,-1.222E-4
107.67,-1.311E-4
107.68,-1.416E-4
107.69,-1.539E-4
107.7,-1.679E-4
107.71,-1.842E-4
107.72,-2.027E-4
107.73,-2.234E-4
107.74,-2.461E-4
107.75,-2.704E-4
107.76,-2.957E-4
107.77,-3.209E-4
107.78,-3.444E-4
107.79,-3.645E-4
107.8,-3.789E-4
107.81,-3.861E-4
107.82,-3.85E-4
107.83,-3.758E-4
107.84,-3.599E-4
107.85,-3.391E-4
107.86,-3.155E-4
107.87,-2.91E-4
107.88,-2.665E-4
107.89,-2.437E-4
107.9,-2.23E-4
107.91,-2.043E-4
107.92,-1.88E-4
107.93,-1.741E-4
107.94,-1.625E-4
107.95,-1.531E-4
107.96,-1.455E-4
107.97,-1.401E-4
107.98,-1.366E-4
107.99,-1.347E-4
108,-1.344E-4
108.01,-1.355E-4
108.02,-1.38E-4
108.03,-1.417E-4
108.04,-1.465E-4
108.05,-1.523E-4
108.06,-1.589E-4
108.07,-1.658E-4
108.08,-1.73E-4
108.09,-1.802E-4
108.1,-1.873E-4
108.11,-1.944E-4
108.12,-2.017E-4
108.13,-2.092E-4
108.14,-2.17E-4
108.15,-2.247E-4
108.16,-2.319E-4
108.17,-2.378E-4
108.18,-2.414E-4
108.19,-2.419E-4
108.2,-2.387E-4
108.21,-2.318E-4
108.22,-2.219E-4
108.23,-2.099E-4
108.24,-1.964E-4
108.25,-1.826E-4
108.26,-1.69E-4
108.27,-1.562E-4
108.28,-1.444E-4
108.29,-1.338E-4
108.3,-1.245E-4
108.31,-1.164E-4
108.32,-1.094E-4
108.33,-1.036E-4
108.34,-9.88E-5
108.35,-9.5E-5
108.36,-9.2E-5
108.37,-8.98E-5
108.38,-8.83E-5
108.39,-8.74E-5
108.4,-8.7E-5
108.41,-8.7E-5
108.42,-8.74E-5
108.43,-8.79E-5
108.44,-8.85E-5
108.45,-8.9E-5
108.46,-8.93E-5
108.47,-8.9E-5
108.48,-8.8E-5
108.49,-8.67E-5
108.5,-8.5E-5
108.51,-8.3E-5
108.52,-8.08E-5
108.53,-7.85E-5
108.54,-7.64E-5
108.55,-7.43E-5
108.56,-7.25E-5
108.57,-7.08E-5
108.58,-6.94E-5
108.59,-6.81E-5
108.6,-6.7E-5
108.61,-6.62E-5
108.62,-6.55E-5
108.63,-6.49E-5
108.64,-6.45E-5
108.65,-6.42E-5
108.66,-6.41E-5
108.67,-6.4E-5
108.68,-6.4E-5
108.69,-6.42E-5
108.7,-6.43E-5
108.71,-6.46E-5
108.72,-6.49E-5
108.73,-6.53E-5
108.74,-6.58E-5
108.75,-6.63E-5
108.76,-6.69E-5
108.77,-6.76E-5
108.78,-6.83E-5
108.79,-6.91E-5
108.8,-7E-5
108.81,-7.1E-5
108.82,-7.23E-5
108.83,-7.35E-5
108.84,-7.48E-5
108.85,-7.62E-5
108.86,-7.77E-5
108.87,-7.94E-5
108.88,-8.13E-5
108.89,-8.33E-5
108.9,-8.56E-5
108.91,-8.81E-5
108.92,-9.1E-5
108.93,-9.42E-5
108.94,-9.78E-5
108.95,-1.019E-4
108.96,-1.067E-4
108.97,-1.123E-4
108.98,-1.187E-4
108.99,-1.263E-4
109,-1.348E-4
109.01,-1.452E-4
109.02,-1.574E-4
109.03,-1.716E-4
109.04,-1.88E-4
109.05,-2.069E-4
109.06,-2.284E-4
109.07,-2.527E-4
109.08,-2.797E-4
109.09,-3.093E-4
109.1,-3.41E-4
109.11,-3.743E-4
109.12,-4.075E-4
109.13,-4.393E-4
109.14,-4.672E-4
109.15,-4.89E-4
109.16,-5.02E-4
109.17,-5.047E-4
109.18,-4.971E-4
109.19,-4.802E-4
109.2,-4.561E-4
109.21,-4.275E-4
109.22,-3.966E-4
109.23,-3.653E-4
109.24,-3.352E-4
109.25,-3.071E-4
109.26,-2.814E-4
109.27,-2.586E-4
109.28,-2.386E-4
109.29,-2.213E-4
109.3,-2.068E-4
109.31,-1.947E-4
109.32,-1.849E-4
109.33,-1.772E-4
109.34,-1.714E-4
109.35,-1.673E-4
109.36,-1.647E-4
109.37,-1.636E-4
109.38,-1.639E-4
109.39,-1.656E-4
109.4,-1.685E-4
109.41,-1.729E-4
109.42,-1.787E-4
109.43,-1.859E-4
109.44,-1.947E-4
109.45,-2.051E-4
109.46,-2.171E-4
109.47,-2.307E-4
109.48,-2.457E-4
109.49,-2.621E-4
109.5,-2.794E-4
109.51,-2.971E-4
109.52,-3.143E-4
109.53,-3.3E-4
109.54,-3.43E-4
109.55,-3.52E-4
109.56,-3.564E-4
109.57,-3.559E-4
109.58,-3.51E-4
109.59,-3.427E-4
109.6,-3.324E-4
109.61,-3.211E-4
109.62,-3.099E-4
109.63,-2.995E-4
109.64,-2.907E-4
109.65,-2.834E-4
109.66,-2.78E-4
109.67,-2.747E-4
109.68,-2.736E-4
109.69,-2.746E-4
109.7,-2.78E-4
109.71,-2.837E-4
109.72,-2.92E-4
109.73,-3.031E-4
109.74,-3.171E-4
109.75,-3.346E-4
109.76,-3.558E-4
109.77,-3.815E-4
109.78,-4.123E-4
109.79,-4.486E-4
109.8,-4.913E-4
109.81,-5.411E-4
109.82,-5.99E-4
109.83,-6.654E-4
109.84,-7.409E-4
109.85,-8.259E-4
109.86,-9.201E-4
109.87,-0.00102
109.88,-0.00113
109.89,-0.00125
109.9,-0.00136
109.91,-0.00147
109.92,-0.00157
109.93,-0.00164
109.94,-0.0017
109.95,-0.00172
109.96,-0.00172
109.97,-0.00169
109.98,-0.00164
109.99,-0.00158
110,-0.0015
110.01,-0.00141
110.02,-0.00131
110.03,-0.00121
110.04,-0.00112
110.05,-0.00103
110.06,-9.467E-4
110.07,-8.735E-4
110.08,-8.095E-4
110.09,-7.549E-4
110.1,-7.096E-4
110.11,-6.732E-4
110.12,-6.451E-4
110.13,-6.249E-4
110.14,-6.123E-4
110.15,-6.068E-4
110.16,-6.083E-4
110.17,-6.167E-4
110.18,-6.321E-4
110.19,-6.547E-4
110.2,-6.849E-4
110.21,-7.231E-4
110.22,-7.701E-4
110.23,-8.265E-4
110.24,-8.93E-4
110.25,-9.703E-4
110.26,-0.00106
110.27,-0.00116
110.28,-0.00127
110.29,-0.00139
110.3,-0.00152
110.31,-0.00166
110.32,-0.0018
110.33,-0.00193
110.34,-0.00207
110.35,-0.00219
110.36,-0.00231
110.37,-0.00241
110.38,-0.0025
110.39,-0.00256
110.4,-0.0026
110.41,-0.00261
110.42,-0.0026
110.43,-0.00258
110.44,-0.00255
110.45,-0.00252
110.46,-0.0025
110.47,-0.00251
110.48,-0.00254
110.49,-0.0026
110.5,-0.00268
110.51,-0.00279
110.52,-0.00292
110.53,-0.00306
110.54,-0.00321
110.55,-0.00335
110.56,-0.00348
110.57,-0.00359
110.58,-0.00367
110.59,-0.00373
110.6,-0.00376
110.61,-0.00375
110.62,-0.0037
110.63,-0.00362
110.64,-0.00349
110.65,-0.00333
110.66,-0.00314
110.67,-0.00293
110.68,-0.00273
110.69,-0.00253
110.7,-0.00234
110.71,-0.00218
110.72,-0.00204
110.73,-0.00192
110.74,-0.00182
110.75,-0.00175
110.76,-0.00169
110.77,-0.00165
110.78,-0.00161
110.79,-0.00159
110.8,-0.00156
110.81,-0.00154
110.82,-0.00151
110.83,-0.00148
110.84,-0.00145
110.85,-0.00143
110.86,-0.00141
110.87,-0.00141
110.88,-0.00142
110.89,-0.00144
110.9,-0.00147
110.91,-0.00152
110.92,-0.00158
110.93,-0.00164
110.94,-0.00171
110.95,-0.00178
110.96,-0.00184
110.97,-0.00188
110.98,-0.00192
110.99,-0.00194
111,-0.00195
111.01,-0.00194
111.02,-0.00192
111.03,-0.00187
111.04,-0.0018
111.05,-0.00171
111.06,-0.00161
111.07,-0.00149
111.08,-0.00137
111.09,-0.00125
111.1,-0.00114
111.11,-0.00103
111.12,-9.267E-4
111.13,-8.349E-4
111.14,-7.522E-4
111.15,-6.786E-4
111.16,-6.136E-4
111.17,-5.565E-4
111.18,-5.067E-4
111.19,-4.633E-4
111.2,-4.257E-4
111.21,-3.931E-4
111.22,-3.648E-4
111.23,-3.402E-4
111.24,-3.187E-4
111.25,-2.999E-4
111.26,-2.833E-4
111.27,-2.686E-4
111.28,-2.554E-4
111.29,-2.438E-4
111.3,-2.331E-4
111.31,-2.235E-4
111.32,-2.148E-4
111.33,-2.068E-4
111.34,-1.996E-4
111.35,-1.929E-4
111.36,-1.869E-4
111.37,-1.814E-4
111.38,-1.763E-4
111.39,-1.717E-4
111.4,-1.675E-4
111.41,-1.637E-4
111.42,-1.603E-4
111.43,-1.571E-4
111.44,-1.542E-4
111.45,-1.515E-4
111.46,-1.489E-4
111.47,-1.463E-4
111.48,-1.437E-4
111.49,-1.41E-4
111.5,-1.381E-4
111.51,-1.351E-4
111.52,-1.32E-4
111.53,-1.288E-4
111.54,-1.257E-4
111.55,-1.226E-4
111.56,-1.196E-4
111.57,-1.168E-4
111.58,-1.141E-4
111.59,-1.116E-4
111.6,-1.093E-4
111.61,-1.071E-4
111.62,-1.05E-4
111.63,-1.031E-4
111.64,-1.013E-4
111.65,-9.97E-5
111.66,-9.81E-5
111.67,-9.67E-5
111.68,-9.54E-5
111.69,-9.41E-5
111.7,-9.29E-5
111.71,-9.18E-5
111.72,-9.08E-5
111.73,-8.98E-5
111.74,-8.89E-5
111.75,-8.8E-5
111.76,-8.72E-5
111.77,-8.64E-5
111.78,-8.57E-5
111.79,-8.51E-5
111.8,-8.44E-5
111.81,-8.39E-5
111.82,-8.33E-5
111.83,-8.28E-5
111.84,-8.25E-5
111.85,-8.21E-5
111.86,-8.17E-5
111.87,-8.13E-5
111.88,-8.1E-5
111.89,-8.07E-5
111.9,-8.04E-5
111.91,-8.02E-5
111.92,-8E-5
111.93,-7.99E-5
111.94,-7.97E-5
111.95,-7.96E-5
111.96,-7.96E-5
111.97,-7.95E-5
111.98,-7.96E-5
111.99,-7.96E-5
112,-7.97E-5
112.01,-7.98E-5
112.02,-8E-5
112.03,-8.02E-5
112.04,-8.04E-5
112.05,-8.07E-5
112.06,-8.1E-5
112.07,-8.13E-5
112.08,-8.19E-5
112.09,-8.23E-5
112.1,-8.28E-5
112.11,-8.34E-5
112.12,-8.4E-5
112.13,-8.47E-5
112.14,-8.54E-5
112.15,-8.62E-5
112.16,-8.7E-5
112.17,-8.79E-5
112.18,-8.89E-5
112.19,-9E-5
112.2,-9.11E-5
112.21,-9.24E-5
112.22,-9.37E-5
112.23,-9.52E-5
112.24,-9.67E-5
112.25,-9.85E-5
112.26,-1.003E-4
112.27,-1.023E-4
112.28,-1.044E-4
112.29,-1.067E-4
112.3,-1.091E-4
112.31,-1.118E-4
112.32,-1.147E-4
112.33,-1.179E-4
112.34,-1.215E-4
112.35,-1.252E-4
112.36,-1.293E-4
112.37,-1.338E-4
112.38,-1.388E-4
112.39,-1.443E-4
112.4,-1.505E-4
112.41,-1.575E-4
112.42,-1.653E-4
112.43,-1.741E-4
112.44,-1.841E-4
112.45,-1.957E-4
112.46,-2.091E-4
112.47,-2.246E-4
112.48,-2.427E-4
112.49,-2.638E-4
112.5,-2.883E-4
112.51,-3.168E-4
112.52,-3.499E-4
112.53,-3.88E-4
112.54,-4.316E-4
112.55,-4.812E-4
112.56,-5.369E-4
112.57,-5.99E-4
112.58,-6.672E-4
112.59,-7.409E-4
112.6,-8.19E-4
112.61,-8.997E-4
112.62,-9.801E-4
112.63,-0.00106
112.64,-0.00112
112.65,-0.00118
112.66,-0.00121
112.67,-0.00122
112.68,-0.0012
112.69,-0.00117
112.7,-0.00111
112.71,-0.00104
112.72,-9.69E-4
112.73,-8.909E-4
112.74,-8.136E-4
112.75,-7.395E-4
112.76,-6.705E-4
112.77,-6.075E-4
112.78,-5.507E-4
112.79,-5.007E-4
112.8,-4.572E-4
112.81,-4.199E-4
112.82,-3.885E-4
112.83,-3.625E-4
112.84,-3.415E-4
112.85,-3.251E-4
112.86,-3.128E-4
112.87,-3.044E-4
112.88,-2.995E-4
112.89,-2.979E-4
112.9,-2.993E-4
112.91,-3.037E-4
112.92,-3.108E-4
112.93,-3.205E-4
112.94,-3.328E-4
112.95,-3.475E-4
112.96,-3.648E-4
112.97,-3.848E-4
112.98,-4.075E-4
112.99,-4.331E-4
113,-4.616E-4
113.01,-4.927E-4
113.02,-5.26E-4
113.03,-5.605E-4
113.04,-5.947E-4
113.05,-6.266E-4
113.06,-6.538E-4
113.07,-6.734E-4
113.08,-6.833E-4
113.09,-6.82E-4
113.1,-6.691E-4
113.11,-6.46E-4
113.12,-6.147E-4
113.13,-5.777E-4
113.14,-5.377E-4
113.15,-4.968E-4
113.16,-4.566E-4
113.17,-4.183E-4
113.18,-3.826E-4
113.19,-3.5E-4
113.2,-3.205E-4
113.21,-2.943E-4
113.22,-2.712E-4
113.23,-2.51E-4
113.24,-2.337E-4
113.25,-2.188E-4
113.26,-2.063E-4
113.27,-1.957E-4
113.28,-1.869E-4
113.29,-1.797E-4
113.3,-1.737E-4
113.31,-1.688E-4
113.32,-1.649E-4
113.33,-1.616E-4
113.34,-1.588E-4
113.35,-1.564E-4
113.36,-1.541E-4
113.37,-1.518E-4
113.38,-1.495E-4
113.39,-1.47E-4
113.4,-1.445E-4
113.41,-1.419E-4
113.42,-1.392E-4
113.43,-1.367E-4
113.44,-1.34E-4
113.45,-1.318E-4
113.46,-1.298E-4
113.47,-1.28E-4
113.48,-1.264E-4
113.49,-1.251E-4
113.5,-1.24E-4
113.51,-1.228E-4
113.52,-1.221E-4
113.53,-1.216E-4
113.54,-1.213E-4
113.55,-1.211E-4
113.56,-1.211E-4
113.57,-1.212E-4
113.58,-1.215E-4
113.59,-1.219E-4
113.6,-1.225E-4
113.61,-1.232E-4
113.62,-1.24E-4
113.63,-1.25E-4
113.64,-1.26E-4
113.65,-1.272E-4
113.66,-1.286E-4
113.67,-1.3E-4
113.68,-1.316E-4
113.69,-1.334E-4
113.7,-1.353E-4
113.71,-1.374E-4
113.72,-1.397E-4
113.73,-1.422E-4
113.74,-1.449E-4
113.75,-1.478E-4
113.76,-1.511E-4
113.77,-1.546E-4
113.78,-1.585E-4
113.79,-1.627E-4
113.8,-1.675E-4
113.81,-1.728E-4
113.82,-1.787E-4
113.83,-1.854E-4
113.84,-1.93E-4
113.85,-2.016E-4
113.86,-2.116E-4
113.87,-2.23E-4
113.88,-2.362E-4
113.89,-2.514E-4
113.9,-2.689E-4
113.91,-2.891E-4
113.92,-3.122E-4
113.93,-3.386E-4
113.94,-3.685E-4
113.95,-4.022E-4
113.96,-4.394E-4
113.97,-4.808E-4
113.98,-5.259E-4
113.99,-5.743E-4
114,-6.251E-4
114.01,-6.771E-4
114.02,-7.285E-4
114.03,-7.767E-4
114.04,-8.189E-4
114.05,-8.519E-4
114.06,-8.728E-4
114.07,-8.797E-4
114.08,-8.723E-4
114.09,-8.516E-4
114.1,-8.2E-4
114.11,-7.803E-4
114.12,-7.356E-4
114.13,-6.885E-4
114.14,-6.412E-4
114.15,-5.954E-4
114.16,-5.522E-4
114.17,-5.122E-4
114.18,-4.76E-4
114.19,-4.439E-4
114.2,-4.156E-4
114.21,-3.911E-4
114.22,-3.702E-4
114.23,-3.527E-4
114.24,-3.384E-4
114.25,-3.27E-4
114.26,-3.182E-4
114.27,-3.119E-4
114.28,-3.078E-4
114.29,-3.059E-4
114.3,-3.059E-4
114.31,-3.079E-4
114.32,-3.118E-4
114.33,-3.177E-4
114.34,-3.256E-4
114.35,-3.354E-4
114.36,-3.474E-4
114.37,-3.616E-4
114.38,-3.78E-4
114.39,-3.967E-4
114.4,-4.175E-4
114.41,-4.404E-4
114.42,-4.651E-4
114.43,-4.912E-4
114.44,-5.18E-4
114.45,-5.446E-4
114.46,-5.696E-4
114.47,-5.917E-4
114.48,-6.093E-4
114.49,-6.21E-4
114.5,-6.26E-4
114.51,-6.242E-4
114.52,-6.16E-4
114.53,-6.028E-4
114.54,-5.859E-4
114.55,-5.667E-4
114.56,-5.467E-4
114.57,-5.267E-4
114.58,-5.076E-4
114.59,-4.9E-4
114.6,-4.743E-4
114.61,-4.605E-4
114.62,-4.488E-4
114.63,-4.393E-4
114.64,-4.318E-4
114.65,-4.263E-4
114.66,-4.227E-4
114.67,-4.207E-4
114.68,-4.204E-4
114.69,-4.216E-4
114.7,-4.24E-4
114.71,-4.277E-4
114.72,-4.326E-4
114.73,-4.384E-4
114.74,-4.453E-4
114.75,-4.53E-4
114.76,-4.616E-4
114.77,-4.711E-4
114.78,-4.814E-4
114.79,-4.923E-4
114.8,-5.043E-4
114.81,-5.172E-4
114.82,-5.31E-4
114.83,-5.456E-4
114.84,-5.613E-4
114.85,-5.779E-4
114.86,-5.957E-4
114.87,-6.145E-4
114.88,-6.346E-4
114.89,-6.56E-4
114.9,-6.787E-4
114.91,-7.03E-4
114.92,-7.288E-4
114.93,-7.564E-4
114.94,-7.859E-4
114.95,-8.174E-4
114.96,-8.511E-4
114.97,-8.873E-4
114.98,-9.261E-4
114.99,-9.678E-4
115,-0.00101
115.01,-0.00106
115.02,-0.00111
115.03,-0.00117
115.04,-0.00123
115.05,-0.0013
115.06,-0.00138
115.07,-0.00146
115.08,-0.00155
115.09,-0.00165
115.1,-0.00177
115.11,-0.0019
115.12,-0.00205
115.13,-0.00222
115.14,-0.00241
115.15,-0.00264
115.16,-0.0029
115.17,-0.00319
115.18,-0.00354
115.19,-0.00393
115.2,-0.00438
115.21,-0.00489
115.22,-0.00547
115.23,-0.00612
115.24,-0.00685
115.25,-0.00765
115.26,-0.00852
115.27,-0.00945
115.28,-0.01043
115.29,-0.01144
115.3,-0.01245
115.31,-0.01341
115.32,-0.01427
115.33,-0.01498
115.34,-0.01548
115.35,-0.01574
115.36,-0.01574
115.37,-0.0155
115.38,-0.01506
115.39,-0.01448
115.4,-0.01381
115.41,-0.01312
115.42,-0.01244
115.43,-0.0118
115.44,-0.01122
115.45,-0.01071
115.46,-0.01028
115.47,-0.0099
115.48,-0.00957
115.49,-0.00927
115.5,-0.00897
115.51,-0.00866
115.52,-0.00833
115.53,-0.00798
115.54,-0.00762
115.55,-0.00724
115.56,-0.00687
115.57,-0.00652
115.58,-0.00619
115.59,-0.00589
115.6,-0.00563
115.61,-0.00541
115.62,-0.00524
115.63,-0.00512
115.64,-0.00506
115.65,-0.00505
115.66,-0.00511
115.67,-0.00522
115.68,-0.00539
115.69,-0.00562
115.7,-0.0059
115.71,-0.00623
115.72,-0.0066
115.73,-0.007
115.74,-0.0074
115.75,-0.00779
115.76,-0.00814
115.77,-0.00841
115.78,-0.0086
115.79,-0.00866
115.8,-0.00861
115.81,-0.00844
115.82,-0.00818
115.83,-0.00784
115.84,-0.00748
115.85,-0.00709
115.86,-0.00672
115.87,-0.00636
115.88,-0.00604
115.89,-0.00575
115.9,-0.0055
115.91,-0.00528
115.92,-0.00508
115.93,-0.0049
115.94,-0.00471
115.95,-0.00453
115.96,-0.00433
115.97,-0.00412
115.98,-0.0039
115.99,-0.00368
116,-0.00345
116.01,-0.00322
116.02,-0.003
116.03,-0.00278
116.04,-0.00258
116.05,-0.00239
116.06,-0.00221
116.07,-0.00205
116.08,-0.0019
116.09,-0.00176
116.1,-0.00164
116.11,-0.00153
116.12,-0.00143
116.13,-0.00134
116.14,-0.00126
116.15,-0.0012
116.16,-0.00114
116.17,-0.00109
116.18,-0.00105
116.19,-0.00101
116.2,-9.785E-4
116.21,-9.542E-4
116.22,-9.357E-4
116.23,-9.226E-4
116.24,-9.151E-4
116.25,-9.129E-4
116.26,-9.161E-4
116.27,-9.248E-4
116.28,-9.39E-4
116.29,-9.587E-4
116.3,-9.838E-4
116.31,-0.00101
116.32,-0.00105
116.33,-0.00109
116.34,-0.00113
116.35,-0.00117
116.36,-0.00122
116.37,-0.00126
116.38,-0.00129
116.39,-0.00132
116.4,-0.00133
116.41,-0.00133
116.42,-0.00132
116.43,-0.00129
116.44,-0.00125
116.45,-0.0012
116.46,-0.00115
116.47,-0.0011
116.48,-0.00104
116.49,-9.916E-4
116.5,-9.436E-4
116.51,-8.998E-4
116.52,-8.605E-4
116.53,-8.262E-4
116.54,-7.969E-4
116.55,-7.726E-4
116.56,-7.533E-4
116.57,-7.389E-4
116.58,-7.294E-4
116.59,-7.248E-4
116.6,-7.248E-4
116.61,-7.296E-4
116.62,-7.394E-4
116.63,-7.544E-4
116.64,-7.751E-4
116.65,-8.019E-4
116.66,-8.356E-4
116.67,-8.769E-4
116.68,-9.267E-4
116.69,-9.862E-4
116.7,-0.00106
116.71,-0.00114
116.72,-0.00123
116.73,-0.00134
116.74,-0.00147
116.75,-0.00161
116.76,-0.00177
116.77,-0.00195
116.78,-0.00214
116.79,-0.00235
116.8,-0.00258
116.81,-0.00281
116.82,-0.00304
116.83,-0.00328
116.84,-0.00349
116.85,-0.00368
116.86,-0.00383
116.87,-0.00392
116.88,-0.00395
116.89,-0.00392
116.9,-0.00383
116.91,-0.00368
116.92,-0.00349
116.93,-0.00328
116.94,-0.00304
116.95,-0.00281
116.96,-0.00257
116.97,-0.00235
116.98,-0.00214
116.99,-0.00194
117,-0.00177
117.01,-0.00161
117.02,-0.00146
117.03,-0.00134
117.04,-0.00123
117.05,-0.00114
117.06,-0.00106
117.07,-9.886E-4
117.08,-9.326E-4
117.09,-8.872E-4
117.1,-8.515E-4
117.11,-8.247E-4
117.12,-8.062E-4
117.13,-7.958E-4
117.14,-7.93E-4
117.15,-7.978E-4
117.16,-8.1E-4
117.17,-8.303E-4
117.18,-8.586E-4
117.19,-8.951E-4
117.2,-9.401E-4
117.21,-9.937E-4
117.22,-0.00106
117.23,-0.00113
117.24,-0.00121
117.25,-0.00129
117.26,-0.00139
117.27,-0.00148
117.28,-0.00158
117.29,-0.00167
117.3,-0.00176
117.31,-0.00183
117.32,-0.00188
117.33,-0.00191
117.34,-0.00191
117.35,-0.00188
117.36,-0.00182
117.37,-0.00174
117.38,-0.00165
117.39,-0.00155
117.4,-0.00144
117.41,-0.00133
117.42,-0.00122
117.43,-0.00112
117.44,-0.00103
117.45,-9.458E-4
117.46,-8.681E-4
117.47,-7.985E-4
117.48,-7.368E-4
117.49,-6.827E-4
117.5,-6.358E-4
117.51,-5.957E-4
117.52,-5.62E-4
117.53,-5.34E-4
117.54,-5.114E-4
117.55,-4.938E-4
117.56,-4.806E-4
117.57,-4.715E-4
117.58,-4.662E-4
117.59,-4.642E-4
117.6,-4.654E-4
117.61,-4.693E-4
117.62,-4.755E-4
117.63,-4.837E-4
117.64,-4.931E-4
117.65,-5.032E-4
117.66,-5.13E-4
117.67,-5.216E-4
117.68,-5.277E-4
117.69,-5.303E-4
117.7,-5.288E-4
117.71,-5.225E-4
117.72,-5.117E-4
117.73,-4.969E-4
117.74,-4.789E-4
117.75,-4.587E-4
117.76,-4.374E-4
117.77,-4.158E-4
117.78,-3.944E-4
117.79,-3.739E-4
117.8,-3.546E-4
117.81,-3.366E-4
117.82,-3.201E-4
117.83,-3.051E-4
117.84,-2.916E-4
117.85,-2.795E-4
117.86,-2.688E-4
117.87,-2.594E-4
117.88,-2.512E-4
117.89,-2.442E-4
117.9,-2.383E-4
117.91,-2.332E-4
117.92,-2.291E-4
117.93,-2.258E-4
117.94,-2.233E-4
117.95,-2.215E-4
117.96,-2.205E-4
117.97,-2.201E-4
117.98,-2.205E-4
117.99,-2.215E-4
118,-2.233E-4
118.01,-2.259E-4
118.02,-2.292E-4
118.03,-2.333E-4
118.04,-2.382E-4
118.05,-2.44E-4
118.06,-2.504E-4
118.07,-2.577E-4
118.08,-2.655E-4
118.09,-2.739E-4
118.1,-2.825E-4
118.11,-2.912E-4
118.12,-2.995E-4
118.13,-3.069E-4
118.14,-3.131E-4
118.15,-3.174E-4
118.16,-3.195E-4
118.17,-3.193E-4
118.18,-3.167E-4
118.19,-3.12E-4
118.2,-3.057E-4
118.21,-2.982E-4
118.22,-2.9E-4
118.23,-2.816E-4
118.24,-2.731E-4
118.25,-2.651E-4
118.26,-2.577E-4
118.27,-2.509E-4
118.28,-2.448E-4
118.29,-2.394E-4
118.3,-2.348E-4
118.31,-2.309E-4
118.32,-2.277E-4
118.33,-2.251E-4
118.34,-2.231E-4
118.35,-2.218E-4
118.36,-2.209E-4
118.37,-2.206E-4
118.38,-2.207E-4
118.39,-2.212E-4
118.4,-2.221E-4
118.41,-2.233E-4
118.42,-2.247E-4
118.43,-2.265E-4
118.44,-2.286E-4
118.45,-2.31E-4
118.46,-2.337E-4
118.47,-2.366E-4
118.48,-2.397E-4
118.49,-2.432E-4
118.5,-2.468E-4
118.51,-2.508E-4
118.52,-2.55E-4
118.53,-2.595E-4
118.54,-2.644E-4
118.55,-2.695E-4
118.56,-2.749E-4
118.57,-2.807E-4
118.58,-2.869E-4
118.59,-2.934E-4
118.6,-3.004E-4
118.61,-3.076E-4
118.62,-3.156E-4
118.63,-3.239E-4
118.64,-3.328E-4
118.65,-3.423E-4
118.66,-3.525E-4
118.67,-3.633E-4
118.68,-3.749E-4
118.69,-3.871E-4
118.7,-4.004E-4
118.71,-4.147E-4
118.72,-4.302E-4
118.73,-4.47E-4
118.74,-4.652E-4
118.75,-4.851E-4
118.76,-5.069E-4
118.77,-5.308E-4
118.78,-5.573E-4
118.79,-5.868E-4
118.8,-6.196E-4
118.81,-6.563E-4
118.82,-6.975E-4
118.83,-7.44E-4
118.84,-7.963E-4
118.85,-8.555E-4
118.86,-9.222E-4
118.87,-9.974E-4
118.88,-0.00108
118.89,-0.00118
118.9,-0.00128
118.91,-0.0014
118.92,-0.00153
118.93,-0.00167
118.94,-0.00183
118.95,-0.002
118.96,-0.00218
118.97,-0.00237
118.98,-0.00257
118.99,-0.00277
119,-0.00296
119.01,-0.00315
119.02,-0.00332
119.03,-0.00347
119.04,-0.00359
119.05,-0.00368
119.06,-0.00375
119.07,-0.0038
119.08,-0.00383
119.09,-0.00386
119.1,-0.00389
119.11,-0.00393
119.12,-0.00399
119.13,-0.00406
119.14,-0.00414
119.15,-0.00424
119.16,-0.00434
119.17,-0.00444
119.18,-0.00454
119.19,-0.00461
119.2,-0.00466
119.21,-0.00468
119.22,-0.00466
119.23,-0.00461
119.24,-0.00454
119.25,-0.00447
119.26,-0.00438
119.27,-0.00431
119.28,-0.00425
119.29,-0.00421
119.3,-0.00419
119.31,-0.0042
119.32,-0.00423
119.33,-0.00428
119.34,-0.00434
119.35,-0.00441
119.36,-0.00447
119.37,-0.00452
119.38,-0.00455
119.39,-0.00455
119.4,-0.00452
119.41,-0.00446
119.42,-0.00437
119.43,-0.00427
119.44,-0.00415
119.45,-0.00403
119.46,-0.00391
119.47,-0.00379
119.48,-0.00369
119.49,-0.00358
119.5,-0.00348
119.51,-0.00338
119.52,-0.00328
119.53,-0.00318
119.54,-0.00308
119.55,-0.00299
119.56,-0.0029
119.57,-0.00283
119.58,-0.00277
119.59,-0.00273
119.6,-0.0027
119.61,-0.00268
119.62,-0.00268
119.63,-0.00268
119.64,-0.0027
119.65,-0.00271
119.66,-0.00272
119.67,-0.00272
119.68,-0.00271
119.69,-0.00268
119.7,-0.00264
119.71,-0.00259
119.72,-0.00253
119.73,-0.00247
119.74,-0.00241
119.75,-0.00235
119.76,-0.00231
119.77,-0.00227
119.78,-0.00224
119.79,-0.00223
119.8,-0.00223
119.81,-0.00223
119.82,-0.00223
119.83,-0.00224
119.84,-0.00224
119.85,-0.00223
119.86,-0.0022
119.87,-0.00216
119.88,-0.0021
119.89,-0.00202
119.9,-0.00193
119.91,-0.00183
119.92,-0.00172
119.93,-0.00161
119.94,-0.0015
119.95,-0.00139
119.96,-0.00129
119.97,-0.0012
119.98,-0.00111
119.99,-0.00103