2.000000 6304.215000
2.010000 6041.240000
2.020000 6204.857500
2.030000 6455.727500
2.040000 6471.520000
2.050000 6304.495000
2.060000 6116.915000
2.070000 6031.300000
2.080000 5961.502500
2.090000 5848.222500
2.100000 6105.435000
2.110000 6175.362500
2.120000 6154.745000
2.130000 6179.275000
2.140000 6150.115000
2.150000 6331.255000
2.160000 6491.667500
2.170000 6435.832500
2.180000 6273.267500
2.190000 6196.610000
2.200000 6171.757500
2.210000 6104.982500
2.220000 6061.070000
2.230000 5886.842500
2.240000 6092.035000
2.250000 6290.175000
2.260000 6561.022500
2.270000 6343.875000
2.280000 6386.962500
2.290000 6575.175000
2.300000 6776.607500
2.310000 6639.655000
2.320000 6548.610000
2.330000 6453.725000
2.340000 6479.805000
2.350000 6525.262500
2.360000 6822.935000
2.370000 6809.830000
2.380000 6535.070000
2.390000 6636.577500
2.400000 6545.870000
2.410000 6522.720000
2.420000 6594.612500
2.430000 6528.207500
2.440000 6479.950000
2.450000 6475.742500
2.460000 6373.415000
2.470000 6380.635000
2.480000 6488.772500
2.490000 6705.947500
2.500000 6656.245000
2.510000 6324.375000
2.520000 6436.087500
2.530000 6195.927500
2.540000 6213.417500
2.550000 6429.590000
2.560000 6520.160000
2.570000 6592.820000
2.580000 6359.527500
2.590000 6370.155000
2.600000 6370.182500
2.610000 6244.317500
2.620000 6295.340000
2.630000 6117.942500
2.640000 5910.702500
2.650000 6064.545000
2.660000 6153.435000
2.670000 5970.657500
2.680000 5843.087500
2.690000 5666.062500
2.700000 5868.767500
2.710000 5729.447500
2.720000 5696.137500
2.730000 5745.945000
2.740000 5806.652500
2.750000 5937.997500
2.760000 5506.790000
2.770000 5593.422500
2.780000 5618.880000
2.790000 5654.695000
2.800000 5724.510000
2.810000 5717.582500
2.820000 5740.150000
2.830000 5868.242500
2.840000 5880.787500
2.850000 5446.757500
2.860000 5180.420000
2.870000 5543.050000
2.880000 5332.155000
2.890000 5293.705000
2.900000 5372.587500
2.910000 5263.960000
2.920000 5586.322500
2.930000 5183.410000
2.940000 5192.125000
2.950000 5274.870000
2.960000 5200.155000
2.970000 5034.305000
2.980000 5206.650000
2.990000 4953.457500
3.000000 5203.900000
3.010000 5281.762500
3.020000 5023.252500
3.030000 5016.667500
3.040000 4927.955000
3.050000 4989.267500
3.060000 5039.680000
3.070000 5177.172500
3.080000 4984.842500
3.090000 4729.842500
3.100000 4850.577500
3.110000 4795.565000
3.120000 4901.072500
3.130000 4729.312500
3.140000 4654.647500
3.150000 5012.900000
3.160000 4803.270000
3.170000 4905.880000
3.180000 4977.690000
3.190000 4694.647500
3.200000 4689.365000
3.210000 4699.202500
3.220000 4467.375000
3.230000 4538.815000
3.240000 4803.032500
3.250000 4729.577500
3.260000 4546.920000
3.270000 4473.555000
3.280000 4400.800000
3.290000 4756.052500
3.300000 4764.792500
3.310000 4845.047500
3.320000 4721.622500
3.330000 4828.962500
3.340000 4628.850000
3.350000 4570.357500
3.360000 4623.247500
3.370000 4858.670000
3.380000 5075.277500
3.390000 4864.015000
3.400000 4496.972500
3.410000 4412.575000
3.420000 4401.445000
3.430000 4365.710000
3.440000 4508.542500
3.450000 4507.680000
3.460000 4581.200000
3.470000 4754.932500
3.480000 4556.965000
3.490000 4253.012500
3.500000 4211.602500
3.510000 4256.355000
3.520000 4562.955000
3.530000 4733.420000
3.540000 4399.540000
3.550000 4306.492500
3.560000 4360.037500
3.570000 4580.845000
3.580000 4635.265000
3.590000 4505.890000
3.600000 4390.562500
3.610000 4543.397500
3.620000 4411.550000
3.630000 4575.055000
3.640000 4730.877500
3.650000 4523.062500
3.660000 4441.667500
3.670000 4411.010000
3.680000 4393.900000
3.690000 4446.307500
3.700000 4206.897500
3.710000 4210.522500
3.720000 4555.042500
3.730000 4657.145000
3.740000 4501.965000
3.750000 4406.317500
3.760000 4327.190000
3.770000 4334.990000
3.780000 4338.395000
3.790000 4419.915000
3.800000 4332.002500
3.810000 4326.412500
3.820000 4463.655000
3.830000 4533.625000
3.840000 4581.030000
3.850000 4510.502500
3.860000 4455.537500
3.870000 4533.015000
3.880000 4558.485000
3.890000 4320.047500
3.900000 4510.392500
3.910000 4501.690000
3.920000 4338.310000
3.930000 4342.855000
3.940000 4350.685000
3.950000 4288.687500
3.960000 4253.065000
3.970000 4333.822500
3.980000 4383.332500
3.990000 4212.392500
4.000000 4108.332500
4.010000 4226.122500
4.020000 4361.102500
4.030000 4465.815000
4.040000 4533.500000
4.050000 4439.912500
4.060000 4212.450000
4.070000 4157.787500
4.080000 4314.572500
4.090000 4429.322500
4.100000 4338.270000
4.110000 4292.135000
4.120000 4503.847500
4.130000 4527.177500
4.140000 4337.357500
4.150000 4182.937500
4.160000 4148.415000
4.170000 4301.635000
4.180000 4459.210000
4.190000 4435.655000
4.200000 4465.540000
4.210000 4397.192500
4.220000 4265.297500
4.230000 4362.005000
4.240000 4413.820000
4.250000 4255.595000
4.260000 4207.115000
4.270000 4293.250000
4.280000 4385.702500
4.290000 4454.587500
4.300000 4359.712500
4.310000 4177.595000
4.320000 4197.075000
4.330000 4341.970000
4.340000 4337.545000
4.350000 4332.947500
4.360000 4436.710000
4.370000 4454.972500
4.380000 4477.395000
4.390000 4509.507500
4.400000 4387.190000
4.410000 4307.517500
4.420000 4360.407500
4.430000 4349.225000
4.440000 4287.790000
4.450000 4248.695000
4.460000 4307.660000
4.470000 4417.417500
4.480000 4389.517500
4.490000 4347.992500
4.500000 4317.587500
4.510000 4403.965000
4.520000 4473.902500
4.530000 4357.632500
4.540000 4262.922500
4.550000 4207.175000
4.560000 4232.845000
4.570000 4419.280000
4.580000 4538.092500
4.590000 4533.680000
4.600000 4637.207500
4.610000 4724.387500
4.620000 4683.745000
4.630000 4356.417500
4.640000 4168.155000
4.650000 4165.655000
4.660000 4152.077500
4.670000 4310.775000
4.680000 4465.320000
4.690000 4465.937500
4.700000 4345.622500
4.710000 4242.842500
4.720000 4249.080000
4.730000 4362.765000
4.740000 4293.175000
4.750000 4199.325000
4.760000 4293.407500
4.770000 4524.085000
4.780000 4551.220000
4.790000 4419.380000
4.800000 4283.332500
4.810000 4328.707500
4.820000 4394.202500
4.830000 4316.635000
4.840000 4261.010000
4.850000 4253.360000
4.860000 4275.280000
4.870000 4476.695000
4.880000 4480.497500
4.890000 4377.122500
4.900000 4366.375000
4.910000 4312.137500
4.920000 4333.020000
4.930000 4264.985000
4.940000 4239.190000
4.950000 4223.537500
4.960000 4250.847500
4.970000 4348.667500
4.980000 4236.007500
4.990000 4142.395000
5.000000 4270.742500
5.010000 4405.925000
5.020000 4401.032500
5.030000 4507.537500
5.040000 4357.250000
5.050000 4547.110000
5.060000 4553.882500
5.070000 4329.240000
5.080000 4324.925000
5.090000 4291.525000
5.100000 4294.787500
5.110000 4208.320000
5.120000 4357.942500
5.130000 4291.090000
5.140000 4434.647500
5.150000 4430.522500
5.160000 4272.705000
5.170000 4124.125000
5.180000 4075.217500
5.190000 4289.582500
5.200000 4507.330000
5.210000 4432.967500
5.220000 4396.575000
5.230000 4359.730000
5.240000 4304.822500
5.250000 4427.325000
5.260000 4301.605000
5.270000 4268.880000
5.280000 4110.860000
5.290000 4141.565000
5.300000 4102.607500
5.310000 4259.312500
5.320000 4225.000000
5.330000 4192.407500
5.340000 4052.797500
5.350000 4174.545000
5.360000 4322.727500
5.370000 4439.047500
5.380000 4383.930000
5.390000 4165.875000
5.400000 4239.085000
5.410000 4407.040000
5.420000 4344.115000
5.430000 4294.530000
5.440000 4200.467500
5.450000 4164.262500
5.460000 4257.262500
5.470000 4252.087500
5.480000 4276.840000
5.490000 4317.297500
5.500000 4085.610000
5.510000 4211.692500
5.520000 4540.230000
5.530000 4308.182500
5.540000 4169.242500
5.550000 4190.002500
5.560000 4188.702500
5.570000 4305.750000
5.580000 4184.932500
5.590000 4053.690000
5.600000 4280.682500
5.610000 4429.960000
5.620000 4385.832500
5.630000 4319.155000
5.640000 4344.637500
5.650000 4275.570000
5.660000 4285.507500
5.670000 4316.667500
5.680000 4338.277500
5.690000 4674.032500
5.700000 4512.715000
5.710000 4434.647500
5.720000 4301.547500
5.730000 4339.465000
5.740000 4484.372500
5.750000 4707.407500
5.760000 4673.720000
5.770000 4403.852500
5.780000 4523.615000
5.790000 4469.877500
5.800000 4267.382500
5.810000 4307.195000
5.820000 4688.105000
5.830000 4457.522500
5.840000 4390.912500
5.850000 4309.127500
5.860000 4441.810000
5.870000 4491.655000
5.880000 4391.997500
5.890000 4325.427500
5.900000 4448.812500
5.910000 4499.370000
5.920000 4483.595000
5.930000 4646.875000
5.940000 4601.090000
5.950000 4608.125000
5.960000 4559.732500
5.970000 4388.765000
5.980000 4391.382500
5.990000 4271.315000
6.000000 4114.705000
6.010000 4052.527500
6.020000 4351.982500
6.030000 4612.230000
6.040000 4451.290000
6.050000 4512.500000
6.060000 4500.977500
6.070000 4539.097500
6.080000 4611.815000
6.090000 4694.355000
6.100000 4800.665000
6.110000 4545.915000
6.120000 4309.600000
6.130000 4176.652500
6.140000 4151.382500
6.150000 4241.405000
6.160000 4105.757500
6.170000 4288.397500
6.180000 4391.287500
6.190000 4572.870000
6.200000 4449.337500
6.210000 4291.482500
6.220000 4379.170000
6.230000 4258.187500
6.240000 4278.620000
6.250000 4327.525000
6.260000 4274.610000
6.270000 4091.100000
6.280000 4205.180000
6.290000 4123.287500
6.300000 4354.500000
6.310000 4247.362500
6.320000 4189.047500
6.330000 4333.805000
6.340000 4251.227500
6.350000 4147.947500
6.360000 4112.062500
6.370000 4256.715000
6.380000 4339.660000
6.390000 4357.015000
6.400000 4414.262500
6.410000 4425.000000
6.420000 4404.175000
6.430000 4247.827500
6.440000 4106.392500
6.450000 4103.935000
6.460000 4149.390000
6.470000 4206.060000
6.480000 4237.047500
6.490000 4214.592500
6.500000 4107.170000
6.510000 4170.687500
6.520000 4151.497500
6.530000 4361.787500
6.540000 4529.645000
6.550000 4531.847500
6.560000 4366.677500
6.570000 4403.867500
6.580000 4431.547500
6.590000 4335.485000
6.600000 4386.320000
6.610000 4427.757500
6.620000 4562.332500
6.630000 4567.872500
6.640000 4667.152500
6.650000 4719.130000
6.660000 4794.877500
6.670000 4601.510000
6.680000 4697.235000
6.690000 4636.967500
6.700000 4600.000000
6.710000 4649.847500
6.720000 4672.872500
6.730000 4470.975000
6.740000 4202.932500
6.750000 4200.810000
6.760000 4072.250000
6.770000 4235.760000
6.780000 4395.470000
6.790000 4334.435000
6.800000 4318.040000
6.810000 4241.147500
6.820000 4172.540000
6.830000 4259.337500
6.840000 4394.677500
6.850000 4486.372500
6.860000 4402.685000
6.870000 4218.042500
6.880000 4199.082500
6.890000 4321.022500
6.900000 4256.967500
6.910000 4288.830000
6.920000 4336.452500
6.930000 4467.110000
6.940000 4649.917500
6.950000 4753.567500
6.960000 4780.630000
6.970000 4816.972500
6.980000 4944.992500
6.990000 5011.117500
7.000000 4839.532500
7.010000 4970.467500
7.020000 5055.892500
7.030000 5101.775000
7.040000 5416.245000
7.050000 5805.012500
7.060000 5809.287500
7.070000 5961.825000
7.080000 6323.910000
7.090000 6607.365000
7.100000 6871.832500
7.110000 7270.425000
7.120000 7688.507500
7.130000 8126.122500
7.140000 8539.425000
7.150000 9284.380000
7.160000 10016.215000
7.170000 10837.272500
7.180000 11765.445000
7.190000 12523.682500
7.200000 13517.657500
7.210000 15080.510000
7.220000 16398.795000
7.230000 17589.092500
7.240000 19642.742500
7.250000 22164.237500
7.260000 24793.595000
7.270000 27672.722500
7.280000 30410.705000
7.290000 33436.257500
7.300000 37421.625000
7.310000 41888.087500
7.320000 46193.740000
7.330000 50989.247500
7.340000 56202.210000
7.350000 61718.987500
7.360000 66237.015000
7.370000 70051.640000
7.380000 73316.460000
7.390000 75290.572500
7.400000 75658.190000
7.410000 73075.270000
7.420000 68132.140000
7.430000 61722.202500
7.440000 54078.412500
7.450000 46409.405000
7.460000 39358.755000
7.470000 32453.155000
7.480000 26397.530000
7.490000 22039.237500
7.500000 18392.727500
7.510000 15289.837500
7.520000 13245.225000
7.530000 11652.732500
7.540000 10254.707500
7.550000 9338.725000
7.560000 8953.157500
7.570000 8756.910000
7.580000 8373.695000
7.590000 7833.402500
7.600000 7293.087500
7.610000 6831.530000
7.620000 6485.542500
7.630000 6207.375000
7.640000 6196.115000
7.650000 6385.995000
7.660000 6136.802500
7.670000 5617.437500
7.680000 5463.392500
7.690000 5521.515000
7.700000 5457.412500
7.710000 5298.745000
7.720000 5241.412500
7.730000 5258.290000
7.740000 5050.745000
7.750000 4848.367500
7.760000 4824.230000
7.770000 4724.300000
7.780000 4625.302500
7.790000 4614.657500
7.800000 4583.235000
7.810000 4551.595000
7.820000 4429.150000
7.830000 4337.282500
7.840000 4313.510000
7.850000 4364.257500
7.860000 4403.382500
7.870000 4379.510000
7.880000 4323.802500
7.890000 4390.077500
7.900000 4216.745000
7.910000 4027.875000
7.920000 4011.760000
7.930000 3996.245000
7.940000 3993.717500
7.950000 4113.957500
7.960000 4290.067500
7.970000 4328.587500
7.980000 4176.005000
7.990000 4040.187500
8.000000 3956.770000
8.010000 3972.630000
8.020000 4147.435000
8.030000 4075.285000
8.040000 3954.592500
8.050000 3891.780000
8.060000 4023.735000
8.070000 4156.427500
8.080000 4103.485000
8.090000 4039.202500
8.100000 4015.905000
8.110000 3980.125000
8.120000 3874.515000
8.130000 4004.477500
8.140000 4180.415000
8.150000 4179.042500
8.160000 4063.052500
8.170000 4181.650000
8.180000 4273.077500
8.190000 4276.655000
8.200000 4107.610000
8.210000 4053.060000
8.220000 4274.682500
8.230000 4466.757500
8.240000 4452.725000
8.250000 4498.895000
8.260000 4577.967500
8.270000 4707.697500
8.280000 5082.235000
8.290000 5239.050000
8.300000 5339.782500
8.310000 5590.450000
8.320000 5673.512500
8.330000 5902.332500
8.340000 6265.375000
8.350000 6716.432500
8.360000 7349.957500
8.370000 7630.642500
8.380000 8116.560000
8.390000 8775.607500
8.400000 9531.085000
8.410000 10608.690000
8.420000 11712.735000
8.430000 12386.507500
8.440000 13657.277500
8.450000 15402.650000
8.460000 16575.785000
8.470000 18131.635000
8.480000 20055.440000
8.490000 21463.220000
8.500000 22846.667500
8.510000 24224.982500
8.520000 25431.457500
8.530000 26829.100000
8.540000 27187.355000
8.550000 26344.092500
8.560000 25174.470000
8.570000 23447.112500
8.580000 21208.827500
8.590000 18739.700000
8.600000 16430.655000
8.610000 13790.837500
8.620000 11668.447500
8.630000 10171.647500
8.640000 8635.260000
8.650000 7759.157500
8.660000 7126.755000
8.670000 6138.760000
8.680000 5783.115000
8.690000 5418.062500
8.700000 5076.337500
8.710000 5055.185000
8.720000 5011.822500
8.730000 4721.127500
8.740000 4505.017500
8.750000 4325.432500
8.760000 4209.535000
8.770000 4267.297500
8.780000 4135.102500
8.790000 3889.575000
8.800000 3991.087500
8.810000 3846.230000
8.820000 3862.167500
8.830000 3819.475000
8.840000 3734.172500
8.850000 3836.802500
8.860000 3912.070000
8.870000 3752.452500
8.880000 3520.422500
8.890000 3768.982500
8.900000 3822.600000
8.910000 3560.110000
8.920000 3398.137500
8.930000 3440.977500
8.940000 3484.587500
8.950000 3490.435000
8.960000 3455.447500
8.970000 3320.275000
8.980000 3497.525000
8.990000 3496.495000
9.000000 3302.855000
9.010000 3555.542500
9.020000 3685.827500
9.030000 3562.782500
9.040000 3364.567500
9.050000 3353.087500
9.060000 3363.902500
9.070000 3299.152500
9.080000 3416.667500
9.090000 3386.325000
9.100000 3175.982500
9.110000 3388.780000
9.120000 3430.670000
9.130000 3404.862500
9.140000 3369.070000
9.150000 3316.667500
9.160000 3312.632500
9.170000 3284.442500
9.180000 3383.435000
9.190000 3443.517500
9.200000 3208.332500
9.210000 3218.932500
9.220000 3339.512500
9.230000 3394.335000
9.240000 3242.385000
9.250000 3339.347500
9.260000 3218.040000
9.270000 3334.627500
9.280000 3242.232500
9.290000 3246.720000
9.300000 3208.430000
9.310000 3327.755000
9.320000 3236.307500
9.330000 3156.075000
9.340000 3262.360000
9.350000 3328.630000
9.360000 3240.035000
9.370000 3202.125000
9.380000 3076.472500
9.390000 3118.790000
9.400000 3355.045000
9.410000 3269.127500
9.420000 3118.692500
9.430000 3173.922500
9.440000 3140.667500
9.450000 3109.945000
9.460000 3157.820000
9.470000 2818.960000
9.480000 2923.522500
9.490000 3252.430000
9.500000 3377.252500
9.510000 2998.647500
9.520000 2903.630000
9.530000 3225.072500
9.540000 3233.280000
9.550000 3224.517500
9.560000 3108.467500
9.570000 3183.292500
9.580000 3017.145000
9.590000 2983.507500
9.600000 3074.310000
9.610000 3025.492500
9.620000 2942.682500
9.630000 3015.577500
9.640000 3172.332500
9.650000 2929.792500
9.660000 2908.692500
9.670000 3184.922500
9.680000 3175.435000
9.690000 3175.000000
9.700000 3086.152500
9.710000 3091.390000
9.720000 3172.052500
9.730000 3118.865000
9.740000 3196.667500
9.750000 3207.980000
9.760000 3104.830000
9.770000 3084.115000
9.780000 2996.175000
9.790000 3165.560000
9.800000 3104.032500
9.810000 3092.135000
9.820000 3327.075000
9.830000 3263.387500
9.840000 3180.245000
9.850000 3019.205000
9.860000 3086.040000
9.870000 3029.652500
9.880000 2885.810000
9.890000 2836.432500
9.900000 2941.060000
9.910000 3218.652500
9.920000 3103.842500
9.930000 3106.942500
9.940000 3070.237500
9.950000 3264.270000
9.960000 3253.007500
9.970000 3151.690000
9.980000 3126.580000
9.990000 3132.525000
10.000000 3185.875000
10.010000 3094.335000
10.020000 3090.802500
10.030000 3121.465000
10.040000 3110.137500
10.050000 3041.625000
10.060000 3040.727500
10.070000 3026.917500
10.080000 2958.797500
10.090000 3089.407500
10.100000 3086.377500
10.110000 3017.635000
10.120000 3073.865000
10.130000 2887.242500
10.140000 3061.167500
10.150000 3156.695000
10.160000 2979.287500
10.170000 3065.012500
10.180000 3262.577500
10.190000 3241.607500
10.200000 3176.272500
10.210000 2853.642500
10.220000 2977.392500
10.230000 3072.027500
10.240000 3005.687500
10.250000 3026.867500
10.260000 3068.442500
10.270000 2997.962500
10.280000 3074.140000
10.290000 3189.200000
10.300000 3326.455000
10.310000 3190.610000
10.320000 2916.425000
10.330000 3114.827500
10.340000 3015.415000
10.350000 2791.342500
10.360000 2900.447500
10.370000 3021.997500
10.380000 2973.647500
10.390000 2965.117500
10.400000 2905.777500
10.410000 2986.130000
10.420000 2994.875000
10.430000 2971.532500
10.440000 3093.830000
10.450000 3058.252500
10.460000 2961.787500
10.470000 2802.260000
10.480000 2846.110000
10.490000 2919.485000
10.500000 2953.085000
10.510000 2872.972500
10.520000 2954.770000
10.530000 2852.732500
10.540000 2764.570000
10.550000 2795.457500
10.560000 2860.142500
10.570000 2771.670000
10.580000 2902.670000
10.590000 2885.777500
10.600000 2885.880000
10.610000 2917.212500
10.620000 2854.947500
10.630000 2992.100000
10.640000 2984.672500
10.650000 2928.777500
10.660000 2954.450000
10.670000 2954.107500
10.680000 2893.647500
10.690000 2837.537500
10.700000 2905.937500
10.710000 2815.377500
10.720000 2682.145000
10.730000 2705.555000
10.740000 2681.915000
10.750000 2758.725000
10.760000 2999.732500
10.770000 2776.007500
10.780000 2757.930000
10.790000 2749.200000
10.800000 2805.920000
10.810000 2821.270000
10.820000 2870.790000
10.830000 2903.660000
10.840000 2872.462500
10.850000 2888.137500
10.860000 2941.605000
10.870000 2993.890000
10.880000 2955.157500
10.890000 2856.750000
10.900000 2648.795000
10.910000 2645.272500
10.920000 2628.292500
10.930000 2771.325000
10.940000 2928.722500
10.950000 2839.370000
10.960000 2650.650000
10.970000 2557.157500
10.980000 2730.892500
10.990000 2799.517500
11.000000 2837.262500
11.010000 2716.280000
11.020000 2763.295000
11.030000 2873.142500
11.040000 2804.287500
11.050000 2679.752500
11.060000 2641.667500
11.070000 2730.922500
11.080000 2786.122500
11.090000 2741.770000
11.100000 2777.462500
11.110000 2703.650000
11.120000 2710.417500
11.130000 2758.092500
11.140000 2668.420000
11.150000 2698.282500
11.160000 2622.340000
11.170000 2558.332500
11.180000 2623.010000
11.190000 2792.650000
11.200000 2743.487500
11.210000 2658.985000
11.220000 2687.250000
11.230000 2840.947500
11.240000 2810.915000
11.250000 2681.482500
11.260000 2652.175000
11.270000 2757.830000
11.280000 2785.347500
11.290000 2647.002500
11.300000 2606.115000
11.310000 2707.702500
11.320000 2753.182500
11.330000 2719.190000
11.340000 2771.657500
11.350000 2694.230000
11.360000 2718.360000
11.370000 2656.637500
11.380000 2726.532500
11.390000 2799.827500
11.400000 2677.965000
11.410000 2478.315000
11.420000 2476.395000
11.430000 2578.037500
11.440000 2751.900000
11.450000 2800.662500
11.460000 2619.152500
11.470000 2550.970000
11.480000 2618.955000
11.490000 2630.532500
11.500000 2674.872500
11.510000 2794.010000
11.520000 2806.645000
11.530000 2746.195000
11.540000 2624.532500
11.550000 2626.282500
11.560000 2688.085000
11.570000 2611.180000
11.580000 2653.795000
11.590000 2662.810000
11.600000 2711.402500
11.610000 2796.335000
11.620000 2674.395000
11.630000 2644.535000
11.640000 2797.002500
11.650000 2976.260000
11.660000 3026.230000
11.670000 2872.042500
11.680000 2748.452500
11.690000 2737.870000
11.700000 2714.542500
11.710000 2669.145000
11.720000 2712.835000
11.730000 2757.722500
11.740000 2714.355000
11.750000 2723.287500
11.760000 2762.757500
11.770000 2797.512500
11.780000 2745.972500
11.790000 2666.252500
11.800000 2749.852500
11.810000 2828.992500
11.820000 2812.022500
11.830000 2886.190000
11.840000 2940.907500
11.850000 3006.487500
11.860000 3142.800000
11.870000 3204.402500
11.880000 3233.582500
11.890000 3300.552500
11.900000 3366.787500
11.910000 3550.555000
11.920000 3754.147500
11.930000 3858.042500
11.940000 4144.020000
11.950000 4461.345000
11.960000 4574.735000
11.970000 4783.635000
11.980000 5040.292500
11.990000 5262.100000
12.000000 5744.147500
12.010000 6231.805000
12.020000 6600.235000
12.030000 7036.052500
12.040000 7457.755000
12.050000 7773.087500
12.060000 8191.647500
12.070000 8383.205000
12.080000 8209.877500
12.090000 8292.355000
12.100000 8265.430000
12.110000 7821.322500
12.120000 7266.017500
12.130000 6745.842500
12.140000 6237.780000
12.150000 5700.735000
12.160000 5046.620000
12.170000 4419.380000
12.180000 4086.217500
12.190000 3873.830000
12.200000 3581.835000
12.210000 3291.625000
12.220000 3069.662500
12.230000 3084.492500
12.240000 3125.822500
12.250000 3005.242500
12.260000 2903.932500
12.270000 2775.555000
12.280000 2682.022500
12.290000 2694.132500
12.300000 2766.617500
12.310000 2807.097500
12.320000 2806.067500
12.330000 2770.560000
12.340000 2713.647500
12.350000 2699.410000
12.360000 2729.862500
12.370000 2718.087500
12.380000 2642.960000
12.390000 2570.552500
12.400000 2644.327500
12.410000 2698.150000
12.420000 2652.922500
12.430000 2621.787500
12.440000 2608.182500
12.450000 2468.342500
12.460000 2399.685000
12.470000 2490.092500
12.480000 2557.175000
12.490000 2617.900000
12.500000 2471.077500
12.510000 2383.795000
12.520000 2458.337500
12.530000 2626.300000
12.540000 2545.802500
12.550000 2401.207500
12.560000 2422.997500
12.570000 2449.082500
12.580000 2478.135000
12.590000 2530.127500
12.600000 2549.350000
12.610000 2514.875000
12.620000 2625.000000
12.630000 2585.232500
12.640000 2474.052500
12.650000 2484.807500
12.660000 2639.360000
12.670000 2617.015000
12.680000 2540.430000
12.690000 2496.457500
12.700000 2498.630000
12.710000 2538.727500
12.720000 2603.500000
12.730000 2660.615000
12.740000 2496.062500
12.750000 2404.242500
12.760000 2347.652500
12.770000 2375.000000
12.780000 2428.845000
12.790000 2533.332500
12.800000 2552.962500
12.810000 2600.035000
12.820000 2561.177500
12.830000 2427.922500
12.840000 2358.630000
12.850000 2346.552500
12.860000 2386.987500
12.870000 2267.827500
12.880000 2250.472500
12.890000 2362.287500
12.900000 2326.560000
12.910000 2399.180000
12.920000 2409.695000
12.930000 2366.170000
12.940000 2388.527500
12.950000 2405.165000
12.960000 2434.640000
12.970000 2457.127500
12.980000 2429.360000
12.990000 2440.667500
13.000000 2372.400000
13.010000 2348.245000
13.020000 2486.305000
13.030000 2534.962500
13.040000 2419.605000
13.050000 2454.485000
13.060000 2432.265000
13.070000 2442.777500
13.080000 2420.215000
13.090000 2408.332500
13.100000 2420.150000
13.110000 2431.207500
13.120000 2348.315000
13.130000 2309.377500
13.140000 2423.220000
13.150000 2379.582500
13.160000 2412.157500
13.170000 2437.255000
13.180000 2324.612500
13.190000 2215.465000
13.200000 2146.692500
13.210000 2133.560000
13.220000 2252.190000
13.230000 2295.327500
13.240000 2369.735000
13.250000 2287.627500
13.260000 2353.330000
13.270000 2472.312500
13.280000 2396.132500
13.290000 2447.797500
13.300000 2316.752500
13.310000 2268.472500
13.320000 2337.715000
13.330000 2312.200000
13.340000 2329.807500
13.350000 2286.717500
13.360000 2330.090000
13.370000 2250.852500
13.380000 2217.662500
13.390000 2276.947500
13.400000 2262.055000
13.410000 2233.910000
13.420000 2375.000000
13.430000 2380.675000
13.440000 2420.657500
13.450000 2463.707500
13.460000 2342.620000
13.470000 2295.047500
13.480000 2386.742500
13.490000 2287.962500
13.500000 2416.032500
13.510000 2385.112500
13.520000 2404.027500
13.530000 2404.452500
13.540000 2217.692500
13.550000 2144.542500
13.560000 2134.415000
13.570000 2288.127500
13.580000 2219.800000
13.590000 2145.010000
13.600000 2206.555000
13.610000 2261.745000
13.620000 2240.040000
13.630000 2233.332500
13.640000 2239.730000
13.650000 2260.325000
13.660000 2227.047500
13.670000 2223.362500
13.680000 2325.000000
13.690000 2337.240000
13.700000 2402.280000
13.710000 2442.487500
13.720000 2383.025000
13.730000 2300.592500
13.740000 2429.107500
13.750000 2316.275000
13.760000 2436.200000
13.770000 2450.000000
13.780000 2451.407500
13.790000 2416.545000
13.800000 2215.230000
13.810000 2228.150000
13.820000 2130.187500
13.830000 2220.077500
13.840000 2314.400000
13.850000 2233.420000
13.860000 2120.762500
13.870000 2260.300000
13.880000 2395.627500
13.890000 2307.400000
13.900000 2215.795000
13.910000 2263.252500
13.920000 2279.500000
13.930000 2208.332500
13.940000 2220.230000
13.950000 2331.655000
13.960000 2543.607500
13.970000 2344.252500
13.980000 2341.272500
13.990000 2562.347500
14.000000 2619.485000
14.010000 2494.722500
14.020000 2626.082500
14.030000 2620.505000
14.040000 2540.722500
14.050000 2602.090000
14.060000 2683.232500
14.070000 2755.885000
14.080000 2847.307500
14.090000 2789.415000
14.100000 2993.460000
14.110000 3270.845000
14.120000 3384.702500
14.130000 3502.537500
14.140000 3332.382500
14.150000 3398.942500
14.160000 3458.332500
14.170000 3469.812500
14.180000 3552.747500
14.190000 3440.187500
14.200000 3478.910000
14.210000 3277.550000
14.220000 3142.645000
14.230000 3062.132500
14.240000 2925.055000
14.250000 2758.887500
14.260000 2668.800000
14.270000 2517.482500
14.280000 2442.405000
14.290000 2448.547500
14.300000 2429.770000
14.310000 2380.472500
14.320000 2271.377500
14.330000 2421.382500
14.340000 2457.165000
14.350000 2256.475000
14.360000 2333.967500
14.370000 2352.855000
14.380000 2480.102500
14.390000 2323.802500
14.400000 2197.670000
14.410000 2180.915000
14.420000 2376.670000
14.430000 2401.632500
14.440000 2423.937500
14.450000 2398.485000
14.460000 2245.955000
14.470000 2186.290000
14.480000 2244.847500
14.490000 2425.395000
14.500000 2295.300000
14.510000 2357.450000
14.520000 2347.667500
14.530000 2452.097500
14.540000 2334.542500
14.550000 2370.432500
14.560000 2621.575000
14.570000 2715.880000
14.580000 2518.780000
14.590000 2561.915000
14.600000 2454.247500
14.610000 2560.530000
14.620000 2617.872500
14.630000 2654.617500
14.640000 2781.952500
14.650000 2742.720000
14.660000 2776.755000
14.670000 2839.762500
14.680000 3060.587500
14.690000 3145.072500
14.700000 3278.405000
14.710000 3418.920000
14.720000 3518.242500
14.730000 3595.082500
14.740000 3775.070000
14.750000 4233.057500
14.760000 4219.667500
14.770000 4417.905000
14.780000 4510.735000
14.790000 4708.070000
14.800000 4683.860000
14.810000 4741.415000
14.820000 4707.982500
14.830000 4649.397500
14.840000 4515.832500
14.850000 4241.447500
14.860000 4099.980000
14.870000 3733.857500
14.880000 3608.697500
14.890000 3359.432500
14.900000 2927.550000
14.910000 3082.167500
14.920000 2843.805000
14.930000 2627.237500
14.940000 2542.650000
14.950000 2451.217500
14.960000 2441.790000
14.970000 2515.450000
14.980000 2516.667500
14.990000 2377.715000
15.000000 2366.837500
15.010000 2407.412500
15.020000 2278.142500
15.030000 2226.252500
15.040000 2192.550000
15.050000 2094.462500
15.060000 2293.867500
15.070000 2469.595000
15.080000 2354.045000
15.090000 2333.897500
15.100000 2357.452500
15.110000 2173.705000
15.120000 2118.575000
15.130000 2132.672500
15.140000 2205.252500
15.150000 2335.995000
15.160000 2126.562500
15.170000 2092.802500
15.180000 2020.182500
15.190000 2016.667500
15.200000 1977.072500
15.210000 2125.227500
15.220000 2235.965000
15.230000 2186.487500
15.240000 2112.497500
15.250000 2100.475000
15.260000 2131.387500
15.270000 2180.342500
15.280000 2042.522500
15.290000 1931.792500
15.300000 1995.190000
15.310000 2031.147500
15.320000 2095.535000
15.330000 2193.160000
15.340000 2238.757500
15.350000 2311.322500
15.360000 2216.207500
15.370000 2077.162500
15.380000 2151.410000
15.390000 2312.177500
15.400000 2263.557500
15.410000 2127.967500
15.420000 2239.175000
15.430000 2288.225000
15.440000 2222.967500
15.450000 2071.857500
15.460000 1989.845000
15.470000 1975.735000
15.480000 2035.690000
15.490000 2087.115000
15.500000 2137.045000
15.510000 2096.360000
15.520000 2061.507500
15.530000 2201.362500
15.540000 2261.762500
15.550000 2199.125000
15.560000 2191.667500
15.570000 2199.147500
15.580000 2140.242500
15.590000 1999.090000
15.600000 1953.547500
15.610000 2083.827500
15.620000 2293.005000
15.630000 2072.080000
15.640000 1997.265000
15.650000 2242.880000
15.660000 2193.852500
15.670000 2183.332500
15.680000 2183.332500
15.690000 2205.360000
15.700000 2296.305000
15.710000 2213.180000
15.720000 2083.070000
15.730000 2022.887500
15.740000 2082.232500
15.750000 2091.667500
15.760000 2251.437500
15.770000 2245.997500
15.780000 2190.990000
15.790000 2139.965000
15.800000 2053.950000
15.810000 2265.030000
15.820000 2379.132500
15.830000 2219.285000
15.840000 2198.837500
15.850000 2114.080000
15.860000 2157.187500
15.870000 2116.705000
15.880000 2165.340000
15.890000 2139.427500
15.900000 2133.332500
15.910000 2112.057500
15.920000 2087.090000
15.930000 2062.125000
15.940000 2121.857500
15.950000 2231.992500
15.960000 2228.892500
15.970000 2091.530000
15.980000 1961.465000
15.990000 2060.705000
16.000000 2118.290000
16.010000 2118.020000
16.020000 2130.605000
16.030000 2161.165000
16.040000 2243.077500
16.050000 2265.267500
16.060000 2245.895000
16.070000 2075.752500
16.080000 2124.490000
16.090000 2148.557500
16.100000 2211.920000
16.110000 2108.230000
16.120000 2007.897500
16.130000 1977.972500
16.140000 2098.042500
16.150000 2241.017500
16.160000 2205.345000
16.170000 2123.640000
16.180000 2223.790000
16.190000 2161.852500
16.200000 2202.592500
16.210000 2338.322500
16.220000 2326.180000
16.230000 2121.300000
16.240000 2108.630000
16.250000 2183.815000
16.260000 2193.295000
16.270000 2205.052500
16.280000 2101.417500
16.290000 2215.097500
16.300000 2176.735000
16.310000 2091.837500
16.320000 2141.387500
16.330000 2065.542500
16.340000 2054.900000
16.350000 2131.002500
16.360000 2150.000000
16.370000 2156.585000
16.380000 2138.612500
16.390000 2192.400000
16.400000 2182.125000
16.410000 2089.960000
16.420000 2092.790000
16.430000 2184.760000
16.440000 2227.860000
16.450000 2174.847500
16.460000 2080.480000
16.470000 2097.195000
16.480000 2088.935000
16.490000 2160.802500
16.500000 2234.892500
16.510000 2172.787500
16.520000 2207.812500
16.530000 2257.065000
16.540000 2298.677500
16.550000 2238.025000
16.560000 2210.285000
16.570000 2310.262500
16.580000 2354.387500
16.590000 2199.600000
16.600000 2194.372500
16.610000 2246.302500
16.620000 2201.475000
16.630000 2221.175000
16.640000 2239.630000
16.650000 2235.380000
16.660000 2277.262500
16.670000 2316.727500
16.680000 2224.927500
16.690000 2204.155000
16.700000 2364.170000
16.710000 2267.315000
16.720000 2179.390000
16.730000 2278.305000
16.740000 2347.625000
16.750000 2339.790000
16.760000 2388.870000
16.770000 2476.097500
16.780000 2493.850000
16.790000 2375.015000
16.800000 2370.107500
16.810000 2407.807500
16.820000 2392.232500
16.830000 2438.217500
16.840000 2427.895000
16.850000 2307.272500
16.860000 2351.605000
16.870000 2558.980000
16.880000 2546.395000
16.890000 2619.282500
16.900000 2658.332500
16.910000 2664.350000
16.920000 2786.772500
16.930000 2977.215000
16.940000 3087.197500
16.950000 3132.232500
16.960000 3398.135000
16.970000 3452.367500
16.980000 3659.202500
16.990000 4100.090000
17.000000 4425.295000
17.010000 4718.792500
17.020000 4985.427500
17.030000 5140.835000
17.040000 5433.845000
17.050000 5982.117500
17.060000 6500.832500
17.070000 6787.977500
17.080000 6961.002500
17.090000 7375.760000
17.100000 7411.070000
17.110000 7422.265000
17.120000 7571.840000
17.130000 7439.662500
17.140000 6924.700000
17.150000 6381.257500
17.160000 6000.295000
17.170000 5658.432500
17.180000 5119.380000
17.190000 4575.372500
17.200000 4204.967500
17.210000 3794.195000
17.220000 3553.072500
17.230000 3246.520000
17.240000 2920.460000
17.250000 2819.327500
17.260000 2839.312500
17.270000 2742.615000
17.280000 2618.322500
17.290000 2656.547500
17.300000 2562.360000
17.310000 2455.102500
17.320000 2578.990000
17.330000 2476.637500
17.340000 2296.765000
17.350000 2311.297500
17.360000 2347.230000
17.370000 2355.552500
17.380000 2380.505000
17.390000 2375.067500
17.400000 2339.050000
17.410000 2347.055000
17.420000 2330.815000
17.430000 2305.680000
17.440000 2343.872500
17.450000 2279.077500
17.460000 2260.657500
17.470000 2340.457500
17.480000 2320.550000
17.490000 2291.667500
17.500000 2275.390000
17.510000 2239.587500
17.520000 2138.500000
17.530000 2107.855000
17.540000 2122.052500
17.550000 2254.050000
17.560000 2228.387500
17.570000 2212.505000
17.580000 2211.940000
17.590000 2135.940000
17.600000 2105.330000
17.610000 2145.567500
17.620000 2278.167500
17.630000 2304.567500
17.640000 2193.397500
17.650000 1956.842500
17.660000 1981.777500
17.670000 2084.640000
17.680000 2157.772500
17.690000 2265.060000
17.700000 2324.032500
17.710000 2286.322500
17.720000 2279.187500
17.730000 2229.215000
17.740000 2202.055000
17.750000 2172.037500
17.760000 2237.987500
17.770000 2255.502500
17.780000 2264.272500
17.790000 2267.892500
17.800000 2325.125000
17.810000 2351.282500
17.820000 2280.240000
17.830000 2241.667500
17.840000 2093.767500
17.850000 2096.720000
17.860000 2209.145000
17.870000 2231.522500
17.880000 2184.500000
17.890000 2249.287500
17.900000 2353.725000
17.910000 2297.752500
17.920000 2151.220000
17.930000 2081.635000
17.940000 2240.205000
17.950000 2290.037500
17.960000 2235.037500
17.970000 2080.632500
17.980000 2037.990000
17.990000 2139.475000
18.000000 2272.437500
18.010000 2278.982500
18.020000 2167.690000
18.030000 2141.280000
18.040000 2143.592500
18.050000 2152.950000
18.060000 2176.455000
18.070000 2207.760000
18.080000 2185.990000
18.090000 2095.062500
18.100000 2137.442500
18.110000 2253.335000
18.120000 2209.395000
18.130000 2096.867500
18.140000 2202.967500
18.150000 2317.957500
18.160000 2238.550000
18.170000 2146.237500
18.180000 2177.630000
18.190000 2331.275000
18.200000 2349.940000
18.210000 2266.700000
18.220000 2293.895000
18.230000 2281.205000
18.240000 2147.070000
18.250000 2150.532500
18.260000 2255.450000
18.270000 2319.882500
18.280000 2355.747500
18.290000 2301.082500
18.300000 2250.000000
18.310000 2208.002500
18.320000 2193.630000
18.330000 2245.520000
18.340000 2233.245000
18.350000 2241.675000
18.360000 2321.215000
18.370000 2321.432500
18.380000 2383.737500
18.390000 2403.200000
18.400000 2376.675000
18.410000 2464.892500
18.420000 2470.187500
18.430000 2393.087500
18.440000 2512.262500
18.450000 2692.365000
18.460000 2691.815000
18.470000 2668.092500
18.480000 2769.105000
18.490000 2796.612500
18.500000 2740.347500
18.510000 2733.975000
18.520000 2889.467500
18.530000 3097.125000
18.540000 3229.122500
18.550000 3283.332500
18.560000 3425.522500
18.570000 3780.600000
18.580000 3921.372500
18.590000 3906.420000
18.600000 4162.077500
18.610000 4512.315000
18.620000 4680.735000
18.630000 4892.375000
18.640000 4988.362500
18.650000 5003.560000
18.660000 5053.222500
18.670000 4998.557500
18.680000 4832.182500
18.690000 4600.095000
18.700000 4391.980000
18.710000 4248.545000
18.720000 4130.872500
18.730000 3938.082500
18.740000 3683.560000
18.750000 3319.022500
18.760000 3074.387500
18.770000 3075.560000
18.780000 2857.670000
18.790000 2616.515000
18.800000 2748.060000
18.810000 2832.627500
18.820000 2774.900000
18.830000 2632.002500
18.840000 2512.600000
18.850000 2525.000000
18.860000 2591.920000
18.870000 2570.680000
18.880000 2533.317500
18.890000 2587.490000
18.900000 2508.700000
18.910000 2433.280000
18.920000 2507.765000
18.930000 2645.085000
18.940000 2761.922500
18.950000 2812.440000
18.960000 2751.112500
18.970000 2761.017500
18.980000 2870.227500
18.990000 3001.792500
19.000000 3165.217500
19.010000 3285.820000
19.020000 3386.417500
19.030000 3469.417500
19.040000 3718.137500
19.050000 3897.145000
19.060000 3910.497500
19.070000 4018.720000
19.080000 4218.845000
19.090000 4542.467500
19.100000 4864.262500
19.110000 5036.520000
19.120000 5054.370000
19.130000 5176.520000
19.140000 5375.847500
19.150000 5260.562500
19.160000 5026.902500
19.170000 4783.887500
19.180000 4475.670000
19.190000 4524.392500
19.200000 4480.230000
19.210000 4114.510000
19.220000 3775.455000
19.230000 3652.410000
19.240000 3556.280000
19.250000 3287.712500
19.260000 3125.012500
19.270000 3023.682500
19.280000 2907.647500
19.290000 2593.342500
19.300000 2381.645000
19.310000 2391.847500
19.320000 2525.182500
19.330000 2553.027500
19.340000 2409.970000
19.350000 2394.467500
19.360000 2431.990000
19.370000 2373.715000
19.380000 2296.702500
19.390000 2271.577500
19.400000 2308.332500
19.410000 2271.107500
19.420000 2262.142500
19.430000 2308.332500
19.440000 2245.467500
19.450000 2203.565000
19.460000 2275.772500
19.470000 2304.660000
19.480000 2204.695000
19.490000 2123.565000
19.500000 2306.377500
19.510000 2369.402500
19.520000 2276.932500
19.530000 2300.707500
19.540000 2207.695000
19.550000 2127.230000
19.560000 2079.525000
19.570000 2171.012500
19.580000 2295.062500
19.590000 2190.410000
19.600000 2236.830000
19.610000 2435.535000
19.620000 2431.397500
19.630000 2327.300000
19.640000 2323.982500
19.650000 2275.297500
19.660000 2287.437500
19.670000 2311.357500
19.680000 2230.292500
19.690000 2177.677500
19.700000 2151.355000
19.710000 2117.297500
19.720000 2062.495000
19.730000 2113.035000
19.740000 2263.030000
19.750000 2285.622500
19.760000 2269.200000
19.770000 2325.502500
19.780000 2295.187500
19.790000 2172.235000
19.800000 2125.382500
19.810000 2088.762500
19.820000 2078.067500
19.830000 2164.575000
19.840000 2162.165000
19.850000 2260.487500
19.860000 2284.645000
19.870000 2194.805000
19.880000 2143.305000
19.890000 2153.370000
19.900000 2180.002500
19.910000 2184.972500
19.920000 2206.632500
19.930000 2266.290000
19.940000 2358.170000
19.950000 2360.285000
19.960000 2223.165000
19.970000 2151.875000
19.980000 2351.992500
19.990000 2396.360000
20.000000 2251.190000
20.010000 2204.217500
20.020000 2334.202500
20.030000 2424.665000
20.040000 2332.547500
20.050000 2243.435000
20.060000 2211.575000
20.070000 2299.332500
20.080000 2315.422500
20.090000 2309.555000
20.100000 2255.105000
20.110000 2227.240000
20.120000 2259.167500
20.130000 2118.027500
20.140000 2200.172500
20.150000 2247.945000
20.160000 2227.022500
20.170000 2215.607500
20.180000 2305.145000
20.190000 2282.607500
20.200000 2220.542500
20.210000 2292.612500
20.220000 2271.305000
20.230000 2189.865000
20.240000 2142.980000
20.250000 2177.925000
20.260000 2246.670000
20.270000 2259.527500
20.280000 2428.150000
20.290000 2440.110000
20.300000 2283.445000
20.310000 2202.877500
20.320000 2215.495000
20.330000 2146.017500
20.340000 2180.337500
20.350000 2175.000000
20.360000 2177.980000
20.370000 2260.622500
20.380000 2308.080000
20.390000 2123.920000
20.400000 2103.467500
20.410000 2204.455000
20.420000 2352.935000
20.430000 2346.622500
20.440000 2368.807500
20.450000 2417.957500
20.460000 2335.087500
20.470000 2338.037500
20.480000 2422.110000
20.490000 2344.582500
20.500000 2254.350000
20.510000 2287.162500
20.520000 2174.750000
20.530000 2192.580000
20.540000 2295.337500
20.550000 2386.540000
20.560000 2379.692500
20.570000 2339.682500
20.580000 2427.700000
20.590000 2408.237500
20.600000 2349.630000
20.610000 2269.462500
20.620000 2305.665000
20.630000 2305.497500
20.640000 2180.560000
20.650000 2233.082500
20.660000 2350.000000
20.670000 2344.497500
20.680000 2325.102500
20.690000 2297.387500
20.700000 2318.672500
20.710000 2400.167500
20.720000 2367.042500
20.730000 2354.995000
20.740000 2448.607500
20.750000 2493.442500
20.760000 2431.405000
20.770000 2558.037500
20.780000 2585.685000
20.790000 2581.690000
20.800000 2493.115000
20.810000 2446.200000
20.820000 2536.592500
20.830000 2646.510000
20.840000 2667.115000
20.850000 2718.152500
20.860000 2971.230000
20.870000 3171.325000
20.880000 3087.535000
20.890000 3093.520000
20.900000 3229.017500
20.910000 3305.940000
20.920000 3513.845000
20.930000 3712.180000
20.940000 3542.712500
20.950000 3761.382500
20.960000 3911.452500
20.970000 4118.475000
20.980000 4179.595000
20.990000 4276.752500
21.000000 4277.370000
21.010000 4144.765000
21.020000 3900.827500
21.030000 3796.585000
21.040000 3844.292500
21.050000 3662.752500
21.060000 3294.060000
21.070000 3131.807500
21.080000 3071.462500
21.090000 2978.432500
21.100000 2949.560000
21.110000 2869.342500
21.120000 2733.690000
21.130000 2635.757500
21.140000 2610.260000
21.150000 2538.150000
21.160000 2537.990000
21.170000 2520.307500
21.180000 2528.507500
21.190000 2441.665000
21.200000 2360.707500
21.210000 2414.010000
21.220000 2500.290000
21.230000 2419.020000
21.240000 2396.845000
21.250000 2402.200000
21.260000 2616.327500
21.270000 2621.125000
21.280000 2515.725000
21.290000 2544.837500
21.300000 2630.322500
21.310000 2466.390000
21.320000 2427.492500
21.330000 2447.462500
21.340000 2290.115000
21.350000 2318.862500
21.360000 2531.790000
21.370000 2572.567500
21.380000 2615.335000
21.390000 2533.020000
21.400000 2472.972500
21.410000 2524.892500
21.420000 2428.887500
21.430000 2339.117500
21.440000 2160.342500
21.450000 2311.182500
21.460000 2491.262500
21.470000 2598.652500
21.480000 2593.670000
21.490000 2453.982500
21.500000 2517.550000
21.510000 2685.782500
21.520000 2545.690000
21.530000 2576.290000
21.540000 2646.472500
21.550000 2453.250000
21.560000 2396.982500
21.570000 2560.455000
21.580000 2600.492500
21.590000 2672.605000
21.600000 2551.755000
21.610000 2471.022500
21.620000 2625.077500
21.630000 2679.265000
21.640000 2464.592500
21.650000 2476.937500
21.660000 2566.300000
21.670000 2662.560000
21.680000 2647.952500
21.690000 2639.627500
21.700000 2637.400000
21.710000 2633.785000
21.720000 2585.352500
21.730000 2591.667500
21.740000 2551.525000
21.750000 2453.005000
21.760000 2549.642500
21.770000 2590.897500
21.780000 2629.782500
21.790000 2617.327500
21.800000 2729.510000
21.810000 2774.022500
21.820000 2586.837500
21.830000 2499.140000
21.840000 2513.480000
21.850000 2684.235000
21.860000 2460.882500
21.870000 2476.247500
21.880000 2574.435000
21.890000 2514.757500
21.900000 2555.870000
21.910000 2699.612500
21.920000 2605.787500
21.930000 2479.570000
21.940000 2507.922500
21.950000 2605.150000
21.960000 2511.452500
21.970000 2765.825000
21.980000 2882.445000
21.990000 2775.082500
22.000000 2802.965000
22.010000 3080.887500
22.020000 2974.217500
22.030000 2943.482500
22.040000 2968.102500
22.050000 3067.602500
22.060000 3179.085000
22.070000 3133.332500
22.080000 3169.020000
22.090000 3335.557500
22.100000 3509.180000
22.110000 3657.842500
22.120000 3665.445000
22.130000 3913.030000
22.140000 4276.745000
22.150000 4300.725000
22.160000 4413.452500
22.170000 4696.975000
22.180000 5125.800000
22.190000 5267.837500
22.200000 5494.790000
22.210000 5801.362500
22.220000 6132.745000
22.230000 6443.992500
22.240000 6730.715000
22.250000 7091.880000
22.260000 7296.717500
22.270000 7459.975000
22.280000 7422.162500
22.290000 7035.745000
22.300000 6708.800000
22.310000 6588.097500
22.320000 6581.330000
22.330000 6252.115000
22.340000 5834.147500
22.350000 5378.847500
22.360000 4850.540000
22.370000 4555.562500
22.380000 4247.322500
22.390000 3869.055000
22.400000 3784.630000
22.410000 3645.560000
22.420000 3406.522500
22.430000 3051.580000
22.440000 2970.215000
22.450000 3022.712500
22.460000 2874.380000
22.470000 2909.870000
22.480000 2898.307500
22.490000 2799.905000
22.500000 2741.692500
22.510000 2781.910000
22.520000 2640.050000
22.530000 2687.352500
22.540000 2584.205000
22.550000 2588.642500
22.560000 2731.145000
22.570000 2551.927500
22.580000 2464.255000
22.590000 2377.922500
22.600000 2432.412500
22.610000 2645.285000
22.620000 2717.140000
22.630000 2614.365000
22.640000 2673.320000
22.650000 2634.970000
22.660000 2670.570000
22.670000 2584.330000
22.680000 2463.855000
22.690000 2443.002500
22.700000 2381.857500
22.710000 2272.197500
22.720000 2391.620000
22.730000 2438.832500
22.740000 2481.725000
22.750000 2536.530000
22.760000 2412.790000
22.770000 2375.660000
22.780000 2515.055000
22.790000 2519.220000
22.800000 2362.330000
22.810000 2392.615000
22.820000 2440.347500
22.830000 2443.845000
22.840000 2500.000000
22.850000 2488.285000
22.860000 2421.112500
22.870000 2418.052500
22.880000 2489.715000
22.890000 2351.885000
22.900000 2405.790000
22.910000 2384.075000
22.920000 2360.555000
22.930000 2495.490000
22.940000 2627.155000
22.950000 2435.107500
22.960000 2356.175000
22.970000 2412.560000
22.980000 2525.995000
22.990000 2484.550000
23.000000 2507.410000
23.010000 2583.130000
23.020000 2459.355000
23.030000 2309.510000
23.040000 2301.087500
23.050000 2465.820000
23.060000 2249.457500
23.070000 2483.635000
23.080000 2410.082500
23.090000 2571.530000
23.100000 2563.812500
23.110000 2650.000000
23.120000 2624.940000
23.130000 2467.800000
23.140000 2460.347500
23.150000 2387.970000
23.160000 2529.460000
23.170000 2546.130000
23.180000 2479.907500
23.190000 2566.667500
23.200000 2537.195000
23.210000 2359.037500
23.220000 2473.920000
23.230000 2478.477500
23.240000 2546.587500
23.250000 2477.287500
23.260000 2533.102500
23.270000 2414.567500
23.280000 2412.532500
23.290000 2513.500000
23.300000 2611.430000
23.310000 2636.412500
23.320000 2657.312500
23.330000 2617.525000
23.340000 2369.207500
23.350000 2272.685000
23.360000 2331.625000
23.370000 2426.795000
23.380000 2297.940000
23.390000 2170.090000
23.400000 2264.177500
23.410000 2308.332500
23.420000 2311.220000
23.430000 2323.770000
23.440000 2239.545000
23.450000 2173.450000
23.460000 2299.177500
23.470000 2360.200000
23.480000 2387.982500
23.490000 2455.730000
23.500000 2189.557500
23.510000 2381.370000
23.520000 2419.772500
23.530000 2304.740000
23.540000 2283.925000
23.550000 2375.180000
23.560000 2488.477500
23.570000 2227.245000
23.580000 2061.155000
23.590000 2302.590000
23.600000 2311.275000
23.610000 2203.595000
23.620000 2303.255000
23.630000 2269.260000
23.640000 2354.145000
23.650000 2238.350000
23.660000 2214.097500
23.670000 2268.302500
23.680000 2271.155000
23.690000 2167.202500
23.700000 2258.805000
23.710000 2343.255000
23.720000 2351.232500
23.730000 2292.732500
23.740000 2370.115000
23.750000 2250.157500
23.760000 2328.735000
23.770000 2280.292500
23.780000 2248.490000
23.790000 2249.065000
23.800000 2407.590000
23.810000 2397.787500
23.820000 2369.142500
23.830000 2300.342500
23.840000 2216.667500
23.850000 2204.510000
23.860000 2087.770000
23.870000 2227.112500
23.880000 2255.585000
23.890000 2309.050000
23.900000 2231.867500
23.910000 2304.247500
23.920000 2258.332500
23.930000 2270.392500
23.940000 2401.027500
23.950000 2324.570000
23.960000 2412.747500
23.970000 2367.315000
23.980000 2381.417500
23.990000 2450.700000
24.000000 2350.135000
24.010000 2258.750000
24.020000 2355.517500
24.030000 2235.080000
24.040000 2476.397500
24.050000 2587.950000
24.060000 2432.737500
24.070000 2438.010000
24.080000 2609.505000
24.090000 2618.617500
24.100000 2540.805000
24.110000 2633.130000
24.120000 2518.920000
24.130000 2572.875000
24.140000 2893.325000
24.150000 2917.212500
24.160000 2925.000000
24.170000 2928.215000
24.180000 2989.845000
24.190000 3208.857500
24.200000 3217.185000
24.210000 3235.272500
24.220000 3401.827500
24.230000 3554.312500
24.240000 3495.145000
24.250000 3557.862500
24.260000 3687.707500
24.270000 3763.137500
24.280000 3838.817500
24.290000 3769.602500
24.300000 3407.422500
24.310000 3532.417500
24.320000 3505.342500
24.330000 3311.912500
24.340000 3361.742500
24.350000 3113.652500
24.360000 2897.990000
24.370000 2715.567500
24.380000 2845.380000
24.390000 2745.897500
24.400000 2512.832500
24.410000 2589.102500
24.420000 2373.805000
24.430000 2350.785000
24.440000 2370.925000
24.450000 2464.060000
24.460000 2576.560000
24.470000 2427.770000
24.480000 2314.910000
24.490000 2450.412500
24.500000 2273.227500
24.510000 2237.872500
24.520000 2341.322500
24.530000 2342.467500
24.540000 2562.660000
24.550000 2657.500000
24.560000 2430.757500
24.570000 2364.767500
24.580000 2320.400000
24.590000 2411.162500
24.600000 2266.967500
24.610000 2279.130000
24.620000 2392.535000
24.630000 2417.235000
24.640000 2433.890000
24.650000 2445.352500
24.660000 2308.870000
24.670000 2327.100000
24.680000 2392.437500
24.690000 2417.925000
24.700000 2458.087500
24.710000 2444.937500
24.720000 2274.765000
24.730000 2267.357500
24.740000 2295.717500
24.750000 2437.932500
24.760000 2301.715000
24.770000 2368.337500
24.780000 2435.777500
24.790000 2535.712500
24.800000 2630.825000
24.810000 2525.562500
24.820000 2547.085000
24.830000 2415.252500
24.840000 2352.572500
24.850000 2474.502500
24.860000 2451.447500
24.870000 2525.777500
24.880000 2565.315000
24.890000 2489.347500
24.900000 2358.612500
24.910000 2373.790000
24.920000 2302.710000
24.930000 2476.607500
24.940000 2583.452500
24.950000 2591.327500
24.960000 2566.235000
24.970000 2535.382500
24.980000 2700.390000
24.990000 2730.667500
25.000000 2491.752500
25.010000 2499.755000
25.020000 2475.380000
25.030000 2516.455000
25.040000 2491.667500
25.050000 2490.942500
25.060000 2393.097500
25.070000 2609.080000
25.080000 2733.955000
25.090000 2848.627500
25.100000 2558.502500
25.110000 2600.917500
25.120000 2866.597500
25.130000 2841.867500
25.140000 2933.282500
25.150000 2900.055000
25.160000 2958.315000
25.170000 2900.020000
25.180000 2850.047500
25.190000 2883.280000
25.200000 3116.150000
25.210000 3257.930000
25.220000 3316.465000
25.230000 3233.675000
25.240000 3357.742500
25.250000 3830.790000
25.260000 3816.767500
25.270000 3998.790000
25.280000 4215.100000
25.290000 4382.025000
25.300000 4622.950000
25.310000 4814.922500
25.320000 4915.695000
25.330000 5155.832500
25.340000 5479.767500
25.350000 5598.647500
25.360000 6077.427500
25.370000 6313.670000
25.380000 6637.290000
25.390000 6649.882500
25.400000 6789.582500
25.410000 6479.855000
25.420000 6852.220000
25.430000 6809.162500
25.440000 6521.680000
25.450000 6467.557500
25.460000 6442.127500
25.470000 6016.587500
25.480000 5469.150000
25.490000 5270.555000
25.500000 5519.600000
25.510000 5182.532500
25.520000 5085.362500
25.530000 5172.912500
25.540000 5118.030000
25.550000 5222.400000
25.560000 5558.257500
25.570000 5656.020000
25.580000 5861.282500
25.590000 6410.227500
25.600000 6676.340000
25.610000 7388.257500
25.620000 8185.687500
25.630000 8669.595000
25.640000 9581.012500
25.650000 10618.592500
25.660000 11280.002500
25.670000 11719.735000
25.680000 12620.675000
25.690000 14076.907500
25.700000 14995.105000
25.710000 15693.267500
25.720000 16778.780000
25.730000 18111.300000
25.740000 19283.387500
25.750000 19606.085000
25.760000 19608.640000
25.770000 20161.770000
25.780000 19982.940000
25.790000 19350.170000
25.800000 18700.567500
25.810000 17810.950000
25.820000 16439.770000
25.830000 15144.835000
25.840000 13782.087500
25.850000 12631.717500
25.860000 11187.692500
25.870000 9985.287500
25.880000 9144.802500
25.890000 8097.427500
25.900000 7119.287500
25.910000 6168.727500
25.920000 5775.432500
25.930000 5329.592500
25.940000 4975.080000
25.950000 4672.870000
25.960000 4159.092500
25.970000 3792.797500
25.980000 3513.825000
25.990000 3587.002500
26.000000 3781.370000
26.010000 3665.280000
26.020000 3374.142500
26.030000 3476.670000
26.040000 3412.377500
26.050000 3227.115000
26.060000 3271.785000
26.070000 3306.475000
26.080000 3174.645000
26.090000 3001.627500
26.100000 2756.047500
26.110000 2843.702500
26.120000 2904.907500
26.130000 3002.400000
26.140000 3094.505000
26.150000 2896.450000
26.160000 2719.032500
26.170000 2622.327500
26.180000 2772.942500
26.190000 2822.377500
26.200000 2653.317500
26.210000 2805.440000
26.220000 2699.760000
26.230000 2761.765000
26.240000 2657.692500
26.250000 2828.912500
26.260000 2445.202500
26.270000 2641.962500
26.280000 2728.207500
26.290000 2647.987500
26.300000 2672.682500
26.310000 2620.757500
26.320000 2515.997500
26.330000 2361.295000
26.340000 2450.540000
26.350000 2442.875000
26.360000 2580.697500
26.370000 2753.765000
26.380000 2589.245000
26.390000 2459.365000
26.400000 2473.112500
26.410000 2459.602500
26.420000 2358.310000
26.430000 2373.067500
26.440000 2582.472500
26.450000 2553.925000
26.460000 2511.630000
26.470000 2500.665000
26.480000 2362.042500
26.490000 2327.022500
26.500000 2631.177500
26.510000 2566.540000
26.520000 2573.622500
26.530000 2414.570000
26.540000 2430.537500
26.550000 2471.482500
26.560000 2375.877500
26.570000 2336.187500
26.580000 2554.162500
26.590000 2491.290000
26.600000 2430.097500
26.610000 2554.200000
26.620000 2437.550000
26.630000 2652.705000
26.640000 2447.445000
26.650000 2462.902500
26.660000 2398.487500
26.670000 2315.962500
26.680000 2520.167500
26.690000 2564.347500
26.700000 2596.890000
26.710000 2660.405000
26.720000 2545.935000
26.730000 2374.975000
26.740000 2365.870000
26.750000 2344.072500
26.760000 2364.245000
26.770000 2298.975000
26.780000 2434.475000
26.790000 2397.420000
26.800000 2504.262500
26.810000 2561.675000
26.820000 2514.190000
26.830000 2373.482500
26.840000 2395.767500
26.850000 2340.145000
26.860000 2460.442500
26.870000 2310.612500
26.880000 2448.477500
26.890000 2339.807500
26.900000 2451.775000
26.910000 2362.332500
26.920000 2521.295000
26.930000 2534.225000
26.940000 2496.145000
26.950000 2454.502500
26.960000 2598.560000
26.970000 2601.820000
26.980000 2384.870000
26.990000 2484.360000
27.000000 2462.957500
27.010000 2421.315000
27.020000 2416.667500
27.030000 2438.847500
27.040000 2478.612500
27.050000 2416.877500
27.060000 2393.575000
27.070000 2369.542500
27.080000 2521.425000
27.090000 2512.207500
27.100000 2530.412500
27.110000 2540.687500
27.120000 2556.367500
27.130000 2661.165000
27.140000 2594.257500
27.150000 2590.667500
27.160000 2591.667500
27.170000 2327.945000
27.180000 2364.875000
27.190000 2462.790000
27.200000 2401.890000
27.210000 2581.625000
27.220000 2513.417500
27.230000 2463.517500
27.240000 2684.370000
27.250000 2476.205000
27.260000 2332.440000
27.270000 2389.437500
27.280000 2429.087500
27.290000 2607.747500
27.300000 2473.560000
27.310000 2529.832500
27.320000 2447.382500
27.330000 2556.547500
27.340000 2430.140000
27.350000 2364.905000
27.360000 2452.365000
27.370000 2495.580000
27.380000 2507.222500
27.390000 2378.395000
27.400000 2235.697500
27.410000 2303.175000
27.420000 2251.830000
27.430000 2306.460000
27.440000 2352.640000
27.450000 2473.367500
27.460000 2513.220000
27.470000 2538.207500
27.480000 2390.987500
27.490000 2510.072500
27.500000 2554.830000
27.510000 2436.602500
27.520000 2395.200000
27.530000 2577.592500
27.540000 2722.672500
27.550000 2406.025000
27.560000 2250.090000
27.570000 2368.835000
27.580000 2541.330000
27.590000 2588.032500
27.600000 2399.505000
27.610000 2359.555000
27.620000 2550.235000
27.630000 2519.410000
27.640000 2465.747500
27.650000 2444.147500
27.660000 2356.610000
27.670000 2504.582500
27.680000 2512.097500
27.690000 2402.227500
27.700000 2552.985000
27.710000 2540.950000
27.720000 2406.267500
27.730000 2517.367500
27.740000 2562.815000
27.750000 2524.397500
27.760000 2516.667500
27.770000 2446.315000
27.780000 2440.362500
27.790000 2504.895000
27.800000 2544.750000
27.810000 2395.652500
27.820000 2268.512500
27.830000 2320.062500
27.840000 2396.345000
27.850000 2499.287500
27.860000 2656.500000
27.870000 2536.607500
27.880000 2529.280000
27.890000 2519.380000
27.900000 2656.115000
27.910000 2550.947500
27.920000 2504.112500
27.930000 2423.462500
27.940000 2644.742500
27.950000 2719.460000
27.960000 2620.847500
27.970000 2683.265000
27.980000 2762.405000
27.990000 2761.142500
28.000000 2758.332500
28.010000 2875.965000
28.020000 3072.867500
28.030000 3080.695000
28.040000 2888.562500
28.050000 3022.507500
28.060000 3327.257500
28.070000 3493.585000
28.080000 3571.752500
28.090000 3961.790000
28.100000 4000.410000
28.110000 4177.195000
28.120000 4443.265000
28.130000 4388.740000
28.140000 4743.802500
28.150000 4948.340000
28.160000 4968.152500
28.170000 5219.842500
28.180000 5329.702500
28.190000 5280.170000
28.200000 5191.557500
28.210000 5441.110000
28.220000 5677.282500
28.230000 5757.550000
28.240000 5528.355000
28.250000 5257.267500
28.260000 5079.145000
28.270000 4669.507500
28.280000 4264.217500
28.290000 4205.237500
28.300000 3998.150000
28.310000 3821.270000
28.320000 3669.797500
28.330000 3458.992500
28.340000 3193.557500
28.350000 3229.495000
28.360000 3168.985000
28.370000 2927.367500
28.380000 3063.767500
28.390000 3014.017500
28.400000 2836.830000
28.410000 2759.637500
28.420000 2662.607500
28.430000 2655.102500
28.440000 2671.760000
28.450000 2708.540000
28.460000 2716.667500
28.470000 2750.160000
28.480000 2785.107500
28.490000 2851.865000
28.500000 2659.462500
28.510000 2448.032500
28.520000 2561.845000
28.530000 2693.375000
28.540000 2630.025000
28.550000 2628.312500
28.560000 2699.885000
28.570000 2643.512500
28.580000 2565.190000
28.590000 2689.455000
28.600000 2625.460000
28.610000 2619.892500
28.620000 2485.847500
28.630000 2496.350000
28.640000 2435.550000
28.650000 2423.277500
28.660000 2358.930000
28.670000 2255.837500
28.680000 2239.930000
28.690000 2393.297500
28.700000 2479.447500
28.710000 2603.580000
28.720000 2488.612500
28.730000 2377.692500
28.740000 2253.235000
28.750000 2369.405000
28.760000 2454.247500
28.770000 2270.040000
28.780000 2472.092500
28.790000 2443.497500
28.800000 2383.967500
28.810000 2257.370000
28.820000 2283.772500
28.830000 2521.862500
28.840000 2596.375000
28.850000 2463.170000
28.860000 2359.890000
28.870000 2406.727500
28.880000 2451.005000
28.890000 2341.397500
28.900000 2431.675000
28.910000 2499.100000
28.920000 2430.550000
28.930000 2382.425000
28.940000 2297.332500
28.950000 2300.870000
28.960000 2424.662500
28.970000 2464.792500
28.980000 2408.587500
28.990000 2430.357500
29.000000 2409.450000
29.010000 2406.437500
29.020000 2376.165000
29.030000 2533.822500
29.040000 2474.122500
29.050000 2300.440000
29.060000 2264.747500
29.070000 2317.945000
29.080000 2371.762500
29.090000 2344.932500
29.100000 2333.332500
29.110000 2199.135000
29.120000 2158.332500
29.130000 2273.187500
29.140000 2282.830000
29.150000 2268.630000
29.160000 2241.202500
29.170000 2220.610000
29.180000 2356.512500
29.190000 2527.037500
29.200000 2642.830000
29.210000 2539.822500
29.220000 2455.637500
29.230000 2346.680000
29.240000 2379.942500
29.250000 2406.322500
29.260000 2383.062500
29.270000 2406.565000
29.280000 2404.050000
29.290000 2425.215000
29.300000 2364.047500
29.310000 2385.722500
29.320000 2494.335000
29.330000 2443.307500
29.340000 2215.730000
29.350000 2400.977500
29.360000 2451.985000
29.370000 2347.695000
29.380000 2360.485000
29.390000 2406.275000
29.400000 2516.670000
29.410000 2487.545000
29.420000 2522.832500
29.430000 2410.717500
29.440000 2310.590000
29.450000 2409.960000
29.460000 2406.452500
29.470000 2354.370000
29.480000 2552.855000
29.490000 2631.207500
29.500000 2589.922500
29.510000 2389.095000
29.520000 2386.920000
29.530000 2606.322500
29.540000 2705.912500
29.550000 2796.972500
29.560000 2812.655000
29.570000 2740.487500
29.580000 2655.037500
29.590000 2750.335000
29.600000 2988.567500
29.610000 2929.220000
29.620000 3043.062500
29.630000 3075.445000
29.640000 3103.467500
29.650000 3380.205000
29.660000 3456.627500
29.670000 3621.332500
29.680000 3750.590000
29.690000 3573.392500
29.700000 3695.342500
29.710000 3986.250000
29.720000 4036.192500
29.730000 4189.425000
29.740000 4517.737500
29.750000 4774.747500
29.760000 5064.190000
29.770000 5259.265000
29.780000 5360.655000
29.790000 5601.512500
29.800000 5616.722500
29.810000 5924.457500
29.820000 6449.027500
29.830000 6581.877500
29.840000 6375.810000
29.850000 6203.500000
29.860000 6094.350000
29.870000 5976.345000
29.880000 5875.485000
29.890000 5447.222500
29.900000 5291.667500
29.910000 5087.605000
29.920000 4828.425000
29.930000 4500.677500
29.940000 4136.567500
29.950000 4146.995000
29.960000 3946.597500
29.970000 3509.572500
29.980000 3309.357500
29.990000 3217.745000
30.000000 3090.385000
30.010000 2966.662500
30.020000 2963.072500
30.030000 2939.342500
30.040000 2841.867500
30.050000 2879.530000
30.060000 2849.052500
30.070000 2765.767500
30.080000 2717.992500
30.090000 2507.277500
30.100000 2513.627500
30.110000 2673.975000
30.120000 2689.607500
30.130000 2675.000000
30.140000 2680.890000
30.150000 2718.637500
30.160000 2809.760000
30.170000 2706.565000
30.180000 2644.130000
30.190000 2682.715000
30.200000 2764.450000
30.210000 2820.937500
30.220000 2698.800000
30.230000 2571.535000
30.240000 2594.222500
30.250000 2657.507500
30.260000 2622.535000
30.270000 2664.070000
30.280000 2755.682500
30.290000 2661.225000
30.300000 2660.620000
30.310000 2735.575000
30.320000 2682.935000
30.330000 2702.152500
30.340000 2730.790000
30.350000 2669.700000
30.360000 2583.867500
30.370000 2720.032500
30.380000 2866.677500
30.390000 2796.227500
30.400000 2652.077500
30.410000 2671.640000
30.420000 2780.502500
30.430000 2874.117500
30.440000 2911.480000
30.450000 2899.460000
30.460000 3017.732500
30.470000 3149.427500
30.480000 3034.605000
30.490000 3012.390000
30.500000 3096.147500
30.510000 3182.052500
30.520000 3373.642500
30.530000 3375.960000
30.540000 3432.712500
30.550000 3560.280000
30.560000 3776.090000
30.570000 4045.620000
30.580000 4133.332500
30.590000 4331.620000
30.600000 4787.262500
30.610000 5077.095000
30.620000 5348.045000
30.630000 5562.907500
30.640000 5960.725000
30.650000 6480.025000
30.660000 6937.145000
30.670000 7142.502500
30.680000 7787.607500
30.690000 8403.402500
30.700000 9007.150000
30.710000 9449.207500
30.720000 9916.742500
30.730000 10421.780000
30.740000 10650.415000
30.750000 11102.212500
30.760000 11620.815000
30.770000 11864.200000
30.780000 11713.385000
30.790000 11160.342500
30.800000 10605.300000
30.810000 10597.202500
30.820000 10208.817500
30.830000 9786.480000
30.840000 9337.127500
30.850000 8621.475000
30.860000 8117.757500
30.870000 7569.087500
30.880000 6902.922500
30.890000 6465.452500
30.900000 5989.207500
30.910000 5227.555000
30.920000 4724.362500
30.930000 4484.807500
30.940000 4087.322500
30.950000 3900.215000
30.960000 3847.835000
30.970000 3638.890000
30.980000 3503.385000
30.990000 3532.507500
31.000000 3334.530000
31.010000 3134.865000
31.020000 3206.082500
31.030000 3364.647500
31.040000 3161.070000
31.050000 3063.032500
31.060000 3110.472500
31.070000 3119.577500
31.080000 3067.905000
31.090000 2992.952500
31.100000 2945.035000
31.110000 2900.917500
31.120000 2996.680000
31.130000 2928.917500
31.140000 2922.980000
31.150000 2882.985000
31.160000 2734.127500
31.170000 2685.742500
31.180000 2659.467500
31.190000 2791.790000
31.200000 2762.515000
31.210000 2630.432500
31.220000 2618.397500
31.230000 2505.147500
31.240000 2406.652500
31.250000 2375.675000
31.260000 2292.107500
31.270000 2212.757500
31.280000 2324.550000
31.290000 2267.245000
31.300000 2250.022500
31.310000 2262.135000
31.320000 2144.105000
31.330000 2167.967500
31.340000 2338.207500
31.350000 2360.820000
31.360000 2333.332500
31.370000 2338.602500
31.380000 2467.997500
31.390000 2404.945000
31.400000 2319.747500
31.410000 2327.162500
31.420000 2328.090000
31.430000 2330.237500
31.440000 2333.332500
31.450000 2265.375000
31.460000 2282.445000
31.470000 2248.845000
31.480000 2177.062500
31.490000 2194.780000
31.500000 2169.852500
31.510000 2115.685000
31.520000 2203.822500
31.530000 2282.225000
31.540000 2270.945000
31.550000 2273.860000
31.560000 2185.100000
31.570000 2259.290000
31.580000 2419.062500
31.590000 2224.402500
31.600000 2136.792500
31.610000 2211.007500
31.620000 2099.722500
31.630000 2037.200000
31.640000 2091.027500
31.650000 2178.145000
31.660000 2180.842500
31.670000 2132.770000
31.680000 2234.137500
31.690000 2364.457500
31.700000 2343.935000
31.710000 2262.507500
31.720000 2294.370000
31.730000 2252.035000
31.740000 2255.835000
31.750000 2301.807500
31.760000 2222.222500
31.770000 2262.807500
31.780000 2213.795000
31.790000 2257.805000
31.800000 2232.450000
31.810000 2081.005000
31.820000 2095.470000
31.830000 2171.837500
31.840000 2236.875000
31.850000 2256.630000
31.860000 2194.862500
31.870000 2198.390000
31.880000 2255.010000
31.890000 2270.002500
31.900000 2281.640000
31.910000 2226.850000
31.920000 2178.352500
31.930000 2075.495000
31.940000 2212.102500
31.950000 2335.105000
31.960000 2389.470000
31.970000 2393.702500
31.980000 2297.385000
31.990000 2264.830000
32.000000 2339.192500
32.010000 2353.737500
32.020000 2338.260000
32.030000 2425.340000
32.040000 2660.330000
32.050000 2714.577500
32.060000 2607.797500
32.070000 2605.870000
32.080000 2613.752500
32.090000 2629.337500
32.100000 2762.340000
32.110000 2988.037500
32.120000 3120.907500
32.130000 3063.775000
32.140000 3052.100000
32.150000 3238.772500
32.160000 3369.407500
32.170000 3577.202500
32.180000 3798.970000
32.190000 3858.332500
32.200000 3935.622500
32.210000 4010.967500
32.220000 4169.590000
32.230000 4270.185000
32.240000 4391.697500
32.250000 4560.187500
32.260000 4693.435000
32.270000 4778.755000
32.280000 4737.767500
32.290000 4782.520000
32.300000 4768.802500
32.310000 4517.497500
32.320000 4317.815000
32.330000 4222.640000
32.340000 4202.352500
32.350000 4145.430000
32.360000 4053.717500
32.370000 4006.047500
32.380000 3930.140000
32.390000 3689.515000
32.400000 3352.795000
32.410000 3033.830000
32.420000 2852.892500
32.430000 2868.425000
32.440000 2856.635000
32.450000 2661.750000
32.460000 2541.667500
32.470000 2602.552500
32.480000 2621.932500
32.490000 2562.620000
32.500000 2402.657500
32.510000 2341.952500
32.520000 2430.872500
32.530000 2428.495000
32.540000 2382.377500
32.550000 2347.162500
32.560000 2348.170000
32.570000 2389.807500
32.580000 2399.087500
32.590000 2299.320000
32.600000 2284.952500
32.610000 2351.757500
32.620000 2325.260000
32.630000 2185.977500
32.640000 2155.075000
32.650000 2204.585000
32.660000 2208.332500
32.670000 2217.480000
32.680000 2256.972500
32.690000 2287.895000
32.700000 2296.222500
32.710000 2300.000000
32.720000 2322.725000
32.730000 2237.257500
32.740000 2154.535000
32.750000 2221.730000
32.760000 2293.090000
32.770000 2240.575000
32.780000 2210.402500
32.790000 2237.840000
32.800000 2192.162500
32.810000 2280.347500
32.820000 2351.265000
32.830000 2339.085000
32.840000 2331.465000
32.850000 2299.390000
32.860000 2318.467500
32.870000 2448.730000
32.880000 2550.577500
32.890000 2585.032500
32.900000 2679.440000
32.910000 2812.682500
32.920000 2835.105000
32.930000 2830.990000
32.940000 2986.557500
32.950000 3108.832500
32.960000 3129.897500
32.970000 3203.330000
32.980000 3399.095000
32.990000 3652.400000
33.000000 3889.515000
33.010000 4122.690000
33.020000 4325.230000
33.030000 4395.222500
33.040000 4553.557500
33.050000 4948.077500
33.060000 5319.032500
33.070000 5693.102500
33.080000 6060.300000
33.090000 6382.120000
33.100000 6558.660000
33.110000 6648.837500
33.120000 7031.650000
33.130000 7523.702500
33.140000 7776.972500
33.150000 7833.332500
33.160000 7794.670000
33.170000 7784.075000
33.180000 7842.610000
33.190000 7691.012500
33.200000 7315.832500
33.210000 7043.922500
33.220000 6830.297500
33.230000 6372.307500
33.240000 5943.585000
33.250000 5544.727500
33.260000 5071.700000
33.270000 4726.725000
33.280000 4515.825000
33.290000 4310.597500
33.300000 3989.625000
33.310000 3686.172500
33.320000 3360.762500
33.330000 3015.545000
33.340000 2870.857500
33.350000 2854.070000
33.360000 2812.432500
33.370000 2712.350000
33.380000 2641.670000
33.390000 2533.440000
33.400000 2416.667500
33.410000 2416.667500
33.420000 2404.230000
33.430000 2313.015000
33.440000 2291.205000
33.450000 2275.700000
33.460000 2150.537500
33.470000 2174.090000
33.480000 2180.127500
33.490000 2157.585000
33.500000 2253.415000
33.510000 2279.537500
33.520000 2209.292500
33.530000 2244.030000
33.540000 2317.035000
33.550000 2218.620000
33.560000 2178.027500
33.570000 2216.885000
33.580000 2098.950000
33.590000 1983.332500
33.600000 1946.980000
33.610000 1997.070000
33.620000 2095.695000
33.630000 2192.497500
33.640000 2215.370000
33.650000 2081.207500
33.660000 1964.942500
33.670000 2051.917500
33.680000 2212.675000
33.690000 2240.220000
33.700000 2143.662500
33.710000 2031.792500
33.720000 2149.995000
33.730000 2202.047500
33.740000 2182.070000
33.750000 2168.832500
33.760000 2132.887500
33.770000 2165.295000
33.780000 2116.957500
33.790000 2025.482500
33.800000 1993.147500
33.810000 2013.635000
33.820000 2082.297500
33.830000 2010.255000
33.840000 1947.292500
33.850000 2034.455000
33.860000 2044.495000
33.870000 2042.655000
33.880000 2064.565000
33.890000 2048.795000
33.900000 2070.527500
33.910000 1994.075000
33.920000 1911.542500
33.930000 1967.255000
33.940000 2047.350000
33.950000 2048.870000
33.960000 2031.272500
33.970000 2115.590000
33.980000 2141.412500
33.990000 2019.372500
34.000000 1895.345000
34.010000 1903.097500
34.020000 2015.892500
34.030000 2059.877500
34.040000 1992.600000
34.050000 1997.392500
34.060000 2101.335000
34.070000 2058.215000
34.080000 2004.165000
34.090000 1986.357500
34.100000 2057.835000
34.110000 2208.085000
34.120000 2095.887500
34.130000 1967.422500
34.140000 1979.785000
34.150000 1987.905000
34.160000 1892.600000
34.170000 1964.610000
34.180000 2074.042500
34.190000 2079.652500
34.200000 2119.110000
34.210000 2130.965000
34.220000 1990.742500
34.230000 1978.420000
34.240000 2173.020000
34.250000 2142.745000
34.260000 1990.610000
34.270000 2069.012500
34.280000 2161.960000
34.290000 2195.625000
34.300000 2312.832500
34.310000 2265.160000
34.320000 2095.475000
34.330000 2216.012500
34.340000 2325.000000
34.350000 2332.165000
34.360000 2345.242500
34.370000 2364.280000
34.380000 2426.095000
34.390000 2511.790000
34.400000 2589.060000
34.410000 2680.657500
34.420000 2736.872500
34.430000 2745.197500
34.440000 2750.000000
34.450000 2876.695000
34.460000 3176.467500
34.470000 3458.705000
34.480000 3552.327500
34.490000 3461.025000
34.500000 3438.180000
34.510000 3544.732500
34.520000 3759.072500
34.530000 3917.975000
34.540000 4049.235000
34.550000 4090.245000
34.560000 4182.787500
34.570000 4275.897500
34.580000 4306.962500
34.590000 4396.570000
34.600000 4251.287500
34.610000 4050.000000
34.620000 4050.000000
34.630000 3988.715000
34.640000 3845.627500
34.650000 3742.925000
34.660000 3583.072500
34.670000 3393.242500
34.680000 3393.450000
34.690000 3310.717500
34.700000 3112.912500
34.710000 2946.150000
34.720000 2753.077500
34.730000 2658.332500
34.740000 2644.997500
34.750000 2651.617500
34.760000 2621.930000
34.770000 2463.637500
34.780000 2333.715000
34.790000 2344.170000
34.800000 2468.410000
34.810000 2409.007500
34.820000 2267.695000
34.830000 2147.015000
34.840000 2116.667500
34.850000 2110.142500
34.860000 2070.697500
34.870000 2018.502500
34.880000 2050.487500
34.890000 2246.112500
34.900000 2424.162500
34.910000 2322.095000
34.920000 2170.320000
34.930000 2057.655000
34.940000 2096.750000
34.950000 2199.425000
34.960000 2180.665000
34.970000 2200.750000
34.980000 2082.867500
34.990000 1939.675000
35.000000 1956.327500
35.010000 2023.495000
35.020000 2157.622500
35.030000 2190.417500
35.040000 2130.195000
35.050000 2093.692500
35.060000 2019.797500
35.070000 2092.440000
35.080000 2256.335000
35.090000 2209.480000
35.100000 2099.705000
35.110000 2001.602500
35.120000 2056.495000
35.130000 2077.315000
35.140000 2126.747500
35.150000 2061.397500
35.160000 2081.952500
35.170000 2181.547500
35.180000 2250.500000
35.190000 2134.815000
35.200000 2090.150000
35.210000 2121.832500
35.220000 2221.265000
35.230000 2221.072500
35.240000 2210.277500
35.250000 2175.945000
35.260000 2332.447500
35.270000 2387.352500
35.280000 2322.625000
35.290000 2458.817500
35.300000 2487.777500
35.310000 2366.132500
35.320000 2432.582500
35.330000 2515.655000
35.340000 2318.272500
35.350000 2250.700000
35.360000 2477.275000
35.370000 2634.597500
35.380000 2551.732500
35.390000 2522.842500
35.400000 2613.687500
35.410000 2741.997500
35.420000 2813.075000
35.430000 2850.557500
35.440000 2707.795000
35.450000 2660.697500
35.460000 2747.482500
35.470000 3029.297500
35.480000 3209.640000
35.490000 3390.162500
35.500000 3576.017500
35.510000 3702.945000
35.520000 3753.125000
35.530000 3889.692500
35.540000 4209.520000
35.550000 4550.125000
35.560000 4725.315000
35.570000 5088.890000
35.580000 5380.397500
35.590000 5599.542500
35.600000 5910.155000
35.610000 6188.667500
35.620000 6386.945000
35.630000 6883.317500
35.640000 7258.332500
35.650000 7282.832500
35.660000 7450.085000
35.670000 7610.422500
35.680000 7382.240000
35.690000 7306.827500
35.700000 7351.902500
35.710000 7155.610000
35.720000 6908.800000
35.730000 6621.357500
35.740000 6359.402500
35.750000 6252.640000
35.760000 6011.665000
35.770000 5657.672500
35.780000 5353.100000
35.790000 4949.207500
35.800000 4496.015000
35.810000 4211.185000
35.820000 3904.180000
35.830000 3762.302500
35.840000 3425.757500
35.850000 3106.117500
35.860000 3018.630000
35.870000 3021.130000
35.880000 2839.325000
35.890000 2489.935000
35.900000 2409.487500
35.910000 2455.077500
35.920000 2438.822500
35.930000 2400.242500
35.940000 2410.510000
35.950000 2267.372500
35.960000 2166.640000
35.970000 2138.280000
35.980000 2230.727500
35.990000 2231.227500
36.000000 2076.172500
36.010000 2000.000000
36.020000 2056.570000
36.030000 2179.405000
36.040000 2125.547500
36.050000 2064.230000
36.060000 2102.085000
36.070000 2222.875000
36.080000 2224.507500
36.090000 2132.030000
36.100000 2089.120000
36.110000 2005.750000
36.120000 1916.667500
36.130000 1923.805000
36.140000 2015.217500
36.150000 2157.425000
36.160000 2005.197500
36.170000 1903.420000
36.180000 1952.080000
36.190000 2021.025000
36.200000 2021.440000
36.210000 1948.332500
36.220000 2088.897500
36.230000 2018.972500
36.240000 2015.802500
36.250000 1977.915000
36.260000 1937.097500
36.270000 1961.437500
36.280000 2051.522500
36.290000 2026.545000
36.300000 2015.100000
36.310000 2031.085000
36.320000 2009.317500
36.330000 1971.132500
36.340000 1992.235000
36.350000 1996.705000
36.360000 1954.930000
36.370000 1934.382500
36.380000 1803.545000
36.390000 1868.015000
36.400000 1827.180000
36.410000 1870.282500
36.420000 2018.320000
36.430000 2117.922500
36.440000 2101.625000
36.450000 2177.120000
36.460000 1998.707500
36.470000 2125.722500
36.480000 2193.185000
36.490000 2157.065000
36.500000 2329.212500
36.510000 2255.630000
36.520000 1993.727500
36.530000 1993.750000
36.540000 2025.090000
36.550000 1960.342500
36.560000 2049.367500
36.570000 2241.425000
36.580000 2263.027500
36.590000 2238.177500
36.600000 2427.242500
36.610000 2446.767500
36.620000 2596.895000
36.630000 2685.645000
36.640000 2668.667500
36.650000 2680.977500
36.660000 2670.230000
36.670000 2638.267500
36.680000 2855.452500
36.690000 2882.342500
36.700000 2836.725000
36.710000 2911.982500
36.720000 3124.457500
36.730000 3349.685000
36.740000 3098.077500
36.750000 3154.887500
36.760000 3307.517500
36.770000 3049.422500
36.780000 2867.035000
36.790000 2970.237500
36.800000 3111.860000
36.810000 3055.450000
36.820000 2996.187500
36.830000 2904.605000
36.840000 2846.257500
36.850000 2862.250000
36.860000 2729.042500
36.870000 2592.187500
36.880000 2504.042500
36.890000 2570.380000
36.900000 2429.735000
36.910000 2375.455000
36.920000 2228.567500
36.930000 2246.995000
36.940000 2248.982500
36.950000 2207.980000
36.960000 2282.472500
36.970000 2183.515000
36.980000 2070.492500
36.990000 2133.957500
37.000000 2187.952500
37.010000 2151.947500
37.020000 2154.147500
37.030000 2028.705000
37.040000 2108.332500
37.050000 2088.152500
37.060000 2016.702500
37.070000 2064.992500
37.080000 2108.420000
37.090000 2058.167500
37.100000 2138.137500
37.110000 2160.617500
37.120000 2018.697500
37.130000 1989.080000
37.140000 2110.225000
37.150000 2091.345000
37.160000 2140.945000
37.170000 2184.537500
37.180000 2089.647500
37.190000 2137.082500
37.200000 2268.747500
37.210000 2416.365000
37.220000 2258.075000
37.230000 2406.662500
37.240000 2563.440000
37.250000 2473.477500
37.260000 2469.695000
37.270000 2508.937500
37.280000 2595.040000
37.290000 2488.132500
37.300000 2653.155000
37.310000 2796.597500
37.320000 2871.525000
37.330000 2956.655000
37.340000 3113.050000
37.350000 3329.010000
37.360000 3339.865000
37.370000 3527.292500
37.380000 3718.420000
37.390000 3857.640000
37.400000 4167.230000
37.410000 4518.102500
37.420000 4631.865000
37.430000 4822.932500
37.440000 5265.535000
37.450000 5677.020000
37.460000 5890.770000
37.470000 6065.050000
37.480000 6184.110000
37.490000 6654.190000
37.500000 6822.837500
37.510000 6898.690000
37.520000 6885.155000
37.530000 6857.762500
37.540000 6924.427500
37.550000 7014.902500
37.560000 6772.462500
37.570000 6731.857500
37.580000 6539.495000
37.590000 6220.747500
37.600000 5780.825000
37.610000 5555.360000
37.620000 5411.185000
37.630000 5213.957500
37.640000 5025.440000
37.650000 4517.650000
37.660000 4123.815000
37.670000 4116.667500
37.680000 4045.350000
37.690000 3581.635000
37.700000 3385.552500
37.710000 3164.210000
37.720000 2995.072500
37.730000 2978.342500
37.740000 2702.007500
37.750000 2524.427500
37.760000 2686.640000
37.770000 2699.585000
37.780000 2624.307500
37.790000 2481.420000
37.800000 2312.817500
37.810000 2400.000000
37.820000 2368.465000
37.830000 2148.957500
37.840000 2141.667500
37.850000 2142.692500
37.860000 2164.240000
37.870000 2250.527500
37.880000 2145.335000
37.890000 2227.385000
37.900000 2159.740000
37.910000 1975.537500
37.920000 1936.952500
37.930000 2086.880000
37.940000 2058.540000
37.950000 2123.120000
37.960000 2098.085000
37.970000 2010.205000
37.980000 1951.017500
37.990000 1898.912500
38.000000 1966.407500
38.010000 2034.222500
38.020000 2044.307500
38.030000 2050.982500
38.040000 1919.255000
38.050000 1956.185000
38.060000 2080.797500
38.070000 2061.680000
38.080000 2084.215000
38.090000 2010.932500
38.100000 1967.250000
38.110000 2034.765000
38.120000 1894.840000
38.130000 1938.335000
38.140000 2053.480000
38.150000 1918.865000
38.160000 1859.850000
38.170000 1872.752500
38.180000 1858.147500
38.190000 1951.182500
38.200000 2042.770000
38.210000 1968.095000
38.220000 1993.917500
38.230000 2093.702500
38.240000 1940.900000
38.250000 2022.962500
38.260000 1993.297500
38.270000 1924.605000
38.280000 2012.750000
38.290000 1966.022500
38.300000 1960.872500
38.310000 1984.780000
38.320000 1892.595000
38.330000 1804.865000
38.340000 1863.070000
38.350000 1824.342500
38.360000 1920.347500
38.370000 1862.342500
38.380000 1921.175000
38.390000 1981.670000
38.400000 1960.517500
38.410000 1988.445000
38.420000 1944.835000
38.430000 1993.742500
38.440000 2020.920000
38.450000 1963.845000
38.460000 2048.525000
38.470000 2023.067500
38.480000 1986.452500
38.490000 1903.255000
38.500000 1953.775000
38.510000 1874.552500
38.520000 1864.040000
38.530000 1826.527500
38.540000 2005.395000
38.550000 1945.482500
38.560000 1862.350000
38.570000 1944.807500
38.580000 2003.732500
38.590000 1912.075000
38.600000 1993.127500
38.610000 2021.795000
38.620000 1950.000000
38.630000 1951.690000
38.640000 1990.680000
38.650000 1965.390000
38.660000 1932.092500
38.670000 1895.785000
38.680000 1788.587500
38.690000 1936.727500
38.700000 2025.125000
38.710000 1787.562500
38.720000 1915.900000
38.730000 1889.700000
38.740000 1825.472500
38.750000 1844.395000
38.760000 1944.722500
38.770000 2054.990000
38.780000 1927.397500
38.790000 2025.190000
38.800000 2033.877500
38.810000 2058.505000
38.820000 2066.342500
38.830000 2050.000000
38.840000 2051.870000
38.850000 2156.180000
38.860000 2022.995000
38.870000 1892.942500
38.880000 1983.865000
38.890000 2024.902500
38.900000 2016.052500
38.910000 1958.490000
38.920000 1975.830000
38.930000 2075.180000
38.940000 2099.850000
38.950000 2075.162500
38.960000 2108.020000
38.970000 2024.912500
38.980000 1991.767500
38.990000 2058.320000
39.000000 2025.025000
39.010000 2116.492500
39.020000 2116.667500
39.030000 2116.667500
39.040000 2066.932500
39.050000 2050.107500
39.060000 2041.730000
39.070000 1917.757500
39.080000 1999.177500
39.090000 2107.140000
39.100000 2009.550000
39.110000 2090.557500
39.120000 1935.622500
39.130000 1990.757500
39.140000 2155.540000
39.150000 2166.517500
39.160000 2101.270000
39.170000 2010.185000
39.180000 2081.730000
39.190000 2091.480000
39.200000 2295.067500
39.210000 2039.955000
39.220000 1830.415000
39.230000 2051.997500
39.240000 2268.865000
39.250000 2291.175000
39.260000 2218.965000
39.270000 2281.212500
39.280000 2226.922500
39.290000 2329.635000
39.300000 2461.960000
39.310000 2474.695000
39.320000 2547.177500
39.330000 2461.890000
39.340000 2426.332500
39.350000 2273.182500
39.360000 2625.797500
39.370000 2681.520000
39.380000 2778.867500
39.390000 2767.430000
39.400000 2925.497500
39.410000 3226.805000
39.420000 3360.495000
39.430000 3153.042500
39.440000 3268.100000
39.450000 3488.092500
39.460000 3736.472500
39.470000 3962.557500
39.480000 3998.587500
39.490000 4172.760000
39.500000 4512.732500
39.510000 4807.485000
39.520000 4770.240000
39.530000 4883.862500
39.540000 5071.137500
39.550000 4833.952500
39.560000 5166.912500
39.570000 5284.945000
39.580000 5369.300000
39.590000 5041.610000
39.600000 4846.315000
39.610000 4756.000000
39.620000 4719.107500
39.630000 4755.232500
39.640000 4319.250000
39.650000 4183.322500
39.660000 3959.872500
39.670000 3880.282500
39.680000 3645.110000
39.690000 3456.637500
39.700000 3258.240000
39.710000 3256.932500
39.720000 3121.127500
39.730000 2834.285000
39.740000 2785.527500
39.750000 2813.702500
39.760000 2793.920000
39.770000 2640.227500
39.780000 2481.327500
39.790000 2277.877500
39.800000 2356.372500
39.810000 2351.605000
39.820000 2199.580000
39.830000 2258.440000
39.840000 2206.662500
39.850000 2117.607500
39.860000 2190.615000
39.870000 2364.335000
39.880000 2241.602500
39.890000 2128.160000
39.900000 1982.765000
39.910000 2092.955000
39.920000 1997.057500
39.930000 2012.965000
39.940000 2260.795000
39.950000 2276.892500
39.960000 2334.017500
39.970000 2238.532500
39.980000 2173.505000
39.990000 2115.245000
40.000000 2100.997500
40.010000 2407.662500
40.020000 2098.882500
40.030000 2006.172500
40.040000 1992.705000
40.050000 2042.652500
40.060000 2042.727500
40.070000 2281.340000
40.080000 2309.415000
40.090000 2149.012500
40.100000 2110.537500
40.110000 2245.532500
40.120000 2158.510000
40.130000 2019.267500
40.140000 2079.085000
40.150000 2192.172500
40.160000 2136.650000
40.170000 2153.632500
40.180000 2165.480000
40.190000 2109.572500
40.200000 2042.990000
40.210000 1983.525000
40.220000 2010.525000
40.230000 2030.855000
40.240000 2082.920000
40.250000 2091.667500
40.260000 2013.977500
40.270000 2126.935000
40.280000 2157.042500
40.290000 2172.395000
40.300000 1992.480000
40.310000 2070.482500
40.320000 2070.670000
40.330000 2108.595000
40.340000 2193.415000
40.350000 2250.132500
40.360000 2202.687500
40.370000 2184.722500
40.380000 2218.005000
40.390000 2225.000000
40.400000 2273.390000
40.410000 2352.352500
40.420000 2215.060000
40.430000 2238.377500
40.440000 2243.130000
40.450000 2323.972500
40.460000 2300.580000
40.470000 2401.060000
40.480000 2336.257500
40.490000 2391.637500
40.500000 2489.987500
40.510000 2487.952500
40.520000 2673.252500
40.530000 2750.525000
40.540000 2798.900000
40.550000 2794.832500
40.560000 2933.190000
40.570000 3047.405000
40.580000 2972.625000
40.590000 3050.595000
40.600000 3423.160000
40.610000 3481.595000
40.620000 3468.327500
40.630000 3539.952500
40.640000 3844.342500
40.650000 4115.877500
40.660000 4358.917500
40.670000 4633.357500
40.680000 4691.667500
40.690000 4988.497500
40.700000 5218.125000
40.710000 5435.832500
40.720000 5653.970000
40.730000 5739.312500
40.740000 5972.387500
40.750000 6000.685000
40.760000 6265.445000
40.770000 6575.932500
40.780000 6628.675000
40.790000 6508.267500
40.800000 6403.787500
40.810000 6551.365000
40.820000 6432.260000
40.830000 6170.802500
40.840000 5864.025000
40.850000 5599.130000
40.860000 5445.565000
40.870000 5391.085000
40.880000 5006.665000
40.890000 4878.920000
40.900000 4792.297500
40.910000 4652.360000
40.920000 4255.337500
40.930000 3888.555000
40.940000 3802.017500
40.950000 3573.015000
40.960000 3367.830000
40.970000 3299.870000
40.980000 3128.617500
40.990000 2880.947500
41.000000 2841.660000
41.010000 2737.735000
41.020000 2544.360000
41.030000 2454.382500
41.040000 2447.870000
41.050000 2641.932500
41.060000 2553.835000
41.070000 2419.810000
41.080000 2317.782500
41.090000 2285.520000
41.100000 2240.395000
41.110000 2157.652500
41.120000 2053.890000
41.130000 2104.295000
41.140000 2090.717500
41.150000 2190.452500
41.160000 2239.397500
41.170000 2150.865000
41.180000 2128.750000
41.190000 2151.425000
41.200000 2212.502500
41.210000 2173.262500
41.220000 1976.132500
41.230000 1968.172500
41.240000 2057.360000
41.250000 2059.490000
41.260000 2157.080000
41.270000 2182.187500
41.280000 2151.297500
41.290000 2123.925000
41.300000 2093.057500
41.310000 2059.770000
41.320000 2091.152500
41.330000 2149.402500
41.340000 2190.087500
41.350000 2170.782500
41.360000 2135.005000
41.370000 2055.160000
41.380000 2013.382500
41.390000 2031.520000
41.400000 2116.867500
41.410000 2126.907500
41.420000 2122.427500
41.430000 2015.765000
41.440000 2081.415000
41.450000 2150.510000
41.460000 2135.477500
41.470000 2090.790000
41.480000 2109.140000
41.490000 2107.965000
41.500000 2167.995000
41.510000 2200.000000
41.520000 2126.650000
41.530000 2074.775000
41.540000 2066.667500
41.550000 2049.847500
41.560000 2041.667500
41.570000 2047.250000
41.580000 2178.122500
41.590000 2197.197500
41.600000 2069.617500
41.610000 2000.062500
41.620000 2008.235000
41.630000 2066.260000
41.640000 2003.692500
41.650000 1974.792500
41.660000 1983.332500
41.670000 1988.795000
41.680000 1942.617500
41.690000 1900.352500
41.700000 2054.437500
41.710000 2109.185000
41.720000 2134.877500
41.730000 2093.662500
41.740000 1940.037500
41.750000 2094.962500
41.760000 2147.080000
41.770000 1916.075000
41.780000 1845.632500
41.790000 1967.672500
41.800000 1971.962500
41.810000 1936.375000
41.820000 2001.965000
41.830000 2025.865000
41.840000 2011.412500
41.850000 1992.605000
41.860000 1868.267500
41.870000 1987.845000
41.880000 2110.410000
41.890000 2158.212500
41.900000 1955.375000
41.910000 2002.735000
41.920000 2070.260000
41.930000 1949.077500
41.940000 1958.375000
41.950000 2071.665000
41.960000 2147.305000
41.970000 2044.407500
41.980000 1997.157500
41.990000 1859.520000
42.000000 1819.015000
42.010000 1964.265000
42.020000 2023.270000
42.030000 2036.745000
42.040000 2009.945000
42.050000 2003.310000
42.060000 2006.702500
42.070000 1935.400000
42.080000 1911.492500
42.090000 1964.552500
42.100000 2100.162500
42.110000 2219.270000
42.120000 2039.022500
42.130000 1969.967500
42.140000 2059.167500
42.150000 2122.282500
42.160000 1989.755000
42.170000 1841.097500
42.180000 1951.925000
42.190000 2131.905000
42.200000 2138.807500
42.210000 2080.830000
42.220000 1975.850000
42.230000 1956.005000
42.240000 2053.475000
42.250000 2104.742500
42.260000 2089.417500
42.270000 2117.445000
42.280000 2187.627500
42.290000 2174.452500
42.300000 2155.700000
42.310000 2106.022500
42.320000 2021.115000
42.330000 1903.520000
42.340000 1976.755000
42.350000 2059.372500
42.360000 2152.952500
42.370000 2103.187500
42.380000 2019.932500
42.390000 2077.372500
42.400000 2059.057500
42.410000 2029.535000
42.420000 2119.275000
42.430000 2164.605000
42.440000 2065.210000
42.450000 2085.202500
42.460000 2118.090000
42.470000 2029.832500
42.480000 2010.005000
42.490000 2033.332500
42.500000 2081.947500
42.510000 2147.032500
42.520000 2166.667500
42.530000 2153.525000
42.540000 2163.502500
42.550000 2209.457500
42.560000 2224.652500
42.570000 2342.172500
42.580000 2592.090000
42.590000 2643.540000
42.600000 2562.135000
42.610000 2532.900000
42.620000 2555.025000
42.630000 2659.650000
42.640000 2716.527500
42.650000 2649.217500
42.660000 2616.922500
42.670000 2666.842500
42.680000 2704.215000
42.690000 2754.192500
42.700000 2779.197500
42.710000 2758.380000
42.720000 2617.850000
42.730000 2536.847500
42.740000 2636.800000
42.750000 2699.692500
42.760000 2651.442500
42.770000 2644.280000
42.780000 2720.482500
42.790000 2636.460000
42.800000 2501.150000
42.810000 2414.542500
42.820000 2334.357500
42.830000 2415.867500
42.840000 2449.977500
42.850000 2330.642500
42.860000 2300.000000
42.870000 2351.077500
42.880000 2380.925000
42.890000 2322.685000
42.900000 2338.327500
42.910000 2395.542500
42.920000 2345.940000
42.930000 2302.572500
42.940000 2417.025000
42.950000 2456.225000
42.960000 2348.350000
42.970000 2347.015000
42.980000 2371.992500
42.990000 2298.070000
43.000000 2341.335000
43.010000 2401.072500
43.020000 2378.235000
43.030000 2489.847500
43.040000 2537.917500
43.050000 2563.947500
43.060000 2656.452500
43.070000 2795.322500
43.080000 2738.062500
43.090000 2741.815000
43.100000 2889.775000
43.110000 3046.127500
43.120000 3290.982500
43.130000 3419.035000
43.140000 3414.242500
43.150000 3543.290000
43.160000 3688.132500
43.170000 3686.852500
43.180000 3796.830000
43.190000 4063.872500
43.200000 4344.620000
43.210000 4638.555000
43.220000 5009.282500
43.230000 5251.460000
43.240000 5303.265000
43.250000 5647.282500
43.260000 6108.312500
43.270000 6393.782500
43.280000 6801.817500
43.290000 7192.332500
43.300000 7450.127500
43.310000 7830.977500
43.320000 8378.875000
43.330000 8588.740000
43.340000 8832.025000
43.350000 9343.960000
43.360000 9454.287500
43.370000 9736.530000
43.380000 10301.895000
43.390000 10685.420000
43.400000 10737.982500
43.410000 10574.060000
43.420000 10361.715000
43.430000 10077.425000
43.440000 9854.672500
43.450000 9623.920000
43.460000 9521.887500
43.470000 9451.595000
43.480000 9193.612500
43.490000 8938.597500
43.500000 8994.452500
43.510000 9109.125000
43.520000 9058.395000
43.530000 8992.892500
43.540000 9092.330000
43.550000 8935.225000
43.560000 8648.762500
43.570000 8709.402500
43.580000 8635.767500
43.590000 8388.975000
43.600000 8376.142500
43.610000 8446.377500
43.620000 8222.765000
43.630000 7976.325000
43.640000 7633.627500
43.650000 7444.127500
43.660000 7442.105000
43.670000 7412.930000
43.680000 7115.657500
43.690000 6719.225000
43.700000 6331.087500
43.710000 5829.315000
43.720000 5425.572500
43.730000 5292.615000
43.740000 5096.797500
43.750000 4829.905000
43.760000 4669.927500
43.770000 4518.992500
43.780000 4303.422500
43.790000 4254.930000
43.800000 3855.107500
43.810000 3604.065000
43.820000 3381.072500
43.830000 3176.192500
43.840000 3192.955000
43.850000 3219.092500
43.860000 2981.175000
43.870000 2829.430000
43.880000 2634.092500
43.890000 2573.280000
43.900000 2595.952500
43.910000 2546.975000
43.920000 2470.640000
43.930000 2424.317500
43.940000 2476.082500
43.950000 2443.920000
43.960000 2410.720000
43.970000 2402.430000
43.980000 2357.235000
43.990000 2338.020000
44.000000 2329.047500
44.010000 2298.132500
44.020000 2367.527500
44.030000 2359.700000
44.040000 2250.047500
44.050000 2221.642500
44.060000 2331.715000
44.070000 2350.000000
44.080000 2350.000000
44.090000 2297.352500
44.100000 2173.965000
44.110000 2256.812500
44.120000 2300.000000
44.130000 2306.400000
44.140000 2341.947500
44.150000 2414.805000
44.160000 2468.715000
44.170000 2427.072500
44.180000 2439.507500
44.190000 2439.945000
44.200000 2373.195000
44.210000 2383.935000
44.220000 2506.680000
44.230000 2467.070000
44.240000 2404.290000
44.250000 2349.702500
44.260000 2591.845000
44.270000 2667.312500
44.280000 2675.980000
44.290000 2804.905000
44.300000 2863.130000
44.310000 2945.545000
44.320000 3084.227500
44.330000 3153.267500
44.340000 3330.515000
44.350000 3523.392500
44.360000 3617.252500
44.370000 3637.620000
44.380000 3644.265000
44.390000 3883.377500
44.400000 4077.840000
44.410000 4325.920000
44.420000 4809.210000
44.430000 4952.825000
44.440000 4641.520000
44.450000 4885.665000
44.460000 5224.447500
44.470000 5336.300000
44.480000 5421.707500
44.490000 5654.585000
44.500000 5955.197500
44.510000 6008.415000
44.520000 6243.140000
44.530000 5979.497500
44.540000 5914.460000
44.550000 5826.437500
44.560000 5621.025000
44.570000 5465.190000
44.580000 5158.800000
44.590000 5064.507500
44.600000 5115.702500
44.610000 4816.622500
44.620000 4705.975000
44.630000 4326.942500
44.640000 4163.967500
44.650000 4139.332500
44.660000 4074.110000
44.670000 3966.417500
44.680000 3634.567500
44.690000 3527.135000
44.700000 3367.382500
44.710000 3147.410000
44.720000 2956.342500
44.730000 3023.560000
44.740000 2904.755000
44.750000 2798.072500
44.760000 2582.175000
44.770000 2545.267500
44.780000 2347.057500
44.790000 2275.000000
44.800000 2282.670000
44.810000 2333.332500
44.820000 2332.270000
44.830000 2327.095000
44.840000 2330.315000
44.850000 2267.272500
44.860000 2390.667500
44.870000 2403.997500
44.880000 2553.495000
44.890000 2504.292500
44.900000 2402.717500
44.910000 2345.457500
44.920000 2240.762500
44.930000 2238.657500
44.940000 2301.632500
44.950000 2454.912500
44.960000 2411.575000
44.970000 2311.417500
44.980000 2492.472500
44.990000 2507.115000
45.000000 2569.580000
45.010000 2514.392500
45.020000 2509.472500
45.030000 2700.375000
45.040000 2789.537500
45.050000 2779.837500
45.060000 2932.445000
45.070000 3017.327500
45.080000 3031.442500
45.090000 3110.217500
45.100000 3138.837500
45.110000 3220.240000
45.120000 3395.840000
45.130000 3668.812500
45.140000 3583.880000
45.150000 3618.682500
45.160000 3998.187500
45.170000 3726.605000
45.180000 3897.265000
45.190000 4128.712500
45.200000 4190.772500
45.210000 4152.157500
45.220000 3728.360000
45.230000 3638.905000
45.240000 3746.185000
45.250000 3675.060000
45.260000 3856.592500
45.270000 3811.357500
45.280000 3678.290000
45.290000 3557.762500
45.300000 3761.592500
45.310000 3616.402500
45.320000 3610.820000
45.330000 3689.347500
45.340000 3605.750000
45.350000 3507.935000
45.360000 3494.032500
45.370000 3594.050000
45.380000 3299.852500
45.390000 3292.590000
45.400000 3350.460000
45.410000 3382.645000
45.420000 3324.675000
45.430000 3290.890000
45.440000 3191.235000
45.450000 3116.262500
45.460000 3008.177500
45.470000 2916.695000
45.480000 2833.527500
45.490000 2891.412500
45.500000 2875.107500
45.510000 2618.842500
45.520000 2575.435000
45.530000 2673.750000
45.540000 2601.090000
45.550000 2468.875000
45.560000 2327.635000
45.570000 2341.322500
45.580000 2325.377500
45.590000 2211.217500
45.600000 2192.112500
45.610000 2005.522500
45.620000 2072.685000
45.630000 2058.882500
45.640000 2058.332500
45.650000 1962.035000
45.660000 1862.240000
45.670000 1914.267500
45.680000 2084.110000
45.690000 1996.190000
45.700000 1888.457500
45.710000 2033.850000
45.720000 1907.287500
45.730000 1718.587500
45.740000 1873.607500
45.750000 2016.835000
45.760000 1860.450000
45.770000 1920.365000
45.780000 1885.995000
45.790000 1642.035000
45.800000 1780.330000
45.810000 1923.402500
45.820000 1879.210000
45.830000 1844.142500
45.840000 1826.272500
45.850000 1886.437500
45.860000 1822.705000
45.870000 1809.022500
45.880000 1938.000000
45.890000 1835.850000
45.900000 1764.260000
45.910000 1788.632500
45.920000 1799.225000
45.930000 1739.680000
45.940000 1770.945000
45.950000 1820.030000
45.960000 1877.412500
45.970000 1659.240000
45.980000 1715.307500
45.990000 1829.085000
46.000000 1901.002500
46.010000 2085.920000
46.020000 1879.500000
46.030000 1791.087500
46.040000 1820.065000
46.050000 1846.985000
46.060000 1674.535000
46.070000 1708.347500
46.080000 1934.935000
46.090000 1930.377500
46.100000 1823.637500
46.110000 1866.112500
46.120000 1867.795000
46.130000 1794.800000
46.140000 1761.827500
46.150000 1736.880000
46.160000 1897.397500
46.170000 1818.270000
46.180000 1785.805000
46.190000 1613.422500
46.200000 1710.445000
46.210000 1881.252500
46.220000 1802.945000
46.230000 1853.412500
46.240000 1782.787500
46.250000 1773.637500
46.260000 1733.275000
46.270000 1822.102500
46.280000 1744.815000
46.290000 1690.500000
46.300000 1807.207500
46.310000 1716.650000
46.320000 1739.587500
46.330000 1702.207500
46.340000 1725.715000
46.350000 1909.910000
46.360000 1848.402500
46.370000 1879.040000
46.380000 1831.035000
46.390000 1964.477500
46.400000 1926.295000
46.410000 1935.062500
46.420000 1848.370000
46.430000 1838.292500
46.440000 1795.272500
46.450000 1875.862500
46.460000 1840.680000
46.470000 1838.145000
46.480000 1861.330000
46.490000 1873.202500
46.500000 1777.235000
46.510000 1795.495000
46.520000 1970.357500
46.530000 1932.652500
46.540000 1779.450000
46.550000 1748.092500
46.560000 1762.815000
46.570000 1900.832500
46.580000 1916.185000
46.590000 1787.647500
46.600000 1667.665000
46.610000 1717.445000
46.620000 1810.927500
46.630000 1889.832500
46.640000 1814.445000
46.650000 1783.332500
46.660000 1752.222500
46.670000 1791.295000
46.680000 1709.375000
46.690000 1724.330000
46.700000 1778.552500
46.710000 1828.440000
46.720000 1914.990000
46.730000 1892.935000
46.740000 1820.345000
46.750000 1854.487500
46.760000 1838.787500
46.770000 1818.982500
46.780000 1846.655000
46.790000 1684.940000
46.800000 1682.230000
46.810000 1827.162500
46.820000 1910.535000
46.830000 1836.442500
46.840000 1699.957500
46.850000 1617.270000
46.860000 1658.472500
46.870000 1613.395000
46.880000 1629.807500
46.890000 1609.467500
46.900000 1730.180000
46.910000 1757.152500
46.920000 1776.067500
46.930000 1894.527500
46.940000 1833.452500
46.950000 1675.482500
46.960000 1743.805000
46.970000 1811.277500
46.980000 1878.477500
46.990000 1751.530000
47.000000 1680.580000
47.010000 1694.457500
47.020000 1766.512500
47.030000 1794.477500
47.040000 1841.207500
47.050000 1883.122500
47.060000 1929.930000
47.070000 1917.320000
47.080000 1851.150000
47.090000 1938.577500
47.100000 2037.725000
47.110000 2004.635000
47.120000 1926.845000
47.130000 1841.355000
47.140000 1765.837500
47.150000 1746.960000
47.160000 1802.732500
47.170000 1849.095000
47.180000 1826.927500
47.190000 1896.990000
47.200000 1908.435000
47.210000 1992.035000
47.220000 2006.765000
47.230000 1980.137500
47.240000 1978.215000
47.250000 2000.492500
47.260000 1894.772500
47.270000 1771.132500
47.280000 1756.785000
47.290000 1857.032500
47.300000 1846.657500
47.310000 1735.245000
47.320000 1766.090000
47.330000 1875.970000
47.340000 1808.377500
47.350000 1708.820000
47.360000 1745.380000
47.370000 1720.110000
47.380000 1728.280000
47.390000 1718.427500
47.400000 1808.242500
47.410000 1852.155000
47.420000 1821.432500
47.430000 1777.550000
47.440000 1770.017500
47.450000 1805.782500
47.460000 1797.925000
47.470000 1680.687500
47.480000 1613.937500
47.490000 1671.260000
47.500000 1735.970000
47.510000 1717.057500
47.520000 1710.732500
47.530000 1792.437500
47.540000 1791.875000
47.550000 1691.415000
47.560000 1682.047500
47.570000 1734.532500
47.580000 1741.107500
47.590000 1711.200000
47.600000 1709.292500
47.610000 1795.187500
47.620000 1788.467500
47.630000 1711.960000
47.640000 1687.020000
47.650000 1791.275000
47.660000 1857.135000
47.670000 1782.535000
47.680000 1707.537500
47.690000 1708.927500
47.700000 1712.147500
47.710000 1716.857500
47.720000 1858.307500
47.730000 1912.735000
47.740000 1841.915000
47.750000 1775.617500
47.760000 1786.435000
47.770000 1817.280000
47.780000 1706.735000
47.790000 1640.810000
47.800000 1774.770000
47.810000 1891.667500
47.820000 1800.512500
47.830000 1668.457500
47.840000 1758.855000
47.850000 1927.315000
47.860000 1938.925000
47.870000 1997.760000
47.880000 2072.460000
47.890000 1962.122500
47.900000 1839.332500
47.910000 1877.147500
47.920000 1934.962500
47.930000 1909.187500
47.940000 1970.655000
47.950000 1988.067500
47.960000 1877.932500
47.970000 1945.090000
47.980000 2150.312500
47.990000 2182.390000
48.000000 2054.567500
48.010000 2020.242500
48.020000 2042.772500
48.030000 2066.667500
48.040000 2017.475000
48.050000 2044.312500
48.060000 2081.245000
48.070000 1884.415000
48.080000 1832.842500
48.090000 1942.825000
48.100000 2020.057500
48.110000 1991.307500
48.120000 1958.410000
48.130000 2016.615000
48.140000 2020.362500
48.150000 1950.000000
48.160000 1917.340000
48.170000 1876.402500
48.180000 1923.912500
48.190000 1942.962500
48.200000 1866.202500
48.210000 1793.375000
48.220000 1719.675000
48.230000 1780.080000
48.240000 1941.667500
48.250000 1917.032500
48.260000 1850.532500
48.270000 1799.220000
48.280000 1798.417500
48.290000 1810.020000
48.300000 1848.787500
48.310000 1943.032500
48.320000 1870.665000
48.330000 1834.142500
48.340000 1878.232500
48.350000 1891.387500
48.360000 1875.000000
48.370000 1872.170000
48.380000 1852.625000
48.390000 1861.235000
48.400000 1941.632500
48.410000 1958.332500
48.420000 1974.680000
48.430000 1965.077500
48.440000 1923.285000
48.450000 2096.860000
48.460000 2183.987500
48.470000 1991.897500
48.480000 1943.097500
48.490000 2087.887500
48.500000 2126.892500
48.510000 2144.930000
48.520000 2128.305000
48.530000 2126.640000
48.540000 2159.890000
48.550000 2225.002500
48.560000 2359.020000
48.570000 2509.117500
48.580000 2713.205000
48.590000 2805.967500
48.600000 2790.617500
48.610000 2766.667500
48.620000 2734.420000
48.630000 2675.105000
48.640000 2732.622500
48.650000 2755.372500
48.660000 2852.270000
48.670000 2729.307500
48.680000 2651.117500
48.690000 2662.497500
48.700000 2476.930000
48.710000 2426.640000
48.720000 2343.792500
48.730000 2389.492500
48.740000 2392.350000
48.750000 2266.667500
48.760000 2280.715000
48.770000 2340.885000
48.780000 2356.310000
48.790000 2249.437500
48.800000 2250.017500
48.810000 2170.467500
48.820000 2111.925000
48.830000 1849.945000
48.840000 1791.667500
48.850000 1788.035000
48.860000 1816.260000
48.870000 1952.485000
48.880000 1873.730000
48.890000 1773.270000
48.900000 1788.877500
48.910000 1868.250000
48.920000 1810.015000
48.930000 1722.802500
48.940000 1883.332500
48.950000 1854.500000
48.960000 1749.137500
48.970000 1824.462500
48.980000 1830.655000
48.990000 1718.947500
49.000000 1763.677500
49.010000 1757.367500
49.020000 1798.927500
49.030000 1840.485000
49.040000 1846.817500
49.050000 1688.905000
49.060000 1609.427500
49.070000 1689.242500
49.080000 1614.807500
49.090000 1530.987500
49.100000 1622.417500
49.110000 1700.000000
49.120000 1693.812500
49.130000 1688.732500
49.140000 1843.970000
49.150000 1720.062500
49.160000 1797.425000
49.170000 1790.392500
49.180000 1537.727500
49.190000 1682.610000
49.200000 1736.530000
49.210000 1761.465000
49.220000 1764.930000
49.230000 1634.335000
49.240000 1634.812500
49.250000 1580.460000
49.260000 1578.930000
49.270000 1752.642500
49.280000 1838.987500
49.290000 1815.795000
49.300000 1793.882500
49.310000 1674.122500
49.320000 1736.017500
49.330000 1688.830000
49.340000 1743.195000
49.350000 1768.722500
49.360000 1875.720000
49.370000 1888.225000
49.380000 1922.025000
49.390000 1694.755000
49.400000 1643.477500
49.410000 1759.317500
49.420000 1680.255000
49.430000 1864.595000
49.440000 1945.072500
49.450000 1871.317500
49.460000 1825.240000
49.470000 1967.022500
49.480000 2106.490000
49.490000 2079.832500
49.500000 2162.072500
49.510000 2076.585000
49.520000 2111.327500
49.530000 2178.880000
49.540000 2269.977500
49.550000 2353.405000
49.560000 2447.710000
49.570000 2610.547500
49.580000 2430.132500
49.590000 2600.667500
49.600000 2624.597500
49.610000 2610.845000
49.620000 2728.942500
49.630000 2933.470000
49.640000 2942.237500
49.650000 2985.277500
49.660000 3159.467500
49.670000 3291.715000
49.680000 3299.835000
49.690000 3250.092500
49.700000 3383.077500
49.710000 3234.010000
49.720000 3051.305000
49.730000 3206.792500
49.740000 3200.102500
49.750000 3224.627500
49.760000 3118.567500
49.770000 2790.052500
49.780000 2742.615000
49.790000 2928.470000
49.800000 2990.035000
49.810000 2708.920000
49.820000 2708.057500
49.830000 2724.402500
49.840000 2500.630000
49.850000 2443.717500
49.860000 2521.365000
49.870000 2461.415000
49.880000 2347.365000
49.890000 2396.997500
49.900000 2376.352500
49.910000 2241.362500
49.920000 2194.137500
49.930000 2254.207500
49.940000 2234.945000
49.950000 2186.690000
49.960000 2144.572500
49.970000 2249.892500
49.980000 2250.625000
49.990000 2257.687500
