2.000000 8981.687500
2.010000 8854.380000
2.020000 8939.667500
2.030000 9049.885000
2.040000 8999.857500
2.050000 9158.812500
2.060000 9137.245000
2.070000 9083.892500
2.080000 9079.780000
2.090000 8974.685000
2.100000 8866.772500
2.110000 8810.707500
2.120000 8817.992500
2.130000 8831.512500
2.140000 9030.162500
2.150000 8852.600000
2.160000 8618.435000
2.170000 8590.645000
2.180000 8789.115000
2.190000 8695.340000
2.200000 8676.207500
2.210000 8881.782500
2.220000 9258.880000
2.230000 9868.422500
2.240000 10470.655000
2.250000 11037.142500
2.260000 11584.587500
2.270000 12420.715000
2.280000 13196.397500
2.290000 13900.295000
2.300000 14675.900000
2.310000 14875.095000
2.320000 14875.575000
2.330000 15130.440000
2.340000 15168.370000
2.350000 15082.220000
2.360000 15167.737500
2.370000 15242.005000
2.380000 14994.790000
2.390000 14683.017500
2.400000 14877.425000
2.410000 14788.297500
2.420000 14651.715000
2.430000 14712.170000
2.440000 15002.540000
2.450000 15308.580000
2.460000 15160.910000
2.470000 14642.407500
2.480000 14428.582500
2.490000 14091.977500
2.500000 14028.302500
2.510000 14151.592500
2.520000 14312.412500
2.530000 13494.977500
2.540000 13758.845000
2.550000 14140.240000
2.560000 13973.625000
2.570000 13530.282500
2.580000 13227.595000
2.590000 13510.265000
2.600000 13298.575000
2.610000 13202.007500
2.620000 13295.142500
2.630000 13039.962500
2.640000 12650.955000
2.650000 12492.455000
2.660000 12626.875000
2.670000 12676.072500
2.680000 12894.580000
2.690000 12353.365000
2.700000 12388.187500
2.710000 12450.430000
2.720000 12598.037500
2.730000 12401.202500
2.740000 12351.565000
2.750000 12620.137500
2.760000 12274.072500
2.770000 12347.937500
2.780000 12091.145000
2.790000 11980.227500
2.800000 12176.477500
2.810000 12073.992500
2.820000 12178.697500
2.830000 11774.265000
2.840000 11579.342500
2.850000 11320.240000
2.860000 11612.220000
2.870000 11703.035000
2.880000 11292.845000
2.890000 11332.925000
2.900000 11321.317500
2.910000 11535.900000
2.920000 11195.527500
2.930000 10855.852500
2.940000 10594.697500
2.950000 11141.897500
2.960000 11274.725000
2.970000 11001.605000
2.980000 11000.000000
2.990000 10810.900000
3.000000 11062.232500
3.010000 10944.282500
3.020000 10844.137500
3.030000 10793.090000
3.040000 10775.537500
3.050000 10726.800000
3.060000 10572.960000
3.070000 10630.432500
3.080000 10498.360000
3.090000 10594.475000
3.100000 10229.775000
3.110000 10153.412500
3.120000 9907.742500
3.130000 10179.657500
3.140000 10184.495000
3.150000 9766.385000
3.160000 10217.815000
3.170000 10526.402500
3.180000 10046.550000
3.190000 9977.210000
3.200000 10111.187500
3.210000 10140.070000
3.220000 10239.217500
3.230000 10175.270000
3.240000 9757.352500
3.250000 9797.267500
3.260000 9808.332500
3.270000 9874.477500
3.280000 9912.607500
3.290000 9661.597500
3.300000 9356.495000
3.310000 9215.500000
3.320000 9646.110000
3.330000 9795.477500
3.340000 10321.970000
3.350000 9932.422500
3.360000 9517.595000
3.370000 9704.795000
3.380000 9665.867500
3.390000 9503.410000
3.400000 9426.350000
3.410000 9520.457500
3.420000 9376.337500
3.430000 9327.950000
3.440000 9434.242500
3.450000 9689.437500
3.460000 9646.932500
3.470000 9422.912500
3.480000 9884.637500
3.490000 9647.865000
3.500000 9498.530000
3.510000 9317.970000
3.520000 9413.267500
3.530000 9410.677500
3.540000 9328.240000
3.550000 9275.867500
3.560000 9202.037500
3.570000 8990.352500
3.580000 9106.200000
3.590000 9292.150000
3.600000 9269.912500
3.610000 9193.192500
3.620000 9074.492500
3.630000 9404.257500
3.640000 9705.422500
3.650000 9450.907500
3.660000 9304.700000
3.670000 9610.490000
3.680000 9371.132500
3.690000 9265.950000
3.700000 9347.495000
3.710000 9417.077500
3.720000 9206.047500
3.730000 9438.035000
3.740000 9229.147500
3.750000 8850.117500
3.760000 9002.047500
3.770000 8834.242500
3.780000 8890.725000
3.790000 9110.970000
3.800000 9106.092500
3.810000 9137.837500
3.820000 9223.495000
3.830000 9029.532500
3.840000 8947.492500
3.850000 9086.987500
3.860000 9060.977500
3.870000 9072.010000
3.880000 9094.495000
3.890000 9097.142500
3.900000 9176.237500
3.910000 9113.765000
3.920000 9144.515000
3.930000 9164.882500
3.940000 9139.345000
3.950000 9064.462500
3.960000 9251.540000
3.970000 8896.115000
3.980000 8728.150000
3.990000 9027.922500
4.000000 9182.117500
4.010000 9114.847500
4.020000 8980.102500
4.030000 9061.690000
4.040000 9009.067500
4.050000 8706.497500
4.060000 8686.060000
4.070000 8900.195000
4.080000 9016.247500
4.090000 9140.847500
4.100000 9129.225000
4.110000 8897.662500
4.120000 8899.787500
4.130000 8967.815000
4.140000 8907.327500
4.150000 8766.620000
4.160000 8908.122500
4.170000 8855.282500
4.180000 8920.127500
4.190000 9079.897500
4.200000 8935.825000
4.210000 8660.145000
4.220000 8652.625000
4.230000 8559.950000
4.240000 8357.195000
4.250000 8447.805000
4.260000 8770.130000
4.270000 8953.177500
4.280000 8872.632500
4.290000 8773.597500
4.300000 8771.837500
4.310000 8982.560000
4.320000 9048.702500
4.330000 8870.352500
4.340000 8845.790000
4.350000 9028.170000
4.360000 9031.052500
4.370000 8789.915000
4.380000 8557.590000
4.390000 8473.532500
4.400000 8688.295000
4.410000 8914.627500
4.420000 8749.817500
4.430000 8696.330000
4.440000 8868.982500
4.450000 8852.577500
4.460000 8825.337500
4.470000 8705.997500
4.480000 8663.440000
4.490000 8711.205000
4.500000 8636.045000
4.510000 8620.630000
4.520000 8781.815000
4.530000 8840.575000
4.540000 8763.765000
4.550000 8607.222500
4.560000 8578.292500
4.570000 8535.977500
4.580000 8536.360000
4.590000 8805.575000
4.600000 8911.890000
4.610000 8843.520000
4.620000 8804.457500
4.630000 8738.357500
4.640000 8837.797500
4.650000 8981.312500
4.660000 8798.595000
4.670000 8577.722500
4.680000 8885.017500
4.690000 8897.442500
4.700000 8526.625000
4.710000 8419.697500
4.720000 8414.192500
4.730000 8266.885000
4.740000 8366.700000
4.750000 8770.720000
4.760000 8914.267500
4.770000 8944.005000
4.780000 8935.082500
4.790000 9056.287500
4.800000 8883.880000
4.810000 8718.980000
4.820000 8750.817500
4.830000 8822.150000
4.840000 8696.945000
4.850000 8807.380000
4.860000 8892.150000
4.870000 8847.655000
4.880000 8825.000000
4.890000 8835.457500
4.900000 8886.785000
4.910000 8911.615000
4.920000 8875.627500
4.930000 8954.110000
4.940000 8864.190000
4.950000 8890.167500
4.960000 9007.827500
4.970000 9007.795000
4.980000 8744.135000
4.990000 8750.432500
5.000000 8923.052500
5.010000 9016.292500
5.020000 8739.940000
5.030000 8626.962500
5.040000 8905.352500
5.050000 9003.635000
5.060000 9213.550000
5.070000 9414.907500
5.080000 9066.442500
5.090000 8935.255000
5.100000 8952.940000
5.110000 8889.642500
5.120000 9142.052500
5.130000 9320.720000
5.140000 9134.032500
5.150000 9172.642500
5.160000 9102.707500
5.170000 9085.182500
5.180000 9098.950000
5.190000 9125.000000
5.200000 9151.505000
5.210000 9196.062500
5.220000 9000.230000
5.230000 9094.027500
5.240000 9288.542500
5.250000 9114.862500
5.260000 9061.412500
5.270000 8784.970000
5.280000 9060.282500
5.290000 9137.092500
5.300000 9140.627500
5.310000 9211.760000
5.320000 9001.567500
5.330000 8861.337500
5.340000 8944.472500
5.350000 9061.515000
5.360000 8962.032500
5.370000 9049.892500
5.380000 9188.467500
5.390000 9240.545000
5.400000 9426.662500
5.410000 9679.270000
5.420000 9360.085000
5.430000 9083.920000
5.440000 9215.262500
5.450000 9363.375000
5.460000 9310.622500
5.470000 9071.812500
5.480000 8946.222500
5.490000 9428.605000
5.500000 9242.090000
5.510000 9477.487500
5.520000 9302.735000
5.530000 9339.162500
5.540000 9423.982500
5.550000 9123.335000
5.560000 9098.660000
5.570000 8996.637500
5.580000 8909.700000
5.590000 9190.995000
5.600000 9339.412500
5.610000 9139.405000
5.620000 9194.720000
5.630000 9065.677500
5.640000 9467.857500
5.650000 9495.295000
5.660000 9641.487500
5.670000 9401.552500
5.680000 9418.615000
5.690000 9327.362500
5.700000 9510.967500
5.710000 9560.397500
5.720000 9595.357500
5.730000 9496.752500
5.740000 9421.987500
5.750000 9352.160000
5.760000 9415.120000
5.770000 9610.130000
5.780000 9662.280000
5.790000 9508.127500
5.800000 9493.557500
5.810000 9212.857500
5.820000 9900.762500
5.830000 9944.730000
5.840000 9518.555000
5.850000 9726.242500
5.860000 9932.855000
5.870000 9766.705000
5.880000 9475.967500
5.890000 9325.962500
5.900000 9539.610000
5.910000 10051.832500
5.920000 10238.795000
5.930000 9963.645000
5.940000 10023.545000
5.950000 10016.875000
5.960000 9603.555000
5.970000 9704.712500
5.980000 9982.000000
5.990000 9750.962500
6.000000 9709.675000
6.010000 10091.010000
6.020000 9782.510000
6.030000 9663.687500
6.040000 9745.190000
6.050000 9663.425000
6.060000 9603.417500
6.070000 9912.787500
6.080000 10097.012500
6.090000 9991.800000
6.100000 9843.950000
6.110000 9871.925000
6.120000 10136.557500
6.130000 9828.627500
6.140000 9998.700000
6.150000 10100.455000
6.160000 10229.802500
6.170000 10241.667500
6.180000 9887.225000
6.190000 10000.322500
6.200000 10248.885000
6.210000 10401.917500
6.220000 10312.497500
6.230000 10433.480000
6.240000 10390.877500
6.250000 10302.315000
6.260000 10555.917500
6.270000 10767.232500
6.280000 10412.575000
6.290000 10038.665000
6.300000 10042.347500
6.310000 10338.610000
6.320000 10289.860000
6.330000 10260.670000
6.340000 10129.805000
6.350000 9930.445000
6.360000 10346.710000
6.370000 10679.367500
6.380000 10725.000000
6.390000 10774.112500
6.400000 10454.745000
6.410000 10447.397500
6.420000 10541.632500
6.430000 10862.677500
6.440000 10980.137500
6.450000 10998.535000
6.460000 10938.415000
6.470000 10938.635000
6.480000 11118.295000
6.490000 11226.020000
6.500000 11187.712500
6.510000 11578.172500
6.520000 11741.950000
6.530000 11558.222500
6.540000 11455.167500
6.550000 11799.215000
6.560000 12043.392500
6.570000 11827.017500
6.580000 11850.002500
6.590000 11953.280000
6.600000 12065.982500
6.610000 12318.270000
6.620000 12222.085000
6.630000 12303.512500
6.640000 12463.290000
6.650000 12786.957500
6.660000 13218.035000
6.670000 13331.327500
6.680000 13345.940000
6.690000 13400.237500
6.700000 13397.900000
6.710000 13098.807500
6.720000 13477.925000
6.730000 13715.857500
6.740000 13790.935000
6.750000 13759.260000
6.760000 13851.647500
6.770000 13897.752500
6.780000 14148.532500
6.790000 14652.227500
6.800000 14676.035000
6.810000 14684.895000
6.820000 14797.815000
6.830000 14993.750000
6.840000 15502.135000
6.850000 15842.455000
6.860000 15550.302500
6.870000 15686.425000
6.880000 16244.942500
6.890000 16613.057500
6.900000 16841.780000
6.910000 17161.320000
6.920000 17463.952500
6.930000 17601.317500
6.940000 17420.587500
6.950000 18048.747500
6.960000 18560.580000
6.970000 18770.620000
6.980000 19492.117500
6.990000 20061.270000
7.000000 20875.260000
7.010000 21450.980000
7.020000 21638.010000
7.030000 22516.502500
7.040000 24226.000000
7.050000 25468.782500
7.060000 26422.202500
7.070000 27918.752500
7.080000 29325.190000
7.090000 30748.327500
7.100000 32876.832500
7.110000 35257.397500
7.120000 36347.750000
7.130000 38119.822500
7.140000 41522.357500
7.150000 44175.062500
7.160000 46736.237500
7.170000 50130.995000
7.180000 53652.552500
7.190000 57344.025000
7.200000 61599.920000
7.210000 66056.780000
7.220000 71054.710000
7.230000 76026.745000
7.240000 80526.405000
7.250000 85834.170000
7.260000 91217.865000
7.270000 96819.947500
7.280000 102849.637500
7.290000 108547.802500
7.300000 114911.020000
7.310000 121645.900000
7.320000 127278.100000
7.330000 133257.092500
7.340000 138907.922500
7.350000 144588.550000
7.360000 149326.577500
7.370000 153135.980000
7.380000 157253.752500
7.390000 159820.310000
7.400000 160874.687500
7.410000 161175.122500
7.420000 159888.592500
7.430000 156939.460000
7.440000 153144.397500
7.450000 149321.370000
7.460000 144609.070000
7.470000 139078.882500
7.480000 133023.227500
7.490000 126317.855000
7.500000 118909.285000
7.510000 111538.000000
7.520000 104980.265000
7.530000 98559.842500
7.540000 91531.847500
7.550000 85482.585000
7.560000 80054.495000
7.570000 73757.160000
7.580000 68212.827500
7.590000 64021.272500
7.600000 59925.212500
7.610000 55491.235000
7.620000 51684.835000
7.630000 48069.730000
7.640000 44573.335000
7.650000 41910.397500
7.660000 39728.987500
7.670000 37557.150000
7.680000 35281.347500
7.690000 33236.947500
7.700000 31146.335000
7.710000 29319.642500
7.720000 27825.017500
7.730000 26183.317500
7.740000 24940.260000
7.750000 23801.402500
7.760000 22632.297500
7.770000 22084.570000
7.780000 21412.425000
7.790000 20487.837500
7.800000 20010.330000
7.810000 19674.727500
7.820000 19168.137500
7.830000 18651.232500
7.840000 17820.070000
7.850000 17091.192500
7.860000 16940.187500
7.870000 16876.705000
7.880000 16564.350000
7.890000 16482.780000
7.900000 16162.725000
7.910000 15732.175000
7.920000 15866.107500
7.930000 15737.805000
7.940000 15429.470000
7.950000 15153.282500
7.960000 14865.047500
7.970000 14938.260000
7.980000 14767.332500
7.990000 14236.210000
8.000000 14006.377500
8.010000 14347.630000
8.020000 14365.385000
8.030000 14048.320000
8.040000 14035.922500
8.050000 13919.977500
8.060000 13627.037500
8.070000 13630.475000
8.080000 13469.612500
8.090000 13314.672500
8.100000 13462.110000
8.110000 13476.672500
8.120000 13150.830000
8.130000 13121.375000
8.140000 13516.715000
8.150000 13559.800000
8.160000 13566.715000
8.170000 14069.545000
8.180000 14072.145000
8.190000 14126.180000
8.200000 14309.160000
8.210000 14500.270000
8.220000 14483.757500
8.230000 14458.430000
8.240000 15042.672500
8.250000 15311.752500
8.260000 15654.727500
8.270000 16110.500000
8.280000 16343.625000
8.290000 16667.062500
8.300000 17270.687500
8.310000 17897.375000
8.320000 18397.282500
8.330000 19098.442500
8.340000 19837.970000
8.350000 20443.482500
8.360000 21477.017500
8.370000 22249.055000
8.380000 23109.007500
8.390000 24190.162500
8.400000 25543.090000
8.410000 27039.402500
8.420000 27930.577500
8.430000 28901.035000
8.440000 30483.720000
8.450000 32233.740000
8.460000 33181.155000
8.470000 33871.180000
8.480000 35414.907500
8.490000 36490.840000
8.500000 37833.407500
8.510000 38778.447500
8.520000 38980.655000
8.530000 39261.165000
8.540000 39554.232500
8.550000 39816.667500
8.560000 39704.320000
8.570000 39368.442500
8.580000 39139.927500
8.590000 38225.610000
8.600000 37482.880000
8.610000 35677.607500
8.620000 34142.455000
8.630000 32456.195000
8.640000 31044.055000
8.650000 29399.792500
8.660000 28300.785000
8.670000 26741.992500
8.680000 25263.052500
8.690000 24029.990000
8.700000 22154.805000
8.710000 20935.007500
8.720000 20133.632500
8.730000 18936.392500
8.740000 18085.097500
8.750000 17187.595000
8.760000 16713.202500
8.770000 15734.805000
8.780000 14763.782500
8.790000 14259.390000
8.800000 13870.182500
8.810000 13282.110000
8.820000 12655.162500
8.830000 12230.015000
8.840000 11494.145000
8.850000 11066.545000
8.860000 10463.832500
8.870000 10489.115000
8.880000 10635.157500
8.890000 10350.990000
8.900000 10109.617500
8.910000 9912.740000
8.920000 9722.092500
8.930000 9503.345000
8.940000 9363.280000
8.950000 9200.685000
8.960000 8892.417500
8.970000 8745.232500
8.980000 8687.375000
8.990000 8502.577500
9.000000 8470.060000
9.010000 8452.800000
9.020000 8243.605000
9.030000 8541.892500
9.040000 8581.110000
9.050000 8397.510000
9.060000 7993.722500
9.070000 7747.882500
9.080000 7611.237500
9.090000 7640.917500
9.100000 7691.647500
9.110000 7596.860000
9.120000 7388.855000
9.130000 7564.590000
9.140000 7472.457500
9.150000 7430.977500
9.160000 7261.562500
9.170000 7288.520000
9.180000 7245.297500
9.190000 7115.920000
9.200000 7086.532500
9.210000 6872.465000
9.220000 7023.627500
9.230000 7005.000000
9.240000 6972.485000
9.250000 7051.065000
9.260000 7136.335000
9.270000 6771.707500
9.280000 7018.095000
9.290000 6476.510000
9.300000 6637.217500
9.310000 6935.075000
9.320000 6819.205000
9.330000 6615.967500
9.340000 7018.287500
9.350000 6885.032500
9.360000 6618.937500
9.370000 6825.000000
9.380000 6803.640000
9.390000 6348.290000
9.400000 6510.192500
9.410000 6748.752500
9.420000 6506.365000
9.430000 6678.210000
9.440000 6524.000000
9.450000 6486.370000
9.460000 6310.742500
9.470000 6725.955000
9.480000 6757.582500
9.490000 6330.162500
9.500000 6606.880000
9.510000 6517.905000
9.520000 6607.310000
9.530000 6513.945000
9.540000 6206.442500
9.550000 5916.182500
9.560000 5800.435000
9.570000 6041.537500
9.580000 6133.070000
9.590000 6083.592500
9.600000 5959.275000
9.610000 5818.065000
9.620000 5907.215000
9.630000 6047.942500
9.640000 6000.842500
9.650000 5975.480000
9.660000 6097.315000
9.670000 5799.007500
9.680000 5580.660000
9.690000 5631.675000
9.700000 5924.107500
9.710000 6054.200000
9.720000 5768.945000
9.730000 6127.222500
9.740000 5957.665000
9.750000 5798.362500
9.760000 5783.705000
9.770000 5759.505000
9.780000 5734.562500
9.790000 5527.822500
9.800000 5698.025000
9.810000 5834.190000
9.820000 5810.280000
9.830000 5753.537500
9.840000 5570.397500
9.850000 5527.175000
9.860000 5540.542500
9.870000 5588.177500
9.880000 5823.647500
9.890000 5803.097500
9.900000 5623.020000
9.910000 5539.250000
9.920000 5625.215000
9.930000 5618.057500
9.940000 5372.857500
9.950000 5676.805000
9.960000 5700.752500
9.970000 5510.940000
9.980000 5612.362500
9.990000 5820.642500
10.000000 5736.585000
10.010000 5769.922500
10.020000 5670.445000
10.030000 5539.140000
10.040000 5666.185000
10.050000 5557.330000
10.060000 5622.992500
10.070000 5574.337500
10.080000 5699.072500
10.090000 5445.190000
10.100000 5525.430000
10.110000 5512.467500
10.120000 5435.520000
10.130000 5504.890000
10.140000 5589.107500
10.150000 5426.590000
10.160000 5371.172500
10.170000 5460.115000
10.180000 5518.017500
10.190000 5675.175000
10.200000 5614.407500
10.210000 5564.430000
10.220000 5522.855000
10.230000 5169.880000
10.240000 4981.275000
10.250000 5345.552500
10.260000 5304.315000
10.270000 5227.305000
10.280000 5314.457500
10.290000 5486.602500
10.300000 5433.285000
10.310000 5479.037500
10.320000 5477.842500
10.330000 5350.920000
10.340000 5173.747500
10.350000 5086.812500
10.360000 5075.000000
10.370000 5088.640000
10.380000 5118.875000
10.390000 5179.270000
10.400000 5076.652500
10.410000 5184.947500
10.420000 5398.352500
10.430000 5481.932500
10.440000 5116.867500
10.450000 4998.302500
10.460000 5184.707500
10.470000 5266.525000
10.480000 5135.972500
10.490000 5225.442500
10.500000 5014.717500
10.510000 5087.890000
10.520000 5046.422500
10.530000 5077.240000
10.540000 5345.637500
10.550000 5319.255000
10.560000 5071.480000
10.570000 4963.127500
10.580000 4827.637500
10.590000 4965.067500
10.600000 4991.050000
10.610000 4798.127500
10.620000 4773.510000
10.630000 4872.242500
10.640000 4805.007500
10.650000 4882.352500
10.660000 4979.637500
10.670000 4886.972500
10.680000 4762.340000
10.690000 4802.015000
10.700000 4949.517500
10.710000 4886.127500
10.720000 4701.430000
10.730000 4896.907500
10.740000 5069.502500
10.750000 5075.450000
10.760000 4760.690000
10.770000 4741.527500
10.780000 4744.580000
10.790000 4830.397500
10.800000 4902.960000
10.810000 4922.697500
10.820000 4840.807500
10.830000 4892.280000
10.840000 4889.127500
10.850000 4892.882500
10.860000 4953.492500
10.870000 5010.555000
10.880000 4924.557500
10.890000 4889.225000
10.900000 4897.540000
10.910000 4888.287500
10.920000 4889.172500
10.930000 4740.317500
10.940000 4669.197500
10.950000 4574.087500
10.960000 4631.405000
10.970000 4795.780000
10.980000 4930.277500
10.990000 4806.597500
11.000000 4716.235000
11.010000 4782.200000
11.020000 4867.650000
11.030000 4857.782500
11.040000 4802.255000
11.050000 4772.107500
11.060000 4665.945000
11.070000 4633.402500
11.080000 4519.320000
11.090000 4441.702500
11.100000 4554.922500
11.110000 4721.350000
11.120000 4643.182500
11.130000 4564.050000
11.140000 4705.702500
11.150000 4821.420000
11.160000 4782.002500
11.170000 4604.015000
11.180000 4643.575000
11.190000 4858.767500
11.200000 4791.710000
11.210000 4436.065000
11.220000 4560.052500
11.230000 4610.575000
11.240000 4512.987500
11.250000 4623.430000
11.260000 4715.760000
11.270000 4473.642500
11.280000 4408.515000
11.290000 4635.227500
11.300000 4622.392500
11.310000 4689.562500
11.320000 4718.327500
11.330000 4534.412500
11.340000 4477.495000
11.350000 4729.567500
11.360000 4849.577500
11.370000 4868.807500
11.380000 4755.287500
11.390000 4666.667500
11.400000 4561.300000
11.410000 4571.677500
11.420000 4729.665000
11.430000 4581.440000
11.440000 4492.740000
11.450000 4617.207500
11.460000 4709.420000
11.470000 4772.537500
11.480000 4736.510000
11.490000 4642.995000
11.500000 4535.575000
11.510000 4541.340000
11.520000 4790.477500
11.530000 4884.057500
11.540000 4650.300000
11.550000 4489.262500
11.560000 4798.070000
11.570000 4885.427500
11.580000 4733.640000
11.590000 4830.572500
11.600000 4990.590000
11.610000 5065.010000
11.620000 4901.902500
11.630000 4874.222500
11.640000 4869.665000
11.650000 4819.282500
11.660000 4979.257500
11.670000 4981.987500
11.680000 4891.667500
11.690000 4900.740000
11.700000 5012.312500
11.710000 5072.972500
11.720000 5126.297500
11.730000 5222.970000
11.740000 5129.700000
11.750000 4985.047500
11.760000 5051.727500
11.770000 5238.615000
11.780000 5298.657500
11.790000 5449.970000
11.800000 5560.395000
11.810000 5616.530000
11.820000 5794.845000
11.830000 6038.760000
11.840000 6019.935000
11.850000 5990.925000
11.860000 6316.935000
11.870000 6512.577500
11.880000 6461.692500
11.890000 6471.525000
11.900000 6667.625000
11.910000 6946.320000
11.920000 7187.450000
11.930000 7590.320000
11.940000 7978.515000
11.950000 8066.565000
11.960000 8152.907500
11.970000 8445.725000
11.980000 8715.487500
11.990000 8681.565000
12.000000 8845.970000
12.010000 9213.162500
12.020000 9440.812500
12.030000 9690.675000
12.040000 10043.122500
12.050000 10390.592500
12.060000 10563.060000
12.070000 10452.767500
12.080000 10371.195000
12.090000 10593.995000
12.100000 10780.857500
12.110000 10740.437500
12.120000 10490.382500
12.130000 10234.615000
12.140000 9866.892500
12.150000 9695.587500
12.160000 9606.235000
12.170000 9324.072500
12.180000 9045.342500
12.190000 8795.680000
12.200000 8340.002500
12.210000 7846.285000
12.220000 7700.392500
12.230000 7435.405000
12.240000 7221.755000
12.250000 6989.240000
12.260000 6644.825000
12.270000 6472.222500
12.280000 6302.750000
12.290000 5966.245000
12.300000 5744.027500
12.310000 5758.332500
12.320000 5613.462500
12.330000 5427.220000
12.340000 5382.125000
12.350000 5345.330000
12.360000 5366.675000
12.370000 5253.035000
12.380000 5092.425000
12.390000 4837.990000
12.400000 4645.077500
12.410000 4745.042500
12.420000 4812.372500
12.430000 4651.150000
12.440000 4643.677500
12.450000 4598.350000
12.460000 4487.720000
12.470000 4759.287500
12.480000 4782.962500
12.490000 4631.852500
12.500000 4672.027500
12.510000 4661.097500
12.520000 4430.910000
12.530000 4321.175000
12.540000 4408.772500
12.550000 4430.800000
12.560000 4288.502500
12.570000 4330.582500
12.580000 4373.852500
12.590000 4326.025000
12.600000 4391.337500
12.610000 4354.517500
12.620000 4153.075000
12.630000 4231.750000
12.640000 4358.332500
12.650000 4370.450000
12.660000 4207.825000
12.670000 4021.275000
12.680000 4320.372500
12.690000 4280.107500
12.700000 4068.777500
12.710000 4197.982500
12.720000 4331.285000
12.730000 4355.425000
12.740000 4318.170000
12.750000 4212.272500
12.760000 4070.587500
12.770000 4026.492500
12.780000 4155.837500
12.790000 4169.237500
12.800000 4183.730000
12.810000 4224.827500
12.820000 4158.312500
12.830000 4238.580000
12.840000 4261.970000
12.850000 4051.147500
12.860000 4019.842500
12.870000 4263.037500
12.880000 4209.520000
12.890000 3969.337500
12.900000 3990.937500
12.910000 4085.750000
12.920000 4269.197500
12.930000 4297.142500
12.940000 4157.680000
12.950000 4240.842500
12.960000 4160.222500
12.970000 4159.395000
12.980000 4280.077500
12.990000 4233.620000
13.000000 4140.147500
13.010000 4200.905000
13.020000 4149.800000
13.030000 4200.937500
13.040000 4153.925000
13.050000 4066.280000
13.060000 4083.120000
13.070000 4116.680000
13.080000 3909.815000
13.090000 4072.602500
13.100000 4096.515000
13.110000 4080.760000
13.120000 4135.342500
13.130000 4150.852500
13.140000 4068.972500
13.150000 4086.455000
13.160000 4114.390000
13.170000 4099.282500
13.180000 4034.535000
13.190000 3916.065000
13.200000 3927.175000
13.210000 4018.385000
13.220000 4010.952500
13.230000 4028.610000
13.240000 3972.210000
13.250000 3970.355000
13.260000 4105.800000
13.270000 4043.642500
13.280000 4079.722500
13.290000 4229.125000
13.300000 4168.830000
13.310000 4071.132500
13.320000 4009.952500
13.330000 4046.930000
13.340000 3934.585000
13.350000 4008.647500
13.360000 4013.197500
13.370000 4096.472500
13.380000 4046.557500
13.390000 4049.250000
13.400000 4165.925000
13.410000 4087.210000
13.420000 4043.352500
13.430000 4112.522500
13.440000 4054.812500
13.450000 4085.090000
13.460000 4027.785000
13.470000 4021.182500
13.480000 4090.350000
13.490000 4137.037500
13.500000 4003.587500
13.510000 3981.072500
13.520000 3920.630000
13.530000 4151.802500
13.540000 4069.827500
13.550000 4220.400000
13.560000 4241.017500
13.570000 4156.930000
13.580000 4198.162500
13.590000 4118.327500
13.600000 4081.740000
13.610000 4018.700000
13.620000 3946.145000
13.630000 4030.107500
13.640000 4018.265000
13.650000 4023.415000
13.660000 4033.950000
13.670000 4116.120000
13.680000 4133.020000
13.690000 4041.502500
13.700000 3996.990000
13.710000 4119.810000
13.720000 4082.152500
13.730000 4172.492500
13.740000 4097.947500
13.750000 4162.325000
13.760000 4101.517500
13.770000 3929.637500
13.780000 4064.277500
13.790000 4237.560000
13.800000 4334.770000
13.810000 4308.195000
13.820000 4339.182500
13.830000 4256.565000
13.840000 4157.737500
13.850000 4368.442500
13.860000 4339.822500
13.870000 4350.600000
13.880000 4245.890000
13.890000 4443.532500
13.900000 4591.925000
13.910000 4300.952500
13.920000 4328.895000
13.930000 4718.807500
13.940000 4601.177500
13.950000 4740.090000
13.960000 4885.662500
13.970000 4590.517500
13.980000 4564.022500
13.990000 4507.892500
14.000000 4932.225000
14.010000 4953.487500
14.020000 5161.147500
14.030000 5329.080000
14.040000 5593.890000
14.050000 5647.907500
14.060000 5526.955000
14.070000 5569.532500
14.080000 5350.000000
14.090000 5381.647500
14.100000 5644.962500
14.110000 5861.220000
14.120000 5937.437500
14.130000 6368.630000
14.140000 6416.782500
14.150000 6170.010000
14.160000 6355.740000
14.170000 6544.315000
14.180000 6545.787500
14.190000 6404.362500
14.200000 6742.612500
14.210000 6812.542500
14.220000 6669.760000
14.230000 6353.067500
14.240000 5992.457500
14.250000 5982.885000
14.260000 5828.905000
14.270000 5953.007500
14.280000 5968.560000
14.290000 5808.685000
14.300000 5692.220000
14.310000 5347.962500
14.320000 5399.502500
14.330000 5232.580000
14.340000 5495.122500
14.350000 5351.380000
14.360000 5434.937500
14.370000 5045.027500
14.380000 4977.247500
14.390000 4895.830000
14.400000 4860.317500
14.410000 5085.537500
14.420000 4780.570000
14.430000 4859.965000
14.440000 4882.270000
14.450000 4871.850000
14.460000 4955.560000
14.470000 5035.262500
14.480000 4917.500000
14.490000 4667.672500
14.500000 4839.987500
14.510000 5109.710000
14.520000 5284.620000
14.530000 5304.175000
14.540000 5230.642500
14.550000 5344.397500
14.560000 5401.887500
14.570000 5434.370000
14.580000 5284.152500
14.590000 5500.150000
14.600000 5705.880000
14.610000 5863.500000
14.620000 6217.372500
14.630000 6463.817500
14.640000 6619.977500
14.650000 6724.567500
14.660000 6971.932500
14.670000 7146.427500
14.680000 7318.480000
14.690000 7683.120000
14.700000 7679.807500
14.710000 7882.322500
14.720000 8207.357500
14.730000 8550.812500
14.740000 8599.620000
14.750000 9040.760000
14.760000 9482.957500
14.770000 9460.697500
14.780000 9640.935000
14.790000 10264.040000
14.800000 10013.137500
14.810000 9627.255000
14.820000 9927.157500
14.830000 10282.580000
14.840000 10115.857500
14.850000 9850.310000
14.860000 10049.977500
14.870000 9667.215000
14.880000 9342.615000
14.890000 9167.437500
14.900000 9025.832500
14.910000 8536.955000
14.920000 8128.612500
14.930000 7729.130000
14.940000 7585.005000
14.950000 7394.212500
14.960000 7055.040000
14.970000 6812.255000
14.980000 6448.157500
14.990000 5902.210000
15.000000 6144.667500
15.010000 5913.677500
15.020000 5485.217500
15.030000 5564.370000
15.040000 5420.642500
15.050000 5327.565000
15.060000 5244.120000
15.070000 5362.805000
15.080000 5173.137500
15.090000 4530.590000
15.100000 4500.295000
15.110000 4580.272500
15.120000 4599.365000
15.130000 4431.935000
15.140000 4177.277500
15.150000 4453.907500
15.160000 4506.500000
15.170000 4428.785000
15.180000 4154.947500
15.190000 4244.765000
15.200000 4123.300000
15.210000 4029.692500
15.220000 4198.682500
15.230000 4326.572500
15.240000 4144.437500
15.250000 3952.582500
15.260000 3941.667500
15.270000 4012.180000
15.280000 4008.845000
15.290000 4023.955000
15.300000 3775.432500
15.310000 3758.332500
15.320000 4014.915000
15.330000 4126.492500
15.340000 3986.055000
15.350000 3820.207500
15.360000 4001.525000
15.370000 3985.802500
15.380000 4006.445000
15.390000 4139.100000
15.400000 3919.587500
15.410000 4038.035000
15.420000 3935.147500
15.430000 3817.970000
15.440000 3762.535000
15.450000 4009.842500
15.460000 4094.212500
15.470000 4130.392500
15.480000 3898.157500
15.490000 3859.850000
15.500000 3911.272500
15.510000 4052.587500
15.520000 3968.652500
15.530000 3762.610000
15.540000 3786.762500
15.550000 3799.170000
15.560000 4024.787500
15.570000 4012.595000
15.580000 4038.212500
15.590000 3862.675000
15.600000 3759.755000
15.610000 3757.435000
15.620000 3765.757500
15.630000 3788.902500
15.640000 3673.265000
15.650000 3798.717500
15.660000 3787.157500
15.670000 3739.140000
15.680000 3931.892500
15.690000 3921.620000
15.700000 3733.390000
15.710000 3671.735000
15.720000 3652.050000
15.730000 3781.340000
15.740000 3698.007500
15.750000 3603.322500
15.760000 3649.765000
15.770000 3759.845000
15.780000 3622.970000
15.790000 3679.510000
15.800000 3605.067500
15.810000 3692.540000
15.820000 3686.752500
15.830000 3676.150000
15.840000 3646.315000
15.850000 3670.307500
15.860000 3596.365000
15.870000 3576.195000
15.880000 3674.762500
15.890000 3741.470000
15.900000 3714.482500
15.910000 3765.070000
15.920000 3583.817500
15.930000 3705.530000
15.940000 3655.692500
15.950000 3655.760000
15.960000 3770.907500
15.970000 3805.715000
15.980000 3913.535000
15.990000 3905.325000
16.000000 3934.955000
16.010000 3753.207500
16.020000 3514.572500
16.030000 3648.940000
16.040000 3870.887500
16.050000 3838.980000
16.060000 3838.847500
16.070000 3883.145000
16.080000 3801.940000
16.090000 3652.405000
16.100000 3563.080000
16.110000 3591.212500
16.120000 3661.720000
16.130000 3668.152500
16.140000 3570.967500
16.150000 3529.525000
16.160000 3634.017500
16.170000 3726.360000
16.180000 3666.960000
16.190000 3751.710000
16.200000 3849.465000
16.210000 3623.355000
16.220000 3654.387500
16.230000 3654.790000
16.240000 3683.630000
16.250000 3758.815000
16.260000 3607.400000
16.270000 3513.122500
16.280000 3720.512500
16.290000 3721.630000
16.300000 3821.560000
16.310000 3790.155000
16.320000 3748.445000
16.330000 3860.967500
16.340000 3904.900000
16.350000 4066.882500
16.360000 3930.257500
16.370000 3712.135000
16.380000 3620.650000
16.390000 3733.030000
16.400000 3871.502500
16.410000 3625.260000
16.420000 3719.797500
16.430000 3805.787500
16.440000 3920.815000
16.450000 4066.972500
16.460000 3970.245000
16.470000 3907.425000
16.480000 4016.395000
16.490000 4043.545000
16.500000 3951.437500
16.510000 4021.515000
16.520000 4139.932500
16.530000 3858.842500
16.540000 3766.667500
16.550000 4003.162500
16.560000 4253.672500
16.570000 4225.517500
16.580000 3945.602500
16.590000 3936.510000
16.600000 4161.175000
16.610000 4117.420000
16.620000 4039.110000
16.630000 4195.292500
16.640000 4243.702500
16.650000 4197.665000
16.660000 4151.955000
16.670000 4342.145000
16.680000 4533.422500
16.690000 4431.387500
16.700000 4408.267500
16.710000 4454.005000
16.720000 4566.067500
16.730000 4662.020000
16.740000 4658.567500
16.750000 4532.557500
16.760000 4442.300000
16.770000 4665.255000
16.780000 4885.300000
16.790000 4970.170000
16.800000 4983.332500
16.810000 4989.452500
16.820000 5132.162500
16.830000 5280.902500
16.840000 5633.230000
16.850000 5822.930000
16.860000 5734.725000
16.870000 5830.972500
16.880000 5967.985000
16.890000 6162.977500
16.900000 6429.880000
16.910000 6526.380000
16.920000 6587.382500
16.930000 6908.087500
16.940000 7246.437500
16.950000 7632.062500
16.960000 8060.147500
16.970000 8641.800000
16.980000 8700.177500
16.990000 9023.822500
17.000000 9571.875000
17.010000 9969.867500
17.020000 10462.177500
17.030000 11096.440000
17.040000 11674.050000
17.050000 11892.060000
17.060000 12327.045000
17.070000 12804.325000
17.080000 12834.015000
17.090000 12995.792500
17.100000 13846.025000
17.110000 14401.667500
17.120000 14122.875000
17.130000 13744.035000
17.140000 13777.200000
17.150000 13844.877500
17.160000 13757.812500
17.170000 13400.327500
17.180000 13172.210000
17.190000 12863.947500
17.200000 12518.525000
17.210000 12176.780000
17.220000 11741.675000
17.230000 11159.105000
17.240000 10571.982500
17.250000 10278.232500
17.260000 9896.620000
17.270000 9351.692500
17.280000 9031.262500
17.290000 8471.057500
17.300000 8008.452500
17.310000 7731.637500
17.320000 7381.095000
17.330000 7216.445000
17.340000 7054.857500
17.350000 6849.592500
17.360000 6499.635000
17.370000 6408.310000
17.380000 6084.122500
17.390000 5880.667500
17.400000 5905.330000
17.410000 5616.242500
17.420000 5463.837500
17.430000 5521.605000
17.440000 5456.770000
17.450000 5205.782500
17.460000 5028.960000
17.470000 4828.020000
17.480000 4872.350000
17.490000 4789.477500
17.500000 4534.712500
17.510000 4663.717500
17.520000 4750.895000
17.530000 4657.782500
17.540000 4374.262500
17.550000 4354.585000
17.560000 4497.177500
17.570000 4488.090000
17.580000 4415.547500
17.590000 4386.327500
17.600000 4298.072500
17.610000 4372.340000
17.620000 4436.357500
17.630000 4396.235000
17.640000 4332.677500
17.650000 4466.755000
17.660000 4547.790000
17.670000 4378.560000
17.680000 4241.317500
17.690000 4237.637500
17.700000 4302.327500
17.710000 4338.557500
17.720000 4299.957500
17.730000 4155.302500
17.740000 4015.802500
17.750000 4016.482500
17.760000 4212.465000
17.770000 4290.835000
17.780000 4331.725000
17.790000 4449.022500
17.800000 4217.422500
17.810000 4082.692500
17.820000 4200.472500
17.830000 4166.362500
17.840000 4144.032500
17.850000 4329.565000
17.860000 4311.385000
17.870000 4223.190000
17.880000 4196.417500
17.890000 4238.915000
17.900000 4098.475000
17.910000 4038.710000
17.920000 4145.347500
17.930000 4181.635000
17.940000 4004.790000
17.950000 3991.602500
17.960000 4033.395000
17.970000 4101.295000
17.980000 4168.270000
17.990000 3936.940000
18.000000 3982.912500
18.010000 4129.940000
18.020000 4231.967500
18.030000 4250.775000
18.040000 4192.100000
18.050000 4179.905000
18.060000 4149.070000
18.070000 4173.855000
18.080000 4252.220000
18.090000 4254.130000
18.100000 4345.065000
18.110000 4502.577500
18.120000 4311.520000
18.130000 4181.635000
18.140000 4235.950000
18.150000 4250.000000
18.160000 4355.662500
18.170000 4438.127500
18.180000 4427.312500
18.190000 4493.072500
18.200000 4378.415000
18.210000 4340.385000
18.220000 4365.600000
18.230000 4252.772500
18.240000 4253.155000
18.250000 4403.857500
18.260000 4525.737500
18.270000 4431.362500
18.280000 4366.187500
18.290000 4579.047500
18.300000 4757.727500
18.310000 4638.672500
18.320000 4543.630000
18.330000 4711.732500
18.340000 4884.367500
18.350000 4855.542500
18.360000 4689.085000
18.370000 4701.475000
18.380000 4847.782500
18.390000 4872.432500
18.400000 4895.855000
18.410000 5139.282500
18.420000 5372.280000
18.430000 5397.647500
18.440000 5493.295000
18.450000 5578.045000
18.460000 5580.262500
18.470000 5677.607500
18.480000 5939.597500
18.490000 6280.215000
18.500000 6370.382500
18.510000 6518.610000
18.520000 6942.477500
18.530000 7162.802500
18.540000 7255.887500
18.550000 7551.495000
18.560000 7768.327500
18.570000 7955.747500
18.580000 8268.182500
18.590000 8518.257500
18.600000 8714.130000
18.610000 9147.092500
18.620000 9296.325000
18.630000 9206.535000
18.640000 9319.970000
18.650000 9811.045000
18.660000 10234.845000
18.670000 10079.747500
18.680000 9821.570000
18.690000 9715.690000
18.700000 9821.290000
18.710000 9708.815000
18.720000 9465.847500
18.730000 9561.917500
18.740000 9640.712500
18.750000 9437.240000
18.760000 9172.552500
18.770000 8883.297500
18.780000 8534.195000
18.790000 8298.630000
18.800000 8216.532500
18.810000 7984.382500
18.820000 7686.545000
18.830000 7616.750000
18.840000 7641.800000
18.850000 7587.085000
18.860000 7420.467500
18.870000 7166.390000
18.880000 7004.167500
18.890000 7087.292500
18.900000 7166.702500
18.910000 7112.795000
18.920000 6922.075000
18.930000 6865.700000
18.940000 7122.900000
18.950000 7394.307500
18.960000 7545.067500
18.970000 7751.125000
18.980000 7851.385000
18.990000 7795.547500
19.000000 8072.442500
19.010000 8354.055000
19.020000 8281.455000
19.030000 8514.952500
19.040000 8825.822500
19.050000 8900.525000
19.060000 9132.722500
19.070000 9314.715000
19.080000 9586.430000
19.090000 10108.100000
19.100000 10500.225000
19.110000 10651.225000
19.120000 10704.780000
19.130000 10782.602500
19.140000 10962.242500
19.150000 11199.607500
19.160000 11496.315000
19.170000 11453.487500
19.180000 11136.042500
19.190000 10880.037500
19.200000 10830.175000
19.210000 10794.517500
19.220000 10484.787500
19.230000 10135.937500
19.240000 9923.782500
19.250000 9791.362500
19.260000 9420.537500
19.270000 9026.660000
19.280000 8546.147500
19.290000 8258.005000
19.300000 8076.470000
19.310000 7673.730000
19.320000 7654.810000
19.330000 7618.177500
19.340000 7218.572500
19.350000 6879.310000
19.360000 6661.830000
19.370000 6466.100000
19.380000 6299.610000
19.390000 6269.550000
19.400000 6175.145000
19.410000 5911.380000
19.420000 5634.855000
19.430000 5376.775000
19.440000 5229.635000
19.450000 5210.240000
19.460000 5081.212500
19.470000 4967.382500
19.480000 4930.355000
19.490000 4801.435000
19.500000 4753.650000
19.510000 4820.235000
19.520000 4827.335000
19.530000 4765.960000
19.540000 4844.505000
19.550000 4927.757500
19.560000 4931.787500
19.570000 4749.247500
19.580000 4655.032500
19.590000 4764.307500
19.600000 4776.195000
19.610000 4755.985000
19.620000 4723.902500
19.630000 4668.097500
19.640000 4625.000000
19.650000 4550.892500
19.660000 4295.080000
19.670000 4185.207500
19.680000 4339.020000
19.690000 4197.470000
19.700000 4111.075000
19.710000 4387.027500
19.720000 4424.977500
19.730000 4332.590000
19.740000 4352.837500
19.750000 4412.670000
19.760000 4552.532500
19.770000 4571.065000
19.780000 4545.092500
19.790000 4379.105000
19.800000 4071.952500
19.810000 4112.615000
19.820000 4456.137500
19.830000 4574.967500
19.840000 4494.375000
19.850000 4483.615000
19.860000 4192.387500
19.870000 4194.377500
19.880000 4389.820000
19.890000 4361.735000
19.900000 4416.667500
19.910000 4346.865000
19.920000 4351.097500
19.930000 4404.185000
19.940000 4150.820000
19.950000 4130.367500
19.960000 4317.947500
19.970000 4296.065000
19.980000 4216.347500
19.990000 4248.190000
20.000000 4222.540000
20.010000 4212.115000
20.020000 4406.397500
20.030000 4554.767500
20.040000 4380.192500
20.050000 4229.527500
20.060000 4298.115000
20.070000 4368.600000
20.080000 4332.795000
20.090000 4205.680000
20.100000 4136.562500
20.110000 4224.645000
20.120000 4249.730000
20.130000 4295.252500
20.140000 4254.595000
20.150000 4239.057500
20.160000 4038.535000
20.170000 4180.142500
20.180000 4353.332500
20.190000 4140.082500
20.200000 4001.937500
20.210000 4089.010000
20.220000 4167.905000
20.230000 4193.992500
20.240000 4298.685000
20.250000 4370.942500
20.260000 4315.565000
20.270000 4049.807500
20.280000 4058.552500
20.290000 4184.097500
20.300000 4263.530000
20.310000 4320.682500
20.320000 4246.070000
20.330000 4229.285000
20.340000 4052.465000
20.350000 3953.147500
20.360000 4188.302500
20.370000 4362.622500
20.380000 4121.627500
20.390000 3989.507500
20.400000 4040.060000
20.410000 4214.685000
20.420000 4173.482500
20.430000 4234.235000
20.440000 4287.110000
20.450000 4292.957500
20.460000 4186.842500
20.470000 4166.660000
20.480000 4259.867500
20.490000 4231.717500
20.500000 4303.170000
20.510000 4339.342500
20.520000 4323.747500
20.530000 4218.835000
20.540000 4351.482500
20.550000 4583.780000
20.560000 4301.375000
20.570000 4211.997500
20.580000 4311.032500
20.590000 4294.380000
20.600000 4311.357500
20.610000 4344.305000
20.620000 4297.212500
20.630000 4286.105000
20.640000 4394.245000
20.650000 4680.352500
20.660000 4733.622500
20.670000 4594.975000
20.680000 4505.285000
20.690000 4539.052500
20.700000 4508.477500
20.710000 4521.610000
20.720000 4493.740000
20.730000 4324.580000
20.740000 4447.447500
20.750000 4714.130000
20.760000 4902.135000
20.770000 4925.595000
20.780000 4939.755000
20.790000 5012.360000
20.800000 4976.572500
20.810000 5091.632500
20.820000 5240.452500
20.830000 5260.040000
20.840000 5215.322500
20.850000 5363.652500
20.860000 5548.860000
20.870000 5426.495000
20.880000 5353.527500
20.890000 5438.332500
20.900000 5366.067500
20.910000 5568.047500
20.920000 5569.765000
20.930000 5514.102500
20.940000 5675.385000
20.950000 5947.080000
20.960000 6150.150000
20.970000 6283.332500
20.980000 6194.832500
20.990000 6037.052500
21.000000 6184.412500
21.010000 6290.855000
21.020000 6283.330000
21.030000 6229.987500
21.040000 6216.805000
21.050000 6170.730000
21.060000 6182.695000
21.070000 6038.135000
21.080000 5774.460000
21.090000 5730.882500
21.100000 5805.650000
21.110000 5975.630000
21.120000 5889.937500
21.130000 5732.927500
21.140000 5375.457500
21.150000 5066.862500
21.160000 5110.735000
21.170000 5188.517500
21.180000 5268.757500
21.190000 4991.665000
21.200000 4913.082500
21.210000 4903.695000
21.220000 4861.800000
21.230000 4896.372500
21.240000 4898.947500
21.250000 4797.800000
21.260000 4616.327500
21.270000 4721.125000
21.280000 4806.817500
21.290000 4643.010000
21.300000 4703.370000
21.310000 4684.747500
21.320000 4807.300000
21.330000 4776.055000
21.340000 4894.620000
21.350000 4748.527500
21.360000 4635.597500
21.370000 4650.692500
21.380000 4632.252500
21.390000 4487.507500
21.400000 4368.082500
21.410000 4307.380000
21.420000 4506.120000
21.430000 4585.842500
21.440000 4363.052500
21.450000 4548.920000
21.460000 4677.600000
21.470000 4580.725000
21.480000 4621.995000
21.490000 4822.825000
21.500000 4781.977500
21.510000 4642.267500
21.520000 4531.462500
21.530000 4502.747500
21.540000 4398.782500
21.550000 4461.787500
21.560000 4413.295000
21.570000 4544.087500
21.580000 4678.220000
21.590000 4885.152500
21.600000 4780.955000
21.610000 4672.905000
21.620000 4624.922500
21.630000 4524.965000
21.640000 4612.442500
21.650000 4600.390000
21.660000 4478.845000
21.670000 4574.882500
21.680000 4563.152500
21.690000 4413.275000
21.700000 4338.640000
21.710000 4517.117500
21.720000 4714.142500
21.730000 4738.197500
21.740000 4652.922500
21.750000 4577.332500
21.760000 4628.115000
21.770000 4879.807500
21.780000 5012.630000
21.790000 5058.325000
21.800000 4824.535000
21.810000 4836.275000
21.820000 4844.427500
21.830000 5010.825000
21.840000 4939.262500
21.850000 4795.680000
21.860000 4932.147500
21.870000 5007.112500
21.880000 4823.650000
21.890000 4901.712500
21.900000 4955.540000
21.910000 4840.912500
21.920000 4921.427500
21.930000 5123.387500
21.940000 5105.615000
21.950000 4928.335000
21.960000 5141.667500
21.970000 5186.202500
21.980000 5369.405000
21.990000 5459.295000
22.000000 5416.807500
22.010000 5316.252500
22.020000 5272.410000
22.030000 5748.100000
22.040000 6080.087500
22.050000 6064.247500
22.060000 6264.870000
22.070000 6310.265000
22.080000 6564.235000
22.090000 6867.557500
22.100000 7102.495000
22.110000 7094.122500
22.120000 7282.952500
22.130000 7429.312500
22.140000 7685.702500
22.150000 7992.902500
22.160000 8458.582500
22.170000 8701.790000
22.180000 8994.597500
22.190000 9433.727500
22.200000 9803.527500
22.210000 10091.325000
22.220000 10153.770000
22.230000 10616.135000
22.240000 10579.480000
22.250000 11138.572500
22.260000 11284.947500
22.270000 11226.410000
22.280000 11659.830000
22.290000 11763.367500
22.300000 11728.635000
22.310000 11638.392500
22.320000 11598.907500
22.330000 11485.170000
22.340000 11379.050000
22.350000 11012.930000
22.360000 10819.805000
22.370000 10578.380000
22.380000 10146.100000
22.390000 9822.577500
22.400000 9956.505000
22.410000 8982.787500
22.420000 8648.927500
22.430000 8602.087500
22.440000 8466.150000
22.450000 7900.290000
22.460000 7459.895000
22.470000 7254.145000
22.480000 7083.692500
22.490000 6889.335000
22.500000 6817.387500
22.510000 6711.355000
22.520000 6646.742500
22.530000 6242.210000
22.540000 6019.652500
22.550000 6016.985000
22.560000 5895.785000
22.570000 5647.962500
22.580000 5489.202500
22.590000 5500.592500
22.600000 5413.357500
22.610000 5325.007500
22.620000 5166.667500
22.630000 5166.667500
22.640000 5119.462500
22.650000 4913.030000
22.660000 5056.372500
22.670000 5220.350000
22.680000 5065.160000
22.690000 5019.465000
22.700000 5001.285000
22.710000 4836.117500
22.720000 4790.377500
22.730000 4705.500000
22.740000 4722.382500
22.750000 4643.500000
22.760000 4543.992500
22.770000 4665.975000
22.780000 4786.290000
22.790000 4735.582500
22.800000 4575.370000
22.810000 4382.202500
22.820000 4532.092500
22.830000 4675.412500
22.840000 4749.665000
22.850000 4649.222500
22.860000 4583.157500
22.870000 4505.852500
22.880000 4555.097500
22.890000 4437.045000
22.900000 4640.395000
22.910000 4624.477500
22.920000 4626.627500
22.930000 4902.882500
22.940000 4757.655000
22.950000 4352.660000
22.960000 4269.462500
22.970000 4517.625000
22.980000 4472.555000
22.990000 4482.672500
23.000000 4632.265000
23.010000 4662.950000
23.020000 4640.822500
23.030000 4880.845000
23.040000 4577.350000
23.050000 4626.315000
23.060000 4515.710000
23.070000 4395.475000
23.080000 4366.675000
23.090000 4663.430000
23.100000 4584.760000
23.110000 4549.682500
23.120000 4603.417500
23.130000 4637.465000
23.140000 4716.667500
23.150000 4703.212500
23.160000 4607.745000
23.170000 4521.157500
23.180000 4373.057500
23.190000 4590.532500
23.200000 4303.967500
23.210000 4308.655000
23.220000 4545.210000
23.230000 4593.860000
23.240000 4382.265000
23.250000 4394.115000
23.260000 4528.167500
23.270000 4539.497500
23.280000 4495.907500
23.290000 4678.192500
23.300000 4532.227500
23.310000 4590.520000
23.320000 4609.002500
23.330000 4398.342500
23.340000 4557.585000
23.350000 4478.625000
23.360000 4369.372500
23.370000 4269.640000
23.380000 4318.277500
23.390000 4500.012500
23.400000 4370.130000
23.410000 4327.525000
23.420000 4277.560000
23.430000 4233.332500
23.440000 4252.345000
23.450000 4424.562500
23.460000 4588.500000
23.470000 4348.005000
23.480000 4200.927500
23.490000 4205.570000
23.500000 4192.490000
23.510000 4270.305000
23.520000 4300.905000
23.530000 4290.367500
23.540000 4172.905000
23.550000 4439.540000
23.560000 4485.500000
23.570000 4421.955000
23.580000 4306.742500
23.590000 4156.045000
23.600000 4198.897500
23.610000 4149.047500
23.620000 4402.865000
23.630000 4149.305000
23.640000 4306.695000
23.650000 4418.452500
23.660000 4219.860000
23.670000 4307.012500
23.680000 4135.172500
23.690000 4090.317500
23.700000 4244.540000
23.710000 4342.847500
23.720000 4266.320000
23.730000 4185.682500
23.740000 4233.217500
23.750000 4472.685000
23.760000 4431.610000
23.770000 4253.042500
23.780000 4276.540000
23.790000 4202.340000
23.800000 4165.457500
23.810000 4409.810000
23.820000 4421.340000
23.830000 4381.880000
23.840000 4364.505000
23.850000 4341.667500
23.860000 4325.350000
23.870000 4154.222500
23.880000 4216.057500
23.890000 4394.437500
23.900000 4426.372500
23.910000 4443.030000
23.920000 4454.280000
23.930000 4396.275000
23.940000 4265.640000
23.950000 4344.072500
23.960000 4293.937500
23.970000 4523.140000
23.980000 4608.342500
23.990000 4714.695000
24.000000 4794.190000
24.010000 4825.000000
24.020000 4818.807500
24.030000 4753.327500
24.040000 4884.797500
24.050000 4693.475000
24.060000 4735.172500
24.070000 4976.775000
24.080000 5004.687500
24.090000 5066.087500
24.100000 5072.700000
24.110000 5287.722500
24.120000 5564.292500
24.130000 5420.015000
24.140000 5503.125000
24.150000 6011.197500
24.160000 5915.470000
24.170000 5667.977500
24.180000 5827.950000
24.190000 6122.962500
24.200000 6227.567500
24.210000 6408.100000
24.220000 6671.035000
24.230000 6876.215000
24.240000 7017.047500
24.250000 6898.055000
24.260000 6999.027500
24.270000 6982.852500
24.280000 6988.772500
24.290000 7212.442500
24.300000 7146.770000
24.310000 7220.040000
24.320000 6995.290000
24.330000 7051.622500
24.340000 6935.985000
24.350000 6986.825000
24.360000 7030.175000
24.370000 6676.027500
24.380000 6843.700000
24.390000 6710.905000
24.400000 6441.667500
24.410000 6431.577500
24.420000 6226.167500
24.430000 6079.800000
24.440000 6001.362500
24.450000 5840.007500
24.460000 5453.817500
24.470000 5360.557500
24.480000 5406.872500
24.490000 5367.440000
24.500000 5201.062500
24.510000 5224.302500
24.520000 5207.302500
24.530000 5170.817500
24.540000 4875.332500
24.550000 4886.607500
24.560000 4957.972500
24.570000 4756.545000
24.580000 5128.977500
24.590000 5017.890000
24.600000 5048.797500
24.610000 5020.205000
24.620000 5114.930000
24.630000 5060.415000
24.640000 4876.922500
24.650000 4684.560000
24.660000 4483.842500
24.670000 4751.837500
24.680000 4793.927500
24.690000 4344.437500
24.700000 4444.917500
24.710000 4823.312500
24.720000 4765.487500
24.730000 4727.535000
24.740000 4824.767500
24.750000 5107.222500
24.760000 4754.047500
24.770000 4598.562500
24.780000 4869.720000
24.790000 4985.520000
24.800000 4728.317500
24.810000 4521.917500
24.820000 4756.195000
24.830000 5035.280000
24.840000 5118.652500
24.850000 4817.497500
24.860000 4859.137500
24.870000 4902.177500
24.880000 5019.822500
24.890000 5188.332500
24.900000 5003.770000
24.910000 5226.075000
24.920000 5289.345000
24.930000 5141.790000
24.940000 5154.380000
24.950000 5456.522500
24.960000 5325.647500
24.970000 5372.847500
24.980000 5200.000000
24.990000 5201.380000
25.000000 5327.512500
25.010000 5565.202500
25.020000 5417.655000
25.030000 5527.125000
25.040000 5774.737500
25.050000 5741.545000
25.060000 5725.055000
25.070000 5735.272500
25.080000 6059.622500
25.090000 6300.117500
25.100000 6325.035000
25.110000 6332.587500
25.120000 6116.900000
25.130000 6200.162500
25.140000 6275.052500
25.150000 6308.565000
25.160000 6558.320000
25.170000 6516.680000
25.180000 6858.005000
25.190000 7224.417500
25.200000 7507.705000
25.210000 7716.075000
25.220000 7724.970000
25.230000 7940.777500
25.240000 8306.600000
25.250000 8590.150000
25.260000 8947.857500
25.270000 8850.660000
25.280000 9387.750000
25.290000 10086.170000
25.300000 10149.505000
25.310000 10422.497500
25.320000 10656.065000
25.330000 11186.147500
25.340000 11694.422500
25.350000 11905.917500
25.360000 11990.647500
25.370000 12197.325000
25.380000 13367.402500
25.390000 13506.572500
25.400000 13130.637500
25.410000 13207.055000
25.420000 13692.157500
25.430000 13904.882500
25.440000 14375.167500
25.450000 14366.962500
25.460000 14505.722500
25.470000 15039.682500
25.480000 14894.780000
25.490000 14801.860000
25.500000 14930.545000
25.510000 15161.645000
25.520000 15468.172500
25.530000 15360.987500
25.540000 15626.905000
25.550000 15828.535000
25.560000 16256.002500
25.570000 16550.975000
25.580000 16858.697500
25.590000 17475.130000
25.600000 17588.960000
25.610000 18175.052500
25.620000 19560.135000
25.630000 20166.462500
25.640000 20749.437500
25.650000 21938.567500
25.660000 22879.620000
25.670000 23876.955000
25.680000 25078.010000
25.690000 25858.337500
25.700000 27156.262500
25.710000 28464.072500
25.720000 28966.972500
25.730000 29015.497500
25.740000 30623.887500
25.750000 31341.875000
25.760000 31422.847500
25.770000 31866.145000
25.780000 32492.530000
25.790000 32676.880000
25.800000 32611.282500
25.810000 32208.310000
25.820000 31935.815000
25.830000 30902.240000
25.840000 30059.810000
25.850000 29793.575000
25.860000 28778.472500
25.870000 27633.472500
25.880000 26611.610000
25.890000 25484.122500
25.900000 24391.252500
25.910000 23101.505000
25.920000 22223.362500
25.930000 20984.450000
25.940000 19457.102500
25.950000 18447.650000
25.960000 17203.405000
25.970000 16389.322500
25.980000 15661.450000
25.990000 15142.532500
26.000000 14476.420000
26.010000 13462.162500
26.020000 12674.172500
26.030000 11457.850000
26.040000 11092.070000
26.050000 11122.275000
26.060000 10951.770000
26.070000 10516.740000
26.080000 9776.042500
26.090000 9175.347500
26.100000 8748.970000
26.110000 8685.755000
26.120000 8283.295000
26.130000 7584.190000
26.140000 7298.817500
26.150000 7197.215000
26.160000 7348.142500
26.170000 6779.740000
26.180000 6710.412500
26.190000 7005.067500
26.200000 6416.305000
26.210000 6491.982500
26.220000 6468.825000
26.230000 6217.425000
26.240000 5997.622500
26.250000 6014.447500
26.260000 6001.120000
26.270000 5867.930000
26.280000 5881.625000
26.290000 5852.297500
26.300000 5741.447500
26.310000 5857.315000
26.320000 5835.690000
26.330000 5647.600000
26.340000 5641.067500
26.350000 5803.975000
26.360000 5793.495000
26.370000 5552.380000
26.380000 5579.617500
26.390000 5621.877500
26.400000 5239.797500
26.410000 5146.740000
26.420000 5210.912500
26.430000 5362.760000
26.440000 5175.212500
26.450000 5189.050000
26.460000 5038.182500
26.470000 5132.370000
26.480000 5134.002500
26.490000 5332.477500
26.500000 5143.330000
26.510000 5186.195000
26.520000 4962.332500
26.530000 4987.505000
26.540000 4877.147500
26.550000 4965.852500
26.560000 5020.747500
26.570000 5002.140000
26.580000 4824.860000
26.590000 4861.602500
26.600000 5033.975000
26.610000 5148.800000
26.620000 5059.597500
26.630000 4928.557500
26.640000 5091.127500
26.650000 4964.307500
26.660000 4631.835000
26.670000 4463.732500
26.680000 4684.530000
26.690000 4632.727500
26.700000 4436.110000
26.710000 4567.680000
26.720000 4492.785000
26.730000 4521.037500
26.740000 4720.935000
26.750000 4854.632500
26.760000 4844.087500
26.770000 4488.170000
26.780000 4540.195000
26.790000 4655.160000
26.800000 4786.770000
26.810000 4522.442500
26.820000 4461.680000
26.830000 4780.477500
26.840000 4899.022500
26.850000 4466.900000
26.860000 4259.650000
26.870000 4562.967500
26.880000 4562.665000
26.890000 4535.947500
26.900000 4496.047500
26.910000 4663.075000
26.920000 4534.380000
26.930000 4620.865000
26.940000 4581.267500
26.950000 4567.567500
26.960000 4581.522500
26.970000 4420.025000
26.980000 4451.927500
26.990000 4487.987500
27.000000 4699.105000
27.010000 4628.752500
27.020000 4616.667500
27.030000 4749.755000
27.040000 4692.777500
27.050000 4321.512500
27.060000 4548.030000
27.070000 4775.065000
27.080000 4667.350000
27.090000 4267.042500
27.100000 4415.377500
27.110000 4618.182500
27.120000 4685.767500
27.130000 4684.322500
27.140000 4323.662500
27.150000 4348.352500
27.160000 4695.535000
27.170000 4858.875000
27.180000 4787.152500
27.190000 4372.627500
27.200000 4360.532500
27.210000 4680.830000
27.220000 4725.000000
27.230000 4520.700000
27.240000 4382.292500
27.250000 4337.520000
27.260000 4464.405000
27.270000 4723.472500
27.280000 4532.897500
27.290000 4347.387500
27.300000 4550.135000
27.310000 4510.757500
27.320000 4514.505000
27.330000 4538.410000
27.340000 4664.797500
27.350000 4639.905000
27.360000 4372.935000
27.370000 4477.902500
27.380000 4593.907500
27.390000 4572.240000
27.400000 4595.522500
27.410000 4679.300000
27.420000 4684.462500
27.430000 4596.940000
27.440000 4482.610000
27.450000 4330.062500
27.460000 4337.072500
27.470000 4535.527500
27.480000 4408.812500
27.490000 4541.080000
27.500000 4681.315000
27.510000 4506.662500
27.520000 4603.805000
27.530000 4625.000000
27.540000 4553.537500
27.550000 4327.427500
27.560000 4341.622500
27.570000 4478.370000
27.580000 4614.027500
27.590000 4547.870000
27.600000 4554.685000
27.610000 4231.167500
27.620000 4352.687500
27.630000 4553.797500
27.640000 4420.082500
27.650000 4668.292500
27.660000 4773.372500
27.670000 4535.417500
27.680000 4350.097500
27.690000 4523.062500
27.700000 4826.950000
27.710000 4740.782500
27.720000 4575.482500
27.730000 4655.815000
27.740000 4632.702500
27.750000 4934.967500
27.760000 4914.227500
27.770000 4787.437500
27.780000 4907.272500
27.790000 4827.952500
27.800000 4822.375000
27.810000 4867.095000
27.820000 4903.045000
27.830000 4978.395000
27.840000 4837.637500
27.850000 4654.410000
27.860000 4806.785000
27.870000 4876.600000
27.880000 4876.350000
27.890000 4979.660000
27.900000 4993.027500
27.910000 4970.762500
27.920000 4952.740000
27.930000 5019.580000
27.940000 5158.490000
27.950000 4974.882500
27.960000 4905.560000
27.970000 5163.672500
27.980000 5376.147500
27.990000 5422.192500
28.000000 5362.680000
28.010000 5453.792500
28.020000 5634.037500
28.030000 6081.260000
28.040000 6511.920000
28.050000 6459.127500
28.060000 6522.975000
28.070000 6589.902500
28.080000 6730.830000
28.090000 7171.195000
28.100000 7320.220000
28.110000 7381.432500
28.120000 7625.132500
28.130000 7743.617500
28.140000 7929.757500
28.150000 8035.187500
28.160000 8289.657500
28.170000 8348.510000
28.180000 8329.487500
28.190000 8338.665000
28.200000 8928.887500
28.210000 8901.395000
28.220000 8839.392500
28.230000 8908.285000
28.240000 8911.382500
28.250000 8955.962500
28.260000 8837.480000
28.270000 8835.512500
28.280000 8814.507500
28.290000 8767.625000
28.300000 8934.615000
28.310000 8737.865000
28.320000 8236.480000
28.330000 7835.642500
28.340000 7584.122500
28.350000 7257.912500
28.360000 7427.962500
28.370000 7287.685000
28.380000 6924.807500
28.390000 6816.315000
28.400000 6572.712500
28.410000 6725.212500
28.420000 6472.490000
28.430000 6104.422500
28.440000 6113.887500
28.450000 5972.340000
28.460000 5926.630000
28.470000 5991.985000
28.480000 5820.912500
28.490000 5547.580000
28.500000 5505.035000
28.510000 5508.332500
28.520000 5474.962500
28.530000 5299.927500
28.540000 5384.965000
28.550000 5310.107500
28.560000 5190.160000
28.570000 5379.477500
28.580000 5233.967500
28.590000 5023.955000
28.600000 4903.702500
28.610000 5002.695000
28.620000 4960.442500
28.630000 4988.017500
28.640000 5059.550000
28.650000 4922.925000
28.660000 4810.655000
28.670000 4679.427500
28.680000 4722.572500
28.690000 4886.705000
28.700000 4740.540000
28.710000 4586.337500
28.720000 4499.130000
28.730000 4496.480000
28.740000 4578.825000
28.750000 4350.575000
28.760000 4335.805000
28.770000 4690.820000
28.780000 4442.765000
28.790000 4271.465000
28.800000 4472.352500
28.810000 4415.705000
28.820000 4520.467500
28.830000 4525.707500
28.840000 4321.050000
28.850000 4194.992500
28.860000 4344.285000
28.870000 4346.125000
28.880000 4365.840000
28.890000 4355.510000
28.900000 4181.217500
28.910000 4425.242500
28.920000 4482.405000
28.930000 4364.887500
28.940000 4391.585000
28.950000 4266.047500
28.960000 4212.075000
28.970000 4305.202500
28.980000 4359.145000
28.990000 4411.805000
29.000000 4386.340000
29.010000 4362.122500
29.020000 4493.445000
29.030000 4507.617500
29.040000 4352.242500
29.050000 4231.300000
29.060000 4150.602500
29.070000 4261.527500
29.080000 4408.882500
29.090000 4339.265000
29.100000 4269.962500
29.110000 4283.895000
29.120000 4349.137500
29.130000 4334.762500
29.140000 4305.872500
29.150000 4370.082500
29.160000 4474.427500
29.170000 4538.170000
29.180000 4467.362500
29.190000 4232.057500
29.200000 4420.545000
29.210000 4569.762500
29.220000 4471.257500
29.230000 4332.012500
29.240000 4148.135000
29.250000 4352.912500
29.260000 4477.560000
29.270000 4352.777500
29.280000 4182.167500
29.290000 4337.075000
29.300000 4651.945000
29.310000 4519.345000
29.320000 4431.132500
29.330000 4538.115000
29.340000 4405.460000
29.350000 4462.940000
29.360000 4500.000000
29.370000 4568.912500
29.380000 4491.507500
29.390000 4452.077500
29.400000 4581.255000
29.410000 4275.260000
29.420000 4276.902500
29.430000 4485.030000
29.440000 4541.667500
29.450000 4703.542500
29.460000 4696.122500
29.470000 4357.970000
29.480000 4368.017500
29.490000 4594.530000
29.500000 4825.780000
29.510000 4858.545000
29.520000 4893.345000
29.530000 5007.327500
29.540000 4967.480000
29.550000 4916.957500
29.560000 4821.917500
29.570000 5019.872500
29.580000 5272.560000
29.590000 5431.860000
29.600000 5251.307500
29.610000 5420.930000
29.620000 5668.062500
29.630000 5639.060000
29.640000 5786.210000
29.650000 5911.287500
29.660000 6110.927500
29.670000 6413.642500
29.680000 6475.542500
29.690000 6484.995000
29.700000 6754.157500
29.710000 7093.982500
29.720000 7341.795000
29.730000 7357.372500
29.740000 7445.110000
29.750000 7896.777500
29.760000 7958.872500
29.770000 7918.930000
29.780000 8468.617500
29.790000 8699.242500
29.800000 8696.222500
29.810000 8703.767500
29.820000 8962.260000
29.830000 9312.055000
29.840000 9341.937500
29.850000 9376.977500
29.860000 9128.817500
29.870000 9115.320000
29.880000 9228.215000
29.890000 9378.565000
29.900000 9064.597500
29.910000 8925.000000
29.920000 8745.092500
29.930000 8734.920000
29.940000 8770.307500
29.950000 8589.552500
29.960000 8002.617500
29.970000 7620.827500
29.980000 7585.805000
29.990000 7498.635000
30.000000 7517.910000
30.010000 7238.075000
30.020000 7009.605000
30.030000 6948.837500
30.040000 6947.605000
30.050000 6552.482500
30.060000 6605.082500
30.070000 6650.205000
30.080000 6159.865000
30.090000 5883.877500
30.100000 5838.182500
30.110000 5880.562500
30.120000 5817.420000
30.130000 5759.757500
30.140000 5755.890000
30.150000 5723.030000
30.160000 5596.632500
30.170000 5456.015000
30.180000 5516.440000
30.190000 5734.257500
30.200000 5468.500000
30.210000 5219.622500
30.220000 5280.287500
30.230000 5184.735000
30.240000 5177.555000
30.250000 5363.365000
30.260000 5363.380000
30.270000 5117.825000
30.280000 5054.097500
30.290000 5252.737500
30.300000 5525.055000
30.310000 5538.675000
30.320000 5218.342500
30.330000 5323.460000
30.340000 5587.117500
30.350000 5577.345000
30.360000 5634.145000
30.370000 5715.425000
30.380000 5756.412500
30.390000 5772.432500
30.400000 5867.162500
30.410000 5798.985000
30.420000 5882.252500
30.430000 5953.157500
30.440000 6090.357500
30.450000 6344.997500
30.460000 6398.952500
30.470000 6503.565000
30.480000 6769.985000
30.490000 7043.840000
30.500000 7199.235000
30.510000 7370.260000
30.520000 7513.137500
30.530000 7641.125000
30.540000 7854.045000
30.550000 8018.612500
30.560000 8416.195000
30.570000 8889.802500
30.580000 9294.170000
30.590000 9682.937500
30.600000 10029.087500
30.610000 10399.135000
30.620000 10847.070000
30.630000 11118.552500
30.640000 11795.435000
30.650000 12441.055000
30.660000 13306.490000
30.670000 13861.052500
30.680000 14163.375000
30.690000 14876.007500
30.700000 15275.982500
30.710000 15941.570000
30.720000 16706.480000
30.730000 17688.675000
30.740000 18276.347500
30.750000 18383.332500
30.760000 18545.155000
30.770000 18931.625000
30.780000 18927.375000
30.790000 18521.670000
30.800000 18541.810000
30.810000 18788.867500
30.820000 18855.567500
30.830000 18694.747500
30.840000 18677.602500
30.850000 18392.860000
30.860000 17663.787500
30.870000 17098.775000
30.880000 16925.217500
30.890000 16412.037500
30.900000 15458.647500
30.910000 14615.625000
30.920000 14361.167500
30.930000 13979.237500
30.940000 13437.522500
30.950000 12956.712500
30.960000 12246.630000
30.970000 11542.322500
30.980000 10985.937500
30.990000 10600.712500
31.000000 10087.730000
31.010000 9618.685000
31.020000 9543.265000
31.030000 9106.872500
31.040000 8401.520000
31.050000 8082.270000
31.060000 7770.265000
31.070000 7538.232500
31.080000 7459.160000
31.090000 7057.362500
31.100000 6947.337500
31.110000 7005.402500
31.120000 6765.450000
31.130000 6299.010000
31.140000 6143.602500
31.150000 6255.210000
31.160000 6087.877500
31.170000 5853.857500
31.180000 5625.297500
31.190000 5554.780000
31.200000 5647.012500
31.210000 5456.207500
31.220000 5453.307500
31.230000 5551.705000
31.240000 5475.955000
31.250000 5361.030000
31.260000 5261.092500
31.270000 5278.205000
31.280000 5138.242500
31.290000 5057.597500
31.300000 5082.582500
31.310000 5033.367500
31.320000 4729.967500
31.330000 4686.080000
31.340000 4665.450000
31.350000 4584.990000
31.360000 4656.325000
31.370000 4639.837500
31.380000 4568.417500
31.390000 4518.447500
31.400000 4379.172500
31.410000 4234.857500
31.420000 4133.992500
31.430000 4278.087500
31.440000 4414.730000
31.450000 4543.110000
31.460000 4514.332500
31.470000 4390.510000
31.480000 4303.092500
31.490000 4347.892500
31.500000 4365.660000
31.510000 4298.037500
31.520000 4495.075000
31.530000 4571.102500
31.540000 4507.430000
31.550000 4351.930000
31.560000 4271.837500
31.570000 4419.620000
31.580000 4472.215000
31.590000 4346.910000
31.600000 4164.897500
31.610000 4297.430000
31.620000 4383.890000
31.630000 4245.392500
31.640000 4128.845000
31.650000 4043.645000
31.660000 4039.040000
31.670000 4007.207500
31.680000 4015.860000
31.690000 4041.667500
31.700000 4189.477500
31.710000 4222.232500
31.720000 4224.025000
31.730000 4260.162500
31.740000 4286.970000
31.750000 4122.530000
31.760000 3942.485000
31.770000 4061.922500
31.780000 4151.502500
31.790000 4146.715000
31.800000 4215.575000
31.810000 4172.672500
31.820000 4091.497500
31.830000 4215.792500
31.840000 4333.447500
31.850000 4234.592500
31.860000 4193.420000
31.870000 4286.767500
31.880000 4233.297500
31.890000 4226.625000
31.900000 4296.615000
31.910000 4231.905000
31.920000 4234.767500
31.930000 4419.282500
31.940000 4551.457500
31.950000 4624.647500
31.960000 4762.477500
31.970000 4615.357500
31.980000 4610.177500
31.990000 4604.525000
32.000000 4785.170000
32.010000 4889.277500
32.020000 4876.157500
32.030000 4919.687500
32.040000 5021.832500
32.050000 5102.977500
32.060000 5018.550000
32.070000 5175.422500
32.080000 5426.340000
32.090000 5560.122500
32.100000 5618.102500
32.110000 5825.040000
32.120000 6127.497500
32.130000 6309.822500
32.140000 6382.647500
32.150000 6414.572500
32.160000 6677.310000
32.170000 6698.392500
32.180000 6651.112500
32.190000 6859.585000
32.200000 7028.135000
32.210000 7370.647500
32.220000 7803.732500
32.230000 8059.432500
32.240000 8066.010000
32.250000 7963.827500
32.260000 8044.950000
32.270000 8200.430000
32.280000 8321.807500
32.290000 8422.817500
32.300000 8415.347500
32.310000 8483.522500
32.320000 8672.705000
32.330000 8625.052500
32.340000 8534.510000
32.350000 8194.982500
32.360000 8066.155000
32.370000 7996.092500
32.380000 7861.935000
32.390000 7678.697500
32.400000 7503.892500
32.410000 7210.885000
32.420000 7027.177500
32.430000 6928.737500
32.440000 6747.667500
32.450000 6496.612500
32.460000 6353.645000
32.470000 6270.382500
32.480000 6058.640000
32.490000 5918.305000
32.500000 5881.332500
32.510000 5768.775000
32.520000 5458.870000
32.530000 5307.552500
32.540000 5328.687500
32.550000 5209.015000
32.560000 5144.470000
32.570000 4930.620000
32.580000 4672.325000
32.590000 4690.542500
32.600000 4726.940000
32.610000 4763.607500
32.620000 4674.912500
32.630000 4497.740000
32.640000 4547.227500
32.650000 4876.287500
32.660000 4855.232500
32.670000 4697.865000
32.680000 4643.587500
32.690000 4551.400000
32.700000 4493.107500
32.710000 4425.710000
32.720000 4437.117500
32.730000 4520.395000
32.740000 4435.917500
32.750000 4473.712500
32.760000 4519.302500
32.770000 4616.432500
32.780000 4768.045000
32.790000 4661.672500
32.800000 4558.332500
32.810000 4706.660000
32.820000 4806.397500
32.830000 4787.817500
32.840000 4970.782500
32.850000 5075.805000
32.860000 5145.000000
32.870000 5241.667500
32.880000 5219.390000
32.890000 5222.247500
32.900000 5459.427500
32.910000 5605.615000
32.920000 5553.367500
32.930000 5740.887500
32.940000 6071.417500
32.950000 6380.550000
32.960000 6537.742500
32.970000 6713.442500
32.980000 7003.030000
32.990000 7278.760000
33.000000 7750.112500
33.010000 7997.417500
33.020000 8050.650000
33.030000 8434.482500
33.040000 8769.835000
33.050000 9116.667500
33.060000 9427.240000
33.070000 9727.160000
33.080000 10153.717500
33.090000 10502.445000
33.100000 11013.430000
33.110000 11384.915000
33.120000 11615.035000
33.130000 11847.740000
33.140000 11925.845000
33.150000 12147.882500
33.160000 12393.477500
33.170000 12535.805000
33.180000 12710.927500
33.190000 12795.720000
33.200000 12663.475000
33.210000 12469.122500
33.220000 12451.137500
33.230000 12274.445000
33.240000 11633.335000
33.250000 11267.442500
33.260000 11168.465000
33.270000 10787.840000
33.280000 10435.875000
33.290000 10067.515000
33.300000 9664.917500
33.310000 9478.782500
33.320000 9202.060000
33.330000 8710.600000
33.340000 8416.412500
33.350000 8320.580000
33.360000 7936.417500
33.370000 7353.685000
33.380000 6999.950000
33.390000 6829.230000
33.400000 6475.655000
33.410000 6158.457500
33.420000 6075.255000
33.430000 5871.837500
33.440000 5844.810000
33.450000 5999.767500
33.460000 5740.587500
33.470000 5330.635000
33.480000 5204.222500
33.490000 5031.722500
33.500000 4891.120000
33.510000 4867.705000
33.520000 4751.120000
33.530000 4695.747500
33.540000 4565.530000
33.550000 4319.207500
33.560000 4163.640000
33.570000 4128.837500
33.580000 4097.102500
33.590000 4187.540000
33.600000 4296.980000
33.610000 4246.232500
33.620000 4160.837500
33.630000 4075.290000
33.640000 4110.840000
33.650000 4026.012500
33.660000 3895.345000
33.670000 3936.317500
33.680000 3974.650000
33.690000 4011.235000
33.700000 3938.190000
33.710000 3884.610000
33.720000 3973.807500
33.730000 4150.555000
33.740000 4316.667500
33.750000 4166.565000
33.760000 4007.887500
33.770000 3902.465000
33.780000 3826.115000
33.790000 4016.817500
33.800000 4092.187500
33.810000 3851.775000
33.820000 3714.080000
33.830000 3832.470000
33.840000 3901.082500
33.850000 3754.967500
33.860000 3658.822500
33.870000 3705.032500
33.880000 3711.025000
33.890000 3698.542500
33.900000 3658.332500
33.910000 3777.795000
33.920000 3966.685000
33.930000 3998.110000
33.940000 3966.667500
33.950000 3913.057500
33.960000 3838.530000
33.970000 3779.195000
33.980000 3725.000000
33.990000 3789.682500
34.000000 3805.885000
34.010000 3710.577500
34.020000 3728.772500
34.030000 3877.845000
34.040000 3818.045000
34.050000 3664.857500
34.060000 3838.672500
34.070000 3899.060000
34.080000 3794.167500
34.090000 3605.687500
34.100000 3531.672500
34.110000 3757.960000
34.120000 3768.045000
34.130000 3722.452500
34.140000 3828.795000
34.150000 3841.640000
34.160000 3700.085000
34.170000 3597.165000
34.180000 3606.560000
34.190000 3612.790000
34.200000 3631.620000
34.210000 3637.690000
34.220000 3792.227500
34.230000 3927.037500
34.240000 3897.380000
34.250000 3886.977500
34.260000 3833.450000
34.270000 3972.637500
34.280000 4090.455000
34.290000 4002.787500
34.300000 4216.150000
34.310000 4266.415000
34.320000 4319.757500
34.330000 4487.255000
34.340000 4533.212500
34.350000 4528.657500
34.360000 4498.722500
34.370000 4440.460000
34.380000 4511.840000
34.390000 4653.157500
34.400000 4976.310000
34.410000 5225.000000
34.420000 5090.547500
34.430000 4975.440000
34.440000 5246.472500
34.450000 5519.820000
34.460000 5611.027500
34.470000 5662.292500
34.480000 5797.847500
34.490000 6105.360000
34.500000 6174.815000
34.510000 6252.435000
34.520000 6618.887500
34.530000 6741.800000
34.540000 6632.447500
34.550000 6787.205000
34.560000 6812.910000
34.570000 6890.267500
34.580000 7159.367500
34.590000 7064.262500
34.600000 6872.030000
34.610000 6980.520000
34.620000 7033.290000
34.630000 7040.757500
34.640000 7208.332500
34.650000 7076.052500
34.660000 6849.480000
34.670000 6837.167500
34.680000 6743.275000
34.690000 6481.240000
34.700000 6443.545000
34.710000 6459.860000
34.720000 6294.477500
34.730000 5949.687500
34.740000 5755.005000
34.750000 5706.835000
34.760000 5523.495000
34.770000 5329.072500
34.780000 5242.492500
34.790000 5345.607500
34.800000 5124.795000
34.810000 4884.007500
34.820000 4719.722500
34.830000 4599.710000
34.840000 4585.775000
34.850000 4525.000000
34.860000 4498.955000
34.870000 4497.325000
34.880000 4568.062500
34.890000 4596.277500
34.900000 4513.320000
34.910000 4301.655000
34.920000 4173.537500
34.930000 4117.345000
34.940000 4129.502500
34.950000 4124.890000
34.960000 4194.857500
34.970000 4101.310000
34.980000 3970.260000
34.990000 4127.630000
35.000000 4254.550000
35.010000 4011.967500
35.020000 3783.537500
35.030000 3806.137500
35.040000 3812.647500
35.050000 3940.742500
35.060000 4037.505000
35.070000 4013.550000
35.080000 3971.005000
35.090000 3920.750000
35.100000 4053.172500
35.110000 4142.765000
35.120000 4086.025000
35.130000 4204.220000
35.140000 4040.345000
35.150000 4024.882500
35.160000 4115.827500
35.170000 4103.050000
35.180000 4080.937500
35.190000 4078.890000
35.200000 4097.725000
35.210000 3940.262500
35.220000 3883.187500
35.230000 4044.015000
35.240000 4179.947500
35.250000 4082.020000
35.260000 4070.930000
35.270000 4170.982500
35.280000 4313.097500
35.290000 4429.030000
35.300000 4523.890000
35.310000 4420.720000
35.320000 4394.895000
35.330000 4589.217500
35.340000 4670.460000
35.350000 4788.285000
35.360000 4667.312500
35.370000 4725.307500
35.380000 5140.097500
35.390000 5118.525000
35.400000 5182.630000
35.410000 5222.200000
35.420000 5401.550000
35.430000 5385.605000
35.440000 5351.977500
35.450000 5738.927500
35.460000 5930.707500
35.470000 5975.830000
35.480000 6135.387500
35.490000 6407.327500
35.500000 6665.295000
35.510000 6903.940000
35.520000 7080.832500
35.530000 7172.692500
35.540000 7398.200000
35.550000 7744.875000
35.560000 8002.995000
35.570000 8297.225000
35.580000 8793.817500
35.590000 9371.862500
35.600000 9546.992500
35.610000 9655.085000
35.620000 9862.465000
35.630000 10083.457500
35.640000 10167.645000
35.650000 10462.107500
35.660000 10739.412500
35.670000 10968.747500
35.680000 10949.367500
35.690000 10999.117500
35.700000 11352.720000
35.710000 11094.890000
35.720000 10961.795000
35.730000 11003.015000
35.740000 10857.977500
35.750000 10930.692500
35.760000 10891.302500
35.770000 10404.915000
35.780000 10002.217500
35.790000 9695.510000
35.800000 9520.650000
35.810000 9466.230000
35.820000 8951.077500
35.830000 8747.137500
35.840000 8455.935000
35.850000 7987.747500
35.860000 7497.295000
35.870000 7329.387500
35.880000 7110.295000
35.890000 6997.067500
35.900000 6685.230000
35.910000 6228.205000
35.920000 6098.522500
35.930000 6085.372500
35.940000 5944.795000
35.950000 5762.055000
35.960000 5407.400000
35.970000 5184.180000
35.980000 5064.642500
35.990000 4829.962500
36.000000 4861.457500
36.010000 4802.262500
36.020000 4537.702500
36.030000 4464.190000
36.040000 4358.332500
36.050000 4329.077500
36.060000 4251.042500
36.070000 4264.837500
36.080000 4307.840000
36.090000 4198.502500
36.100000 4090.102500
36.110000 3983.332500
36.120000 4004.817500
36.130000 4039.295000
36.140000 3998.785000
36.150000 3997.745000
36.160000 3935.852500
36.170000 3909.402500
36.180000 3888.810000
36.190000 3805.367500
36.200000 3857.717500
36.210000 3805.595000
36.220000 3800.012500
36.230000 3677.827500
36.240000 3648.565000
36.250000 3685.002500
36.260000 3801.872500
36.270000 3999.275000
36.280000 3984.920000
36.290000 3824.282500
36.300000 3770.682500
36.310000 3682.675000
36.320000 3647.132500
36.330000 3672.490000
36.340000 3813.872500
36.350000 3767.807500
36.360000 3758.160000
36.370000 3744.245000
36.380000 3480.740000
36.390000 3654.200000
36.400000 3858.562500
36.410000 3759.055000
36.420000 3832.160000
36.430000 3945.327500
36.440000 4023.375000
36.450000 3866.425000
36.460000 3801.082500
36.470000 3730.160000
36.480000 3815.762500
36.490000 3702.597500
36.500000 3865.195000
36.510000 4014.447500
36.520000 3985.515000
36.530000 4083.335000
36.540000 4098.045000
36.550000 3952.370000
36.560000 3888.972500
36.570000 4064.492500
36.580000 4124.245000
36.590000 4315.215000
36.600000 4512.605000
36.610000 4510.115000
36.620000 4545.697500
36.630000 4626.592500
36.640000 4779.667500
36.650000 4669.005000
36.660000 4993.270000
36.670000 5116.815000
36.680000 4991.210000
36.690000 5083.367500
36.700000 5243.330000
36.710000 5099.210000
36.720000 5264.355000
36.730000 5391.772500
36.740000 5486.540000
36.750000 5480.937500
36.760000 5388.667500
36.770000 5624.410000
36.780000 5727.317500
36.790000 5472.520000
36.800000 5316.210000
36.810000 5214.955000
36.820000 5350.445000
36.830000 5548.967500
36.840000 5184.382500
36.850000 5034.312500
36.860000 5044.947500
36.870000 5140.365000
36.880000 5014.852500
36.890000 4992.067500
36.900000 4922.535000
36.910000 4842.122500
36.920000 4680.962500
36.930000 4600.815000
36.940000 4430.547500
36.950000 4363.615000
36.960000 4416.632500
36.970000 4501.537500
36.980000 4376.055000
36.990000 4485.375000
37.000000 4461.315000
37.010000 4235.512500
37.020000 4313.450000
37.030000 4331.635000
37.040000 4272.620000
37.050000 4075.075000
37.060000 4111.680000
37.070000 4105.007500
37.080000 4048.212500
37.090000 4156.517500
37.100000 4201.887500
37.110000 4144.935000
37.120000 4174.595000
37.130000 4282.125000
37.140000 4448.390000
37.150000 4404.812500
37.160000 4240.432500
37.170000 4225.382500
37.180000 4377.527500
37.190000 4565.097500
37.200000 4561.457500
37.210000 4529.922500
37.220000 4381.270000
37.230000 4607.050000
37.240000 4656.637500
37.250000 4626.755000
37.260000 4897.702500
37.270000 5093.072500
37.280000 5172.005000
37.290000 5225.382500
37.300000 5571.862500
37.310000 5705.787500
37.320000 5573.285000
37.330000 5961.852500
37.340000 6186.595000
37.350000 6296.437500
37.360000 6598.462500
37.370000 6803.067500
37.380000 6926.345000
37.390000 7306.232500
37.400000 7522.057500
37.410000 7489.052500
37.420000 7849.862500
37.430000 8044.572500
37.440000 8044.765000
37.450000 8492.460000
37.460000 8995.047500
37.470000 9175.250000
37.480000 9403.402500
37.490000 9754.985000
37.500000 10117.510000
37.510000 10033.332500
37.520000 10047.657500
37.530000 10201.340000
37.540000 10601.240000
37.550000 10500.060000
37.560000 10460.365000
37.570000 10685.700000
37.580000 10292.435000
37.590000 10119.530000
37.600000 10156.145000
37.610000 9992.635000
37.620000 9912.202500
37.630000 9683.190000
37.640000 9572.002500
37.650000 9166.535000
37.660000 8903.622500
37.670000 8789.675000
37.680000 8553.955000
37.690000 8405.267500
37.700000 8211.885000
37.710000 7749.507500
37.720000 7596.242500
37.730000 7333.132500
37.740000 7425.660000
37.750000 6941.152500
37.760000 6501.035000
37.770000 6142.495000
37.780000 6213.847500
37.790000 5868.220000
37.800000 5525.645000
37.810000 5401.832500
37.820000 5234.827500
37.830000 4797.930000
37.840000 4954.812500
37.850000 5302.690000
37.860000 4976.175000
37.870000 4622.982500
37.880000 4598.332500
37.890000 4507.152500
37.900000 4383.847500
37.910000 4446.102500
37.920000 4383.825000
37.930000 4128.547500
37.940000 4083.127500
37.950000 4018.547500
37.960000 4016.565000
37.970000 3899.025000
37.980000 3999.395000
37.990000 3781.702500
38.000000 3688.337500
38.010000 3598.775000
38.020000 3673.292500
38.030000 3813.070000
38.040000 3927.587500
38.050000 3926.087500
38.060000 3713.285000
38.070000 3686.680000
38.080000 3724.945000
38.090000 3781.157500
38.100000 3604.280000
38.110000 3556.242500
38.120000 3471.817500
38.130000 3590.587500
38.140000 3505.430000
38.150000 3567.537500
38.160000 3657.575000
38.170000 3642.505000
38.180000 3562.962500
38.190000 3533.782500
38.200000 3625.722500
38.210000 3619.760000
38.220000 3457.362500
38.230000 3261.092500
38.240000 3204.815000
38.250000 3260.370000
38.260000 3295.397500
38.270000 3445.240000
38.280000 3574.850000
38.290000 3467.920000
38.300000 3399.205000
38.310000 3586.657500
38.320000 3510.190000
38.330000 3340.815000
38.340000 3527.282500
38.350000 3351.705000
38.360000 3477.517500
38.370000 3405.725000
38.380000 3476.005000
38.390000 3362.795000
38.400000 3188.392500
38.410000 3155.087500
38.420000 3350.527500
38.430000 3355.740000
38.440000 3312.587500
38.450000 3251.002500
38.460000 3262.240000
38.470000 3193.597500
38.480000 3234.480000
38.490000 3390.272500
38.500000 3359.827500
38.510000 3259.540000
38.520000 3568.870000
38.530000 3459.620000
38.540000 3472.420000
38.550000 3273.647500
38.560000 3408.735000
38.570000 3414.312500
38.580000 3360.915000
38.590000 3238.297500
38.600000 3174.700000
38.610000 3356.052500
38.620000 3483.687500
38.630000 3295.947500
38.640000 3208.872500
38.650000 3432.347500
38.660000 3614.805000
38.670000 3557.332500
38.680000 3307.165000
38.690000 3278.675000
38.700000 3379.230000
38.710000 3259.920000
38.720000 3315.222500
38.730000 3532.595000
38.740000 3508.570000
38.750000 3514.847500
38.760000 3448.035000
38.770000 3376.045000
38.780000 3418.065000
38.790000 3471.572500
38.800000 3326.630000
38.810000 3400.000000
38.820000 3403.900000
38.830000 3598.160000
38.840000 3499.280000
38.850000 3457.660000
38.860000 3418.170000
38.870000 3515.622500
38.880000 3441.560000
38.890000 3433.722500
38.900000 3464.120000
38.910000 3226.412500
38.920000 3375.207500
38.930000 3400.060000
38.940000 3408.937500
38.950000 3508.620000
38.960000 3566.352500
38.970000 3482.870000
38.980000 3308.145000
38.990000 3183.450000
39.000000 3491.432500
39.010000 3558.207500
39.020000 3334.015000
39.030000 3681.875000
39.040000 3757.935000
39.050000 3592.742500
39.060000 3715.717500
39.070000 3601.017500
39.080000 3311.212500
39.090000 3390.747500
39.100000 3597.465000
39.110000 3731.557500
39.120000 3593.715000
39.130000 3591.667500
39.140000 3665.410000
39.150000 3609.377500
39.160000 3518.412500
39.170000 3704.460000
39.180000 3887.750000
39.190000 3842.792500
39.200000 3923.027500
39.210000 4225.677500
39.220000 4119.700000
39.230000 3946.417500
39.240000 3974.057500
39.250000 4298.510000
39.260000 4332.567500
39.270000 4301.060000
39.280000 4300.000000
39.290000 4171.217500
39.300000 4287.255000
39.310000 4163.195000
39.320000 4398.925000
39.330000 4400.322500
39.340000 4800.010000
39.350000 4984.465000
39.360000 4800.130000
39.370000 4895.287500
39.380000 4947.767500
39.390000 5132.880000
39.400000 5522.857500
39.410000 5533.735000
39.420000 5945.267500
39.430000 5895.460000
39.440000 6112.927500
39.450000 6211.815000
39.460000 6571.375000
39.470000 6583.795000
39.480000 6520.432500
39.490000 6870.040000
39.500000 7079.895000
39.510000 7404.985000
39.520000 7557.990000
39.530000 7527.602500
39.540000 7462.575000
39.550000 7629.782500
39.560000 7657.232500
39.570000 7914.850000
39.580000 8197.285000
39.590000 8038.340000
39.600000 7513.942500
39.610000 7606.465000
39.620000 7786.577500
39.630000 7800.000000
39.640000 7853.922500
39.650000 7304.425000
39.660000 7227.600000
39.670000 7002.482500
39.680000 6891.377500
39.690000 6722.622500
39.700000 6624.262500
39.710000 6441.115000
39.720000 6303.037500
39.730000 6329.730000
39.740000 6416.960000
39.750000 6068.165000
39.760000 5669.395000
39.770000 5542.470000
39.780000 5374.537500
39.790000 5199.750000
39.800000 4851.512500
39.810000 4959.760000
39.820000 4847.142500
39.830000 4810.800000
39.840000 4695.825000
39.850000 4593.450000
39.860000 4291.610000
39.870000 4295.682500
39.880000 4135.890000
39.890000 4295.450000
39.900000 4264.592500
39.910000 4117.187500
39.920000 4122.255000
39.930000 4125.000000
39.940000 4198.977500
39.950000 4060.582500
39.960000 3990.027500
39.970000 3821.265000
39.980000 3998.625000
39.990000 4179.267500
40.000000 3921.242500
40.010000 3846.707500
40.020000 3753.887500
40.030000 3880.452500
40.040000 3724.942500
40.050000 3721.850000
40.060000 3695.907500
40.070000 3662.615000
40.080000 3527.790000
40.090000 3653.172500
40.100000 3812.397500
40.110000 3753.902500
40.120000 3676.772500
40.130000 3760.265000
40.140000 3753.432500
40.150000 3821.790000
40.160000 3991.037500
40.170000 3744.667500
40.180000 3750.030000
40.190000 3736.922500
40.200000 3697.702500
40.210000 3933.597500
40.220000 3683.695000
40.230000 3718.467500
40.240000 3839.590000
40.250000 3844.187500
40.260000 3855.792500
40.270000 3703.190000
40.280000 3766.537500
40.290000 3755.210000
40.300000 3588.540000
40.310000 3789.640000
40.320000 3931.315000
40.330000 3838.192500
40.340000 3781.780000
40.350000 3726.235000
40.360000 3765.357500
40.370000 3900.010000
40.380000 3994.342500
40.390000 4022.180000
40.400000 4246.207500
40.410000 4084.607500
40.420000 4014.102500
40.430000 3987.692500
40.440000 4210.030000
40.450000 4340.640000
40.460000 4241.917500
40.470000 4346.572500
40.480000 4627.572500
40.490000 4662.887500
40.500000 4597.092500
40.510000 4773.557500
40.520000 4728.490000
40.530000 4742.192500
40.540000 4736.477500
40.550000 5023.587500
40.560000 5078.187500
40.570000 5290.302500
40.580000 5657.380000
40.590000 5538.850000
40.600000 5705.917500
40.610000 6059.130000
40.620000 6380.250000
40.630000 6648.200000
40.640000 6819.725000
40.650000 7294.905000
40.660000 7269.117500
40.670000 7378.937500
40.680000 7707.387500
40.690000 7730.562500
40.700000 8210.552500
40.710000 8676.945000
40.720000 8825.732500
40.730000 8874.425000
40.740000 9138.425000
40.750000 9436.872500
40.760000 9402.222500
40.770000 9335.955000
40.780000 9337.992500
40.790000 9484.340000
40.800000 9589.740000
40.810000 9614.795000
40.820000 9629.570000
40.830000 9639.772500
40.840000 9358.785000
40.850000 9345.597500
40.860000 9475.580000
40.870000 9143.792500
40.880000 8937.570000
40.890000 8729.890000
40.900000 8471.427500
40.910000 8357.530000
40.920000 8081.762500
40.930000 7803.837500
40.940000 7634.287500
40.950000 7278.437500
40.960000 7023.947500
40.970000 7031.542500
40.980000 6849.325000
40.990000 6639.360000
41.000000 6535.430000
41.010000 6192.342500
41.020000 5958.822500
41.030000 5742.670000
41.040000 5478.642500
41.050000 5352.610000
41.060000 5135.575000
41.070000 5017.320000
41.080000 4649.050000
41.090000 4881.440000
41.100000 4628.022500
41.110000 4516.157500
41.120000 4482.222500
41.130000 4417.870000
41.140000 4162.567500
41.150000 4020.312500
41.160000 4018.195000
41.170000 3916.040000
41.180000 3838.750000
41.190000 4017.967500
41.200000 3905.087500
41.210000 3893.405000
41.220000 4054.562500
41.230000 3934.802500
41.240000 3723.332500
41.250000 3720.312500
41.260000 3676.227500
41.270000 3739.060000
41.280000 3662.412500
41.290000 3876.880000
41.300000 3587.882500
41.310000 3318.970000
41.320000 3374.940000
41.330000 3592.680000
41.340000 3555.415000
41.350000 3262.902500
41.360000 3339.120000
41.370000 3480.687500
41.380000 3595.457500
41.390000 3569.572500
41.400000 3379.695000
41.410000 3291.015000
41.420000 3415.837500
41.430000 3612.982500
41.440000 3680.737500
41.450000 3631.802500
41.460000 3734.035000
41.470000 3660.525000
41.480000 3628.450000
41.490000 3726.837500
41.500000 3596.682500
41.510000 3533.630000
41.520000 3389.325000
41.530000 3485.577500
41.540000 3600.377500
41.550000 3448.472500
41.560000 3293.937500
41.570000 3431.390000
41.580000 3522.237500
41.590000 3497.207500
41.600000 3472.240000
41.610000 3394.720000
41.620000 3380.422500
41.630000 3501.875000
41.640000 3569.330000
41.650000 3459.790000
41.660000 3295.990000
41.670000 3225.280000
41.680000 3265.717500
41.690000 3612.500000
41.700000 3615.135000
41.710000 3313.870000
41.720000 3286.422500
41.730000 3376.447500
41.740000 3421.507500
41.750000 3267.020000
41.760000 3217.822500
41.770000 3284.390000
41.780000 3244.392500
41.790000 3266.810000
41.800000 3321.215000
41.810000 3222.210000
41.820000 3100.260000
41.830000 3272.082500
41.840000 3386.412500
41.850000 3346.635000
41.860000 3162.862500
41.870000 3285.817500
41.880000 3499.955000
41.890000 3503.260000
41.900000 3335.115000
41.910000 3343.032500
41.920000 3260.782500
41.930000 3319.025000
41.940000 3500.697500
41.950000 3363.812500
41.960000 3144.642500
41.970000 3113.897500
41.980000 3194.315000
41.990000 3253.610000
42.000000 3155.417500
42.010000 3179.175000
42.020000 3176.252500
42.030000 3128.315000
42.040000 3230.145000
42.050000 3255.050000
42.060000 3150.272500
42.070000 3139.755000
42.080000 3275.715000
42.090000 3478.547500
42.100000 3581.462500
42.110000 3453.935000
42.120000 3363.240000
42.130000 3283.472500
42.140000 3317.742500
42.150000 3290.830000
42.160000 3326.975000
42.170000 3462.962500
42.180000 3513.165000
42.190000 3521.485000
42.200000 3592.275000
42.210000 3488.305000
42.220000 3293.742500
42.230000 3376.347500
42.240000 3507.105000
42.250000 3600.867500
42.260000 3644.147500
42.270000 3562.590000
42.280000 3555.367500
42.290000 3615.120000
42.300000 3464.932500
42.310000 3421.967500
42.320000 3621.927500
42.330000 3622.935000
42.340000 3453.762500
42.350000 3447.925000
42.360000 3509.202500
42.370000 3590.072500
42.380000 3581.375000
42.390000 3597.992500
42.400000 3753.865000
42.410000 3896.840000
42.420000 3886.675000
42.430000 3707.045000
42.440000 3712.435000
42.450000 3803.850000
42.460000 3786.585000
42.470000 3775.000000
42.480000 3828.345000
42.490000 3835.107500
42.500000 3844.192500
42.510000 3909.772500
42.520000 4051.952500
42.530000 4215.275000
42.540000 4170.590000
42.550000 4013.670000
42.560000 4141.000000
42.570000 4069.980000
42.580000 3919.330000
42.590000 4185.237500
42.600000 4298.052500
42.610000 4267.535000
42.620000 4278.690000
42.630000 4351.810000
42.640000 4572.972500
42.650000 4733.780000
42.660000 4678.272500
42.670000 4520.335000
42.680000 4433.270000
42.690000 4329.105000
42.700000 4466.105000
42.710000 4554.947500
42.720000 4453.835000
42.730000 4652.207500
42.740000 4611.512500
42.750000 4424.537500
42.760000 4507.070000
42.770000 4643.865000
42.780000 4684.502500
42.790000 4637.630000
42.800000 4766.092500
42.810000 4747.950000
42.820000 4543.030000
42.830000 4456.557500
42.840000 4554.802500
42.850000 4768.515000
42.860000 4749.645000
42.870000 4631.782500
42.880000 4583.332500
42.890000 4595.040000
42.900000 4553.895000
42.910000 4596.290000
42.920000 4647.160000
42.930000 4555.122500
42.940000 4645.192500
42.950000 4839.262500
42.960000 4776.520000
42.970000 4531.715000
42.980000 4646.560000
42.990000 4992.560000
43.000000 5057.450000
43.010000 5019.870000
43.020000 5171.862500
43.030000 5295.377500
43.040000 5396.152500
43.050000 5483.507500
43.060000 5603.180000
43.070000 5804.677500
43.080000 5767.210000
43.090000 5888.332500
43.100000 6194.012500
43.110000 6421.127500
43.120000 6432.742500
43.130000 6388.202500
43.140000 6841.982500
43.150000 7318.460000
43.160000 7436.867500
43.170000 7483.897500
43.180000 7650.335000
43.190000 7964.105000
43.200000 8351.642500
43.210000 8734.337500
43.220000 9251.580000
43.230000 9883.140000
43.240000 10215.622500
43.250000 10491.982500
43.260000 11035.140000
43.270000 11377.512500
43.280000 11729.242500
43.290000 12344.630000
43.300000 12800.177500
43.310000 13191.085000
43.320000 13695.427500
43.330000 14118.300000
43.340000 14366.412500
43.350000 14542.007500
43.360000 15204.555000
43.370000 15777.797500
43.380000 15863.727500
43.390000 16373.355000
43.400000 16551.355000
43.410000 16675.102500
43.420000 17002.707500
43.430000 17122.330000
43.440000 17068.067500
43.450000 17053.260000
43.460000 17236.022500
43.470000 17015.282500
43.480000 16901.350000
43.490000 16502.630000
43.500000 16450.847500
43.510000 16698.002500
43.520000 16731.147500
43.530000 16605.837500
43.540000 16728.980000
43.550000 16830.970000
43.560000 16678.300000
43.570000 16353.772500
43.580000 16149.975000
43.590000 15842.800000
43.600000 15492.040000
43.610000 15074.637500
43.620000 15291.027500
43.630000 15183.720000
43.640000 14944.585000
43.650000 14548.105000
43.660000 14059.697500
43.670000 13829.700000
43.680000 13546.192500
43.690000 13060.732500
43.700000 12616.832500
43.710000 12502.895000
43.720000 12294.187500
43.730000 11840.522500
43.740000 11607.035000
43.750000 11356.622500
43.760000 10898.605000
43.770000 10280.987500
43.780000 9841.290000
43.790000 9700.075000
43.800000 9392.432500
43.810000 9151.050000
43.820000 8323.457500
43.830000 7996.630000
43.840000 7858.965000
43.850000 7587.127500
43.860000 7360.140000
43.870000 7340.487500
43.880000 7126.407500
43.890000 6723.825000
43.900000 6410.810000
43.910000 6399.437500
43.920000 6248.235000
43.930000 5963.877500
43.940000 5844.155000
43.950000 5616.220000
43.960000 5484.505000
43.970000 5423.960000
43.980000 5330.812500
43.990000 5383.067500
44.000000 5338.862500
44.010000 5033.392500
44.020000 4828.157500
44.030000 4828.650000
44.040000 4829.395000
44.050000 5003.357500
44.060000 4902.237500
44.070000 4872.755000
44.080000 4828.007500
44.090000 4913.580000
44.100000 4743.845000
44.110000 4711.055000
44.120000 4589.257500
44.130000 4588.202500
44.140000 4704.657500
44.150000 4770.632500
44.160000 4766.807500
44.170000 4902.275000
44.180000 4773.042500
44.190000 4770.270000
44.200000 4878.612500
44.210000 4973.870000
44.220000 5037.045000
44.230000 4871.072500
44.240000 4791.885000
44.250000 5043.470000
44.260000 5131.217500
44.270000 5064.725000
44.280000 5233.172500
44.290000 5564.360000
44.300000 5649.170000
44.310000 5715.932500
44.320000 5858.332500
44.330000 5854.672500
44.340000 5901.550000
44.350000 6186.840000
44.360000 6450.587500
44.370000 6455.035000
44.380000 6479.742500
44.390000 7095.272500
44.400000 7510.987500
44.410000 7287.960000
44.420000 7572.742500
44.430000 7890.182500
44.440000 8026.632500
44.450000 8086.410000
44.460000 8127.550000
44.470000 8010.255000
44.480000 8281.205000
44.490000 8691.585000
44.500000 8816.087500
44.510000 8747.875000
44.520000 8802.662500
44.530000 8920.437500
44.540000 8909.032500
44.550000 8981.290000
44.560000 9067.497500
44.570000 8781.035000
44.580000 8730.632500
44.590000 8866.705000
44.600000 8603.822500
44.610000 8500.000000
44.620000 8442.020000
44.630000 8173.202500
44.640000 8240.402500
44.650000 7985.667500
44.660000 7985.010000
44.670000 7586.995000
44.680000 6995.932500
44.690000 6676.930000
44.700000 7030.735000
44.710000 6790.767500
44.720000 6259.417500
44.730000 5996.727500
44.740000 6119.045000
44.750000 6080.982500
44.760000 6022.607500
44.770000 5727.127500
44.780000 5577.695000
44.790000 5533.885000
44.800000 5446.075000
44.810000 5158.965000
44.820000 4891.845000
44.830000 4965.720000
44.840000 5097.702500
44.850000 5205.502500
44.860000 4813.000000
44.870000 4735.822500
44.880000 4796.340000
44.890000 4685.452500
44.900000 4976.337500
44.910000 4597.185000
44.920000 4614.557500
44.930000 4418.292500
44.940000 4640.795000
44.950000 4629.912500
44.960000 4596.642500
44.970000 4580.657500
44.980000 4704.300000
44.990000 4686.432500
45.000000 4864.157500
45.010000 4765.157500
45.020000 4848.915000
45.030000 5017.042500
45.040000 5108.332500
45.050000 5116.652500
45.060000 5223.225000
45.070000 5381.097500
45.080000 5250.602500
45.090000 5174.660000
45.100000 5364.602500
45.110000 5257.740000
45.120000 5574.420000
45.130000 5576.792500
45.140000 5729.227500
45.150000 5929.522500
45.160000 6243.207500
45.170000 6247.287500
45.180000 5963.285000
45.190000 6329.657500
45.200000 6540.155000
45.210000 6361.062500
45.220000 6261.235000
45.230000 6311.095000
45.240000 6198.475000
45.250000 6179.072500
45.260000 6447.910000
45.270000 6397.015000
45.280000 6325.945000
45.290000 6354.477500
45.300000 6465.977500
45.310000 6214.170000
45.320000 6389.180000
45.330000 6317.382500
45.340000 6634.840000
45.350000 6683.125000
45.360000 6330.240000
45.370000 6191.832500
45.380000 6201.187500
45.390000 6268.512500
45.400000 6379.307500
45.410000 6089.112500
45.420000 5877.117500
45.430000 6091.150000
45.440000 6024.760000
45.450000 5982.650000
45.460000 5799.645000
45.470000 5591.732500
45.480000 5508.527500
45.490000 5251.130000
45.500000 5067.840000
45.510000 4967.510000
45.520000 4851.220000
45.530000 5031.042500
45.540000 4951.210000
45.550000 4753.312500
45.560000 4668.217500
45.570000 4421.825000
45.580000 4514.400000
45.590000 4362.247500
45.600000 4285.340000
45.610000 4356.172500
45.620000 4495.627500
45.630000 4435.527500
45.640000 4151.865000
45.650000 4037.342500
45.660000 4105.402500
45.670000 4004.455000
45.680000 3784.717500
45.690000 3615.875000
45.700000 3671.847500
45.710000 3659.155000
45.720000 3500.240000
45.730000 3412.792500
45.740000 3345.372500
45.750000 3451.607500
45.760000 3489.677500
45.770000 3350.935000
45.780000 3419.677500
45.790000 3401.647500
45.800000 3260.202500
45.810000 3296.495000
45.820000 3400.515000
45.830000 3300.330000
45.840000 3330.152500
45.850000 3241.177500
45.860000 3248.657500
45.870000 3379.962500
45.880000 3368.785000
45.890000 3176.417500
45.900000 2945.742500
45.910000 2947.725000
45.920000 2783.735000
45.930000 2894.847500
45.940000 3073.827500
45.950000 3279.290000
45.960000 3120.302500
45.970000 3204.577500
45.980000 3171.952500
45.990000 3129.492500
46.000000 2969.242500
46.010000 3157.182500
46.020000 3220.242500
46.030000 2981.985000
46.040000 2935.307500
46.050000 2816.072500
46.060000 2858.487500
46.070000 3063.587500
46.080000 3178.975000
46.090000 3061.025000
46.100000 3048.907500
46.110000 2985.000000
46.120000 3068.660000
46.130000 3097.707500
46.140000 3013.972500
46.150000 3007.150000
46.160000 2944.135000
46.170000 2997.372500
46.180000 3022.527500
46.190000 2925.885000
46.200000 3099.000000
46.210000 3260.122500
46.220000 2981.222500
46.230000 2840.905000
46.240000 2831.990000
46.250000 2916.997500
46.260000 2919.425000
46.270000 3006.835000
46.280000 2872.805000
46.290000 2848.567500
46.300000 2905.055000
46.310000 2820.572500
46.320000 3005.370000
46.330000 3145.587500
46.340000 3180.285000
46.350000 2932.052500
46.360000 2841.135000
46.370000 2968.435000
46.380000 3020.210000
46.390000 3031.717500
46.400000 3093.637500
46.410000 2994.735000
46.420000 2993.322500
46.430000 2966.770000
46.440000 2839.037500
46.450000 2629.882500
46.460000 2754.700000
46.470000 2885.445000
46.480000 2993.540000
46.490000 2931.697500
46.500000 2888.780000
46.510000 2876.835000
46.520000 2862.037500
46.530000 3032.822500
46.540000 3038.225000
46.550000 2774.397500
46.560000 2706.407500
46.570000 2791.387500
46.580000 2854.890000
46.590000 2987.352500
46.600000 2949.000000
46.610000 2943.945000
46.620000 3075.927500
46.630000 2959.722500
46.640000 2902.075000
46.650000 2924.962500
46.660000 2952.000000
46.670000 2908.705000
46.680000 2755.600000
46.690000 2720.665000
46.700000 2798.770000
46.710000 2984.352500
46.720000 2992.785000
46.730000 2816.620000
46.740000 2655.095000
46.750000 2804.345000
46.760000 2881.035000
46.770000 2895.367500
46.780000 2852.017500
46.790000 3120.327500
46.800000 3048.565000
46.810000 2897.762500
46.820000 2973.272500
46.830000 3105.222500
46.840000 3041.622500
46.850000 2859.215000
46.860000 2805.847500
46.870000 2808.332500
46.880000 2796.715000
46.890000 2837.990000
46.900000 2927.590000
46.910000 2797.265000
46.920000 2811.002500
46.930000 2998.575000
46.940000 2901.497500
46.950000 2887.440000
46.960000 2916.667500
46.970000 3068.900000
46.980000 3113.570000
46.990000 3128.000000
47.000000 3035.627500
47.010000 2955.522500
47.020000 3074.692500
47.030000 3114.047500
47.040000 3088.990000
47.050000 3121.730000
47.060000 3141.667500
47.070000 3021.835000
47.080000 2898.630000
47.090000 2942.385000
47.100000 2967.165000
47.110000 2893.895000
47.120000 2847.632500
47.130000 2910.972500
47.140000 2859.697500
47.150000 2834.797500
47.160000 2934.372500
47.170000 3046.380000
47.180000 3004.815000
47.190000 3026.130000
47.200000 3051.080000
47.210000 2948.495000
47.220000 2891.667500
47.230000 2891.667500
47.240000 2830.252500
47.250000 2975.210000
47.260000 3005.325000
47.270000 2950.000000
47.280000 3060.875000
47.290000 3088.150000
47.300000 3043.330000
47.310000 2898.842500
47.320000 2902.602500
47.330000 3025.970000
47.340000 2973.142500
47.350000 2859.307500
47.360000 2751.755000
47.370000 2806.992500
47.380000 2902.707500
47.390000 2873.252500
47.400000 2812.842500
47.410000 2844.295000
47.420000 2788.040000
47.430000 2745.135000
47.440000 2757.217500
47.450000 2764.115000
47.460000 2826.540000
47.470000 2931.987500
47.480000 2983.332500
47.490000 2964.830000
47.500000 2913.150000
47.510000 2787.022500
47.520000 2717.465000
47.530000 2715.907500
47.540000 2717.387500
47.550000 2779.080000
47.560000 2869.867500
47.570000 2836.865000
47.580000 2757.212500
47.590000 2816.920000
47.600000 2918.587500
47.610000 2950.000000
47.620000 2888.867500
47.630000 2963.732500
47.640000 3066.027500
47.650000 2968.177500
47.660000 3024.545000
47.670000 3137.200000
47.680000 2904.197500
47.690000 2717.022500
47.700000 2825.785000
47.710000 2870.662500
47.720000 2845.830000
47.730000 2858.332500
47.740000 2874.835000
47.750000 3006.607500
47.760000 3088.237500
47.770000 3001.225000
47.780000 2954.045000
47.790000 2926.140000
47.800000 3003.772500
47.810000 3125.000000
47.820000 3156.705000
47.830000 3203.495000
47.840000 3149.982500
47.850000 3094.510000
47.860000 3070.085000
47.870000 2943.297500
47.880000 2942.840000
47.890000 3121.902500
47.900000 3148.260000
47.910000 3100.687500
47.920000 3235.655000
47.930000 3417.305000
47.940000 3455.375000
47.950000 3344.527500
47.960000 3400.045000
47.970000 3536.390000
47.980000 3497.422500
47.990000 3537.577500
48.000000 3557.992500
48.010000 3470.215000
48.020000 3431.002500
48.030000 3452.007500
48.040000 3601.895000
48.050000 3612.425000
48.060000 3409.025000
48.070000 3340.482500
48.080000 3391.172500
48.090000 3550.387500
48.100000 3530.930000
48.110000 3439.712500
48.120000 3346.420000
48.130000 3386.477500
48.140000 3470.752500
48.150000 3354.580000
48.160000 3383.670000
48.170000 3377.805000
48.180000 3430.905000
48.190000 3453.850000
48.200000 3382.402500
48.210000 3252.565000
48.220000 3178.142500
48.230000 3223.905000
48.240000 3341.267500
48.250000 3314.145000
48.260000 3167.820000
48.270000 3202.177500
48.280000 3148.417500
48.290000 3142.042500
48.300000 3136.887500
48.310000 3254.015000
48.320000 3274.065000
48.330000 3276.617500
48.340000 3298.290000
48.350000 3170.732500
48.360000 3066.232500
48.370000 3123.862500
48.380000 3257.877500
48.390000 3177.787500
48.400000 3224.827500
48.410000 3264.407500
48.420000 3229.487500
48.430000 3398.437500
48.440000 3548.855000
48.450000 3606.020000
48.460000 3622.940000
48.470000 3724.050000
48.480000 3747.940000
48.490000 3786.857500
48.500000 3960.790000
48.510000 3960.535000
48.520000 3827.800000
48.530000 4044.745000
48.540000 4162.832500
48.550000 3892.155000
48.560000 3879.505000
48.570000 3996.485000
48.580000 4077.582500
48.590000 4228.700000
48.600000 4163.272500
48.610000 4179.825000
48.620000 4306.910000
48.630000 4258.815000
48.640000 4110.467500
48.650000 4225.892500
48.660000 4332.792500
48.670000 4299.542500
48.680000 4281.530000
48.690000 4297.845000
48.700000 4374.895000
48.710000 4580.747500
48.720000 4414.342500
48.730000 4200.207500
48.740000 4171.722500
48.750000 4342.995000
48.760000 4163.572500
48.770000 4104.782500
48.780000 4231.427500
48.790000 4271.157500
48.800000 4051.292500
48.810000 4001.900000
48.820000 4019.607500
48.830000 3989.592500
48.840000 3761.020000
48.850000 3814.522500
48.860000 3888.195000
48.870000 3948.940000
48.880000 3774.755000
48.890000 3415.105000
48.900000 3620.502500
48.910000 3624.072500
48.920000 3356.652500
48.930000 3448.797500
48.940000 3295.347500
48.950000 3235.260000
48.960000 3214.655000
48.970000 3252.580000
48.980000 3276.935000
48.990000 3176.515000
49.000000 3144.467500
49.010000 2999.082500
49.020000 3148.547500
49.030000 3117.347500
49.040000 2967.590000
49.050000 2819.435000
49.060000 2877.732500
49.070000 2891.667500
49.080000 2894.312500
49.090000 2955.202500
49.100000 3194.247500
49.110000 3094.005000
49.120000 3000.080000
49.130000 3191.667500
49.140000 3179.722500
49.150000 3110.680000
49.160000 3121.545000
49.170000 3094.350000
49.180000 3069.417500
49.190000 3124.275000
49.200000 3025.380000
49.210000 3151.062500
49.220000 3206.442500
49.230000 3122.322500
49.240000 3046.562500
49.250000 3097.700000
49.260000 3201.780000
49.270000 3139.937500
49.280000 3067.265000
49.290000 3137.310000
49.300000 3082.150000
49.310000 2960.622500
49.320000 3267.197500
49.330000 3103.317500
49.340000 2992.565000
49.350000 3197.092500
49.360000 3490.320000
49.370000 3291.612500
49.380000 3211.515000
49.390000 3320.685000
49.400000 3081.975000
49.410000 3199.740000
49.420000 3616.667500
49.430000 3604.712500
49.440000 3445.500000
49.450000 3513.675000
49.460000 3712.632500
49.470000 3657.722500
49.480000 3787.022500
49.490000 3838.575000
49.500000 3646.700000
49.510000 3907.525000
49.520000 4059.082500
49.530000 4073.235000
49.540000 4042.605000
49.550000 4264.500000
49.560000 4211.497500
49.570000 4316.232500
49.580000 4812.245000
49.590000 4930.530000
49.600000 4527.815000
49.610000 4635.210000
49.620000 4343.085000
49.630000 4422.650000
49.640000 4782.532500
49.650000 4727.037500
49.660000 4908.545000
49.670000 4933.580000
49.680000 4974.615000
49.690000 4858.297500
49.700000 4808.430000
49.710000 4891.290000
49.720000 5007.502500
49.730000 5165.125000
49.740000 5331.277500
49.750000 5062.442500
49.760000 5123.830000
49.770000 4888.205000
49.780000 5274.227500
49.790000 5388.917500
49.800000 5019.057500
49.810000 4846.765000
49.820000 5010.857500
49.830000 4936.317500
49.840000 4781.082500
49.850000 4918.847500
49.860000 4837.332500
49.870000 4761.802500
49.880000 4805.890000
49.890000 4847.855000
49.900000 4715.992500
49.910000 4724.055000
49.920000 4638.767500
49.930000 4602.062500
49.940000 4677.957500
49.950000 4691.107500
49.960000 4443.595000
49.970000 4471.382500
49.980000 4729.387500
49.990000 4742.312500
