2.000000 7091.190000
2.010000 7247.382500
2.020000 7221.010000
2.030000 7173.472500
2.040000 7363.045000
2.050000 7416.667500
2.060000 7291.785000
2.070000 7144.457500
2.080000 7248.747500
2.090000 7164.177500
2.100000 7236.082500
2.110000 7247.382500
2.120000 7200.662500
2.130000 7179.380000
2.140000 7233.755000
2.150000 7266.150000
2.160000 7380.142500
2.170000 7434.812500
2.180000 7545.857500
2.190000 7602.187500
2.200000 7600.827500
2.210000 7530.665000
2.220000 7873.357500
2.230000 8258.187500
2.240000 8450.000000
2.250000 8465.912500
2.260000 8445.610000
2.270000 8482.472500
2.280000 9188.785000
2.290000 9468.400000
2.300000 9159.842500
2.310000 9033.270000
2.320000 9130.312500
2.330000 9397.592500
2.340000 9797.172500
2.350000 9818.337500
2.360000 9747.400000
2.370000 9777.937500
2.380000 9752.065000
2.390000 9486.925000
2.400000 9300.150000
2.410000 9172.592500
2.420000 9445.075000
2.430000 9590.802500
2.440000 9190.355000
2.450000 9007.952500
2.460000 8884.040000
2.470000 9137.250000
2.480000 9225.545000
2.490000 8876.797500
2.500000 8940.695000
2.510000 9460.012500
2.520000 8906.927500
2.530000 8778.120000
2.540000 9008.332500
2.550000 9010.917500
2.560000 9027.520000
2.570000 8992.560000
2.580000 8690.402500
2.590000 8648.465000
2.600000 9007.030000
2.610000 8717.955000
2.620000 8628.395000
2.630000 8721.777500
2.640000 8838.707500
2.650000 8904.967500
2.660000 8183.332500
2.670000 8163.412500
2.680000 8000.872500
2.690000 7974.682500
2.700000 7683.900000
2.710000 7800.085000
2.720000 8142.137500
2.730000 8295.985000
2.740000 8028.682500
2.750000 7506.385000
2.760000 7505.555000
2.770000 7790.357500
2.780000 7886.655000
2.790000 7924.987500
2.800000 7798.530000
2.810000 7767.675000
2.820000 7640.815000
2.830000 7626.972500
2.840000 7670.292500
2.850000 7743.385000
2.860000 7586.622500
2.870000 7673.930000
2.880000 7635.777500
2.890000 7429.662500
2.900000 7279.370000
2.910000 7093.215000
2.920000 7183.115000
2.930000 7167.830000
2.940000 7292.402500
2.950000 7424.785000
2.960000 7300.257500
2.970000 7275.145000
2.980000 7374.037500
2.990000 7251.672500
3.000000 7020.670000
3.010000 6886.125000
3.020000 7135.287500
3.030000 7020.225000
3.040000 6960.212500
3.050000 6974.400000
3.060000 7071.025000
3.070000 6548.922500
3.080000 6572.637500
3.090000 6646.175000
3.100000 6689.385000
3.110000 6942.735000
3.120000 6770.780000
3.130000 6734.982500
3.140000 6477.505000
3.150000 6859.840000
3.160000 6876.287500
3.170000 6721.817500
3.180000 6769.357500
3.190000 6585.075000
3.200000 6513.705000
3.210000 6591.217500
3.220000 6569.985000
3.230000 6514.355000
3.240000 6679.502500
3.250000 6603.655000
3.260000 6665.470000
3.270000 6682.350000
3.280000 6346.680000
3.290000 6329.150000
3.300000 6253.507500
3.310000 6342.832500
3.320000 6329.552500
3.330000 6138.720000
3.340000 6436.490000
3.350000 6754.482500
3.360000 6616.117500
3.370000 6435.455000
3.380000 6450.400000
3.390000 6472.295000
3.400000 6780.795000
3.410000 6793.232500
3.420000 6618.002500
3.430000 6583.332500
3.440000 6637.955000
3.450000 6473.275000
3.460000 6588.967500
3.470000 6584.582500
3.480000 6568.295000
3.490000 6513.265000
3.500000 6639.542500
3.510000 6562.552500
3.520000 6618.927500
3.530000 6739.975000
3.540000 6773.190000
3.550000 6612.670000
3.560000 6631.295000
3.570000 6669.297500
3.580000 6534.145000
3.590000 6517.155000
3.600000 6455.237500
3.610000 6597.442500
3.620000 6524.367500
3.630000 6633.370000
3.640000 6683.332500
3.650000 6448.062500
3.660000 6465.247500
3.670000 6457.082500
3.680000 6429.465000
3.690000 6303.577500
3.700000 6385.197500
3.710000 6541.535000
3.720000 6523.520000
3.730000 6589.270000
3.740000 6713.820000
3.750000 6850.155000
3.760000 6581.002500
3.770000 6496.655000
3.780000 6563.082500
3.790000 6756.495000
3.800000 6609.382500
3.810000 6514.045000
3.820000 6391.645000
3.830000 6469.007500
3.840000 6797.630000
3.850000 6846.690000
3.860000 6741.565000
3.870000 6708.332500
3.880000 6702.827500
3.890000 6732.850000
3.900000 6504.952500
3.910000 6532.060000
3.920000 6681.302500
3.930000 6732.737500
3.940000 6800.267500
3.950000 7013.460000
3.960000 7048.177500
3.970000 6830.210000
3.980000 6620.810000
3.990000 6698.195000
4.000000 6582.457500
4.010000 6350.785000
4.020000 6334.252500
4.030000 6432.480000
4.040000 6540.432500
4.050000 6678.410000
4.060000 6756.590000
4.070000 6826.012500
4.080000 6847.002500
4.090000 6808.897500
4.100000 6786.810000
4.110000 6855.762500
4.120000 6845.940000
4.130000 6823.852500
4.140000 6761.065000
4.150000 6765.970000
4.160000 6919.695000
4.170000 6883.647500
4.180000 6819.417500
4.190000 6933.587500
4.200000 6784.547500
4.210000 6654.457500
4.220000 6663.927500
4.230000 6754.297500
4.240000 6916.200000
4.250000 6918.020000
4.260000 6861.820000
4.270000 6801.990000
4.280000 6801.692500
4.290000 6919.192500
4.300000 6944.607500
4.310000 6853.255000
4.320000 6694.375000
4.330000 6780.355000
4.340000 6937.530000
4.350000 6821.442500
4.360000 6782.725000
4.370000 6816.845000
4.380000 6832.625000
4.390000 6802.055000
4.400000 6789.562500
4.410000 6936.775000
4.420000 7029.865000
4.430000 7106.497500
4.440000 7235.472500
4.450000 7185.845000
4.460000 6954.140000
4.470000 6784.082500
4.480000 6775.000000
4.490000 6834.757500
4.500000 6900.920000
4.510000 6972.585000
4.520000 7078.650000
4.530000 6981.932500
4.540000 6875.152500
4.550000 6829.907500
4.560000 6753.292500
4.570000 6949.537500
4.580000 7271.067500
4.590000 7323.467500
4.600000 7044.452500
4.610000 6911.427500
4.620000 7085.610000
4.630000 7181.677500
4.640000 7165.180000
4.650000 7226.770000
4.660000 7415.880000
4.670000 7395.680000
4.680000 7206.565000
4.690000 7115.040000
4.700000 7188.665000
4.710000 7268.605000
4.720000 7391.052500
4.730000 7386.297500
4.740000 7266.672500
4.750000 7315.992500
4.760000 7240.500000
4.770000 7192.275000
4.780000 7311.677500
4.790000 7342.007500
4.800000 7292.470000
4.810000 7243.235000
4.820000 7352.352500
4.830000 7386.212500
4.840000 7674.395000
4.850000 7688.440000
4.860000 7385.025000
4.870000 7272.005000
4.880000 7315.035000
4.890000 7474.830000
4.900000 7662.067500
4.910000 7674.277500
4.920000 7716.040000
4.930000 7607.512500
4.940000 7553.187500
4.950000 7449.450000
4.960000 7572.015000
4.970000 7421.095000
4.980000 7254.835000
4.990000 7255.405000
5.000000 7354.137500
5.010000 7403.765000
5.020000 7409.720000
5.030000 7400.372500
5.040000 7254.877500
5.050000 7341.682500
5.060000 7453.272500
5.070000 7442.987500
5.080000 7670.852500
5.090000 7718.447500
5.100000 7788.312500
5.110000 7687.065000
5.120000 7746.822500
5.130000 7783.402500
5.140000 7611.327500
5.150000 7447.557500
5.160000 7630.835000
5.170000 7682.460000
5.180000 7602.592500
5.190000 7595.022500
5.200000 7409.097500
5.210000 7379.577500
5.220000 7529.350000
5.230000 7585.645000
5.240000 7244.945000
5.250000 7299.827500
5.260000 7350.990000
5.270000 7473.922500
5.280000 7652.307500
5.290000 7530.387500
5.300000 7641.085000
5.310000 7859.312500
5.320000 7793.235000
5.330000 7654.420000
5.340000 7711.105000
5.350000 7662.880000
5.360000 7587.745000
5.370000 7753.457500
5.380000 7811.532500
5.390000 7805.955000
5.400000 7933.332500
5.410000 7916.485000
5.420000 7782.540000
5.430000 7640.562500
5.440000 7994.942500
5.450000 7652.637500
5.460000 7745.340000
5.470000 7870.805000
5.480000 7736.530000
5.490000 7398.017500
5.500000 7383.332500
5.510000 7358.945000
5.520000 7190.367500
5.530000 7424.937500
5.540000 7790.457500
5.550000 7892.537500
5.560000 7610.477500
5.570000 7702.095000
5.580000 7622.080000
5.590000 7434.452500
5.600000 7532.632500
5.610000 7513.532500
5.620000 7409.262500
5.630000 7716.667500
5.640000 7694.622500
5.650000 7422.575000
5.660000 7596.015000
5.670000 7323.277500
5.680000 7675.000000
5.690000 7669.885000
5.700000 7586.845000
5.710000 7657.017500
5.720000 7785.865000
5.730000 7674.242500
5.740000 7841.667500
5.750000 7832.405000
5.760000 7594.212500
5.770000 7665.897500
5.780000 7639.590000
5.790000 7567.895000
5.800000 7612.550000
5.810000 7424.387500
5.820000 7395.482500
5.830000 7640.247500
5.840000 7524.395000
5.850000 7458.632500
5.860000 7508.405000
5.870000 7533.327500
5.880000 7500.110000
5.890000 7806.357500
5.900000 7502.927500
5.910000 7557.600000
5.920000 7648.565000
5.930000 7829.897500
5.940000 7776.272500
5.950000 7840.007500
5.960000 7703.962500
5.970000 7764.597500
5.980000 7814.960000
5.990000 7776.550000
6.000000 7751.005000
6.010000 7829.725000
6.020000 7507.510000
6.030000 7650.095000
6.040000 7658.332500
6.050000 7666.205000
6.060000 8058.920000
6.070000 7934.760000
6.080000 7987.355000
6.090000 7649.835000
6.100000 7617.257500
6.110000 7840.495000
6.120000 7766.020000
6.130000 7597.315000
6.140000 7904.310000
6.150000 7712.440000
6.160000 7570.197500
6.170000 7369.170000
6.180000 7508.367500
6.190000 7795.580000
6.200000 7862.455000
6.210000 7821.872500
6.220000 7705.057500
6.230000 7565.602500
6.240000 7668.247500
6.250000 7948.485000
6.260000 7946.632500
6.270000 7831.937500
6.280000 8115.565000
6.290000 7795.075000
6.300000 7459.300000
6.310000 7611.477500
6.320000 7598.525000
6.330000 7699.147500
6.340000 7688.105000
6.350000 7541.022500
6.360000 7396.125000
6.370000 7643.497500
6.380000 7381.867500
6.390000 7360.080000
6.400000 7681.272500
6.410000 7553.572500
6.420000 7516.667500
6.430000 7703.425000
6.440000 7948.432500
6.450000 7504.075000
6.460000 7509.485000
6.470000 7601.515000
6.480000 7507.972500
6.490000 7713.472500
6.500000 7942.015000
6.510000 7895.980000
6.520000 8055.762500
6.530000 8059.977500
6.540000 8003.480000
6.550000 8044.637500
6.560000 7893.415000
6.570000 7830.282500
6.580000 7982.145000
6.590000 8122.850000
6.600000 8169.497500
6.610000 8051.987500
6.620000 8158.565000
6.630000 8302.810000
6.640000 8461.357500
6.650000 8608.407500
6.660000 8527.322500
6.670000 8263.852500
6.680000 8595.115000
6.690000 8517.775000
6.700000 8856.595000
6.710000 8916.895000
6.720000 8643.395000
6.730000 8762.360000
6.740000 8753.275000
6.750000 8902.892500
6.760000 9003.327500
6.770000 8785.402500
6.780000 8845.482500
6.790000 8893.962500
6.800000 9066.060000
6.810000 9103.385000
6.820000 8787.430000
6.830000 8666.667500
6.840000 8909.277500
6.850000 9055.480000
6.860000 8940.005000
6.870000 8783.962500
6.880000 8776.595000
6.890000 9162.707500
6.900000 9278.810000
6.910000 9080.092500
6.920000 9074.435000
6.930000 9074.122500
6.940000 8763.072500
6.950000 8664.580000
6.960000 8953.595000
6.970000 9363.667500
6.980000 9533.497500
6.990000 9577.795000
7.000000 9480.957500
7.010000 9750.190000
7.020000 9944.107500
7.030000 9903.690000
7.040000 10038.220000
7.050000 10211.672500
7.060000 10306.872500
7.070000 10617.930000
7.080000 10951.422500
7.090000 11236.290000
7.100000 11463.542500
7.110000 11485.855000
7.120000 12051.800000
7.130000 12478.425000
7.140000 12837.295000
7.150000 13553.505000
7.160000 13973.002500
7.170000 14546.785000
7.180000 15234.667500
7.190000 15985.612500
7.200000 16848.420000
7.210000 18073.830000
7.220000 18905.897500
7.230000 19854.102500
7.240000 21408.952500
7.250000 23157.230000
7.260000 25209.497500
7.270000 27584.052500
7.280000 29697.512500
7.290000 32178.962500
7.300000 35240.757500
7.310000 38993.517500
7.320000 42680.670000
7.330000 46233.305000
7.340000 51349.447500
7.350000 57661.802500
7.360000 63635.130000
7.370000 70643.295000
7.380000 78083.340000
7.390000 85860.162500
7.400000 94518.737500
7.410000 102936.917500
7.420000 111314.332500
7.430000 120149.655000
7.440000 128449.595000
7.450000 134395.757500
7.460000 137819.337500
7.470000 139173.135000
7.480000 139638.570000
7.490000 139244.445000
7.500000 135210.642500
7.510000 127708.640000
7.520000 119150.685000
7.530000 109137.687500
7.540000 98171.202500
7.550000 87778.355000
7.560000 78150.660000
7.570000 69093.910000
7.580000 60536.902500
7.590000 52859.177500
7.600000 46321.000000
7.610000 40803.555000
7.620000 35893.160000
7.630000 31739.597500
7.640000 28546.507500
7.650000 25944.005000
7.660000 23693.880000
7.670000 21911.392500
7.680000 20499.817500
7.690000 19204.682500
7.700000 18350.235000
7.710000 17782.287500
7.720000 17124.500000
7.730000 16316.232500
7.740000 15469.267500
7.750000 14899.620000
7.760000 14304.222500
7.770000 13728.987500
7.780000 13577.070000
7.790000 13458.422500
7.800000 13101.895000
7.810000 12991.575000
7.820000 12623.290000
7.830000 12173.100000
7.840000 12112.832500
7.850000 12128.242500
7.860000 11706.870000
7.870000 11344.187500
7.880000 11093.050000
7.890000 10747.062500
7.900000 10718.742500
7.910000 10526.462500
7.920000 10151.117500
7.930000 9992.490000
7.940000 9875.850000
7.950000 9879.010000
7.960000 10065.067500
7.970000 10020.707500
7.980000 9953.432500
7.990000 10097.662500
8.000000 9792.480000
8.010000 9493.300000
8.020000 9523.717500
8.030000 9438.482500
8.040000 9338.497500
8.050000 9133.105000
8.060000 9062.470000
8.070000 9092.620000
8.080000 9292.747500
8.090000 9565.610000
8.100000 9415.920000
8.110000 9138.950000
8.120000 8841.527500
8.130000 8814.097500
8.140000 8817.607500
8.150000 8739.687500
8.160000 8863.402500
8.170000 8850.297500
8.180000 9049.427500
8.190000 9210.127500
8.200000 8945.720000
8.210000 9096.980000
8.220000 8916.905000
8.230000 8827.107500
8.240000 9148.975000
8.250000 9479.915000
8.260000 9222.780000
8.270000 9131.437500
8.280000 9379.447500
8.290000 9451.177500
8.300000 9495.352500
8.310000 9636.605000
8.320000 9986.027500
8.330000 10040.730000
8.340000 10330.020000
8.350000 10426.292500
8.360000 10671.885000
8.370000 10954.565000
8.380000 11548.527500
8.390000 12099.820000
8.400000 12400.015000
8.410000 12787.870000
8.420000 13656.590000
8.430000 14151.735000
8.440000 15127.857500
8.450000 16390.597500
8.460000 17587.387500
8.470000 18591.660000
8.480000 20044.785000
8.490000 21836.027500
8.500000 23271.910000
8.510000 25121.705000
8.520000 27521.275000
8.530000 30323.920000
8.540000 32956.725000
8.550000 35527.152500
8.560000 38129.310000
8.570000 40702.735000
8.580000 43342.827500
8.590000 45619.975000
8.600000 47431.445000
8.610000 48802.852500
8.620000 49264.270000
8.630000 48275.970000
8.640000 47453.785000
8.650000 46599.665000
8.660000 44757.382500
8.670000 41698.822500
8.680000 37890.880000
8.690000 34708.440000
8.700000 31484.085000
8.710000 28252.500000
8.720000 25322.592500
8.730000 22714.625000
8.740000 19921.882500
8.750000 17764.510000
8.760000 16077.535000
8.770000 14617.137500
8.780000 13279.982500
8.790000 12266.685000
8.800000 11784.440000
8.810000 10988.255000
8.820000 10553.502500
8.830000 10593.087500
8.840000 10056.837500
8.850000 9492.810000
8.860000 9383.202500
8.870000 9005.490000
8.880000 8926.600000
8.890000 8771.725000
8.900000 8547.280000
8.910000 8342.555000
8.920000 8214.327500
8.930000 7948.250000
8.940000 7767.412500
8.950000 7595.662500
8.960000 7681.215000
8.970000 7761.897500
8.980000 7708.730000
8.990000 7535.310000
9.000000 7404.105000
9.010000 7470.007500
9.020000 7369.162500
9.030000 7248.255000
9.040000 7019.440000
9.050000 6713.280000
9.060000 6911.060000
9.070000 7214.550000
9.080000 7077.905000
9.090000 7071.555000
9.100000 6832.370000
9.110000 6685.312500
9.120000 6663.510000
9.130000 6941.820000
9.140000 7132.915000
9.150000 6882.692500
9.160000 6635.475000
9.170000 6500.787500
9.180000 6484.562500
9.190000 6270.907500
9.200000 6481.880000
9.210000 6450.415000
9.220000 6266.760000
9.230000 6163.002500
9.240000 6044.397500
9.250000 6309.462500
9.260000 6715.740000
9.270000 6490.492500
9.280000 6467.065000
9.290000 6341.382500
9.300000 6095.785000
9.310000 6041.445000
9.320000 6147.667500
9.330000 5841.200000
9.340000 5867.790000
9.350000 6486.975000
9.360000 6692.020000
9.370000 6377.717500
9.380000 6425.967500
9.390000 6255.512500
9.400000 6003.617500
9.410000 6091.357500
9.420000 6078.992500
9.430000 5954.557500
9.440000 5851.665000
9.450000 6169.242500
9.460000 5961.822500
9.470000 5777.102500
9.480000 5870.780000
9.490000 6061.352500
9.500000 5775.132500
9.510000 5785.135000
9.520000 5917.412500
9.530000 5985.760000
9.540000 6256.497500
9.550000 5973.377500
9.560000 5584.085000
9.570000 5999.777500
9.580000 5916.905000
9.590000 5883.507500
9.600000 5841.980000
9.610000 5717.900000
9.620000 5889.532500
9.630000 5924.515000
9.640000 5703.790000
9.650000 5585.570000
9.660000 5852.425000
9.670000 5736.310000
9.680000 5936.225000
9.690000 5909.282500
9.700000 5657.945000
9.710000 5650.000000
9.720000 5778.617500
9.730000 5598.890000
9.740000 5399.665000
9.750000 5567.247500
9.760000 5622.770000
9.770000 5442.320000
9.780000 5480.875000
9.790000 5625.610000
9.800000 5239.075000
9.810000 5169.470000
9.820000 5378.535000
9.830000 5563.880000
9.840000 5590.617500
9.850000 5537.137500
9.860000 5634.352500
9.870000 5354.852500
9.880000 5410.660000
9.890000 5763.785000
9.900000 5653.160000
9.910000 5618.640000
9.920000 5448.215000
9.930000 5425.695000
9.940000 5463.095000
9.950000 5649.070000
9.960000 5659.085000
9.970000 5665.895000
9.980000 5583.687500
9.990000 5311.635000
10.000000 5343.380000
10.010000 5327.537500
10.020000 5601.327500
10.030000 5529.040000
10.040000 5189.712500
10.050000 5075.880000
10.060000 5332.825000
10.070000 5528.907500
10.080000 5321.967500
10.090000 5181.607500
10.100000 5108.117500
10.110000 5413.895000
10.120000 5159.802500
10.130000 5138.455000
10.140000 5170.642500
10.150000 5362.862500
10.160000 5348.425000
10.170000 5420.737500
10.180000 5397.485000
10.190000 5327.305000
10.200000 5188.277500
10.210000 5095.525000
10.220000 5111.715000
10.230000 5060.047500
10.240000 4958.235000
10.250000 5012.070000
10.260000 4996.912500
10.270000 4956.650000
10.280000 5222.420000
10.290000 5456.135000
10.300000 5158.145000
10.310000 4911.485000
10.320000 5248.232500
10.330000 5145.772500
10.340000 4895.207500
10.350000 5048.847500
10.360000 5091.667500
10.370000 5016.645000
10.380000 5224.465000
10.390000 5207.162500
10.400000 5083.417500
10.410000 4781.692500
10.420000 4918.540000
10.430000 5335.770000
10.440000 5224.215000
10.450000 5121.602500
10.460000 5015.142500
10.470000 5091.242500
10.480000 5096.805000
10.490000 5098.270000
10.500000 5106.585000
10.510000 5226.522500
10.520000 5120.822500
10.530000 5272.705000
10.540000 5116.615000
10.550000 5123.275000
10.560000 4999.192500
10.570000 5223.115000
10.580000 4939.350000
10.590000 4833.332500
10.600000 4948.610000
10.610000 5053.585000
10.620000 5068.632500
10.630000 4901.550000
10.640000 4900.662500
10.650000 5042.965000
10.660000 4963.687500
10.670000 4899.882500
10.680000 5004.372500
10.690000 4854.357500
10.700000 4567.535000
10.710000 4677.910000
10.720000 4723.095000
10.730000 4766.047500
10.740000 4937.207500
10.750000 4911.882500
10.760000 4871.095000
10.770000 4799.545000
10.780000 4914.937500
10.790000 4833.202500
10.800000 4843.822500
10.810000 5053.637500
10.820000 4842.355000
10.830000 4613.410000
10.840000 4793.852500
10.850000 4847.567500
10.860000 4779.842500
10.870000 4705.000000
10.880000 4771.960000
10.890000 4849.570000
10.900000 4825.552500
10.910000 5060.140000
10.920000 5044.057500
10.930000 4904.350000
10.940000 4744.790000
10.950000 4807.392500
10.960000 4927.560000
10.970000 4808.795000
10.980000 4707.262500
10.990000 4663.082500
11.000000 4541.710000
11.010000 4588.262500
11.020000 4786.282500
11.030000 4762.327500
11.040000 4716.667500
11.050000 4626.860000
11.060000 4661.672500
11.070000 4828.305000
11.080000 4852.737500
11.090000 4755.717500
11.100000 4711.140000
11.110000 4846.072500
11.120000 4878.220000
11.130000 4721.450000
11.140000 4595.417500
11.150000 4637.400000
11.160000 4577.370000
11.170000 4633.137500
11.180000 4600.040000
11.190000 4652.080000
11.200000 4724.400000
11.210000 4792.057500
11.220000 4809.035000
11.230000 4746.955000
11.240000 4774.830000
11.250000 4766.170000
11.260000 4736.412500
11.270000 4728.097500
11.280000 4641.485000
11.290000 4456.395000
11.300000 4468.345000
11.310000 4649.055000
11.320000 4755.912500
11.330000 4718.512500
11.340000 4575.847500
11.350000 4416.507500
11.360000 4256.640000
11.370000 4404.517500
11.380000 4728.555000
11.390000 4578.150000
11.400000 4460.210000
11.410000 4600.015000
11.420000 4547.050000
11.430000 4501.437500
11.440000 4559.655000
11.450000 4637.605000
11.460000 4714.337500
11.470000 4726.965000
11.480000 4687.362500
11.490000 4632.597500
11.500000 4622.885000
11.510000 4570.492500
11.520000 4534.635000
11.530000 4580.072500
11.540000 4751.857500
11.550000 4734.375000
11.560000 4598.907500
11.570000 4571.400000
11.580000 4490.075000
11.590000 4509.627500
11.600000 4551.575000
11.610000 4449.300000
11.620000 4429.855000
11.630000 4438.852500
11.640000 4379.712500
11.650000 4538.712500
11.660000 4618.285000
11.670000 4581.182500
11.680000 4536.250000
11.690000 4578.615000
11.700000 4780.395000
11.710000 4878.830000
11.720000 4664.057500
11.730000 4434.142500
11.740000 4431.767500
11.750000 4413.395000
11.760000 4397.627500
11.770000 4583.642500
11.780000 4773.295000
11.790000 4807.917500
11.800000 4817.432500
11.810000 4815.965000
11.820000 4821.627500
11.830000 4772.715000
11.840000 4721.212500
11.850000 4699.115000
11.860000 4760.410000
11.870000 4794.817500
11.880000 4881.217500
11.890000 5012.455000
11.900000 5104.855000
11.910000 5241.805000
11.920000 5299.992500
11.930000 5316.667500
11.940000 5304.270000
11.950000 5456.322500
11.960000 5666.005000
11.970000 5879.880000
11.980000 6086.812500
11.990000 6335.502500
12.000000 6546.485000
12.010000 6593.350000
12.020000 6951.002500
12.030000 7150.635000
12.040000 7442.545000
12.050000 8275.500000
12.060000 9042.882500
12.070000 9766.505000
12.080000 10650.415000
12.090000 11321.795000
12.100000 11879.865000
12.110000 12653.677500
12.120000 13324.370000
12.130000 14028.955000
12.140000 14587.922500
12.150000 15146.322500
12.160000 15719.430000
12.170000 16130.270000
12.180000 16184.522500
12.190000 15954.872500
12.200000 15337.462500
12.210000 14143.350000
12.220000 13336.590000
12.230000 12823.325000
12.240000 12074.030000
12.250000 11193.715000
12.260000 10135.472500
12.270000 9312.217500
12.280000 8536.675000
12.290000 7681.317500
12.300000 7093.112500
12.310000 6824.392500
12.320000 6661.132500
12.330000 6474.650000
12.340000 6042.992500
12.350000 5609.337500
12.360000 5400.017500
12.370000 5179.650000
12.380000 5067.740000
12.390000 5126.942500
12.400000 5203.042500
12.410000 5183.045000
12.420000 5004.725000
12.430000 4914.455000
12.440000 4754.685000
12.450000 4803.317500
12.460000 4913.897500
12.470000 4730.030000
12.480000 4718.425000
12.490000 4714.877500
12.500000 4715.230000
12.510000 4622.212500
12.520000 4441.932500
12.530000 4423.845000
12.540000 4464.975000
12.550000 4348.027500
12.560000 4399.480000
12.570000 4435.167500
12.580000 4351.987500
12.590000 4421.662500
12.600000 4544.285000
12.610000 4380.530000
12.620000 4290.295000
12.630000 4280.907500
12.640000 4324.700000
12.650000 4253.767500
12.660000 4248.947500
12.670000 4102.997500
12.680000 4114.300000
12.690000 4163.592500
12.700000 4135.862500
12.710000 4014.167500
12.720000 4178.062500
12.730000 4128.780000
12.740000 3853.937500
12.750000 4014.847500
12.760000 4205.212500
12.770000 4169.090000
12.780000 4150.167500
12.790000 4144.115000
12.800000 4083.175000
12.810000 4061.157500
12.820000 4016.745000
12.830000 3830.900000
12.840000 3771.662500
12.850000 3880.317500
12.860000 3954.490000
12.870000 4020.295000
12.880000 4003.987500
12.890000 4100.000000
12.900000 4073.440000
12.910000 3963.840000
12.920000 3931.425000
12.930000 4113.557500
12.940000 4132.792500
12.950000 4111.262500
12.960000 3983.915000
12.970000 3881.455000
12.980000 3850.717500
12.990000 3896.427500
13.000000 4084.322500
13.010000 4175.850000
13.020000 4150.892500
13.030000 4088.957500
13.040000 3956.375000
13.050000 3959.880000
13.060000 4059.615000
13.070000 3964.992500
13.080000 4046.045000
13.090000 3890.427500
13.100000 4055.482500
13.110000 4186.127500
13.120000 4117.672500
13.130000 4146.307500
13.140000 4119.137500
13.150000 3991.462500
13.160000 3915.892500
13.170000 3945.965000
13.180000 4111.897500
13.190000 4146.565000
13.200000 4040.625000
13.210000 3906.615000
13.220000 3971.000000
13.230000 4084.767500
13.240000 4009.240000
13.250000 3920.962500
13.260000 3946.132500
13.270000 3981.215000
13.280000 3966.582500
13.290000 4010.650000
13.300000 4179.295000
13.310000 4041.925000
13.320000 3956.427500
13.330000 3884.330000
13.340000 3772.467500
13.350000 3836.717500
13.360000 3886.062500
13.370000 3843.642500
13.380000 3881.402500
13.390000 3940.467500
13.400000 3848.357500
13.410000 3987.210000
13.420000 3924.290000
13.430000 3955.675000
13.440000 3907.395000
13.450000 3689.910000
13.460000 3784.212500
13.470000 3982.900000
13.480000 4094.572500
13.490000 3910.052500
13.500000 4054.110000
13.510000 4065.285000
13.520000 4223.792500
13.530000 3982.532500
13.540000 3755.172500
13.550000 3661.487500
13.560000 3819.652500
13.570000 3746.315000
13.580000 3715.447500
13.590000 3908.332500
13.600000 3916.605000
13.610000 3976.247500
13.620000 4031.280000
13.630000 3795.700000
13.640000 3746.707500
13.650000 3833.832500
13.660000 3508.810000
13.670000 3549.762500
13.680000 3901.242500
13.690000 4001.367500
13.700000 3886.330000
13.710000 3712.562500
13.720000 3834.205000
13.730000 3642.257500
13.740000 3797.077500
13.750000 3745.695000
13.760000 3628.325000
13.770000 3920.740000
13.780000 3890.155000
13.790000 3826.345000
13.800000 3788.620000
13.810000 3992.892500
13.820000 4011.922500
13.830000 3847.625000
13.840000 3820.812500
13.850000 3982.867500
13.860000 3993.855000
13.870000 3821.147500
13.880000 3808.895000
13.890000 3847.020000
13.900000 3810.692500
13.910000 3966.667500
13.920000 3958.150000
13.930000 3892.692500
13.940000 3816.655000
13.950000 3894.320000
13.960000 3788.565000
13.970000 3985.342500
13.980000 4032.962500
13.990000 3921.632500
14.000000 3931.052500
14.010000 4124.567500
14.020000 4072.077500
14.030000 4119.022500
14.040000 4175.832500
14.050000 4083.342500
14.060000 4223.665000
14.070000 4376.432500
14.080000 4256.642500
14.090000 4189.267500
14.100000 4250.897500
14.110000 4392.957500
14.120000 4479.007500
14.130000 4571.255000
14.140000 4572.117500
14.150000 4850.317500
14.160000 5146.510000
14.170000 5380.635000
14.180000 5823.902500
14.190000 5586.292500
14.200000 5504.627500
14.210000 5885.680000
14.220000 6309.487500
14.230000 6574.125000
14.240000 6786.552500
14.250000 6677.005000
14.260000 6856.802500
14.270000 6823.625000
14.280000 6639.450000
14.290000 6618.842500
14.300000 6638.815000
14.310000 6564.960000
14.320000 6071.070000
14.330000 5815.397500
14.340000 5503.455000
14.350000 5327.335000
14.360000 5080.545000
14.370000 5329.487500
14.380000 5054.915000
14.390000 4777.362500
14.400000 4479.252500
14.410000 4421.010000
14.420000 4374.465000
14.430000 4470.275000
14.440000 4295.020000
14.450000 4445.415000
14.460000 4119.945000
14.470000 4046.592500
14.480000 4123.560000
14.490000 4097.197500
14.500000 4059.992500
14.510000 4225.390000
14.520000 4076.477500
14.530000 3956.652500
14.540000 4098.245000
14.550000 4388.545000
14.560000 4308.390000
14.570000 3961.980000
14.580000 4045.540000
14.590000 4132.315000
14.600000 4110.947500
14.610000 4178.767500
14.620000 4266.565000
14.630000 4042.820000
14.640000 4078.862500
14.650000 4190.350000
14.660000 4150.000000
14.670000 4153.572500
14.680000 4277.030000
14.690000 4350.637500
14.700000 4376.402500
14.710000 4436.712500
14.720000 4586.135000
14.730000 4716.180000
14.740000 4695.267500
14.750000 4893.317500
14.760000 4996.042500
14.770000 5287.835000
14.780000 5615.567500
14.790000 5526.837500
14.800000 5703.980000
14.810000 6145.612500
14.820000 6669.525000
14.830000 7142.345000
14.840000 7292.855000
14.850000 7683.977500
14.860000 8100.017500
14.870000 8416.215000
14.880000 8599.465000
14.890000 8799.120000
14.900000 8932.550000
14.910000 8891.972500
14.920000 8437.387500
14.930000 8020.967500
14.940000 7827.262500
14.950000 7528.982500
14.960000 7352.582500
14.970000 7063.067500
14.980000 6329.795000
14.990000 6046.937500
15.000000 5796.827500
15.010000 5384.212500
15.020000 5431.957500
15.030000 5124.597500
15.040000 4857.067500
15.050000 4939.102500
15.060000 4577.702500
15.070000 4372.845000
15.080000 4100.562500
15.090000 3898.427500
15.100000 4124.810000
15.110000 4261.770000
15.120000 3962.087500
15.130000 3958.002500
15.140000 4046.235000
15.150000 3938.295000
15.160000 3758.062500
15.170000 3829.547500
15.180000 3936.590000
15.190000 3870.290000
15.200000 3819.155000
15.210000 4030.147500
15.220000 3820.617500
15.230000 3997.517500
15.240000 3819.437500
15.250000 3776.897500
15.260000 3900.547500
15.270000 3829.985000
15.280000 3723.302500
15.290000 3849.452500
15.300000 3866.132500
15.310000 3851.092500
15.320000 3694.495000
15.330000 3683.332500
15.340000 3846.112500
15.350000 3742.240000
15.360000 3617.417500
15.370000 3639.197500
15.380000 3549.217500
15.390000 3587.820000
15.400000 3376.615000
15.410000 3473.362500
15.420000 3667.097500
15.430000 3515.142500
15.440000 3477.100000
15.450000 3505.485000
15.460000 3500.722500
15.470000 3575.980000
15.480000 3704.715000
15.490000 3451.557500
15.500000 3508.192500
15.510000 3826.265000
15.520000 3745.240000
15.530000 3492.442500
15.540000 3556.860000
15.550000 3799.307500
15.560000 3600.212500
15.570000 3582.480000
15.580000 3710.317500
15.590000 3717.542500
15.600000 3686.880000
15.610000 3661.030000
15.620000 3591.525000
15.630000 3679.685000
15.640000 3654.665000
15.650000 3827.325000
15.660000 3643.442500
15.670000 3557.742500
15.680000 3623.540000
15.690000 3449.770000
15.700000 3703.580000
15.710000 3785.585000
15.720000 3747.817500
15.730000 3632.217500
15.740000 3529.245000
15.750000 3393.012500
15.760000 3498.460000
15.770000 3610.927500
15.780000 3567.085000
15.790000 3681.210000
15.800000 3822.682500
15.810000 3711.970000
15.820000 3598.145000
15.830000 3533.055000
15.840000 3474.802500
15.850000 3717.262500
15.860000 3643.955000
15.870000 3603.587500
15.880000 3614.252500
15.890000 3652.240000
15.900000 3587.300000
15.910000 3532.447500
15.920000 3560.405000
15.930000 3545.457500
15.940000 3584.017500
15.950000 3669.185000
15.960000 3627.045000
15.970000 3609.642500
15.980000 3657.427500
15.990000 3701.677500
16.000000 3624.440000
16.010000 3761.892500
16.020000 3554.727500
16.030000 3605.740000
16.040000 3527.750000
16.050000 3334.950000
16.060000 3521.575000
16.070000 3663.450000
16.080000 3614.312500
16.090000 3531.090000
16.100000 3399.710000
16.110000 3484.900000
16.120000 3583.767500
16.130000 3620.540000
16.140000 3618.165000
16.150000 3548.420000
16.160000 3717.300000
16.170000 3656.295000
16.180000 3612.957500
16.190000 3594.772500
16.200000 3422.425000
16.210000 3450.920000
16.220000 3554.387500
16.230000 3581.737500
16.240000 3670.770000
16.250000 3463.360000
16.260000 3428.445000
16.270000 3386.482500
16.280000 3461.867500
16.290000 3496.675000
16.300000 3593.245000
16.310000 3649.915000
16.320000 3499.005000
16.330000 3769.842500
16.340000 4002.192500
16.350000 3876.512500
16.360000 3582.707500
16.370000 3720.787500
16.380000 3814.442500
16.390000 3759.370000
16.400000 3597.517500
16.410000 3486.377500
16.420000 3590.750000
16.430000 3488.080000
16.440000 3528.110000
16.450000 3569.495000
16.460000 3613.927500
16.470000 3540.797500
16.480000 3516.667500
16.490000 3755.527500
16.500000 3625.205000
16.510000 3643.877500
16.520000 3596.005000
16.530000 3799.455000
16.540000 3809.045000
16.550000 3753.315000
16.560000 3741.667500
16.570000 3888.190000
16.580000 3984.212500
16.590000 3879.362500
16.600000 3778.280000
16.610000 3802.630000
16.620000 3690.315000
16.630000 3568.007500
16.640000 3510.185000
16.650000 3506.285000
16.660000 3684.047500
16.670000 3860.702500
16.680000 3874.982500
16.690000 3916.617500
16.700000 3802.430000
16.710000 3826.787500
16.720000 3930.762500
16.730000 3921.120000
16.740000 3728.775000
16.750000 3784.110000
16.760000 3948.417500
16.770000 3942.382500
16.780000 3820.450000
16.790000 3832.450000
16.800000 4033.877500
16.810000 3959.267500
16.820000 3871.682500
16.830000 4022.982500
16.840000 4138.122500
16.850000 4024.630000
16.860000 3932.530000
16.870000 3892.440000
16.880000 3919.612500
16.890000 3909.187500
16.900000 4002.440000
16.910000 4095.807500
16.920000 4164.710000
16.930000 4117.387500
16.940000 4271.212500
16.950000 4269.972500
16.960000 4301.310000
16.970000 4319.045000
16.980000 4435.545000
16.990000 4471.465000
17.000000 4478.512500
17.010000 4595.687500
17.020000 4818.760000
17.030000 4897.560000
17.040000 5041.187500
17.050000 5223.327500
17.060000 5403.975000
17.070000 5727.545000
17.080000 6122.097500
17.090000 6649.920000
17.100000 6941.442500
17.110000 7264.830000
17.120000 7615.410000
17.130000 7977.300000
17.140000 8322.937500
17.150000 8748.215000
17.160000 9427.502500
17.170000 10023.267500
17.180000 10143.142500
17.190000 10314.142500
17.200000 10783.345000
17.210000 10724.157500
17.220000 10445.620000
17.230000 10298.367500
17.240000 10306.437500
17.250000 10154.850000
17.260000 9661.692500
17.270000 9042.782500
17.280000 8542.647500
17.290000 7960.710000
17.300000 7474.522500
17.310000 7134.017500
17.320000 6730.815000
17.330000 6203.055000
17.340000 5916.182500
17.350000 5738.497500
17.360000 5508.117500
17.370000 5108.487500
17.380000 4833.597500
17.390000 4703.067500
17.400000 4639.050000
17.410000 4481.647500
17.420000 4402.830000
17.430000 4306.602500
17.440000 4159.617500
17.450000 4113.807500
17.460000 4340.715000
17.470000 4534.700000
17.480000 4357.195000
17.490000 4181.877500
17.500000 4052.340000
17.510000 3940.425000
17.520000 4113.767500
17.530000 4187.225000
17.540000 3999.677500
17.550000 4107.285000
17.560000 4114.685000
17.570000 4026.187500
17.580000 3938.807500
17.590000 3857.292500
17.600000 3854.647500
17.610000 3951.772500
17.620000 4037.167500
17.630000 4079.532500
17.640000 4049.345000
17.650000 3924.667500
17.660000 3803.412500
17.670000 3740.360000
17.680000 3798.527500
17.690000 3810.212500
17.700000 3791.667500
17.710000 3833.452500
17.720000 4087.740000
17.730000 4105.302500
17.740000 3934.635000
17.750000 3786.852500
17.760000 3878.252500
17.770000 3842.677500
17.780000 3756.352500
17.790000 3595.582500
17.800000 3669.547500
17.810000 3985.262500
17.820000 4024.527500
17.830000 3833.820000
17.840000 3821.400000
17.850000 3887.030000
17.860000 3803.457500
17.870000 3838.030000
17.880000 3869.625000
17.890000 3753.992500
17.900000 3676.535000
17.910000 3691.837500
17.920000 3818.880000
17.930000 3851.542500
17.940000 3880.067500
17.950000 3966.635000
17.960000 3880.300000
17.970000 3750.217500
17.980000 3786.230000
17.990000 3828.372500
18.000000 3735.895000
18.010000 3689.822500
18.020000 3616.160000
18.030000 3686.317500
18.040000 3794.652500
18.050000 3754.390000
18.060000 3746.035000
18.070000 3717.812500
18.080000 3917.395000
18.090000 4034.662500
18.100000 3868.837500
18.110000 3818.637500
18.120000 3825.802500
18.130000 3760.030000
18.140000 3778.032500
18.150000 3802.230000
18.160000 3892.525000
18.170000 3952.285000
18.180000 4099.555000
18.190000 4192.790000
18.200000 4051.077500
18.210000 3829.890000
18.220000 3704.845000
18.230000 3773.372500
18.240000 3917.345000
18.250000 4041.090000
18.260000 4068.107500
18.270000 3908.920000
18.280000 3856.322500
18.290000 3965.582500
18.300000 3969.912500
18.310000 3952.000000
18.320000 3896.805000
18.330000 3916.042500
18.340000 4072.427500
18.350000 4154.630000
18.360000 4056.662500
18.370000 3975.000000
18.380000 4053.260000
18.390000 3969.642500
18.400000 3703.260000
18.410000 3688.595000
18.420000 3848.082500
18.430000 3885.540000
18.440000 4062.310000
18.450000 4356.687500
18.460000 4271.790000
18.470000 4094.765000
18.480000 4137.505000
18.490000 4241.902500
18.500000 4183.750000
18.510000 4172.445000
18.520000 4268.540000
18.530000 4398.945000
18.540000 4505.050000
18.550000 4619.070000
18.560000 4726.107500
18.570000 4786.012500
18.580000 4798.445000
18.590000 4814.752500
18.600000 4991.062500
18.610000 5077.072500
18.620000 5186.560000
18.630000 5544.527500
18.640000 5671.282500
18.650000 5739.660000
18.660000 6123.650000
18.670000 6562.640000
18.680000 7018.970000
18.690000 7374.905000
18.700000 7522.527500
18.710000 7846.952500
18.720000 8349.322500
18.730000 8527.757500
18.740000 8616.200000
18.750000 8822.937500
18.760000 8895.732500
18.770000 8985.387500
18.780000 8790.157500
18.790000 8410.597500
18.800000 8177.075000
18.810000 7906.332500
18.820000 7581.122500
18.830000 7383.167500
18.840000 6988.695000
18.850000 6578.947500
18.860000 6520.755000
18.870000 6404.000000
18.880000 6025.087500
18.890000 5587.865000
18.900000 5358.665000
18.910000 5130.162500
18.920000 4987.392500
18.930000 4954.650000
18.940000 4801.365000
18.950000 4745.040000
18.960000 4861.457500
18.970000 4888.202500
18.980000 4760.237500
18.990000 4654.452500
19.000000 4702.615000
19.010000 4770.722500
19.020000 4726.445000
19.030000 4703.265000
19.040000 4801.832500
19.050000 4895.105000
19.060000 4984.880000
19.070000 5070.345000
19.080000 5127.285000
19.090000 5238.797500
19.100000 5344.142500
19.110000 5554.067500
19.120000 5824.872500
19.130000 6023.420000
19.140000 6200.847500
19.150000 6345.407500
19.160000 6441.190000
19.170000 6618.575000
19.180000 6992.200000
19.190000 7375.667500
19.200000 7707.442500
19.210000 7877.770000
19.220000 8163.757500
19.230000 8342.810000
19.240000 8122.755000
19.250000 8129.682500
19.260000 8122.452500
19.270000 8121.480000
19.280000 8199.092500
19.290000 7962.447500
19.300000 7601.742500
19.310000 7271.557500
19.320000 7139.352500
19.330000 6949.995000
19.340000 6477.857500
19.350000 6089.655000
19.360000 5986.560000
19.370000 5901.182500
19.380000 5725.510000
19.390000 5527.250000
19.400000 5256.877500
19.410000 5012.055000
19.420000 4879.237500
19.430000 4645.327500
19.440000 4677.607500
19.450000 4831.427500
19.460000 4695.365000
19.470000 4474.285000
19.480000 4427.005000
19.490000 4488.797500
19.500000 4573.420000
19.510000 4546.357500
19.520000 4516.235000
19.530000 4399.955000
19.540000 4309.752500
19.550000 4365.815000
19.560000 4458.747500
19.570000 4507.035000
19.580000 4415.220000
19.590000 4299.962500
19.600000 4313.062500
19.610000 4339.392500
19.620000 4281.007500
19.630000 4241.852500
19.640000 4151.742500
19.650000 4297.320000
19.660000 4462.685000
19.670000 4197.715000
19.680000 4249.390000
19.690000 4540.105000
19.700000 4463.725000
19.710000 4234.072500
19.720000 4230.547500
19.730000 4278.297500
19.740000 4382.712500
19.750000 4327.287500
19.760000 4317.750000
19.770000 4404.437500
19.780000 4335.005000
19.790000 4127.572500
19.800000 4090.152500
19.810000 4134.022500
19.820000 4196.910000
19.830000 4274.235000
19.840000 4341.440000
19.850000 4394.192500
19.860000 4457.890000
19.870000 4356.492500
19.880000 4316.667500
19.890000 4309.987500
19.900000 4230.035000
19.910000 4171.535000
19.920000 4241.667500
19.930000 4195.350000
19.940000 4191.010000
19.950000 4271.910000
19.960000 4241.667500
19.970000 4176.122500
19.980000 4173.085000
19.990000 4259.765000
20.000000 4138.810000
20.010000 4163.520000
20.020000 4295.340000
20.030000 4386.052500
20.040000 4403.775000
20.050000 4405.842500
20.060000 4409.590000
20.070000 4377.532500
20.080000 4462.605000
20.090000 4476.752500
20.100000 4320.210000
20.110000 4248.825000
20.120000 4296.567500
20.130000 4409.462500
20.140000 4456.465000
20.150000 4429.862500
20.160000 4425.247500
20.170000 4583.355000
20.180000 4537.392500
20.190000 4581.350000
20.200000 4540.697500
20.210000 4537.372500
20.220000 4564.505000
20.230000 4559.610000
20.240000 4462.712500
20.250000 4320.227500
20.260000 4283.332500
20.270000 4350.385000
20.280000 4451.465000
20.290000 4397.705000
20.300000 4407.477500
20.310000 4429.875000
20.320000 4294.677500
20.330000 4381.072500
20.340000 4617.850000
20.350000 4666.815000
20.360000 4500.055000
20.370000 4575.000000
20.380000 4521.627500
20.390000 4448.662500
20.400000 4500.517500
20.410000 4499.010000
20.420000 4516.567500
20.430000 4540.990000
20.440000 4393.302500
20.450000 4408.260000
20.460000 4551.535000
20.470000 4631.157500
20.480000 4548.482500
20.490000 4480.070000
20.500000 4701.402500
20.510000 4579.102500
20.520000 4511.695000
20.530000 4490.070000
20.540000 4414.850000
20.550000 4537.092500
20.560000 4630.662500
20.570000 4675.560000
20.580000 4775.472500
20.590000 4925.960000
20.600000 4979.570000
20.610000 4735.972500
20.620000 4730.695000
20.630000 4802.772500
20.640000 4747.295000
20.650000 4669.397500
20.660000 4647.530000
20.670000 4585.845000
20.680000 4696.547500
20.690000 4830.227500
20.700000 4880.460000
20.710000 4880.777500
20.720000 4874.622500
20.730000 4900.210000
20.740000 4845.527500
20.750000 4801.677500
20.760000 4875.000000
20.770000 4909.825000
20.780000 4967.305000
20.790000 4917.347500
20.800000 4878.020000
20.810000 4917.015000
20.820000 5001.215000
20.830000 4923.645000
20.840000 4916.607500
20.850000 5051.212500
20.860000 5069.122500
20.870000 4983.332500
20.880000 4957.335000
20.890000 4982.962500
20.900000 5239.060000
20.910000 5443.832500
20.920000 5546.810000
20.930000 5540.385000
20.940000 5543.467500
20.950000 5623.817500
20.960000 5685.042500
20.970000 6094.162500
20.980000 6616.315000
20.990000 6893.420000
21.000000 6977.012500
21.010000 7219.467500
21.020000 7540.842500
21.030000 7780.705000
21.040000 7973.710000
21.050000 8186.500000
21.060000 8292.662500
21.070000 8462.912500
21.080000 8661.150000
21.090000 8834.315000
21.100000 8462.900000
21.110000 8343.080000
21.120000 8378.817500
21.130000 8456.792500
21.140000 8461.450000
21.150000 8058.067500
21.160000 7637.107500
21.170000 7260.137500
21.180000 7030.995000
21.190000 6969.042500
21.200000 6613.417500
21.210000 6226.812500
21.220000 5915.850000
21.230000 5843.632500
21.240000 5830.095000
21.250000 5543.272500
21.260000 5441.347500
21.270000 5298.450000
21.280000 5212.970000
21.290000 5238.870000
21.300000 5344.145000
21.310000 5483.637500
21.320000 5310.850000
21.330000 5207.907500
21.340000 5374.225000
21.350000 5284.157500
21.360000 5126.442500
21.370000 5195.310000
21.380000 5220.752500
21.390000 5099.050000
21.400000 5025.820000
21.410000 5094.850000
21.420000 4997.782500
21.430000 5041.235000
21.440000 4871.987500
21.450000 4777.850000
21.460000 4949.147500
21.470000 5001.347500
21.480000 5052.145000
21.490000 5279.692500
21.500000 5133.805000
21.510000 4979.925000
21.520000 4935.327500
21.530000 5121.220000
21.540000 5179.745000
21.550000 5233.130000
21.560000 5157.272500
21.570000 4976.520000
21.580000 4938.300000
21.590000 5150.575000
21.600000 5276.892500
21.610000 5143.422500
21.620000 4945.825000
21.630000 5024.875000
21.640000 5297.925000
21.650000 5254.460000
21.660000 5160.210000
21.670000 5192.022500
21.680000 5128.950000
21.690000 5201.352500
21.700000 5255.457500
21.710000 5053.152500
21.720000 4957.577500
21.730000 5045.415000
21.740000 5085.340000
21.750000 5091.667500
21.760000 5075.717500
21.770000 5058.782500
21.780000 5158.745000
21.790000 5172.812500
21.800000 5284.262500
21.810000 5245.097500
21.820000 5207.125000
21.830000 4905.752500
21.840000 4807.087500
21.850000 5102.225000
21.860000 5228.735000
21.870000 5094.212500
21.880000 5148.760000
21.890000 5151.010000
21.900000 5219.130000
21.910000 5084.862500
21.920000 5188.217500
21.930000 5220.160000
21.940000 5206.880000
21.950000 5305.455000
21.960000 5281.565000
21.970000 5346.322500
21.980000 5362.080000
21.990000 5282.287500
22.000000 5374.012500
22.010000 5370.725000
22.020000 5297.660000
22.030000 5386.532500
22.040000 5340.917500
22.050000 5447.510000
22.060000 5471.235000
22.070000 5742.977500
22.080000 5880.372500
22.090000 5728.330000
22.100000 5470.532500
22.110000 5652.457500
22.120000 5776.222500
22.130000 5632.007500
22.140000 5682.772500
22.150000 5813.262500
22.160000 6057.100000
22.170000 6481.670000
22.180000 6632.267500
22.190000 6529.130000
22.200000 6680.930000
22.210000 6875.852500
22.220000 7107.745000
22.230000 7459.505000
22.240000 7838.452500
22.250000 8029.032500
22.260000 8733.537500
22.270000 9406.565000
22.280000 9717.372500
22.290000 10402.537500
22.300000 10899.082500
22.310000 11808.645000
22.320000 12576.462500
22.330000 13093.935000
22.340000 13898.457500
22.350000 14396.465000
22.360000 14753.432500
22.370000 15331.642500
22.380000 15460.180000
22.390000 15342.432500
22.400000 15491.967500
22.410000 15217.777500
22.420000 15073.360000
22.430000 14139.167500
22.440000 13431.820000
22.450000 12785.025000
22.460000 12112.700000
22.470000 11541.120000
22.480000 10668.457500
22.490000 9628.105000
22.500000 9015.047500
22.510000 8635.795000
22.520000 8184.927500
22.530000 7580.037500
22.540000 7372.015000
22.550000 7255.782500
22.560000 6718.212500
22.570000 6419.615000
22.580000 6427.462500
22.590000 6388.310000
22.600000 6288.222500
22.610000 6031.530000
22.620000 5817.785000
22.630000 5810.630000
22.640000 5890.170000
22.650000 5635.970000
22.660000 5631.022500
22.670000 5767.080000
22.680000 5890.260000
22.690000 5862.340000
22.700000 5716.530000
22.710000 5454.230000
22.720000 5188.857500
22.730000 5263.417500
22.740000 5498.630000
22.750000 5472.587500
22.760000 5346.512500
22.770000 5236.462500
22.780000 5427.687500
22.790000 5388.137500
22.800000 5114.995000
22.810000 5189.782500
22.820000 5373.600000
22.830000 5187.347500
22.840000 4995.285000
22.850000 5275.522500
22.860000 5261.837500
22.870000 5377.980000
22.880000 5147.415000
22.890000 5013.565000
22.900000 4854.520000
22.910000 4845.985000
22.920000 4938.072500
22.930000 5070.865000
22.940000 5132.937500
22.950000 5114.360000
22.960000 5274.375000
22.970000 5140.587500
22.980000 4975.910000
22.990000 5154.312500
23.000000 5068.450000
23.010000 5250.900000
23.020000 5085.552500
23.030000 4950.000000
23.040000 4927.447500
23.050000 4847.170000
23.060000 5213.882500
23.070000 5357.917500
23.080000 5091.860000
23.090000 5041.667500
23.100000 5032.457500
23.110000 4992.175000
23.120000 5078.357500
23.130000 4931.467500
23.140000 4844.122500
23.150000 4708.970000
23.160000 4800.125000
23.170000 4960.090000
23.180000 4604.907500
23.190000 4735.565000
23.200000 5020.635000
23.210000 4996.010000
23.220000 5045.515000
23.230000 5182.260000
23.240000 5177.135000
23.250000 5190.605000
23.260000 5180.165000
23.270000 5177.237500
23.280000 5311.465000
23.290000 5343.717500
23.300000 5390.855000
23.310000 5204.227500
23.320000 5177.042500
23.330000 5196.740000
23.340000 5236.360000
23.350000 5249.305000
23.360000 5169.372500
23.370000 5090.460000
23.380000 5258.782500
23.390000 5165.710000
23.400000 4893.725000
23.410000 4797.855000
23.420000 4945.860000
23.430000 5219.945000
23.440000 5084.347500
23.450000 4863.565000
23.460000 5079.345000
23.470000 4891.472500
23.480000 4699.085000
23.490000 4744.510000
23.500000 4688.275000
23.510000 5137.882500
23.520000 5127.082500
23.530000 4747.705000
23.540000 4866.667500
23.550000 4854.252500
23.560000 4778.190000
23.570000 5000.037500
23.580000 4866.157500
23.590000 4931.605000
23.600000 4900.367500
23.610000 4794.975000
23.620000 5092.122500
23.630000 4872.477500
23.640000 4851.670000
23.650000 4854.230000
23.660000 4751.547500
23.670000 4849.025000
23.680000 4906.112500
23.690000 4820.425000
23.700000 4913.322500
23.710000 4740.100000
23.720000 4913.317500
23.730000 5200.000000
23.740000 5163.452500
23.750000 4804.475000
23.760000 4768.965000
23.770000 4790.145000
23.780000 4777.265000
23.790000 4796.255000
23.800000 4764.280000
23.810000 4841.230000
23.820000 4998.815000
23.830000 4906.537500
23.840000 4973.557500
23.850000 4949.037500
23.860000 4835.102500
23.870000 4694.002500
23.880000 4878.357500
23.890000 4640.975000
23.900000 4658.057500
23.910000 4943.550000
23.920000 5024.557500
23.930000 4650.375000
23.940000 4749.335000
23.950000 4745.617500
23.960000 4783.830000
23.970000 4701.377500
23.980000 4803.190000
23.990000 4662.025000
24.000000 4903.290000
24.010000 4819.167500
24.020000 4569.537500
24.030000 4926.487500
24.040000 5044.527500
24.050000 4971.987500
24.060000 4939.302500
24.070000 5014.300000
24.080000 4975.717500
24.090000 4872.100000
24.100000 4839.080000
24.110000 4925.202500
24.120000 5036.032500
24.130000 4947.732500
24.140000 4805.525000
24.150000 4895.910000
24.160000 5096.110000
24.170000 5378.570000
24.180000 5066.137500
24.190000 5076.172500
24.200000 5339.070000
24.210000 5301.540000
24.220000 5330.080000
24.230000 5398.282500
24.240000 5237.192500
24.250000 5179.445000
24.260000 5399.370000
24.270000 5671.305000
24.280000 5863.385000
24.290000 5560.090000
24.300000 6016.685000
24.310000 6152.832500
24.320000 6082.792500
24.330000 6517.282500
24.340000 6657.765000
24.350000 6373.132500
24.360000 6783.047500
24.370000 6634.787500
24.380000 6825.907500
24.390000 7000.000000
24.400000 6992.637500
24.410000 6848.385000
24.420000 6815.472500
24.430000 6797.950000
24.440000 6900.992500
24.450000 6391.917500
24.460000 6037.957500
24.470000 5788.155000
24.480000 5887.282500
24.490000 5789.867500
24.500000 5734.400000
24.510000 5394.505000
24.520000 5664.090000
24.530000 5971.032500
24.540000 5472.682500
24.550000 5210.445000
24.560000 5052.537500
24.570000 4919.412500
24.580000 5197.510000
24.590000 5135.167500
24.600000 5178.227500
24.610000 5032.227500
24.620000 4774.132500
24.630000 4765.060000
24.640000 5187.485000
24.650000 5067.212500
24.660000 5086.012500
24.670000 5162.727500
24.680000 5040.122500
24.690000 4991.917500
24.700000 4998.520000
24.710000 4947.347500
24.720000 4860.220000
24.730000 4919.240000
24.740000 4716.667500
24.750000 4722.817500
24.760000 4953.642500
24.770000 5090.412500
24.780000 5033.930000
24.790000 4731.740000
24.800000 5011.420000
24.810000 5145.042500
24.820000 5289.115000
24.830000 5175.530000
24.840000 5192.622500
24.850000 4842.332500
24.860000 4881.275000
24.870000 5197.355000
24.880000 5056.230000
24.890000 4943.985000
24.900000 5072.765000
24.910000 4943.277500
24.920000 5044.117500
24.930000 5195.795000
24.940000 4918.087500
24.950000 5016.667500
24.960000 5020.007500
24.970000 5275.307500
24.980000 5301.945000
24.990000 5464.460000
25.000000 5267.447500
25.010000 5342.725000
25.020000 5449.542500
25.030000 5401.627500
25.040000 5590.422500
25.050000 5431.105000
25.060000 5124.175000
25.070000 5000.447500
25.080000 5076.467500
25.090000 5351.685000
25.100000 5708.300000
25.110000 5698.710000
25.120000 5325.000000
25.130000 5325.945000
25.140000 5758.010000
25.150000 5549.755000
25.160000 5283.365000
25.170000 5391.630000
25.180000 5649.752500
25.190000 5441.997500
25.200000 5574.705000
25.210000 5832.597500
25.220000 5700.462500
25.230000 5716.597500
25.240000 5874.252500
25.250000 5982.752500
25.260000 5767.962500
25.270000 5874.285000
25.280000 6148.012500
25.290000 6331.892500
25.300000 6192.867500
25.310000 6340.302500
25.320000 6605.740000
25.330000 6822.757500
25.340000 6602.470000
25.350000 6756.497500
25.360000 7260.455000
25.370000 7332.477500
25.380000 7423.765000
25.390000 8041.197500
25.400000 9018.872500
25.410000 8959.482500
25.420000 9007.535000
25.430000 9885.225000
25.440000 10465.115000
25.450000 10933.355000
25.460000 11178.880000
25.470000 11616.587500
25.480000 11984.455000
25.490000 12538.672500
25.500000 12656.067500
25.510000 13139.417500
25.520000 13427.060000
25.530000 12781.840000
25.540000 13027.100000
25.550000 13139.067500
25.560000 13036.000000
25.570000 12594.685000
25.580000 12201.790000
25.590000 11996.957500
25.600000 11813.297500
25.610000 11014.280000
25.620000 10513.917500
25.630000 11009.817500
25.640000 10669.162500
25.650000 10585.595000
25.660000 10849.872500
25.670000 10914.837500
25.680000 11408.737500
25.690000 11763.587500
25.700000 12403.407500
25.710000 12634.337500
25.720000 13116.400000
25.730000 14444.050000
25.740000 15062.230000
25.750000 16215.705000
25.760000 17213.417500
25.770000 19319.372500
25.780000 21804.720000
25.790000 23470.087500
25.800000 24846.245000
25.810000 26524.097500
25.820000 28942.312500
25.830000 31103.167500
25.840000 32772.742500
25.850000 34389.817500
25.860000 35303.692500
25.870000 36337.917500
25.880000 37060.352500
25.890000 37497.620000
25.900000 37238.247500
25.910000 35905.342500
25.920000 35126.645000
25.930000 33964.240000
25.940000 32130.987500
25.950000 30011.710000
25.960000 27356.655000
25.970000 24920.450000
25.980000 23391.242500
25.990000 21291.880000
26.000000 19460.200000
26.010000 17605.137500
26.020000 16213.685000
26.030000 14721.620000
26.040000 13490.585000
26.050000 12337.687500
26.060000 11652.950000
26.070000 10593.695000
26.080000 9589.655000
26.090000 9250.410000
26.100000 8934.882500
26.110000 8218.112500
26.120000 7971.057500
26.130000 8036.722500
26.140000 7751.815000
26.150000 7318.405000
26.160000 7088.247500
26.170000 7231.377500
26.180000 7108.832500
26.190000 6834.500000
26.200000 6566.945000
26.210000 6596.792500
26.220000 6794.845000
26.230000 6348.795000
26.240000 6129.855000
26.250000 6186.675000
26.260000 6183.892500
26.270000 5981.345000
26.280000 6137.470000
26.290000 6188.795000
26.300000 6044.345000
26.310000 5994.590000
26.320000 6084.592500
26.330000 5867.240000
26.340000 5718.525000
26.350000 5669.690000
26.360000 5728.457500
26.370000 5864.555000
26.380000 5867.285000
26.390000 5874.375000
26.400000 5728.622500
26.410000 5716.667500
26.420000 5616.642500
26.430000 5500.685000
26.440000 5499.350000
26.450000 5553.755000
26.460000 5512.287500
26.470000 5400.962500
26.480000 5414.660000
26.490000 5546.875000
26.500000 5458.825000
26.510000 5182.270000
26.520000 5509.980000
26.530000 5518.747500
26.540000 5302.897500
26.550000 5290.962500
26.560000 5238.292500
26.570000 5195.235000
26.580000 5321.117500
26.590000 5203.965000
26.600000 5328.555000
26.610000 5402.467500
26.620000 5264.027500
26.630000 5341.082500
26.640000 5183.125000
26.650000 5143.925000
26.660000 5240.145000
26.670000 5234.860000
26.680000 5369.512500
26.690000 5458.940000
26.700000 5504.445000
26.710000 5244.057500
26.720000 5012.930000
26.730000 5021.830000
26.740000 5138.040000
26.750000 5150.000000
26.760000 5074.740000
26.770000 5269.740000
26.780000 5126.307500
26.790000 4988.152500
26.800000 5095.102500
26.810000 5213.355000
26.820000 5225.000000
26.830000 5239.982500
26.840000 5009.575000
26.850000 5073.117500
26.860000 5202.965000
26.870000 5059.752500
26.880000 5116.340000
26.890000 5057.840000
26.900000 5325.925000
26.910000 5231.640000
26.920000 5015.580000
26.930000 5103.307500
26.940000 5235.672500
26.950000 5354.060000
26.960000 5359.237500
26.970000 5298.947500
26.980000 5210.065000
26.990000 5111.040000
27.000000 5181.492500
27.010000 5125.035000
27.020000 5146.262500
27.030000 5186.970000
27.040000 5095.610000
27.050000 5142.405000
27.060000 5216.412500
27.070000 5166.005000
27.080000 4981.467500
27.090000 5002.520000
27.100000 5111.370000
27.110000 4970.550000
27.120000 4994.100000
27.130000 5161.592500
27.140000 5374.177500
27.150000 5157.935000
27.160000 5103.007500
27.170000 5070.697500
27.180000 5257.005000
27.190000 5546.705000
27.200000 5342.070000
27.210000 5359.477500
27.220000 5271.750000
27.230000 5170.777500
27.240000 5274.997500
27.250000 5255.232500
27.260000 5104.362500
27.270000 5265.257500
27.280000 5197.130000
27.290000 5226.937500
27.300000 5167.972500
27.310000 4969.637500
27.320000 5434.850000
27.330000 5501.085000
27.340000 5427.570000
27.350000 5300.857500
27.360000 5145.900000
27.370000 5226.197500
27.380000 5241.667500
27.390000 5010.667500
27.400000 5090.422500
27.410000 5122.752500
27.420000 5369.942500
27.430000 5408.332500
27.440000 5120.552500
27.450000 4880.877500
27.460000 5079.915000
27.470000 5159.747500
27.480000 5288.645000
27.490000 5136.245000
27.500000 4886.202500
27.510000 4943.087500
27.520000 5137.227500
27.530000 5088.005000
27.540000 5053.562500
27.550000 5207.107500
27.560000 5240.470000
27.570000 4935.007500
27.580000 4968.855000
27.590000 5218.357500
27.600000 5051.937500
27.610000 4902.870000
27.620000 4954.407500
27.630000 4945.357500
27.640000 5175.895000
27.650000 5174.110000
27.660000 5301.342500
27.670000 5325.000000
27.680000 5310.842500
27.690000 4905.135000
27.700000 4783.852500
27.710000 5099.945000
27.720000 5377.167500
27.730000 5395.502500
27.740000 4940.495000
27.750000 5090.810000
27.760000 5006.615000
27.770000 5187.350000
27.780000 5210.940000
27.790000 5327.765000
27.800000 5181.505000
27.810000 5262.252500
27.820000 5122.080000
27.830000 4937.530000
27.840000 5209.392500
27.850000 5420.590000
27.860000 5359.107500
27.870000 5264.810000
27.880000 5347.750000
27.890000 5464.347500
27.900000 5260.215000
27.910000 5307.245000
27.920000 5311.075000
27.930000 5148.300000
27.940000 5026.275000
27.950000 5029.177500
27.960000 5318.020000
27.970000 5347.245000
27.980000 5577.420000
27.990000 5493.347500
28.000000 5459.742500
28.010000 5340.702500
28.020000 5219.860000
28.030000 5103.262500
28.040000 5387.157500
28.050000 5705.310000
28.060000 5703.170000
28.070000 5498.727500
28.080000 5630.480000
28.090000 5529.045000
28.100000 5616.895000
28.110000 6040.210000
28.120000 5761.070000
28.130000 5799.985000
28.140000 6023.852500
28.150000 6285.937500
28.160000 6401.807500
28.170000 6526.147500
28.180000 6782.485000
28.190000 6758.170000
28.200000 7096.730000
28.210000 7400.170000
28.220000 7872.750000
28.230000 7953.040000
28.240000 8297.255000
28.250000 8830.877500
28.260000 8980.927500
28.270000 9202.297500
28.280000 9596.275000
28.290000 9641.075000
28.300000 9728.255000
28.310000 10041.337500
28.320000 10453.627500
28.330000 10628.052500
28.340000 10480.977500
28.350000 10549.765000
28.360000 10034.897500
28.370000 9496.797500
28.380000 9494.382500
28.390000 9557.087500
28.400000 9142.547500
28.410000 8624.577500
28.420000 8377.105000
28.430000 8019.220000
28.440000 7384.500000
28.450000 7129.255000
28.460000 7126.812500
28.470000 6651.047500
28.480000 6392.767500
28.490000 6224.557500
28.500000 6151.562500
28.510000 6228.497500
28.520000 5956.327500
28.530000 5676.575000
28.540000 5498.370000
28.550000 5633.167500
28.560000 5921.242500
28.570000 5810.422500
28.580000 5946.097500
28.590000 5719.395000
28.600000 5616.820000
28.610000 5774.112500
28.620000 5538.360000
28.630000 5294.507500
28.640000 5283.082500
28.650000 5371.010000
28.660000 5213.275000
28.670000 4981.802500
28.680000 5151.050000
28.690000 5195.147500
28.700000 5178.490000
28.710000 5319.827500
28.720000 5285.972500
28.730000 5115.477500
28.740000 5350.882500
28.750000 5313.415000
28.760000 5211.185000
28.770000 5250.655000
28.780000 5109.480000
28.790000 5053.577500
28.800000 5115.397500
28.810000 5126.797500
28.820000 5059.697500
28.830000 5015.565000
28.840000 5119.182500
28.850000 5208.642500
28.860000 5049.205000
28.870000 5026.025000
28.880000 4844.795000
28.890000 5012.547500
28.900000 5256.767500
28.910000 4925.610000
28.920000 4771.292500
28.930000 4946.172500
28.940000 5019.417500
28.950000 5212.560000
28.960000 5266.667500
28.970000 5156.882500
28.980000 4963.672500
28.990000 4877.977500
29.000000 4924.657500
29.010000 5012.492500
29.020000 5116.972500
29.030000 4980.940000
29.040000 4997.575000
29.050000 4978.150000
29.060000 4928.180000
29.070000 5044.862500
29.080000 5147.382500
29.090000 5160.267500
29.100000 5068.800000
29.110000 5220.600000
29.120000 5198.372500
29.130000 5041.002500
29.140000 5102.015000
29.150000 5273.497500
29.160000 5049.282500
29.170000 5049.365000
29.180000 4979.650000
29.190000 5013.517500
29.200000 4925.435000
29.210000 4910.692500
29.220000 4834.282500
29.230000 4827.330000
29.240000 4972.542500
29.250000 4839.627500
29.260000 4827.560000
29.270000 5037.375000
29.280000 4923.367500
29.290000 4879.272500
29.300000 5065.995000
29.310000 5093.530000
29.320000 5026.732500
29.330000 4970.627500
29.340000 4901.820000
29.350000 4971.175000
29.360000 5043.887500
29.370000 5014.480000
29.380000 4899.842500
29.390000 5029.297500
29.400000 4902.077500
29.410000 4991.555000
29.420000 4960.540000
29.430000 5120.405000
29.440000 5058.717500
29.450000 4960.632500
29.460000 4929.225000
29.470000 5018.245000
29.480000 4975.462500
29.490000 5129.990000
29.500000 5204.070000
29.510000 5158.757500
29.520000 4980.675000
29.530000 4869.315000
29.540000 5060.197500
29.550000 4941.832500
29.560000 4936.725000
29.570000 4742.462500
29.580000 4654.340000
29.590000 4957.900000
29.600000 5202.035000
29.610000 4911.845000
29.620000 4957.537500
29.630000 5108.745000
29.640000 5068.062500
29.650000 5096.825000
29.660000 5122.790000
29.670000 5271.857500
29.680000 5306.657500
29.690000 5513.825000
29.700000 5616.085000
29.710000 5521.307500
29.720000 5580.847500
29.730000 5720.192500
29.740000 5776.587500
29.750000 6002.215000
29.760000 5901.077500
29.770000 5960.810000
29.780000 5899.155000
29.790000 6324.992500
29.800000 6530.277500
29.810000 6614.275000
29.820000 6943.960000
29.830000 7094.580000
29.840000 7434.282500
29.850000 7763.395000
29.860000 8052.587500
29.870000 8482.575000
29.880000 8676.832500
29.890000 8910.407500
29.900000 9316.030000
29.910000 9819.780000
29.920000 10260.515000
29.930000 10333.055000
29.940000 10490.292500
29.950000 10833.515000
29.960000 10935.690000
29.970000 10927.360000
29.980000 10799.682500
29.990000 10487.645000
30.000000 10305.882500
30.010000 10030.937500
30.020000 9725.157500
30.030000 9493.092500
30.040000 9005.795000
30.050000 8762.135000
30.060000 8348.000000
30.070000 7688.190000
30.080000 7282.110000
30.090000 6951.635000
30.100000 6855.907500
30.110000 6586.770000
30.120000 6321.635000
30.130000 6063.840000
30.140000 5953.890000
30.150000 5971.085000
30.160000 5936.302500
30.170000 5805.060000
30.180000 5682.035000
30.190000 5638.272500
30.200000 5311.077500
30.210000 5198.417500
30.220000 5459.852500
30.230000 5496.535000
30.240000 5425.790000
30.250000 5279.975000
30.260000 5184.192500
30.270000 5056.000000
30.280000 4973.415000
30.290000 4975.777500
30.300000 5146.005000
30.310000 5274.715000
30.320000 5166.605000
30.330000 5085.155000
30.340000 5046.050000
30.350000 5189.527500
30.360000 5379.712500
30.370000 5271.632500
30.380000 5113.450000
30.390000 5057.705000
30.400000 5124.882500
30.410000 5227.395000
30.420000 5298.585000
30.430000 5207.507500
30.440000 5273.137500
30.450000 5319.265000
30.460000 5408.350000
30.470000 5341.220000
30.480000 5200.142500
30.490000 5221.202500
30.500000 5449.860000
30.510000 5587.310000
30.520000 5505.727500
30.530000 5446.942500
30.540000 5470.117500
30.550000 5426.480000
30.560000 5553.370000
30.570000 5749.857500
30.580000 5853.695000
30.590000 5869.335000
30.600000 5781.762500
30.610000 5792.565000
30.620000 5895.772500
30.630000 6097.047500
30.640000 6197.562500
30.650000 6484.462500
30.660000 6515.322500
30.670000 6731.055000
30.680000 6931.397500
30.690000 6899.285000
30.700000 7164.007500
30.710000 7582.987500
30.720000 8075.077500
30.730000 8552.137500
30.740000 8912.422500
30.750000 9452.302500
30.760000 10163.290000
30.770000 10692.657500
30.780000 11317.920000
30.790000 12242.817500
30.800000 12989.205000
30.810000 13658.272500
30.820000 14757.432500
30.830000 15579.797500
30.840000 16334.507500
30.850000 17441.327500
30.860000 18322.817500
30.870000 18486.515000
30.880000 18786.687500
30.890000 19046.562500
30.900000 19284.492500
30.910000 19493.420000
30.920000 19198.050000
30.930000 18544.170000
30.940000 18305.490000
30.950000 17765.417500
30.960000 16666.975000
30.970000 15694.282500
30.980000 14872.395000
30.990000 14252.917500
31.000000 13234.375000
31.010000 12366.292500
31.020000 11618.617500
31.030000 10868.097500
31.040000 10225.112500
31.050000 9788.475000
31.060000 9286.702500
31.070000 8627.805000
31.080000 8220.797500
31.090000 7781.505000
31.100000 7678.190000
31.110000 7541.315000
31.120000 7317.525000
31.130000 7190.685000
31.140000 6894.360000
31.150000 6712.325000
31.160000 6670.160000
31.170000 6771.142500
31.180000 6613.297500
31.190000 6395.157500
31.200000 6443.440000
31.210000 6280.595000
31.220000 5997.947500
31.230000 5956.402500
31.240000 6058.035000
31.250000 6174.630000
31.260000 6232.642500
31.270000 6050.130000
31.280000 5861.937500
31.290000 5726.392500
31.300000 5526.457500
31.310000 5478.765000
31.320000 5494.705000
31.330000 5422.902500
31.340000 5452.030000
31.350000 5512.782500
31.360000 5266.570000
31.370000 5143.010000
31.380000 5137.277500
31.390000 4977.760000
31.400000 4854.892500
31.410000 4759.857500
31.420000 4674.722500
31.430000 4508.577500
31.440000 4524.420000
31.450000 4609.470000
31.460000 4541.442500
31.470000 4418.627500
31.480000 4364.575000
31.490000 4441.640000
31.500000 4502.070000
31.510000 4669.417500
31.520000 4584.980000
31.530000 4594.275000
31.540000 4594.137500
31.550000 4518.947500
31.560000 4577.552500
31.570000 4511.370000
31.580000 4519.062500
31.590000 4582.130000
31.600000 4751.295000
31.610000 4798.560000
31.620000 4812.917500
31.630000 4908.405000
31.640000 4796.147500
31.650000 4623.152500
31.660000 4564.765000
31.670000 4502.095000
31.680000 4374.732500
31.690000 4382.995000
31.700000 4435.195000
31.710000 4400.932500
31.720000 4451.295000
31.730000 4332.322500
31.740000 4235.152500
31.750000 4261.950000
31.760000 4350.980000
31.770000 4445.540000
31.780000 4343.575000
31.790000 4258.332500
31.800000 4313.820000
31.810000 4385.272500
31.820000 4247.257500
31.830000 4222.120000
31.840000 4285.045000
31.850000 4306.720000
31.860000 4351.755000
31.870000 4199.750000
31.880000 4158.360000
31.890000 4333.247500
31.900000 4336.807500
31.910000 4278.347500
31.920000 4389.552500
31.930000 4406.962500
31.940000 4396.487500
31.950000 4376.950000
31.960000 4483.900000
31.970000 4406.565000
31.980000 4435.177500
31.990000 4562.992500
32.000000 4430.257500
32.010000 4329.932500
32.020000 4264.352500
32.030000 4403.700000
32.040000 4444.835000
32.050000 4437.357500
32.060000 4411.225000
32.070000 4351.965000
32.080000 4341.667500
32.090000 4385.675000
32.100000 4431.320000
32.110000 4324.570000
32.120000 4256.287500
32.130000 4432.187500
32.140000 4550.000000
32.150000 4574.287500
32.160000 4446.102500
32.170000 4322.280000
32.180000 4632.700000
32.190000 4852.160000
32.200000 4754.717500
32.210000 4643.415000
32.220000 4777.022500
32.230000 4957.772500
32.240000 5057.707500
32.250000 5359.387500
32.260000 5526.010000
32.270000 5426.860000
32.280000 5409.752500
32.290000 5432.102500
32.300000 5549.185000
32.310000 5951.775000
32.320000 6145.210000
32.330000 5992.907500
32.340000 6085.427500
32.350000 6476.702500
32.360000 6728.335000
32.370000 6893.455000
32.380000 7092.185000
32.390000 7023.727500
32.400000 7092.482500
32.410000 7148.440000
32.420000 7135.152500
32.430000 7090.302500
32.440000 7137.797500
32.450000 7267.250000
32.460000 7135.887500
32.470000 6811.627500
32.480000 6639.622500
32.490000 6470.810000
32.500000 6060.647500
32.510000 5665.520000
32.520000 5500.742500
32.530000 5507.552500
32.540000 5505.465000
32.550000 5371.987500
32.560000 5199.922500
32.570000 5040.765000
32.580000 4920.437500
32.590000 4707.875000
32.600000 4515.937500
32.610000 4498.030000
32.620000 4650.087500
32.630000 4808.880000
32.640000 4758.207500
32.650000 4518.307500
32.660000 4305.500000
32.670000 4186.792500
32.680000 4233.015000
32.690000 4372.197500
32.700000 4493.342500
32.710000 4349.770000
32.720000 4224.240000
32.730000 4444.452500
32.740000 4395.972500
32.750000 4243.112500
32.760000 4267.380000
32.770000 4360.825000
32.780000 4546.122500
32.790000 4668.702500
32.800000 4651.162500
32.810000 4576.215000
32.820000 4362.102500
32.830000 4253.167500
32.840000 4233.455000
32.850000 4259.362500
32.860000 4387.532500
32.870000 4325.680000
32.880000 4372.027500
32.890000 4415.455000
32.900000 4275.005000
32.910000 4221.105000
32.920000 4451.072500
32.930000 4720.835000
32.940000 4672.795000
32.950000 4389.535000
32.960000 4308.792500
32.970000 4352.502500
32.980000 4434.970000
32.990000 4581.657500
33.000000 4515.312500
33.010000 4407.902500
33.020000 4596.925000
33.030000 4993.520000
33.040000 5034.537500
33.050000 4778.332500
33.060000 4849.132500
33.070000 5143.107500
33.080000 5218.905000
33.090000 5318.092500
33.100000 5640.540000
33.110000 5950.732500
33.120000 5949.750000
33.130000 5923.912500
33.140000 6288.322500
33.150000 6752.185000
33.160000 7173.655000
33.170000 7550.407500
33.180000 7909.942500
33.190000 8275.207500
33.200000 8587.162500
33.210000 8980.835000
33.220000 9642.820000
33.230000 10301.090000
33.240000 10728.665000
33.250000 11175.717500
33.260000 11412.140000
33.270000 11260.455000
33.280000 11539.110000
33.290000 11798.260000
33.300000 11632.945000
33.310000 11545.277500
33.320000 11441.222500
33.330000 11349.687500
33.340000 11128.077500
33.350000 10594.172500
33.360000 10011.745000
33.370000 9570.430000
33.380000 9020.667500
33.390000 8520.980000
33.400000 8154.637500
33.410000 7642.810000
33.420000 7167.520000
33.430000 6850.977500
33.440000 6480.917500
33.450000 6250.077500
33.460000 6142.740000
33.470000 5827.632500
33.480000 5526.130000
33.490000 5298.015000
33.500000 5100.820000
33.510000 5131.850000
33.520000 5028.680000
33.530000 4710.910000
33.540000 4567.035000
33.550000 4606.965000
33.560000 4634.162500
33.570000 4567.542500
33.580000 4509.025000
33.590000 4418.607500
33.600000 4285.370000
33.610000 4269.102500
33.620000 4280.697500
33.630000 4374.090000
33.640000 4456.735000
33.650000 4311.157500
33.660000 4129.235000
33.670000 4088.627500
33.680000 4122.757500
33.690000 4102.900000
33.700000 4149.252500
33.710000 4198.457500
33.720000 4245.237500
33.730000 4194.942500
33.740000 4073.572500
33.750000 4028.517500
33.760000 4073.220000
33.770000 4128.022500
33.780000 4118.545000
33.790000 4079.407500
33.800000 4153.400000
33.810000 4218.182500
33.820000 4097.875000
33.830000 3976.060000
33.840000 3981.710000
33.850000 4090.020000
33.860000 4074.585000
33.870000 3969.390000
33.880000 4026.512500
33.890000 4035.740000
33.900000 3895.790000
33.910000 3859.777500
33.920000 3842.907500
33.930000 3739.065000
33.940000 3775.000000
33.950000 3939.660000
33.960000 4137.157500
33.970000 4042.422500
33.980000 3879.267500
33.990000 3866.855000
34.000000 3871.080000
34.010000 3835.630000
34.020000 3903.772500
34.030000 3977.235000
34.040000 3996.225000
34.050000 3950.215000
34.060000 3945.145000
34.070000 3988.732500
34.080000 3941.252500
34.090000 3817.640000
34.100000 3664.340000
34.110000 3667.165000
34.120000 3850.580000
34.130000 4001.032500
34.140000 3992.492500
34.150000 3830.465000
34.160000 3810.085000
34.170000 3928.777500
34.180000 3869.537500
34.190000 3812.210000
34.200000 3874.247500
34.210000 3970.642500
34.220000 3863.730000
34.230000 3844.485000
34.240000 3885.870000
34.250000 3759.395000
34.260000 3653.170000
34.270000 3672.220000
34.280000 3733.332500
34.290000 3686.275000
34.300000 3751.475000
34.310000 4014.065000
34.320000 3997.625000
34.330000 3948.530000
34.340000 4050.797500
34.350000 3844.945000
34.360000 3841.825000
34.370000 3929.800000
34.380000 3896.267500
34.390000 3977.437500
34.400000 3937.027500
34.410000 3954.412500
34.420000 4027.282500
34.430000 4098.177500
34.440000 4167.950000
34.450000 4059.792500
34.460000 3914.460000
34.470000 3882.467500
34.480000 4054.350000
34.490000 4464.757500
34.500000 4501.390000
34.510000 4349.477500
34.520000 4545.915000
34.530000 4611.890000
34.540000 4576.167500
34.550000 4852.667500
34.560000 4950.240000
34.570000 4774.102500
34.580000 4897.687500
34.590000 5107.327500
34.600000 5361.955000
34.610000 5606.177500
34.620000 5712.522500
34.630000 5807.522500
34.640000 5951.622500
34.650000 6163.187500
34.660000 6311.980000
34.670000 6419.382500
34.680000 6556.940000
34.690000 6601.765000
34.700000 6720.815000
34.710000 6811.290000
34.720000 6572.757500
34.730000 6522.007500
34.740000 6706.657500
34.750000 6530.155000
34.760000 6383.395000
34.770000 6248.960000
34.780000 6053.562500
34.790000 5998.430000
34.800000 5838.357500
34.810000 5521.305000
34.820000 5506.275000
34.830000 5560.942500
34.840000 5088.170000
34.850000 4740.957500
34.860000 4781.900000
34.870000 4708.180000
34.880000 4652.335000
34.890000 4643.610000
34.900000 4399.565000
34.910000 4175.000000
34.920000 4129.970000
34.930000 4100.062500
34.940000 4128.227500
34.950000 4168.962500
34.960000 4285.480000
34.970000 4201.965000
34.980000 4128.127500
34.990000 4015.490000
35.000000 4009.492500
35.010000 3983.957500
35.020000 3941.870000
35.030000 3961.325000
35.040000 3950.097500
35.050000 3997.927500
35.060000 3977.092500
35.070000 3931.235000
35.080000 3938.555000
35.090000 3936.437500
35.100000 4003.615000
35.110000 4133.060000
35.120000 4100.982500
35.130000 4027.315000
35.140000 4125.877500
35.150000 4098.770000
35.160000 4113.660000
35.170000 4150.745000
35.180000 3892.167500
35.190000 3855.447500
35.200000 3978.787500
35.210000 3945.572500
35.220000 3850.000000
35.230000 3889.132500
35.240000 3979.357500
35.250000 3992.692500
35.260000 3854.320000
35.270000 3686.317500
35.280000 3828.585000
35.290000 4057.182500
35.300000 4036.852500
35.310000 4025.815000
35.320000 3978.465000
35.330000 3970.575000
35.340000 3869.695000
35.350000 3888.777500
35.360000 4112.555000
35.370000 4204.567500
35.380000 4213.920000
35.390000 4076.787500
35.400000 4033.332500
35.410000 4036.222500
35.420000 4067.597500
35.430000 4154.032500
35.440000 4193.457500
35.450000 4024.630000
35.460000 3896.572500
35.470000 4118.325000
35.480000 4250.000000
35.490000 4281.165000
35.500000 4395.365000
35.510000 4437.975000
35.520000 4330.730000
35.530000 4386.387500
35.540000 4450.062500
35.550000 4544.832500
35.560000 4791.897500
35.570000 5016.667500
35.580000 5119.395000
35.590000 5169.390000
35.600000 5285.405000
35.610000 5425.500000
35.620000 5385.347500
35.630000 5617.777500
35.640000 6002.685000
35.650000 6366.000000
35.660000 6517.502500
35.670000 6791.867500
35.680000 7118.850000
35.690000 7495.987500
35.700000 7887.587500
35.710000 8380.197500
35.720000 9070.450000
35.730000 9602.637500
35.740000 9974.097500
35.750000 10248.125000
35.760000 10640.835000
35.770000 10948.920000
35.780000 10842.960000
35.790000 11257.592500
35.800000 11779.067500
35.810000 11798.575000
35.820000 11941.667500
35.830000 11918.307500
35.840000 11781.250000
35.850000 11380.002500
35.860000 10861.997500
35.870000 10606.877500
35.880000 10084.912500
35.890000 9662.235000
35.900000 9401.677500
35.910000 8735.382500
35.920000 8355.915000
35.930000 8070.262500
35.940000 7604.962500
35.950000 7240.565000
35.960000 6888.120000
35.970000 6355.972500
35.980000 6259.605000
35.990000 6244.952500
36.000000 5640.232500
36.010000 5353.130000
36.020000 5194.935000
36.030000 5112.762500
36.040000 5102.645000
36.050000 4818.130000
36.060000 4580.555000
36.070000 4547.875000
36.080000 4590.582500
36.090000 4552.927500
36.100000 4397.452500
36.110000 4373.945000
36.120000 4426.172500
36.130000 4367.875000
36.140000 4235.822500
36.150000 4115.757500
36.160000 4020.122500
36.170000 4052.350000
36.180000 4081.767500
36.190000 4125.315000
36.200000 4111.277500
36.210000 4143.870000
36.220000 4078.692500
36.230000 4110.412500
36.240000 3943.965000
36.250000 3936.247500
36.260000 3856.592500
36.270000 3753.052500
36.280000 3842.350000
36.290000 3968.325000
36.300000 3896.865000
36.310000 3960.307500
36.320000 4033.332500
36.330000 4071.292500
36.340000 4110.460000
36.350000 3886.752500
36.360000 3811.390000
36.370000 3949.520000
36.380000 3876.692500
36.390000 3735.102500
36.400000 3764.647500
36.410000 3867.397500
36.420000 3751.175000
36.430000 3704.917500
36.440000 3798.932500
36.450000 3823.075000
36.460000 3663.447500
36.470000 3815.442500
36.480000 3893.035000
36.490000 3794.022500
36.500000 3892.120000
36.510000 4046.045000
36.520000 4114.515000
36.530000 3995.832500
36.540000 3783.422500
36.550000 3780.722500
36.560000 3969.090000
36.570000 3901.690000
36.580000 3938.330000
36.590000 3800.000000
36.600000 3797.970000
36.610000 3838.192500
36.620000 3969.227500
36.630000 3981.212500
36.640000 4144.332500
36.650000 4119.922500
36.660000 4123.790000
36.670000 3970.897500
36.680000 4109.392500
36.690000 4129.392500
36.700000 4068.912500
36.710000 4303.650000
36.720000 4459.897500
36.730000 4567.275000
36.740000 4514.737500
36.750000 4492.052500
36.760000 4709.035000
36.770000 4694.735000
36.780000 4744.690000
36.790000 4885.120000
36.800000 5229.580000
36.810000 5237.230000
36.820000 5308.332500
36.830000 5308.332500
36.840000 5315.717500
36.850000 5367.405000
36.860000 5476.640000
36.870000 5603.647500
36.880000 5795.957500
36.890000 5671.785000
36.900000 5589.202500
36.910000 5498.040000
36.920000 5272.655000
36.930000 5178.965000
36.940000 5360.875000
36.950000 5509.155000
36.960000 5369.377500
36.970000 4993.385000
36.980000 4737.510000
36.990000 4827.040000
37.000000 4870.110000
37.010000 4857.632500
37.020000 4700.347500
37.030000 4435.955000
37.040000 4300.230000
37.050000 4366.667500
37.060000 4376.710000
37.070000 4390.012500
37.080000 4241.882500
37.090000 4076.650000
37.100000 4116.177500
37.110000 4215.682500
37.120000 4031.090000
37.130000 3861.327500
37.140000 3892.230000
37.150000 3844.227500
37.160000 3929.782500
37.170000 3954.760000
37.180000 3970.265000
37.190000 3946.860000
37.200000 3948.957500
37.210000 4055.525000
37.220000 4226.547500
37.230000 4222.565000
37.240000 4130.622500
37.250000 3968.345000
37.260000 4117.430000
37.270000 4101.407500
37.280000 4178.840000
37.290000 4156.842500
37.300000 4124.807500
37.310000 4046.652500
37.320000 4282.162500
37.330000 4520.847500
37.340000 4392.030000
37.350000 4423.245000
37.360000 4342.035000
37.370000 4186.182500
37.380000 4239.675000
37.390000 4447.420000
37.400000 4515.265000
37.410000 4505.547500
37.420000 4509.662500
37.430000 4650.915000
37.440000 4913.805000
37.450000 4922.630000
37.460000 4866.897500
37.470000 5158.557500
37.480000 5596.727500
37.490000 5878.820000
37.500000 6100.055000
37.510000 6322.440000
37.520000 6805.207500
37.530000 6854.035000
37.540000 7032.232500
37.550000 7455.535000
37.560000 7913.667500
37.570000 8547.910000
37.580000 8850.485000
37.590000 9171.062500
37.600000 9997.317500
37.610000 10569.712500
37.620000 10938.412500
37.630000 11040.885000
37.640000 11244.665000
37.650000 11635.800000
37.660000 11802.372500
37.670000 11823.732500
37.680000 11812.885000
37.690000 11491.457500
37.700000 11482.895000
37.710000 11033.155000
37.720000 10546.942500
37.730000 10754.470000
37.740000 10433.877500
37.750000 9811.172500
37.760000 9165.015000
37.770000 8706.825000
37.780000 8599.350000
37.790000 8264.992500
37.800000 7844.035000
37.810000 7282.182500
37.820000 6794.592500
37.830000 6605.172500
37.840000 6281.745000
37.850000 5807.180000
37.860000 5796.287500
37.870000 5340.922500
37.880000 5283.000000
37.890000 5308.945000
37.900000 5034.225000
37.910000 4773.150000
37.920000 4614.015000
37.930000 4482.942500
37.940000 4581.767500
37.950000 4373.120000
37.960000 4362.992500
37.970000 4402.770000
37.980000 4414.027500
37.990000 4288.767500
38.000000 3988.077500
38.010000 3951.225000
38.020000 3911.025000
38.030000 4067.157500
38.040000 3991.372500
38.050000 3933.747500
38.060000 4065.582500
38.070000 3909.170000
38.080000 3929.915000
38.090000 4059.012500
38.100000 4118.970000
38.110000 3888.287500
38.120000 3711.105000
38.130000 3841.767500
38.140000 4060.837500
38.150000 3828.627500
38.160000 3715.165000
38.170000 3868.165000
38.180000 3890.740000
38.190000 3963.007500
38.200000 3919.215000
38.210000 3870.477500
38.220000 3998.590000
38.230000 3974.972500
38.240000 3884.022500
38.250000 3876.047500
38.260000 3718.767500
38.270000 3939.947500
38.280000 3993.172500
38.290000 3711.517500
38.300000 3662.697500
38.310000 3813.537500
38.320000 3774.382500
38.330000 3775.790000
38.340000 3886.272500
38.350000 3813.125000
38.360000 3760.852500
38.370000 3684.477500
38.380000 3697.745000
38.390000 3678.870000
38.400000 3833.080000
38.410000 3605.087500
38.420000 3805.280000
38.430000 3871.397500
38.440000 3690.137500
38.450000 3667.167500
38.460000 3683.855000
38.470000 3822.102500
38.480000 3767.890000
38.490000 3654.650000
38.500000 3728.775000
38.510000 3648.660000
38.520000 3628.940000
38.530000 3706.002500
38.540000 3812.050000
38.550000 3719.662500
38.560000 3618.675000
38.570000 3650.877500
38.580000 3511.500000
38.590000 3749.252500
38.600000 3734.062500
38.610000 3745.372500
38.620000 3646.522500
38.630000 3754.955000
38.640000 3670.400000
38.650000 3556.735000
38.660000 3510.770000
38.670000 3366.465000
38.680000 3589.172500
38.690000 3748.585000
38.700000 3699.032500
38.710000 3422.357500
38.720000 3341.922500
38.730000 3360.330000
38.740000 3699.762500
38.750000 3690.302500
38.760000 3647.122500
38.770000 3845.820000
38.780000 3681.935000
38.790000 3630.902500
38.800000 3886.595000
38.810000 4030.067500
38.820000 3867.522500
38.830000 3492.892500
38.840000 3558.910000
38.850000 3591.667500
38.860000 3591.165000
38.870000 3559.840000
38.880000 3669.862500
38.890000 3914.820000
38.900000 3756.487500
38.910000 3583.332500
38.920000 3585.957500
38.930000 3898.330000
38.940000 3666.265000
38.950000 3600.490000
38.960000 3699.402500
38.970000 3542.217500
38.980000 3750.062500
38.990000 3791.695000
39.000000 3866.610000
39.010000 3691.997500
39.020000 3616.895000
39.030000 3741.145000
39.040000 3766.535000
39.050000 3874.302500
39.060000 3726.137500
39.070000 3725.000000
39.080000 3873.517500
39.090000 3949.172500
39.100000 3760.665000
39.110000 3692.555000
39.120000 3814.860000
39.130000 3988.935000
39.140000 4270.252500
39.150000 4004.925000
39.160000 3795.637500
39.170000 3848.820000
39.180000 3890.777500
39.190000 3850.937500
39.200000 3833.727500
39.210000 3719.565000
39.220000 3765.367500
39.230000 3839.630000
39.240000 3736.400000
39.250000 3741.420000
39.260000 3757.822500
39.270000 3726.060000
39.280000 3845.880000
39.290000 3978.782500
39.300000 3999.412500
39.310000 4040.147500
39.320000 4258.200000
39.330000 4058.407500
39.340000 4066.000000
39.350000 3954.800000
39.360000 3870.192500
39.370000 3675.365000
39.380000 3754.237500
39.390000 3877.602500
39.400000 3986.572500
39.410000 4197.890000
39.420000 4224.177500
39.430000 4130.055000
39.440000 4401.575000
39.450000 4471.912500
39.460000 4467.117500
39.470000 4726.460000
39.480000 4773.117500
39.490000 4578.682500
39.500000 4550.980000
39.510000 4683.160000
39.520000 5012.410000
39.530000 5306.790000
39.540000 5309.392500
39.550000 5339.505000
39.560000 5411.715000
39.570000 5727.597500
39.580000 6138.162500
39.590000 6135.652500
39.600000 6048.157500
39.610000 6644.862500
39.620000 7139.615000
39.630000 7452.677500
39.640000 7598.250000
39.650000 7800.662500
39.660000 7847.400000
39.670000 8133.902500
39.680000 8112.355000
39.690000 8261.390000
39.700000 8366.712500
39.710000 8359.735000
39.720000 8228.750000
39.730000 8406.977500
39.740000 8265.350000
39.750000 7953.905000
39.760000 7720.285000
39.770000 7548.562500
39.780000 7389.660000
39.790000 7050.282500
39.800000 7092.080000
39.810000 6670.722500
39.820000 6339.202500
39.830000 6368.420000
39.840000 6134.982500
39.850000 5891.115000
39.860000 5582.422500
39.870000 5542.530000
39.880000 5213.445000
39.890000 5026.015000
39.900000 5171.992500
39.910000 5057.950000
39.920000 4722.675000
39.930000 4527.762500
39.940000 4523.130000
39.950000 4414.187500
39.960000 4333.605000
39.970000 4420.767500
39.980000 4256.777500
39.990000 4115.795000
40.000000 4246.715000
40.010000 4310.617500
40.020000 4097.220000
40.030000 4176.235000
40.040000 4111.432500
40.050000 4049.015000
40.060000 3983.480000
40.070000 3967.737500
40.080000 3981.172500
40.090000 4019.542500
40.100000 4140.702500
40.110000 4129.450000
40.120000 4125.000000
40.130000 3981.000000
40.140000 3879.250000
40.150000 3758.982500
40.160000 3770.340000
40.170000 3911.000000
40.180000 3904.745000
40.190000 3942.820000
40.200000 3864.485000
40.210000 3800.190000
40.220000 3869.822500
40.230000 3890.427500
40.240000 3898.750000
40.250000 3871.707500
40.260000 3909.042500
40.270000 4100.017500
40.280000 4020.672500
40.290000 3838.295000
40.300000 3773.232500
40.310000 3731.620000
40.320000 3662.012500
40.330000 3768.795000
40.340000 3952.142500
40.350000 3913.667500
40.360000 3900.000000
40.370000 3872.220000
40.380000 3755.717500
40.390000 3857.957500
40.400000 3876.420000
40.410000 3909.510000
40.420000 3999.360000
40.430000 4174.915000
40.440000 4043.462500
40.450000 3953.462500
40.460000 4085.475000
40.470000 4000.435000
40.480000 4104.700000
40.490000 4242.380000
40.500000 4069.335000
40.510000 4038.587500
40.520000 4129.842500
40.530000 4177.087500
40.540000 4183.332500
40.550000 4142.832500
40.560000 4106.377500
40.570000 4140.370000
40.580000 4156.717500
40.590000 4279.047500
40.600000 4248.075000
40.610000 4213.280000
40.620000 4281.740000
40.630000 4473.222500
40.640000 4490.060000
40.650000 4496.615000
40.660000 4546.405000
40.670000 4485.532500
40.680000 4519.525000
40.690000 4737.815000
40.700000 4890.445000
40.710000 4699.722500
40.720000 4910.750000
40.730000 5160.235000
40.740000 5450.342500
40.750000 5627.670000
40.760000 5743.075000
40.770000 5935.860000
40.780000 6197.710000
40.790000 6401.005000
40.800000 6966.055000
40.810000 7181.295000
40.820000 7535.480000
40.830000 8006.875000
40.840000 8348.115000
40.850000 8416.667500
40.860000 8762.627500
40.870000 9627.725000
40.880000 10171.160000
40.890000 10107.342500
40.900000 10039.247500
40.910000 10261.947500
40.920000 10485.472500
40.930000 10501.695000
40.940000 10535.882500
40.950000 10543.695000
40.960000 10359.145000
40.970000 10180.632500
40.980000 9991.160000
40.990000 9778.912500
41.000000 9268.867500
41.010000 8873.422500
41.020000 8648.477500
41.030000 8165.005000
41.040000 7768.555000
41.050000 7448.062500
41.060000 7039.130000
41.070000 6801.630000
41.080000 6622.880000
41.090000 6200.122500
41.100000 5876.510000
41.110000 5594.042500
41.120000 5278.335000
41.130000 5112.372500
41.140000 5022.452500
41.150000 4933.157500
41.160000 4811.295000
41.170000 4684.200000
41.180000 4656.042500
41.190000 4604.060000
41.200000 4462.960000
41.210000 4428.680000
41.220000 4403.355000
41.230000 4248.055000
41.240000 4018.472500
41.250000 3890.395000
41.260000 4033.237500
41.270000 4171.247500
41.280000 4176.297500
41.290000 4083.872500
41.300000 4215.262500
41.310000 4153.742500
41.320000 3970.665000
41.330000 3975.337500
41.340000 3953.157500
41.350000 4026.830000
41.360000 3891.710000
41.370000 3828.307500
41.380000 4030.815000
41.390000 4076.090000
41.400000 3832.730000
41.410000 3796.835000
41.420000 3796.195000
41.430000 3823.577500
41.440000 3910.515000
41.450000 3832.880000
41.460000 3663.345000
41.470000 3847.810000
41.480000 3907.125000
41.490000 3639.177500
41.500000 3700.650000
41.510000 3851.185000
41.520000 3776.130000
41.530000 3668.697500
41.540000 3770.890000
41.550000 3726.810000
41.560000 3814.862500
41.570000 3749.352500
41.580000 3694.475000
41.590000 3716.675000
41.600000 3869.207500
41.610000 3886.322500
41.620000 3764.452500
41.630000 3727.687500
41.640000 3700.342500
41.650000 3825.975000
41.660000 3889.052500
41.670000 3948.877500
41.680000 3787.135000
41.690000 3797.527500
41.700000 3847.482500
41.710000 3809.185000
41.720000 3640.427500
41.730000 3693.065000
41.740000 3589.222500
41.750000 3631.155000
41.760000 3777.920000
41.770000 3725.877500
41.780000 3792.222500
41.790000 3799.855000
41.800000 3729.540000
41.810000 3586.625000
41.820000 3463.872500
41.830000 3496.537500
41.840000 3654.195000
41.850000 3766.940000
41.860000 3687.062500
41.870000 3750.230000
41.880000 3892.672500
41.890000 3704.830000
41.900000 3597.752500
41.910000 3782.060000
41.920000 3826.615000
41.930000 3735.085000
41.940000 3705.132500
41.950000 3882.380000
41.960000 3802.722500
41.970000 3601.827500
41.980000 3631.307500
41.990000 3587.017500
42.000000 3459.262500
42.010000 3689.062500
42.020000 3766.030000
42.030000 3534.360000
42.040000 3425.000000
42.050000 3449.972500
42.060000 3586.230000
42.070000 3607.035000
42.080000 3665.802500
42.090000 3743.222500
42.100000 3695.752500
42.110000 3663.252500
42.120000 3784.420000
42.130000 3744.320000
42.140000 3619.282500
42.150000 3703.645000
42.160000 3623.087500
42.170000 3556.765000
42.180000 3649.635000
42.190000 3696.485000
42.200000 3647.142500
42.210000 3608.332500
42.220000 3641.792500
42.230000 3752.475000
42.240000 3854.702500
42.250000 3797.982500
42.260000 3756.977500
42.270000 3727.837500
42.280000 3602.302500
42.290000 3528.642500
42.300000 3604.522500
42.310000 3722.647500
42.320000 3757.362500
42.330000 3717.525000
42.340000 3705.545000
42.350000 3661.302500
42.360000 3616.667500
42.370000 3745.127500
42.380000 3749.350000
42.390000 3652.980000
42.400000 3496.092500
42.410000 3497.477500
42.420000 3645.232500
42.430000 3723.927500
42.440000 3816.800000
42.450000 3794.915000
42.460000 3742.275000
42.470000 3785.667500
42.480000 3861.120000
42.490000 3842.380000
42.500000 3690.020000
42.510000 3569.155000
42.520000 3581.205000
42.530000 3704.270000
42.540000 3962.385000
42.550000 4020.502500
42.560000 3868.567500
42.570000 3799.355000
42.580000 3744.500000
42.590000 3742.745000
42.600000 3770.712500
42.610000 3783.767500
42.620000 3778.690000
42.630000 3843.312500
42.640000 4035.127500
42.650000 3968.545000
42.660000 3867.347500
42.670000 3975.295000
42.680000 3999.935000
42.690000 4016.690000
42.700000 4008.437500
42.710000 3892.092500
42.720000 3948.817500
42.730000 4231.525000
42.740000 4288.962500
42.750000 4302.090000
42.760000 4608.260000
42.770000 4637.682500
42.780000 4369.240000
42.790000 4484.890000
42.800000 4656.035000
42.810000 4567.922500
42.820000 4681.192500
42.830000 4722.185000
42.840000 4551.972500
42.850000 4500.422500
42.860000 4479.840000
42.870000 4490.240000
42.880000 4618.470000
42.890000 4690.412500
42.900000 4579.450000
42.910000 4469.585000
42.920000 4309.157500
42.930000 4182.695000
42.940000 4341.205000
42.950000 4558.695000
42.960000 4494.117500
42.970000 4513.870000
42.980000 4533.680000
42.990000 4231.640000
43.000000 4160.872500
43.010000 4165.175000
43.020000 4087.940000
43.030000 4079.622500
43.040000 4208.132500
43.050000 4279.205000
43.060000 4187.700000
43.070000 4360.312500
43.080000 4500.542500
43.090000 4345.815000
43.100000 4171.072500
43.110000 4212.580000
43.120000 4323.842500
43.130000 4283.290000
43.140000 4205.985000
43.150000 4234.230000
43.160000 4387.062500
43.170000 4562.417500
43.180000 4751.197500
43.190000 4900.557500
43.200000 4762.335000
43.210000 4713.655000
43.220000 4936.250000
43.230000 5075.512500
43.240000 5086.312500
43.250000 5128.015000
43.260000 5213.272500
43.270000 5231.995000
43.280000 5401.320000
43.290000 5690.515000
43.300000 5791.615000
43.310000 5877.967500
43.320000 6142.920000
43.330000 6358.595000
43.340000 6746.940000
43.350000 7138.242500
43.360000 7408.422500
43.370000 7717.110000
43.380000 8023.397500
43.390000 8486.380000
43.400000 9061.055000
43.410000 9635.592500
43.420000 10175.145000
43.430000 10717.320000
43.440000 11390.655000
43.450000 11730.207500
43.460000 12020.722500
43.470000 12606.527500
43.480000 13082.202500
43.490000 13722.370000
43.500000 13985.015000
43.510000 14357.505000
43.520000 14832.430000
43.530000 15111.347500
43.540000 15119.665000
43.550000 15053.370000
43.560000 14788.365000
43.570000 14523.930000
43.580000 14424.007500
43.590000 14133.145000
43.600000 13956.082500
43.610000 14295.652500
43.620000 14296.182500
43.630000 13949.725000
43.640000 14067.535000
43.650000 14202.840000
43.660000 13862.087500
43.670000 13647.085000
43.680000 13608.215000
43.690000 13502.640000
43.700000 13410.937500
43.710000 13646.110000
43.720000 13697.385000
43.730000 13209.440000
43.740000 13034.745000
43.750000 12975.977500
43.760000 13083.912500
43.770000 12844.652500
43.780000 12243.895000
43.790000 11962.882500
43.800000 11898.955000
43.810000 11234.587500
43.820000 10715.510000
43.830000 10429.767500
43.840000 10178.832500
43.850000 9726.117500
43.860000 9077.265000
43.870000 8632.560000
43.880000 8619.932500
43.890000 8320.835000
43.900000 7822.952500
43.910000 7884.667500
43.920000 7597.922500
43.930000 7021.142500
43.940000 6738.815000
43.950000 6411.415000
43.960000 6208.152500
43.970000 5939.645000
43.980000 5657.397500
43.990000 5544.807500
44.000000 5438.967500
44.010000 5403.292500
44.020000 5129.332500
44.030000 4870.317500
44.040000 4775.787500
44.050000 4733.332500
44.060000 4719.902500
44.070000 4687.780000
44.080000 4684.540000
44.090000 4584.632500
44.100000 4425.000000
44.110000 4431.490000
44.120000 4374.800000
44.130000 4177.535000
44.140000 4254.517500
44.150000 4283.012500
44.160000 4195.862500
44.170000 4264.432500
44.180000 4362.450000
44.190000 4289.192500
44.200000 4055.417500
44.210000 4160.062500
44.220000 4213.640000
44.230000 4281.350000
44.240000 4212.050000
44.250000 4053.230000
44.260000 4153.517500
44.270000 4055.727500
44.280000 4239.760000
44.290000 4204.967500
44.300000 4044.555000
44.310000 3905.005000
44.320000 4175.952500
44.330000 4128.040000
44.340000 4051.815000
44.350000 4074.527500
44.360000 4186.852500
44.370000 4383.332500
44.380000 4348.267500
44.390000 4228.832500
44.400000 4288.780000
44.410000 4338.252500
44.420000 4374.057500
44.430000 4598.515000
44.440000 4749.912500
44.450000 4854.935000
44.460000 4809.805000
44.470000 4615.927500
44.480000 4958.577500
44.490000 5123.750000
44.500000 5275.170000
44.510000 5530.475000
44.520000 5723.050000
44.530000 5864.550000
44.540000 6124.475000
44.550000 6592.380000
44.560000 7010.770000
44.570000 7019.802500
44.580000 7249.392500
44.590000 7573.535000
44.600000 7861.982500
44.610000 8127.792500
44.620000 8115.437500
44.630000 8051.572500
44.640000 8437.775000
44.650000 8688.000000
44.660000 8927.565000
44.670000 8693.225000
44.680000 8804.527500
44.690000 8763.212500
44.700000 8180.557500
44.710000 8366.555000
44.720000 8167.662500
44.730000 8051.370000
44.740000 7617.857500
44.750000 7580.337500
44.760000 7243.402500
44.770000 6819.937500
44.780000 6675.440000
44.790000 6581.642500
44.800000 6264.932500
44.810000 6070.050000
44.820000 6293.260000
44.830000 6081.982500
44.840000 5686.817500
44.850000 5384.155000
44.860000 5140.000000
44.870000 5053.875000
44.880000 4935.102500
44.890000 4746.910000
44.900000 4645.232500
44.910000 4506.717500
44.920000 4215.060000
44.930000 4133.332500
44.940000 4122.005000
44.950000 4016.447500
44.960000 3951.735000
44.970000 4057.302500
44.980000 4190.317500
44.990000 4083.397500
45.000000 3940.487500
45.010000 4087.875000
45.020000 4041.837500
45.030000 3969.220000
45.040000 4071.982500
45.050000 3960.397500
45.060000 4085.152500
45.070000 4184.805000
45.080000 3998.670000
45.090000 3895.265000
45.100000 4057.570000
45.110000 4270.240000
45.120000 4418.632500
45.130000 4315.332500
45.140000 4089.605000
45.150000 4415.077500
45.160000 4395.772500
45.170000 4476.220000
45.180000 4770.825000
45.190000 4968.040000
45.200000 4841.497500
45.210000 4689.942500
45.220000 4674.497500
45.230000 4997.262500
45.240000 5278.432500
45.250000 5366.055000
45.260000 5714.227500
45.270000 5661.320000
45.280000 5739.322500
45.290000 5881.815000
45.300000 5631.892500
45.310000 6067.727500
45.320000 6099.255000
45.330000 6068.040000
45.340000 5826.507500
45.350000 5891.080000
45.360000 6204.875000
45.370000 6054.132500
45.380000 6256.402500
45.390000 6153.822500
45.400000 6386.375000
45.410000 6003.617500
45.420000 5610.125000
45.430000 5792.637500
45.440000 5917.625000
45.450000 6082.060000
45.460000 5741.525000
45.470000 5658.360000
45.480000 5300.840000
45.490000 5524.017500
45.500000 5690.600000
45.510000 5749.507500
45.520000 5535.600000
45.530000 5697.917500
45.540000 5568.602500
45.550000 5558.472500
45.560000 5255.735000
45.570000 5298.967500
45.580000 4909.072500
45.590000 4794.345000
45.600000 4986.312500
45.610000 5096.877500
45.620000 4663.887500
45.630000 4617.762500
45.640000 4705.127500
45.650000 4547.835000
45.660000 4309.442500
45.670000 4443.830000
45.680000 4521.760000
45.690000 4151.055000
45.700000 3974.550000
45.710000 3895.370000
45.720000 3970.715000
45.730000 3888.237500
45.740000 3812.500000
45.750000 3745.510000
45.760000 3725.995000
45.770000 3771.910000
45.780000 3579.970000
45.790000 3410.990000
45.800000 3640.762500
45.810000 3681.580000
45.820000 3466.842500
45.830000 3341.997500
45.840000 3294.847500
45.850000 3276.307500
45.860000 3221.365000
45.870000 3254.890000
45.880000 3220.197500
45.890000 3300.375000
45.900000 3209.630000
45.910000 3162.125000
45.920000 3082.757500
45.930000 3157.940000
45.940000 3279.505000
45.950000 3381.725000
45.960000 3234.432500
45.970000 3104.620000
45.980000 3128.927500
45.990000 3244.852500
46.000000 3176.745000
46.010000 3203.662500
46.020000 3134.515000
46.030000 3073.452500
46.040000 3074.012500
46.050000 3118.972500
46.060000 3095.755000
46.070000 3026.027500
46.080000 3198.557500
46.090000 3246.772500
46.100000 3068.997500
46.110000 3178.890000
46.120000 3120.750000
46.130000 3072.400000
46.140000 3224.382500
46.150000 3471.682500
46.160000 3344.270000
46.170000 3060.512500
46.180000 3073.447500
46.190000 3203.687500
46.200000 3097.890000
46.210000 3194.745000
46.220000 3209.640000
46.230000 3166.285000
46.240000 3228.232500
46.250000 3158.002500
46.260000 3030.402500
46.270000 3029.140000
46.280000 3019.497500
46.290000 2982.167500
46.300000 2885.535000
46.310000 2914.712500
46.320000 3013.995000
46.330000 3040.160000
46.340000 3075.715000
46.350000 2988.255000
46.360000 3163.090000
46.370000 3208.332500
46.380000 3073.595000
46.390000 3061.822500
46.400000 3046.565000
46.410000 3028.302500
46.420000 3151.617500
46.430000 3156.750000
46.440000 3143.372500
46.450000 3128.447500
46.460000 3012.952500
46.470000 3029.342500
46.480000 2936.797500
46.490000 2954.085000
46.500000 3044.880000
46.510000 3131.660000
46.520000 3078.710000
46.530000 3135.885000
46.540000 3209.887500
46.550000 3070.782500
46.560000 3159.552500
46.570000 3238.332500
46.580000 3078.000000
46.590000 2955.130000
46.600000 2895.332500
46.610000 3028.575000
46.620000 3213.520000
46.630000 3157.887500
46.640000 3106.222500
46.650000 3249.775000
46.660000 3194.225000
46.670000 3046.670000
46.680000 3132.030000
46.690000 3156.502500
46.700000 3039.342500
46.710000 3030.645000
46.720000 3072.217500
46.730000 3144.247500
46.740000 3063.427500
46.750000 2982.622500
46.760000 3111.515000
46.770000 3142.600000
46.780000 3145.330000
46.790000 3203.812500
46.800000 3189.237500
46.810000 3032.405000
46.820000 3111.220000
46.830000 3172.570000
46.840000 2951.375000
46.850000 2940.457500
46.860000 2916.527500
46.870000 2891.667500
46.880000 3106.610000
46.890000 3107.355000
46.900000 2985.867500
46.910000 2886.722500
46.920000 3007.402500
46.930000 3017.855000
46.940000 2951.797500
46.950000 3132.007500
46.960000 3230.657500
46.970000 3143.120000
46.980000 3156.192500
46.990000 3048.930000
47.000000 2955.427500
47.010000 2980.600000
47.020000 3066.512500
47.030000 3160.760000
47.040000 3213.685000
47.050000 3159.177500
47.060000 3146.865000
47.070000 3098.417500
47.080000 3034.100000
47.090000 3022.075000
47.100000 3089.670000
47.110000 2980.012500
47.120000 2894.650000
47.130000 2960.972500
47.140000 2968.127500
47.150000 2912.952500
47.160000 3007.677500
47.170000 3048.730000
47.180000 2944.347500
47.190000 2949.032500
47.200000 3191.162500
47.210000 3347.725000
47.220000 3325.412500
47.230000 3253.762500
47.240000 3184.057500
47.250000 3255.202500
47.260000 3316.667500
47.270000 3316.667500
47.280000 3241.070000
47.290000 3081.220000
47.300000 3058.340000
47.310000 3261.025000
47.320000 3290.655000
47.330000 3109.785000
47.340000 2995.467500
47.350000 3058.345000
47.360000 3204.560000
47.370000 3149.947500
47.380000 3027.917500
47.390000 3043.415000
47.400000 3050.980000
47.410000 2971.135000
47.420000 2963.117500
47.430000 3039.115000
47.440000 2923.795000
47.450000 2930.672500
47.460000 3015.630000
47.470000 3064.322500
47.480000 3085.105000
47.490000 3011.155000
47.500000 2952.847500
47.510000 2886.630000
47.520000 2827.967500
47.530000 2898.502500
47.540000 2984.772500
47.550000 3004.507500
47.560000 3093.580000
47.570000 3068.400000
47.580000 2934.420000
47.590000 2953.640000
47.600000 2981.892500
47.610000 2874.985000
47.620000 2917.900000
47.630000 3033.692500
47.640000 3119.545000
47.650000 3109.842500
47.660000 3020.475000
47.670000 3085.127500
47.680000 3120.117500
47.690000 2960.777500
47.700000 2904.755000
47.710000 2983.410000
47.720000 2925.020000
47.730000 2870.727500
47.740000 2912.292500
47.750000 2933.332500
47.760000 2945.587500
47.770000 2942.075000
47.780000 2937.132500
47.790000 3010.360000
47.800000 3042.970000
47.810000 2912.730000
47.820000 2931.192500
47.830000 3050.895000
47.840000 2998.030000
47.850000 2989.552500
47.860000 3005.590000
47.870000 3021.947500
47.880000 3047.460000
47.890000 2990.612500
47.900000 3026.007500
47.910000 3075.087500
47.920000 3025.000000
47.930000 3025.000000
47.940000 3058.467500
47.950000 3129.585000
47.960000 3177.700000
47.970000 3151.437500
47.980000 3063.632500
47.990000 2976.887500
48.000000 3036.470000
48.010000 3301.317500
48.020000 3383.685000
48.030000 3293.935000
48.040000 3276.710000
48.050000 3243.812500
48.060000 3261.805000
48.070000 3290.830000
48.080000 3359.312500
48.090000 3411.745000
48.100000 3426.837500
48.110000 3451.775000
48.120000 3376.252500
48.130000 3324.867500
48.140000 3529.377500
48.150000 3577.692500
48.160000 3466.667500
48.170000 3512.100000
48.180000 3515.617500
48.190000 3430.760000
48.200000 3511.230000
48.210000 3605.470000
48.220000 3607.110000
48.230000 3540.637500
48.240000 3490.900000
48.250000 3470.285000
48.260000 3560.860000
48.270000 3587.070000
48.280000 3568.100000
48.290000 3501.130000
48.300000 3342.850000
48.310000 3398.635000
48.320000 3429.932500
48.330000 3376.295000
48.340000 3336.910000
48.350000 3297.487500
48.360000 3118.650000
48.370000 3078.137500
48.380000 3105.435000
48.390000 3094.482500
48.400000 3149.862500
48.410000 3227.647500
48.420000 3222.755000
48.430000 3134.225000
48.440000 3061.302500
48.450000 3065.970000
48.460000 3094.720000
48.470000 3007.367500
48.480000 2971.590000
48.490000 3224.827500
48.500000 3162.782500
48.510000 3151.100000
48.520000 3143.820000
48.530000 3331.692500
48.540000 3305.860000
48.550000 3275.487500
48.560000 3250.687500
48.570000 3321.287500
48.580000 3193.762500
48.590000 2994.967500
48.600000 3188.085000
48.610000 3438.157500
48.620000 3526.085000
48.630000 3450.795000
48.640000 3486.305000
48.650000 3509.947500
48.660000 3542.700000
48.670000 3703.112500
48.680000 3712.627500
48.690000 3658.767500
48.700000 3894.207500
48.710000 3988.032500
48.720000 4058.167500
48.730000 3941.615000
48.740000 3968.715000
48.750000 4001.362500
48.760000 4129.487500
48.770000 4257.130000
48.780000 4133.215000
48.790000 3939.982500
48.800000 4080.082500
48.810000 4291.667500
48.820000 4280.392500
48.830000 4256.530000
48.840000 4326.700000
48.850000 4349.915000
48.860000 4176.680000
48.870000 4054.442500
48.880000 3897.402500
48.890000 3908.037500
48.900000 4219.875000
48.910000 4119.012500
48.920000 3813.327500
48.930000 3840.355000
48.940000 3785.275000
48.950000 4006.407500
48.960000 4023.850000
48.970000 3959.947500
48.980000 3872.172500
48.990000 3887.847500
49.000000 3639.982500
49.010000 3421.040000
49.020000 3323.547500
49.030000 3339.555000
49.040000 3416.180000
49.050000 3266.652500
49.060000 3388.255000
49.070000 3533.575000
49.080000 3249.855000
49.090000 3123.175000
49.100000 3176.260000
49.110000 3297.662500
49.120000 3379.212500
49.130000 3104.507500
49.140000 3064.390000
49.150000 3215.982500
49.160000 3022.152500
49.170000 3108.332500
49.180000 3105.007500
49.190000 3065.942500
49.200000 2974.505000
49.210000 3132.270000
49.220000 3066.667500
49.230000 3062.662500
49.240000 3031.375000
49.250000 3020.497500
49.260000 3057.490000
49.270000 3108.435000
49.280000 3042.560000
49.290000 3056.972500
49.300000 3095.417500
49.310000 2914.960000
49.320000 2989.522500
49.330000 3121.860000
49.340000 3085.557500
49.350000 3039.100000
49.360000 3185.495000
49.370000 3196.452500
49.380000 3057.185000
49.390000 2947.377500
49.400000 2923.007500
49.410000 2999.387500
49.420000 2992.847500
49.430000 3020.287500
49.440000 3178.952500
49.450000 3112.460000
49.460000 3050.505000
49.470000 3065.572500
49.480000 3187.942500
49.490000 3263.590000
49.500000 3203.320000
49.510000 3115.462500
49.520000 3251.967500
49.530000 3120.547500
49.540000 3213.962500
49.550000 3349.072500
49.560000 3318.957500
49.570000 3161.442500
49.580000 3506.867500
49.590000 3448.532500
49.600000 3098.502500
49.610000 3376.075000
49.620000 3422.005000
49.630000 3270.475000
49.640000 3499.772500
49.650000 3483.797500
49.660000 3525.780000
49.670000 3617.157500
49.680000 3699.670000
49.690000 3600.097500
49.700000 3741.395000
49.710000 3965.650000
49.720000 4016.310000
49.730000 4033.170000
49.740000 4082.717500
49.750000 4255.717500
49.760000 4454.822500
49.770000 4384.845000
49.780000 4595.067500
49.790000 4892.387500
49.800000 4786.597500
49.810000 4823.725000
49.820000 4752.490000
49.830000 4894.630000
49.840000 4948.080000
49.850000 5165.770000
49.860000 5015.605000
49.870000 4722.205000
49.880000 4922.342500
49.890000 5051.900000
49.900000 5081.982500
49.910000 4926.112500
49.920000 4736.362500
49.930000 4787.540000
49.940000 4549.997500
49.950000 4486.690000
49.960000 4553.102500
49.970000 4488.760000
49.980000 4352.285000
49.990000 4203.300000
