4.638293 778.000000
4.654995 740.000000
4.671698 691.000000
4.688400 747.000000
4.705102 735.000000
4.721805 752.000000
4.738507 717.000000
4.755210 749.000000
4.771912 746.000000
4.788715 744.000000
4.805417 705.000000
4.822120 824.000000
4.838822 723.000000
4.855525 751.000000
4.872227 739.000000
4.888930 735.000000
4.905632 697.000000
4.922335 742.000000
4.939137 782.000000
4.955840 763.000000
4.972542 698.000000
4.989245 763.000000
5.005947 782.000000
5.022650 770.000000
5.039353 757.000000
5.056055 756.000000
5.072758 792.000000
5.089560 746.000000
5.106263 736.000000
5.122966 786.000000
5.139668 781.000000
5.156371 789.000000
5.173074 762.000000
5.189776 733.000000
5.206479 736.000000
5.223282 805.000000
5.239984 781.000000
5.256687 793.000000
5.273390 817.000000
5.290092 804.000000
5.306795 805.000000
5.323498 804.000000
5.340201 822.000000
5.356903 820.000000
5.373706 767.000000
5.390409 830.000000
5.407112 789.000000
5.423814 790.000000
5.440517 812.000000
5.457220 767.000000
5.473923 778.000000
5.490626 802.000000
5.507328 796.000000
5.524131 783.000000
5.540834 815.000000
5.557537 773.000000
5.574240 805.000000
5.590943 821.000000
5.607645 765.000000
5.624348 765.000000
5.641051 780.000000
5.657754 802.000000
5.674557 823.000000
5.691260 784.000000
5.707963 778.000000
5.724666 827.000000
5.741369 790.000000
5.758072 831.000000
5.774775 819.000000
5.791477 739.000000
5.808180 792.000000
5.824983 764.000000
5.841686 780.000000
5.858389 780.000000
5.875092 765.000000
5.891795 815.000000
5.908498 786.000000
5.925201 789.000000
5.941904 816.000000
5.958607 784.000000
5.975410 795.000000
5.992113 754.000000
6.008817 727.000000
6.025520 781.000000
6.042223 795.000000
6.058926 789.000000
6.075629 789.000000
6.092332 776.000000
6.109035 819.000000
6.125838 819.000000
6.142541 762.000000
6.159244 811.000000
6.175948 772.000000
6.192651 799.000000
6.209354 779.000000
6.226057 805.000000
6.242760 740.000000
6.259463 764.000000
6.276266 785.000000
6.292970 756.000000
6.309673 815.000000
6.326376 814.000000
6.343079 741.000000
6.359783 749.000000
6.376486 795.000000
6.393189 810.000000
6.409992 778.000000
6.426695 821.000000
6.443399 796.000000
6.460102 811.000000
6.476805 782.000000
6.493509 758.000000
6.510212 754.000000
6.526915 741.000000
6.543618 777.000000
6.560422 713.000000
6.577125 750.000000
6.593828 739.000000
6.610532 744.000000
6.627235 723.000000
6.643938 713.000000
6.660642 666.000000
6.677345 690.000000
6.694049 734.000000
6.710852 703.000000
6.727555 699.000000
6.744259 676.000000
6.760962 689.000000
6.777666 709.000000
6.794369 681.000000
6.811073 704.000000
6.827776 718.000000
6.844479 710.000000
6.861283 674.000000
6.877986 703.000000
6.894690 667.000000
6.911393 666.000000
6.928097 621.000000
6.944800 690.000000
6.961504 637.000000
6.978207 663.000000
6.994911 636.000000
7.011714 645.000000
7.028418 609.000000
7.045121 620.000000
7.061825 623.000000
7.078529 647.000000
7.095232 592.000000
7.111936 579.000000
7.128639 611.000000
7.145343 638.000000
7.162147 629.000000
7.178850 617.000000
7.195554 555.000000
7.212257 564.000000
7.228961 604.000000
7.245665 572.000000
7.262368 638.000000
7.279072 579.000000
7.295776 546.000000
7.312579 550.000000
7.329283 620.000000
7.345987 561.000000
7.362690 560.000000
7.379394 542.000000
7.396098 572.000000
7.412802 559.000000
7.429505 535.000000
7.446209 520.000000
7.463013 492.000000
7.479717 532.000000
7.496420 504.000000
7.513124 527.000000
7.529828 499.000000
7.546532 525.000000
7.563235 531.000000
7.579939 503.000000
7.596743 496.000000
7.613447 503.000000
7.630151 481.000000
7.646855 483.000000
7.663558 482.000000
7.680262 482.000000
7.696966 459.000000
7.713670 480.000000
7.730374 452.000000
7.747178 460.000000
7.763882 449.000000
7.780586 460.000000
7.797289 440.000000
7.813993 454.000000
7.830697 398.000000
7.847401 411.000000
7.864105 433.000000
7.880809 397.000000
7.897613 426.000000
7.914317 431.000000
7.931021 386.000000
7.947725 429.000000
7.964429 410.000000
7.981133 398.000000
7.997837 367.000000
8.014541 383.000000
8.031245 413.000000
8.048049 436.000000
8.064753 388.000000
8.081457 396.000000
8.098161 389.000000
8.114865 391.000000
8.131569 359.000000
8.148273 379.000000
8.164977 383.000000
8.181682 394.000000
8.198486 377.000000
8.215190 395.000000
8.231894 337.000000
8.248598 381.000000
8.265302 353.000000
8.282006 332.000000
8.298710 354.000000
8.315415 356.000000
8.332119 362.000000
8.348923 344.000000
8.365627 366.000000
8.382331 342.000000
8.399035 334.000000
8.415740 359.000000
8.432444 358.000000
8.449148 322.000000
8.465852 321.000000
8.482557 336.000000
8.499361 337.000000
8.516065 297.000000
8.532769 318.000000
8.549474 314.000000
8.566178 306.000000
8.582882 300.000000
8.599586 312.000000
8.616291 321.000000
8.632995 297.000000
8.649799 305.000000
8.666504 253.000000
8.683208 317.000000
8.699912 302.000000
8.716617 299.000000
8.733321 296.000000
8.750025 313.000000
8.766730 279.000000
8.783534 286.000000
8.800239 303.000000
8.816943 263.000000
8.833647 287.000000
8.850352 293.000000
8.867056 311.000000
8.883761 250.000000
8.900465 286.000000
8.917169 305.000000
8.933974 277.000000
8.950678 282.000000
8.967383 291.000000
8.984087 272.000000
9.000792 275.000000
9.017496 272.000000
9.034201 296.000000
9.050905 270.000000
9.067610 240.000000
9.084414 253.000000
9.101119 286.000000
9.117823 300.000000
9.134528 244.000000
9.151233 284.000000
9.167937 243.000000
9.184642 267.000000
9.201346 239.000000
9.218051 239.000000
9.234855 271.000000
9.251560 265.000000
9.268265 254.000000
9.284969 241.000000
9.301674 205.000000
9.318379 272.000000
9.335083 254.000000
9.351788 260.000000
9.368492 263.000000
9.385297 226.000000
9.402002 256.000000
9.418706 250.000000
9.435411 246.000000
9.452116 231.000000
9.468821 235.000000
9.485525 248.000000
9.502230 273.000000
9.518935 264.000000
9.535739 257.000000
9.552444 267.000000
9.569149 249.000000
9.585854 242.000000
9.602559 249.000000
9.619263 217.000000
9.635968 262.000000
9.652673 254.000000
9.669378 224.000000
9.686183 244.000000
9.702887 250.000000
9.719592 269.000000
9.736297 276.000000
9.753002 262.000000
9.769707 270.000000
9.786412 271.000000
9.803116 236.000000
9.819821 257.000000
9.836626 228.000000
9.853331 229.000000
9.870036 244.000000
9.886741 238.000000
9.903446 251.000000
9.920151 265.000000
9.936856 219.000000
9.953561 260.000000
9.970365 239.000000
9.987070 256.000000
10.003775 216.000000
10.020480 258.000000
10.037185 238.000000
10.053890 272.000000
10.070595 244.000000
10.087300 276.000000
10.104005 273.000000
10.120810 266.000000
10.137515 279.000000
10.154220 263.000000
10.170925 227.000000
10.187631 247.000000
10.204336 254.000000
10.221041 253.000000
10.237746 250.000000
10.254451 264.000000
10.271256 266.000000
10.287961 249.000000
10.304666 241.000000
10.321371 250.000000
10.338076 276.000000
10.354781 278.000000
10.371487 282.000000
10.388192 251.000000
10.404897 251.000000
10.421702 257.000000
10.438407 242.000000
10.455112 265.000000
10.471818 277.000000
10.488523 268.000000
10.505228 242.000000
10.521933 246.000000
10.538638 224.000000
10.555344 279.000000
10.572149 240.000000
10.588854 260.000000
10.605559 261.000000
10.622265 254.000000
10.638970 257.000000
10.655675 275.000000
10.672380 260.000000
10.689086 312.000000
10.705791 274.000000
10.722596 269.000000
10.739302 277.000000
10.756007 288.000000
10.772712 289.000000
10.789418 267.000000
10.806123 258.000000
10.822828 258.000000
10.839534 260.000000
10.856239 268.000000
10.873044 287.000000
10.889750 256.000000
10.906455 260.000000
10.923161 254.000000
10.939866 268.000000
10.956571 271.000000
10.973277 263.000000
10.989982 273.000000
11.006688 267.000000
11.023493 254.000000
11.040199 260.000000
11.056904 282.000000
11.073610 261.000000
11.090315 266.000000
11.107020 248.000000
11.123726 242.000000
11.140431 281.000000
11.157237 277.000000
11.173943 290.000000
11.190648 255.000000
11.207354 263.000000
11.224059 256.000000
11.240765 282.000000
11.257470 245.000000
11.274176 278.000000
11.290881 264.000000
11.307687 264.000000
11.324393 277.000000
11.341098 278.000000
11.357804 279.000000
11.374509 305.000000
11.391215 262.000000
11.407921 290.000000
11.424626 263.000000
11.441332 267.000000
11.458138 276.000000
11.474843 299.000000
11.491549 310.000000
11.508255 285.000000
11.524960 261.000000
11.541666 254.000000
11.558372 262.000000
11.575077 274.000000
11.591783 284.000000
11.608589 305.000000
11.625295 307.000000
11.642000 294.000000
11.658706 286.000000
11.675412 286.000000
11.692118 267.000000
11.708823 260.000000
11.725529 265.000000
11.742235 245.000000
11.759041 266.000000
11.775747 241.000000
11.792452 257.000000
11.809158 273.000000
11.825864 286.000000
11.842570 290.000000
11.859276 251.000000
11.875982 251.000000
11.892687 281.000000
11.909493 289.000000
11.926199 256.000000
11.942905 291.000000
11.959611 281.000000
11.976317 279.000000
11.993023 262.000000
12.009729 286.000000
12.026435 279.000000
12.043141 278.000000
12.059946 278.000000
12.076652 268.000000
12.093358 263.000000
12.110064 284.000000
12.126770 259.000000
12.143476 261.000000
12.160182 270.000000
12.176888 297.000000
12.193594 251.000000
12.210400 272.000000
12.227106 299.000000
12.243812 292.000000
12.260518 269.000000
12.277224 257.000000
12.293930 269.000000
12.310637 248.000000
12.327343 262.000000
12.344149 282.000000
12.360855 253.000000
12.377561 228.000000
12.394267 257.000000
12.410973 255.000000
12.427679 257.000000
12.444385 301.000000
12.461091 261.000000
12.477798 266.000000
12.494604 284.000000
12.511310 284.000000
12.528016 276.000000
12.544722 276.000000
12.561428 276.000000
12.578135 308.000000
12.594841 293.000000
12.611547 289.000000
12.628253 249.000000
12.645059 275.000000
12.661766 263.000000
12.678472 283.000000
12.695178 287.000000
12.711884 309.000000
12.728591 280.000000
12.745297 270.000000
12.762003 292.000000
12.778709 283.000000
12.795516 282.000000
12.812222 288.000000
12.828928 311.000000
12.845635 263.000000
12.862341 283.000000
12.879047 278.000000
12.895754 278.000000
12.912460 266.000000
12.929166 311.000000
12.945973 272.000000
12.962679 254.000000
12.979386 288.000000
12.996092 252.000000
13.012798 305.000000
13.029505 285.000000
13.046211 277.000000
13.062918 252.000000
13.079624 281.000000
13.096430 279.000000
13.113137 289.000000
13.129843 300.000000
13.146550 273.000000
13.163256 277.000000
13.179963 289.000000
13.196669 269.000000
13.213376 312.000000
13.230082 316.000000
13.246889 315.000000
13.263595 269.000000
13.280302 288.000000
13.297008 292.000000
13.313715 307.000000
13.330421 296.000000
13.347128 330.000000
13.363834 322.000000
13.380541 287.000000
13.397348 284.000000
13.414054 266.000000
13.430761 290.000000
13.447467 299.000000
13.464174 291.000000
13.480881 262.000000
13.497587 272.000000
13.514294 248.000000
13.531100 250.000000
13.547807 261.000000
13.564514 295.000000
13.581220 270.000000
13.597927 276.000000
13.614634 274.000000
13.631340 301.000000
13.648047 272.000000
13.664754 281.000000
13.681561 247.000000
13.698267 262.000000
13.714974 290.000000
13.731681 291.000000
13.748388 277.000000
13.765094 273.000000
13.781801 284.000000
13.798508 281.000000
13.815215 319.000000
13.832021 315.000000
13.848728 307.000000
13.865435 279.000000
13.882142 266.000000
13.898849 286.000000
13.915555 267.000000
13.932262 314.000000
13.948969 252.000000
13.965676 299.000000
13.982483 309.000000
13.999190 300.000000
14.015897 292.000000
14.032603 282.000000
14.049310 278.000000
14.066017 309.000000
14.082724 305.000000
14.099431 278.000000
14.116138 303.000000
14.132945 323.000000
14.149652 309.000000
14.166359 323.000000
14.183066 328.000000
14.199773 308.000000
14.216480 310.000000
14.233187 343.000000
14.249894 311.000000
14.266601 302.000000
14.283408 325.000000
14.300115 352.000000
14.316822 352.000000
14.333529 344.000000
14.350236 362.000000
14.366943 404.000000
14.383650 421.000000
14.400357 461.000000
14.417064 459.000000
14.433871 529.000000
14.450578 582.000000
14.467285 632.000000
14.483992 704.000000
14.500699 815.000000
14.517406 837.000000
14.534113 850.000000
14.550821 731.000000
14.567528 586.000000
14.584335 489.000000
14.601042 354.000000
14.617749 361.000000
14.634456 344.000000
14.651164 304.000000
14.667871 303.000000
14.684578 316.000000
14.701285 325.000000
14.718092 298.000000
14.734800 309.000000
14.751507 299.000000
14.768214 298.000000
14.784921 320.000000
14.801628 289.000000
14.818336 322.000000
14.835043 322.000000
14.851750 308.000000
14.868558 295.000000
14.885265 340.000000
14.901972 326.000000
14.918679 316.000000
14.935387 330.000000
14.952094 312.000000
14.968801 303.000000
14.985509 304.000000
15.002216 330.000000
15.019023 315.000000
15.035731 278.000000
15.052438 308.000000
15.069145 329.000000
15.085853 323.000000
15.102560 333.000000
15.119268 288.000000
15.135975 295.000000
15.152682 287.000000
15.169490 286.000000
15.186197 337.000000
15.202905 313.000000
15.219612 270.000000
15.236320 302.000000
15.253027 307.000000
15.269735 288.000000
15.286442 294.000000
15.303150 271.000000
15.319957 313.000000
15.336665 302.000000
15.353372 312.000000
15.370080 323.000000
15.386787 305.000000
15.403495 327.000000
15.420202 313.000000
15.436910 296.000000
15.453617 293.000000
15.470425 290.000000
15.487132 335.000000
15.503840 319.000000
15.520548 272.000000
15.537255 297.000000
15.553963 308.000000
15.570670 274.000000
15.587378 334.000000
15.604086 310.000000
15.620893 312.000000
15.637601 317.000000
15.654309 292.000000
15.671016 332.000000
15.687724 324.000000
15.704431 300.000000
15.721139 298.000000
15.737847 313.000000
15.754555 305.000000
15.771362 317.000000
15.788070 291.000000
15.804778 330.000000
15.821485 276.000000
15.838193 293.000000
15.854901 338.000000
15.871609 293.000000
15.888316 318.000000
15.905124 339.000000
15.921832 319.000000
15.938540 305.000000
15.955248 296.000000
15.971955 310.000000
15.988663 350.000000
16.005371 306.000000
16.022079 310.000000
16.038787 305.000000
16.055594 299.000000
16.072302 306.000000
16.089010 313.000000
16.105718 299.000000
16.122426 299.000000
16.139134 304.000000
16.155842 313.000000
16.172550 302.000000
16.189257 309.000000
16.206065 288.000000
16.222773 314.000000
16.239481 318.000000
16.256189 303.000000
16.272897 301.000000
16.289605 317.000000
16.306313 317.000000
16.323021 311.000000
16.339729 314.000000
16.356537 294.000000
16.373245 290.000000
16.389953 348.000000
16.406661 333.000000
16.423369 307.000000
16.440077 279.000000
16.456785 285.000000
16.473493 308.000000
16.490201 333.000000
16.507009 335.000000
16.523717 278.000000
16.540425 279.000000
16.557133 275.000000
16.573841 304.000000
16.590550 303.000000
16.607258 312.000000
16.623966 281.000000
16.640674 324.000000
16.657482 311.000000
16.674190 312.000000
16.690898 314.000000
16.707606 318.000000
16.724315 316.000000
16.741023 320.000000
16.757731 297.000000
16.774439 307.000000
16.791147 312.000000
16.807955 302.000000
16.824664 314.000000
16.841372 311.000000
16.858080 313.000000
16.874788 332.000000
16.891497 315.000000
16.908205 342.000000
16.924913 330.000000
16.941721 344.000000
16.958430 339.000000
16.975138 340.000000
16.991846 306.000000
17.008554 331.000000
17.025263 379.000000
17.041971 335.000000
17.058679 354.000000
17.075388 373.000000
17.092196 415.000000
17.108904 465.000000
17.125613 483.000000
17.142321 502.000000
17.159029 562.000000
17.175738 602.000000
17.192446 606.000000
17.209155 674.000000
17.225863 616.000000
17.242671 581.000000
17.259380 487.000000
17.276088 450.000000
17.292797 416.000000
17.309505 400.000000
17.326213 349.000000
17.342922 330.000000
17.359630 310.000000
17.376339 369.000000
17.393147 315.000000
17.409856 353.000000
17.426564 342.000000
17.443273 331.000000
17.459981 357.000000
17.476690 325.000000
17.493398 320.000000
17.510107 336.000000
17.526815 324.000000
17.543624 323.000000
17.560333 305.000000
17.577041 323.000000
17.593750 325.000000
17.610458 349.000000
17.627167 299.000000
17.643875 327.000000
17.660584 314.000000
17.677293 315.000000
17.694101 290.000000
17.710810 298.000000
17.727518 321.000000
17.744227 311.000000
17.760936 318.000000
17.777644 324.000000
17.794353 314.000000
17.811062 298.000000
17.827770 331.000000
17.844579 316.000000
17.861288 314.000000
17.877997 321.000000
17.894705 360.000000
17.911414 314.000000
17.928123 348.000000
17.944831 294.000000
17.961540 267.000000
17.978249 336.000000
17.995058 283.000000
18.011766 351.000000
18.028475 318.000000
18.045184 334.000000
18.061893 301.000000
18.078602 322.000000
18.095310 324.000000
18.112019 320.000000
18.128728 320.000000
18.145537 289.000000
18.162246 316.000000
18.178955 314.000000
18.195663 320.000000
18.212372 333.000000
18.229081 324.000000
18.245790 342.000000
18.262499 328.000000
18.279308 312.000000
18.296017 306.000000
18.312726 305.000000
18.329434 323.000000
18.346143 303.000000
18.362852 286.000000
18.379561 339.000000
18.396270 302.000000
18.412979 293.000000
18.429788 326.000000
18.446497 316.000000
18.463206 324.000000
18.479915 331.000000
18.496624 328.000000
18.513333 307.000000
18.530042 297.000000
18.546751 284.000000
18.563460 317.000000
18.580269 291.000000
18.596978 287.000000
18.613687 339.000000
18.630396 324.000000
18.647105 280.000000
18.663814 317.000000
18.680524 308.000000
18.697233 362.000000
18.713942 329.000000
18.730751 329.000000
18.747460 349.000000
18.764169 328.000000
18.780878 336.000000
18.797587 337.000000
18.814296 334.000000
18.831006 338.000000
18.847715 367.000000
18.864424 378.000000
18.881233 408.000000
18.897942 456.000000
18.914652 506.000000
18.931361 452.000000
18.948070 500.000000
18.964779 443.000000
18.981488 451.000000
18.998198 406.000000
19.014907 393.000000
19.031716 346.000000
19.048425 354.000000
19.065135 332.000000
19.081844 323.000000
19.098553 302.000000
19.115262 269.000000
19.131972 272.000000
19.148681 317.000000
19.165390 301.000000
19.182200 336.000000
19.198909 304.000000
19.215618 304.000000
19.232328 334.000000
19.249037 313.000000
19.265746 339.000000
19.282456 333.000000
19.299165 311.000000
19.315874 335.000000
19.332684 308.000000
19.349393 329.000000
19.366103 358.000000
19.382812 326.000000
19.399522 345.000000
19.416231 377.000000
19.432940 343.000000
19.449650 374.000000
19.466459 347.000000
19.483169 363.000000
19.499878 404.000000
19.516588 421.000000
19.533297 447.000000
19.550007 415.000000
19.566716 446.000000
19.583426 492.000000
19.600135 525.000000
19.616945 562.000000
19.633654 599.000000
19.650364 617.000000
19.667073 633.000000
19.683783 590.000000
19.700492 624.000000
19.717202 534.000000
19.733912 566.000000
19.750621 566.000000
19.767431 616.000000
19.784140 713.000000
19.800850 890.000000
19.817560 986.000000
19.834269 1211.000000
19.850979 1389.000000
19.867688 1753.000000
19.884398 2125.000000
19.901108 2661.000000
19.917918 3271.000000
19.934627 3788.000000
19.951337 3981.000000
19.968047 3943.000000
19.984756 3406.000000
20.001466 2950.000000
20.018176 2523.000000
20.034885 2183.000000
20.051595 2040.000000
20.068405 1999.000000
20.085115 1955.000000
20.101824 2078.000000
20.118534 2143.000000
20.135244 1898.000000
20.151954 1653.000000
20.168663 1310.000000
20.185373 990.000000
20.202083 789.000000
20.218893 610.000000
20.235603 487.000000
20.252312 448.000000
20.269022 392.000000
20.285732 420.000000
20.302442 354.000000
20.319152 359.000000
20.335862 380.000000
20.352572 387.000000
20.369381 371.000000
20.386091 356.000000
20.402801 349.000000
20.419511 352.000000
20.436221 335.000000
20.452931 333.000000
20.469641 356.000000
20.486351 370.000000
20.503161 352.000000
20.519871 342.000000
20.536581 331.000000
20.553291 313.000000
20.570001 344.000000
20.586711 342.000000
20.603421 308.000000
20.620131 345.000000
20.636841 361.000000
20.653651 311.000000
20.670361 329.000000
20.687071 310.000000
20.703781 363.000000
20.720491 335.000000
20.737201 339.000000
20.753911 368.000000
20.770621 353.000000
20.787331 347.000000
20.804141 340.000000
20.820851 338.000000
20.837561 296.000000
20.854271 320.000000
20.870981 325.000000
20.887692 380.000000
20.904402 339.000000
20.921112 304.000000
20.937822 348.000000
20.954632 331.000000
20.971342 320.000000
20.988052 350.000000
21.004763 378.000000
21.021473 440.000000
21.038183 467.000000
21.054893 439.000000
21.071603 438.000000
21.088314 452.000000
21.105124 385.000000
21.121834 381.000000
21.138544 390.000000
21.155255 380.000000
21.171965 352.000000
21.188675 327.000000
21.205385 326.000000
21.222096 313.000000
21.238806 310.000000
21.255616 315.000000
21.272327 312.000000
21.289037 325.000000
21.305747 327.000000
21.322458 299.000000
21.339168 297.000000
21.355878 313.000000
21.372589 353.000000
21.389299 311.000000
21.406109 301.000000
21.422820 334.000000
21.439530 306.000000
21.456240 319.000000
21.472951 309.000000
21.489661 335.000000
21.506372 333.000000
21.523082 356.000000
21.539792 330.000000
21.556603 342.000000
21.573313 334.000000
21.590024 350.000000
21.606734 321.000000
21.623445 313.000000
21.640155 342.000000
21.656866 305.000000
21.673576 308.000000
21.690287 327.000000
21.707097 336.000000
21.723808 313.000000
21.740518 323.000000
21.757229 333.000000
21.773939 335.000000
21.790650 336.000000
21.807360 358.000000
21.824071 344.000000
21.840882 331.000000
21.857592 341.000000
21.874303 377.000000
21.891013 385.000000
21.907724 393.000000
21.924435 421.000000
21.941145 449.000000
21.957856 490.000000
21.974566 492.000000
21.991377 581.000000
22.008088 605.000000
22.024798 638.000000
22.041509 840.000000
22.058220 984.000000
22.074930 1021.000000
22.091641 1086.000000
22.108352 1161.000000
22.125062 1013.000000
22.141873 934.000000
22.158584 765.000000
22.175295 707.000000
22.192005 629.000000
22.208716 501.000000
22.225427 430.000000
22.242138 457.000000
22.258848 407.000000
22.275559 413.000000
22.292370 375.000000
22.309081 344.000000
22.325792 398.000000
22.342502 377.000000
22.359213 358.000000
22.375924 335.000000
22.392635 376.000000
22.409346 392.000000
22.426056 368.000000
22.442867 372.000000
22.459578 366.000000
22.476289 367.000000
22.493000 380.000000
22.509711 415.000000
22.526422 410.000000
22.543133 430.000000
22.559843 456.000000
22.576554 505.000000
22.593365 528.000000
22.610076 566.000000
22.626787 681.000000
22.643498 758.000000
22.660209 872.000000
22.676920 1026.000000
22.693631 1209.000000
22.710342 1436.000000
22.727053 1543.000000
22.743864 1541.000000
22.760575 1407.000000
22.777286 1202.000000
22.793997 1045.000000
22.810708 934.000000
22.827419 719.000000
22.844130 658.000000
22.860841 559.000000
22.877652 524.000000
22.894363 488.000000
22.911074 485.000000
22.927785 491.000000
22.944497 531.000000
22.961208 565.000000
22.977919 683.000000
22.994630 753.000000
23.011341 733.000000
23.028152 903.000000
23.044863 925.000000
23.061574 1121.000000
23.078286 1082.000000
23.094997 1051.000000
23.111708 947.000000
23.128419 843.000000
23.145130 772.000000
23.161841 675.000000
23.178653 571.000000
23.195364 570.000000
23.212075 562.000000
23.228786 485.000000
23.245498 503.000000
23.262209 494.000000
23.278920 463.000000
23.295631 470.000000
23.312342 524.000000
23.329154 515.000000
23.345865 563.000000
23.362576 587.000000
23.379288 630.000000
23.395999 605.000000
23.412710 588.000000
23.429422 563.000000
23.446133 577.000000
23.462844 512.000000
23.479656 444.000000
23.496367 412.000000
23.513078 410.000000
23.529790 375.000000
23.546501 376.000000
23.563212 361.000000
23.579924 327.000000
23.596635 333.000000
23.613347 343.000000
23.630158 358.000000
23.646869 366.000000
23.663581 324.000000
23.680292 332.000000
23.697004 347.000000
23.713715 380.000000
23.730427 381.000000
23.747138 400.000000
23.763849 361.000000
23.780661 360.000000
23.797373 395.000000
23.814084 461.000000
23.830795 503.000000
23.847507 500.000000
23.864219 523.000000
23.880930 562.000000
23.897642 502.000000
23.914353 522.000000
23.931165 516.000000
23.947876 472.000000
23.964588 412.000000
23.981299 427.000000
23.998011 420.000000
24.014723 348.000000
24.031434 344.000000
24.048146 352.000000
24.064857 346.000000
24.081669 339.000000
24.098381 330.000000
24.115092 323.000000
24.131804 326.000000
24.148516 306.000000
24.165227 359.000000
24.181939 286.000000
24.198651 312.000000
24.215462 331.000000
24.232174 297.000000
24.248886 302.000000
24.265597 292.000000
24.282309 310.000000
24.299021 326.000000
24.315732 311.000000
24.332444 309.000000
24.349156 299.000000
24.365968 290.000000
24.382680 302.000000
24.399391 307.000000
24.416103 318.000000
24.432815 304.000000
24.449527 288.000000
24.466238 302.000000
24.482950 277.000000
24.499662 307.000000
24.516474 320.000000
24.533186 299.000000
24.549898 325.000000
24.566609 312.000000
24.583321 280.000000
24.600033 288.000000
24.616745 304.000000
24.633457 310.000000
24.650169 304.000000
24.666981 274.000000
24.683693 297.000000
24.700404 305.000000
24.717116 300.000000
24.733828 260.000000
24.750540 297.000000
24.767252 307.000000
24.783964 302.000000
24.800676 300.000000
24.817488 283.000000
24.834200 275.000000
24.850912 284.000000
24.867624 317.000000
24.884336 316.000000
24.901048 275.000000
24.917760 290.000000
24.934472 303.000000
24.951184 297.000000
24.967996 313.000000
24.984708 300.000000
25.001420 309.000000
25.018132 313.000000
25.034844 315.000000
25.051556 324.000000
25.068268 334.000000
25.084981 337.000000
25.101693 329.000000
25.118505 328.000000
25.135217 348.000000
25.151929 315.000000
25.168641 323.000000
25.185353 309.000000
25.202065 314.000000
25.218778 309.000000
25.235490 303.000000
25.252202 296.000000
25.269014 284.000000
25.285726 310.000000
25.302438 334.000000
25.319151 295.000000
25.335863 292.000000
25.352575 288.000000
25.369287 275.000000
25.386000 312.000000
25.402812 310.000000
25.419524 305.000000
25.436236 317.000000
25.452949 307.000000
25.469661 287.000000
25.486373 296.000000
25.503085 342.000000
25.519798 328.000000
25.536510 317.000000
25.553322 328.000000
25.570035 344.000000
25.586747 327.000000
25.603459 382.000000
25.620172 356.000000
25.636884 377.000000
25.653596 355.000000
25.670309 339.000000
25.687021 320.000000
25.703833 291.000000
25.720546 317.000000
25.737258 321.000000
25.753971 298.000000
25.770683 291.000000
25.787395 324.000000
25.804108 308.000000
25.820820 337.000000
25.837533 323.000000
25.854345 342.000000
25.871058 310.000000
25.887770 308.000000
25.904483 327.000000
25.921195 349.000000
25.937908 325.000000
25.954620 325.000000
25.971333 311.000000
25.988045 319.000000
26.004858 309.000000
26.021570 295.000000
26.038283 302.000000
26.054995 328.000000
26.071708 305.000000
26.088420 322.000000
26.105133 327.000000
26.121845 316.000000
26.138558 302.000000
26.155371 299.000000
26.172083 317.000000
26.188796 270.000000
26.205508 318.000000
26.222221 320.000000
26.238934 312.000000
26.255646 315.000000
26.272359 315.000000
26.289072 331.000000
26.305884 288.000000
26.322597 298.000000
26.339310 325.000000
26.356022 351.000000
26.372735 349.000000
26.389448 370.000000
26.406160 357.000000
26.422873 349.000000
26.439586 382.000000
26.456399 355.000000
26.473111 401.000000
26.489824 418.000000
26.506537 411.000000
26.523250 466.000000
26.539962 434.000000
26.556675 500.000000
26.573388 540.000000
26.590201 551.000000
26.606913 516.000000
26.623626 513.000000
26.640339 464.000000
26.657052 444.000000
26.673765 416.000000
26.690478 424.000000
26.707190 400.000000
26.723903 400.000000
26.740716 401.000000
26.757429 354.000000
26.774142 393.000000
26.790855 373.000000
26.807568 376.000000
26.824281 341.000000
26.840993 365.000000
26.857706 363.000000
26.874419 336.000000
26.891232 353.000000
26.907945 372.000000
26.924658 364.000000
26.941371 389.000000
26.958084 417.000000
26.974797 413.000000
26.991510 372.000000
27.008223 359.000000
27.024936 377.000000
27.041749 355.000000
27.058462 347.000000
27.075175 389.000000
27.091888 388.000000
27.108601 371.000000
27.125314 393.000000
27.142027 364.000000
27.158740 356.000000
27.175453 392.000000
27.192266 362.000000
27.208979 337.000000
27.225693 341.000000
27.242406 342.000000
27.259119 326.000000
27.275832 306.000000
27.292545 328.000000
27.309258 323.000000
27.325971 359.000000
27.342784 310.000000
27.359498 331.000000
27.376211 321.000000
27.392924 319.000000
27.409637 352.000000
27.426350 324.000000
27.443063 318.000000
27.459777 319.000000
27.476490 360.000000
27.493303 326.000000
27.510016 329.000000
27.526729 312.000000
27.543443 321.000000
27.560156 309.000000
27.576869 303.000000
27.593582 333.000000
27.610296 316.000000
27.627109 336.000000
27.643822 319.000000
27.660536 350.000000
27.677249 355.000000
27.693962 351.000000
27.710675 338.000000
27.727389 359.000000
27.744102 339.000000
27.760815 373.000000
27.777629 341.000000
27.794342 322.000000
27.811056 344.000000
27.827769 374.000000
27.844482 352.000000
27.861196 355.000000
27.877909 386.000000
27.894622 402.000000
27.911336 374.000000
27.928149 357.000000
27.944863 360.000000
27.961576 396.000000
27.978290 421.000000
27.995003 428.000000
28.011716 480.000000
28.028430 471.000000
28.045143 526.000000
28.061857 566.000000
28.078670 599.000000
28.095384 637.000000
28.112097 715.000000
28.128811 734.000000
28.145524 819.000000
28.162238 805.000000
28.178951 909.000000
28.195665 1038.000000
28.212378 1226.000000
28.229192 1495.000000
28.245906 1664.000000
28.262619 1805.000000
28.279333 2135.000000
28.296046 2475.000000
28.312760 2873.000000
28.329473 3535.000000
28.346187 4397.000000
28.362901 5391.000000
28.379714 6306.000000
28.396428 6906.000000
28.413142 6509.000000
28.429855 5535.000000
28.446569 4758.000000
28.463283 4073.000000
28.479996 3621.000000
28.496710 2783.000000
28.513424 2093.000000
28.530237 1477.000000
28.546951 1230.000000
28.563665 1058.000000
28.580378 847.000000
28.597092 796.000000
28.613806 761.000000
28.630520 702.000000
28.647233 597.000000
28.664047 568.000000
28.680761 551.000000
28.697475 557.000000
28.714188 529.000000
28.730902 510.000000
28.747616 512.000000
28.764330 478.000000
28.781044 474.000000
28.797757 481.000000
28.814571 497.000000
28.831285 470.000000
28.847999 466.000000
28.864713 457.000000
28.881427 481.000000
28.898141 505.000000
28.914854 513.000000
28.931568 520.000000
28.948282 518.000000
28.965096 546.000000
28.981810 564.000000
28.998524 553.000000
29.015238 592.000000
29.031952 705.000000
29.048666 706.000000
29.065380 730.000000
29.082094 871.000000
29.098807 888.000000
29.115622 976.000000
29.132335 1197.000000
29.149049 1373.000000
29.165763 1567.000000
29.182477 2020.000000
29.199191 2536.000000
29.215905 3116.000000
29.232619 4006.000000
29.249333 4938.000000
29.266148 5910.000000
29.282862 6700.000000
29.299576 6439.000000
29.316290 5638.000000
29.333004 4578.000000
29.349718 4166.000000
29.366432 3616.000000
29.383146 3007.000000
29.399860 2148.000000
29.416674 1539.000000
29.433388 1085.000000
29.450102 941.000000
29.466817 832.000000
29.483531 713.000000
29.500245 743.000000
29.516959 694.000000
29.533673 655.000000
29.550387 587.000000
29.567201 631.000000
29.583916 635.000000
29.600630 645.000000
29.617344 717.000000
29.634058 707.000000
29.650772 704.000000
29.667487 734.000000
29.684201 761.000000
29.700915 718.000000
29.717729 797.000000
29.734444 888.000000
29.751158 908.000000
29.767872 1060.000000
29.784586 1187.000000
29.801301 1369.000000
29.818015 1580.000000
29.834729 1984.000000
29.851444 2469.000000
29.868258 3082.000000
29.884972 3648.000000
29.901687 4516.000000
29.918401 5052.000000
29.935115 5226.000000
29.951830 4667.000000
29.968544 3802.000000
29.985258 3418.000000
30.002073 3124.000000
30.018787 2663.000000
30.035501 1927.000000
30.052216 1465.000000
30.068930 1098.000000
30.085645 909.000000
30.102359 814.000000
30.119073 725.000000
30.135788 702.000000
30.152602 684.000000
30.169317 626.000000
30.186031 569.000000
30.202746 618.000000
30.219460 557.000000
30.236175 564.000000
30.252889 453.000000
30.269604 457.000000
30.286318 436.000000
30.303133 460.000000
30.319847 424.000000
30.336562 436.000000
30.353276 424.000000
30.369991 389.000000
30.386705 379.000000
30.403420 374.000000
30.420135 351.000000
30.436849 364.000000
30.453664 379.000000
30.470378 382.000000
30.487093 391.000000
30.503808 367.000000
30.520522 355.000000
30.537237 332.000000
30.553951 350.000000
30.570666 358.000000
30.587381 351.000000
30.604195 363.000000
30.620910 329.000000
30.637625 308.000000
30.654339 332.000000
30.671054 320.000000
30.687769 281.000000
30.704483 321.000000
30.721198 322.000000
30.737913 309.000000
30.754728 302.000000
30.771442 345.000000
30.788157 346.000000
30.804872 323.000000
30.821586 336.000000
30.838301 335.000000
30.855016 344.000000
30.871731 358.000000
30.888446 319.000000
30.905260 297.000000
30.921975 328.000000
30.938690 329.000000
30.955405 356.000000
30.972120 351.000000
30.988834 334.000000
31.005549 301.000000
31.022264 324.000000
31.038979 329.000000
31.055794 312.000000
31.072509 343.000000
31.089224 341.000000
31.105938 347.000000
31.122653 313.000000
31.139368 324.000000
31.156083 346.000000
31.172798 315.000000
31.189613 325.000000
31.206328 319.000000
31.223043 345.000000
31.239758 335.000000
31.256473 315.000000
31.273188 337.000000
31.289903 291.000000
31.306618 304.000000
31.323333 321.000000
31.340148 368.000000
31.356863 341.000000
31.373578 345.000000
31.390293 330.000000
31.407008 362.000000
31.423723 320.000000
31.440438 309.000000
31.457153 299.000000
31.473868 272.000000
31.490683 344.000000
31.507398 321.000000
31.524113 324.000000
31.540828 352.000000
31.557543 336.000000
31.574258 313.000000
31.590973 309.000000
31.607689 327.000000
31.624404 348.000000
31.641219 361.000000
31.657934 313.000000
31.674649 321.000000
31.691364 353.000000
31.708079 325.000000
31.724795 290.000000
31.741510 269.000000
31.758225 307.000000
31.774940 283.000000
31.791755 320.000000
31.808471 319.000000
31.825186 329.000000
31.841901 362.000000
31.858616 284.000000
31.875331 299.000000
31.892047 328.000000
31.908762 300.000000
31.925477 335.000000
31.942293 312.000000
31.959008 294.000000
31.975723 320.000000
31.992438 266.000000
32.009154 313.000000
32.025869 326.000000
32.042584 286.000000
32.059300 298.000000
32.076015 273.000000
32.092830 283.000000
32.109546 323.000000
32.126261 330.000000
32.142976 338.000000
32.159692 306.000000
32.176407 307.000000
32.193122 323.000000
32.209838 337.000000
32.226553 348.000000
32.243369 323.000000
32.260084 338.000000
32.276800 329.000000
32.293515 358.000000
32.310230 312.000000
32.326946 326.000000
32.343661 334.000000
32.360377 303.000000
32.377092 287.000000
32.393908 320.000000
32.410623 277.000000
32.427339 295.000000
32.444054 308.000000
32.460770 306.000000
32.477485 346.000000
32.494201 312.000000
32.510916 321.000000
32.527732 321.000000
32.544447 302.000000
32.561163 331.000000
32.577878 342.000000
32.594594 327.000000
32.611310 332.000000
32.628025 333.000000
32.644741 346.000000
32.661456 304.000000
32.678272 305.000000
32.694988 317.000000
32.711703 298.000000
32.728419 368.000000
32.745134 331.000000
32.761850 375.000000
32.778566 338.000000
32.795281 344.000000
32.811997 383.000000
32.828813 368.000000
32.845528 421.000000
32.862244 446.000000
32.878960 389.000000
32.895676 404.000000
32.912391 406.000000
32.929107 432.000000
32.945823 391.000000
32.962538 395.000000
32.979354 414.000000
32.996070 373.000000
33.012786 365.000000
33.029501 349.000000
33.046217 318.000000
33.062933 317.000000
33.079649 327.000000
33.096365 311.000000
33.113080 298.000000
33.129896 306.000000
33.146612 320.000000
33.163328 311.000000
33.180044 314.000000
33.196760 339.000000
33.213475 360.000000
33.230191 321.000000
33.246907 338.000000
33.263623 357.000000
33.280439 359.000000
33.297155 340.000000
33.313871 340.000000
33.330587 373.000000
33.347303 390.000000
33.364018 414.000000
33.380734 426.000000
33.397450 480.000000
33.414166 463.000000
33.430982 454.000000
33.447698 503.000000
33.464414 488.000000
33.481130 469.000000
33.497846 441.000000
33.514562 472.000000
33.531278 457.000000
33.547994 405.000000
33.564810 393.000000
33.581526 418.000000
33.598242 389.000000
33.614958 364.000000
33.631674 344.000000
33.648390 349.000000
33.665106 351.000000
33.681822 358.000000
33.698538 366.000000
33.715355 396.000000
33.732071 366.000000
33.748787 399.000000
33.765503 374.000000
33.782219 389.000000
33.798935 369.000000
33.815651 352.000000
33.832367 371.000000
33.849083 356.000000
33.865900 354.000000
33.882616 412.000000
33.899332 378.000000
33.916048 385.000000
33.932764 359.000000
33.949481 400.000000
33.966197 385.000000
33.982913 439.000000
33.999629 477.000000
34.016445 540.000000
34.033162 578.000000
34.049878 612.000000
34.066594 646.000000
34.083310 677.000000
34.100027 637.000000
34.116743 561.000000
34.133459 531.000000
34.150175 557.000000
34.166992 500.000000
34.183708 451.000000
34.200424 452.000000
34.217141 448.000000
34.233857 443.000000
34.250573 476.000000
34.267290 402.000000
34.284006 384.000000
34.300722 370.000000
34.317539 411.000000
34.334255 391.000000
34.350971 371.000000
34.367688 387.000000
34.384404 386.000000
34.401121 361.000000
34.417837 360.000000
34.434553 342.000000
34.451270 371.000000
34.468086 345.000000
34.484803 340.000000
34.501519 350.000000
34.518236 384.000000
34.534952 388.000000
34.551668 391.000000
34.568385 426.000000
34.585101 408.000000
34.601818 459.000000
34.618634 470.000000
34.635351 486.000000
34.652067 527.000000
34.668784 600.000000
34.685500 691.000000
34.702217 768.000000
34.718933 962.000000
34.735650 1173.000000
34.752467 1457.000000
34.769183 1685.000000
34.785900 1940.000000
34.802616 2194.000000
34.819333 2332.000000
34.836049 2198.000000
34.852766 2143.000000
34.869483 2009.000000
34.886199 2035.000000
34.903016 1889.000000
34.919733 1910.000000
34.936449 1746.000000
34.953166 1727.000000
34.969883 1747.000000
34.986599 1749.000000
35.003316 1933.000000
35.020033 2231.000000
35.036749 2617.000000
35.053566 3172.000000
35.070283 3578.000000
35.086999 4115.000000
35.103716 4354.000000
35.120433 4499.000000
35.137149 4120.000000
35.153866 3684.000000
35.170583 3297.000000
35.187300 2933.000000
35.204117 2595.000000
35.220833 2262.000000
35.237550 1917.000000
35.254267 1421.000000
35.270984 1073.000000
35.287700 924.000000
35.304417 715.000000
35.321134 661.000000
35.337851 579.000000
35.354668 489.000000
35.371385 491.000000
35.388101 478.000000
35.404818 435.000000
35.421535 480.000000
35.438252 465.000000
35.454969 475.000000
35.471686 443.000000
35.488403 419.000000
35.505220 385.000000
35.521936 350.000000
35.538653 409.000000
35.555370 400.000000
35.572087 391.000000
35.588804 345.000000
35.605521 356.000000
35.622238 343.000000
35.638955 334.000000
35.655772 373.000000
35.672489 375.000000
35.689206 355.000000
35.705923 377.000000
35.722640 383.000000
35.739357 380.000000
35.756074 381.000000
35.772791 437.000000
35.789608 421.000000
35.806325 438.000000
35.823042 470.000000
35.839759 460.000000
35.856476 478.000000
35.873193 472.000000
35.889910 419.000000
35.906627 429.000000
35.923344 429.000000
35.940162 426.000000
35.956879 402.000000
35.973596 422.000000
35.990313 404.000000
36.007030 403.000000
36.023747 423.000000
36.040464 413.000000
36.057181 421.000000
36.073899 412.000000
36.090716 431.000000
36.107433 403.000000
36.124150 416.000000
36.140867 456.000000
36.157585 440.000000
36.174302 467.000000
36.191019 471.000000
36.207736 515.000000
36.224453 537.000000
36.241271 574.000000
36.257988 650.000000
36.274705 731.000000
36.291422 735.000000
36.308140 827.000000
36.324857 853.000000
36.341574 869.000000
36.358291 875.000000
36.375009 884.000000
36.391826 985.000000
36.408543 1054.000000
36.425261 1004.000000
36.441978 1017.000000
36.458695 897.000000
36.475413 857.000000
36.492130 745.000000
36.508847 684.000000
36.525565 702.000000
36.542382 605.000000
36.559100 573.000000
36.575817 529.000000
36.592534 492.000000
36.609252 499.000000
36.625969 416.000000
36.642687 462.000000
36.659404 405.000000
36.676121 428.000000
36.692939 404.000000
36.709656 430.000000
36.726374 435.000000
36.743091 462.000000
36.759809 446.000000
36.776526 475.000000
36.793244 494.000000
36.809961 448.000000
36.826679 515.000000
36.843496 533.000000
36.860214 681.000000
36.876931 739.000000
36.893649 853.000000
36.910366 928.000000
36.927084 1063.000000
36.943801 1057.000000
36.960519 993.000000
36.977236 940.000000
36.994054 992.000000
37.010772 1112.000000
37.027489 1157.000000
37.044207 1171.000000
37.060924 1193.000000
37.077642 1145.000000
37.094360 1094.000000
37.111077 995.000000
37.127895 917.000000
37.144613 939.000000
37.161330 859.000000
37.178048 801.000000
37.194766 841.000000
37.211483 907.000000
37.228201 882.000000
37.244919 882.000000
37.261636 873.000000
37.278454 974.000000
37.295172 1001.000000
37.311889 964.000000
37.328607 980.000000
37.345325 1001.000000
37.362043 906.000000
37.378760 784.000000
37.395478 685.000000
37.412196 709.000000
37.429014 639.000000
37.445731 562.000000
37.462449 509.000000
37.479167 473.000000
37.495885 427.000000
37.512603 424.000000
37.529320 383.000000
37.546038 363.000000
37.562756 355.000000
37.579574 351.000000
37.596292 368.000000
37.613010 364.000000
37.629728 366.000000
37.646445 359.000000
37.663163 365.000000
37.679881 354.000000
37.696599 306.000000
37.713317 310.000000
37.730135 349.000000
37.746853 324.000000
37.763571 355.000000
37.780289 367.000000
37.797007 359.000000
37.813725 393.000000
37.830442 406.000000
37.847160 434.000000
37.863878 454.000000
37.880696 495.000000
37.897414 520.000000
37.914132 588.000000
37.930850 611.000000
37.947568 695.000000
37.964286 783.000000
37.981004 892.000000
37.997722 986.000000
38.014440 1225.000000
38.031259 1313.000000
38.047977 1389.000000
38.064695 1433.000000
38.081413 1412.000000
38.098131 1164.000000
38.114849 1021.000000
38.131567 962.000000
38.148285 906.000000
38.165003 911.000000
38.181821 773.000000
38.198539 649.000000
38.215258 530.000000
38.231976 471.000000
38.248694 412.000000
38.265412 385.000000
38.282130 348.000000
38.298848 352.000000
38.315667 372.000000
38.332385 368.000000
38.349103 349.000000
38.365821 390.000000
38.382539 403.000000
38.399257 395.000000
38.415976 428.000000
38.432694 458.000000
38.449412 476.000000
38.466230 490.000000
38.482949 538.000000
38.499667 496.000000
38.516385 545.000000
38.533103 519.000000
38.549822 504.000000
38.566540 519.000000
38.583258 521.000000
38.599977 480.000000
38.616795 475.000000
38.633513 465.000000
38.650232 453.000000
38.666950 471.000000
38.683668 449.000000
38.700387 460.000000
38.717105 490.000000
38.733823 519.000000
38.750542 539.000000
38.767360 503.000000
38.784078 491.000000
38.800797 447.000000
38.817515 429.000000
38.834234 462.000000
38.850952 409.000000
38.867670 415.000000
38.884389 381.000000
38.901107 314.000000
38.917926 340.000000
38.934644 310.000000
38.951363 307.000000
38.968081 288.000000
38.984800 300.000000
39.001518 310.000000
39.018237 307.000000
39.034955 288.000000
39.051674 319.000000
39.068492 315.000000
39.085211 319.000000
39.101929 300.000000
39.118648 306.000000
39.135366 277.000000
39.152085 275.000000
39.168803 324.000000
39.185522 330.000000
39.202341 317.000000
39.219059 332.000000
39.235778 297.000000
39.252496 318.000000
39.269215 319.000000
39.285933 313.000000
39.302652 299.000000
39.319371 274.000000
39.336089 296.000000
39.352908 322.000000
39.369627 304.000000
39.386345 288.000000
39.403064 297.000000
39.419783 301.000000
39.436501 289.000000
39.453220 325.000000
39.469939 341.000000
39.486657 270.000000
39.503476 324.000000
39.520195 318.000000
39.536914 308.000000
39.553632 306.000000
39.570351 338.000000
39.587070 290.000000
39.603789 314.000000
39.620507 291.000000
39.637226 312.000000
39.654045 313.000000
39.670764 351.000000
39.687482 362.000000
39.704201 327.000000
39.720920 352.000000
39.737639 404.000000
39.754358 362.000000
39.771076 355.000000
39.787795 388.000000
39.804614 324.000000
39.821333 360.000000
39.838052 403.000000
39.854771 465.000000
39.871490 469.000000
39.888208 510.000000
39.904927 515.000000
39.921646 459.000000
39.938365 453.000000
39.955184 492.000000
39.971903 428.000000
39.988622 451.000000
40.005341 415.000000
40.022060 405.000000
40.038779 385.000000
40.055498 412.000000
40.072217 360.000000
40.088936 367.000000
40.105755 328.000000
40.122474 330.000000
40.139193 321.000000
40.155912 307.000000
40.172631 343.000000
40.189350 286.000000
40.206069 301.000000
40.222788 357.000000
40.239507 392.000000
40.256326 374.000000
40.273045 344.000000
40.289764 355.000000
40.306483 355.000000
40.323202 382.000000
40.339921 408.000000
40.356640 430.000000
40.373359 445.000000
40.390078 464.000000
40.406898 495.000000
40.423617 588.000000
40.440336 617.000000
40.457055 742.000000
40.473774 840.000000
40.490493 946.000000
40.507212 982.000000
40.523932 1220.000000
40.540751 1241.000000
40.557470 1173.000000
40.574189 1129.000000
40.590908 1086.000000
40.607628 1125.000000
40.624347 1177.000000
40.641066 1107.000000
40.657785 1180.000000
40.674504 1199.000000
40.691324 1246.000000
40.708043 1267.000000
40.724762 1326.000000
40.741481 1297.000000
40.758201 1280.000000
40.774920 1239.000000
40.791639 1191.000000
40.808359 1142.000000
40.825078 1193.000000
40.841897 1216.000000
40.858617 1249.000000
40.875336 1154.000000
40.892055 1164.000000
40.908775 1104.000000
40.925494 995.000000
40.942213 920.000000
40.958933 845.000000
40.975652 881.000000
40.992471 859.000000
41.009191 852.000000
41.025910 966.000000
41.042630 902.000000
41.059349 1010.000000
41.076068 1062.000000
41.092788 1073.000000
41.109507 1077.000000
41.126227 920.000000
41.143046 826.000000
41.159766 858.000000
41.176485 883.000000
41.193204 953.000000
41.209924 999.000000
41.226643 894.000000
41.243363 810.000000
41.260082 811.000000
41.276802 724.000000
41.293621 686.000000
41.310341 622.000000
41.327061 662.000000
41.343780 622.000000
41.360500 592.000000
41.377219 588.000000
41.393939 534.000000
41.410658 470.000000
41.427378 472.000000
41.444197 452.000000
41.460917 435.000000
41.477637 435.000000
41.494356 425.000000
41.511076 415.000000
41.527795 413.000000
41.544515 397.000000
41.561235 408.000000
41.578054 384.000000
41.594774 367.000000
41.611494 411.000000
41.628213 394.000000
41.644933 397.000000
41.661653 405.000000
41.678372 475.000000
41.695092 464.000000
41.711812 498.000000
41.728631 496.000000
41.745351 587.000000
41.762071 610.000000
41.778791 703.000000
41.795510 736.000000
41.812230 915.000000
41.828950 1011.000000
41.845670 1124.000000
41.862389 1228.000000
41.879209 1221.000000
41.895929 1164.000000
41.912649 1069.000000
41.929368 958.000000
41.946088 926.000000
41.962808 932.000000
41.979528 859.000000
41.996248 733.000000
42.012967 754.000000
42.029787 633.000000
42.046507 615.000000
42.063227 578.000000
42.079947 546.000000
42.096667 591.000000
42.113387 600.000000
42.130107 639.000000
42.146826 712.000000
42.163546 764.000000
42.180366 764.000000
42.197086 663.000000
42.213806 673.000000
42.230526 699.000000
42.247246 684.000000
42.263966 649.000000
42.280686 663.000000
42.297406 630.000000
42.314126 565.000000
42.330946 578.000000
42.347666 551.000000
42.364386 490.000000
42.381106 523.000000
42.397826 498.000000
42.414546 498.000000
42.431266 470.000000
42.447986 497.000000
42.464706 426.000000
42.481526 446.000000
42.498246 434.000000
42.514966 432.000000
42.531686 429.000000
42.548406 424.000000
42.565126 390.000000
42.581846 401.000000
42.598566 413.000000
42.615286 376.000000
42.632107 371.000000
42.648827 429.000000
42.665547 428.000000
42.682267 418.000000
42.698987 450.000000
42.715707 465.000000
42.732427 528.000000
42.749148 477.000000
42.765868 526.000000
42.782688 554.000000
42.799408 705.000000
42.816128 805.000000
42.832849 952.000000
42.849569 1183.000000
42.866289 1422.000000
42.883009 1666.000000
42.899729 1598.000000
42.916550 1401.000000
42.933270 1117.000000
42.949990 945.000000
42.966710 955.000000
42.983431 984.000000
43.000151 993.000000
43.016871 938.000000
43.033591 742.000000
43.050312 593.000000
43.067132 500.000000
43.083852 402.000000
43.100573 365.000000
43.117293 384.000000
43.134013 385.000000
43.150734 358.000000
43.167454 355.000000
43.184174 335.000000
43.200895 323.000000
43.217715 315.000000
43.234436 327.000000
43.251156 341.000000
43.267876 313.000000
43.284597 329.000000
43.301317 334.000000
43.318038 319.000000
43.334758 322.000000
43.351478 305.000000
43.368299 338.000000
43.385019 329.000000
43.401740 356.000000
43.418460 331.000000
43.435181 348.000000
43.451901 349.000000
43.468622 325.000000
43.485342 350.000000
43.502063 295.000000
43.518883 324.000000
43.535604 307.000000
43.552324 329.000000
43.569045 340.000000
43.585765 333.000000
43.602486 308.000000
43.619206 297.000000
43.635927 296.000000
43.652647 331.000000
43.669468 314.000000
43.686189 299.000000
43.702909 332.000000
43.719630 296.000000
43.736350 288.000000
43.753071 327.000000
43.769792 317.000000
43.786512 312.000000
43.803233 308.000000
43.820054 302.000000
43.836774 290.000000
43.853495 301.000000
43.870215 339.000000
43.886936 302.000000
43.903657 353.000000
43.920377 341.000000
43.937098 338.000000
43.953819 314.000000
43.970640 328.000000
43.987360 326.000000
44.004081 327.000000
44.020802 317.000000
44.037522 334.000000
44.054243 330.000000
44.070964 345.000000
44.087685 365.000000
44.104506 383.000000
44.121226 399.000000
44.137947 421.000000
44.154668 406.000000
44.171389 446.000000
44.188109 438.000000
44.204830 458.000000
44.221551 482.000000
44.238272 510.000000
44.255093 573.000000
44.271814 732.000000
44.288534 814.000000
44.305255 948.000000
44.321976 937.000000
44.338697 877.000000
44.355418 818.000000
44.372139 690.000000
44.388860 681.000000
44.405681 681.000000
44.422401 680.000000
44.439122 697.000000
44.455843 621.000000
44.472564 640.000000
44.489285 558.000000
44.506006 540.000000
44.522727 545.000000
44.539448 530.000000
44.556269 532.000000
44.572990 570.000000
44.589711 570.000000
44.606432 520.000000
44.623153 513.000000
44.639874 491.000000
44.656595 502.000000
44.673316 534.000000
44.690037 514.000000
44.706858 472.000000
44.723579 431.000000
44.740300 427.000000
44.757021 396.000000
44.773742 392.000000
44.790463 396.000000
44.807184 383.000000
44.823905 344.000000
44.840626 379.000000
44.857448 352.000000
44.874169 336.000000
44.890890 376.000000
44.907611 434.000000
44.924332 397.000000
44.941053 432.000000
44.957774 475.000000
44.974495 475.000000
44.991216 534.000000
45.008038 562.000000
45.024759 652.000000
45.041480 725.000000
45.058201 746.000000
45.074922 811.000000
45.091644 746.000000
45.108365 739.000000
45.125086 694.000000
45.141807 666.000000
45.158629 699.000000
45.175350 668.000000
45.192071 655.000000
45.208792 629.000000
45.225513 537.000000
45.242235 531.000000
45.258956 473.000000
45.275677 437.000000
45.292499 434.000000
45.309220 424.000000
45.325941 424.000000
45.342663 412.000000
45.359384 389.000000
45.376105 355.000000
45.392826 385.000000
45.409548 415.000000
45.426269 440.000000
45.443091 441.000000
45.459812 395.000000
45.476533 435.000000
45.493255 429.000000
45.509976 416.000000
45.526697 467.000000
45.543419 440.000000
45.560140 389.000000
45.576862 381.000000
45.593683 382.000000
45.610405 402.000000
45.627126 390.000000
45.643847 403.000000
45.660569 367.000000
45.677290 383.000000
45.694012 353.000000
45.710733 389.000000
45.727455 385.000000
45.744276 393.000000
45.760998 399.000000
45.777719 352.000000
45.794441 372.000000
45.811162 385.000000
45.827884 358.000000
45.844605 365.000000
45.861327 354.000000
45.878048 362.000000
45.894870 353.000000
45.911592 354.000000
45.928313 317.000000
45.945035 339.000000
45.961756 341.000000
45.978478 355.000000
45.995199 313.000000
46.011921 308.000000
46.028643 317.000000
46.045464 299.000000
46.062186 329.000000
46.078908 345.000000
46.095629 325.000000
46.112351 338.000000
46.129072 342.000000
46.145794 334.000000
46.162516 396.000000
46.179237 373.000000
46.196059 418.000000
46.212781 405.000000
46.229503 433.000000
46.246224 454.000000
46.262946 470.000000
46.279668 543.000000
46.296389 555.000000
46.313111 686.000000
46.329933 759.000000
46.346655 830.000000
46.363376 966.000000
46.380098 979.000000
46.396820 1147.000000
46.413542 1322.000000
46.430264 1275.000000
46.446985 1301.000000
46.463707 1303.000000
46.480429 1113.000000
46.497251 1047.000000
46.513973 934.000000
46.530694 882.000000
46.547416 902.000000
46.564138 877.000000
46.580860 866.000000
46.597582 703.000000
46.614304 683.000000
46.631126 621.000000
46.647848 607.000000
46.664569 592.000000
46.681291 630.000000
46.698013 616.000000
46.714735 649.000000
46.731457 621.000000
46.748179 575.000000
46.764901 537.000000
46.781723 557.000000
46.798445 547.000000
46.815167 540.000000
46.831889 547.000000
46.848611 553.000000
46.865333 533.000000
46.882055 548.000000
46.898777 501.000000
46.915499 483.000000
46.932321 462.000000
46.949043 510.000000
46.965765 490.000000
46.982487 583.000000
46.999209 561.000000
47.015931 666.000000
47.032653 706.000000
47.049375 836.000000
47.066097 946.000000
47.082919 1006.000000
47.099641 1145.000000
47.116363 1248.000000
47.133085 1391.000000
47.149807 1440.000000
47.166530 1400.000000
47.183252 1243.000000
47.199974 1181.000000
47.216696 1026.000000
47.233518 1071.000000
47.250240 999.000000
47.266962 1009.000000
47.283685 891.000000
47.300407 852.000000
47.317129 740.000000
47.333851 613.000000
47.350573 592.000000
47.367295 554.000000
47.384118 494.000000
47.400840 457.000000
47.417562 532.000000
47.434284 433.000000
47.451007 394.000000
47.467729 469.000000
47.484451 520.000000
47.501173 504.000000
47.517896 552.000000
47.534718 559.000000
47.551440 614.000000
47.568162 586.000000
47.584885 526.000000
47.601607 528.000000
47.618329 531.000000
47.635052 510.000000
47.651774 519.000000
47.668596 492.000000
47.685319 536.000000
47.702041 570.000000
47.718763 560.000000
47.735486 567.000000
47.752208 585.000000
47.768930 672.000000
47.785653 689.000000
47.802375 773.000000
47.819198 677.000000
47.835920 647.000000
47.852643 538.000000
47.869365 503.000000
47.886087 529.000000
47.902810 514.000000
47.919532 540.000000
47.936255 560.000000
47.952977 536.000000
47.969800 437.000000
47.986522 410.000000
48.003245 387.000000
48.019967 356.000000
48.036689 305.000000
48.053412 317.000000
48.070134 317.000000
48.086857 327.000000
48.103579 303.000000
48.120402 313.000000
48.137125 284.000000
48.153847 308.000000
48.170570 282.000000
48.187292 292.000000
48.204015 291.000000
48.220737 331.000000
48.237460 283.000000
48.254183 285.000000
48.271005 276.000000
48.287728 306.000000
48.304450 307.000000
48.321173 319.000000
48.337896 302.000000
48.354618 320.000000
48.371341 317.000000
48.388063 299.000000
48.404786 305.000000
48.421609 340.000000
48.438332 292.000000
48.455054 330.000000
48.471777 331.000000
48.488500 318.000000
48.505222 328.000000
48.521945 334.000000
48.538668 356.000000
48.555390 338.000000
48.572213 420.000000
48.588936 410.000000
48.605659 447.000000
48.622381 467.000000
48.639104 552.000000
48.655827 658.000000
48.672550 704.000000
48.689272 796.000000
48.705995 873.000000
48.722818 1020.000000
48.739541 1020.000000
48.756264 922.000000
48.772986 774.000000
48.789709 788.000000
48.806432 746.000000
48.823155 752.000000
48.839878 790.000000
48.856701 841.000000
48.873423 761.000000
48.890146 688.000000
48.906869 578.000000
48.923592 501.000000
48.940315 474.000000
48.957038 431.000000
48.973761 432.000000
48.990484 417.000000
49.007307 418.000000
49.024030 427.000000
49.040752 422.000000
49.057475 377.000000
49.074198 330.000000
49.090921 374.000000
49.107644 333.000000
49.124367 324.000000
49.141090 350.000000
49.157913 358.000000
49.174636 340.000000
49.191359 347.000000
49.208082 319.000000
49.224805 339.000000
49.241528 345.000000
49.258251 312.000000
49.274974 309.000000
49.291697 317.000000
49.308520 303.000000
49.325243 326.000000
49.341966 338.000000
49.358689 381.000000
49.375413 357.000000
49.392136 345.000000
49.408859 351.000000
49.425582 348.000000
49.442305 333.000000
49.459128 313.000000
49.475851 327.000000
49.492574 311.000000
49.509297 298.000000
49.526021 349.000000
49.542744 362.000000
49.559467 351.000000
49.576190 326.000000
49.592913 291.000000
49.609736 289.000000
49.626460 320.000000
49.643183 281.000000
49.659906 293.000000
49.676629 290.000000
49.693352 282.000000
49.710076 288.000000
49.726799 301.000000
49.743522 290.000000
49.760345 328.000000
49.777069 337.000000
49.793792 307.000000
49.810515 301.000000
49.827238 301.000000
49.843962 283.000000
49.860685 319.000000
49.877408 272.000000
49.894131 297.000000
49.910955 293.000000
49.927678 297.000000
49.944401 328.000000
49.961125 320.000000
49.977848 315.000000
49.994571 307.000000
50.011295 282.000000
50.028018 303.000000
50.044741 291.000000
50.061565 310.000000
50.078288 291.000000
50.095012 293.000000
50.111735 318.000000
50.128458 275.000000
50.145182 328.000000
50.161905 340.000000
50.178629 351.000000
50.195452 360.000000
50.212176 382.000000
50.228899 405.000000
50.245623 338.000000
50.262346 352.000000
50.279069 343.000000
50.295793 343.000000
50.312516 330.000000
50.329240 388.000000
50.346063 363.000000
50.362787 348.000000
50.379510 317.000000
50.396234 324.000000
50.412957 348.000000
50.429681 327.000000
50.446404 325.000000
50.463128 293.000000
50.479852 285.000000
50.496675 343.000000
50.513399 326.000000
50.530122 289.000000
50.546846 326.000000
50.563569 293.000000
50.580293 290.000000
50.597017 283.000000
50.613740 307.000000
50.630464 294.000000
50.647288 286.000000
50.664011 318.000000
50.680735 303.000000
50.697458 300.000000
50.714182 267.000000
50.730906 282.000000
50.747629 285.000000
50.764353 266.000000
50.781077 285.000000
50.797901 286.000000
50.814624 285.000000
50.831348 331.000000
50.848072 278.000000
50.864795 290.000000
50.881519 302.000000
50.898243 318.000000
50.914966 324.000000
50.931690 314.000000
50.948514 341.000000
50.965238 394.000000
50.981962 395.000000
50.998685 384.000000
51.015409 411.000000
51.032133 427.000000
51.048857 356.000000
51.065580 345.000000
51.082304 372.000000
51.099128 349.000000
51.115852 390.000000
51.132576 369.000000
51.149300 363.000000
51.166024 339.000000
51.182747 318.000000
51.199471 331.000000
51.216195 256.000000
51.232919 275.000000
51.249743 267.000000
51.266467 275.000000
51.283191 266.000000
51.299915 241.000000
51.316639 273.000000
51.333362 255.000000
51.350086 287.000000
51.366810 249.000000
51.383634 274.000000
51.400358 277.000000
51.417082 246.000000
51.433806 289.000000
51.450530 276.000000
51.467254 267.000000
51.483978 262.000000
51.500702 280.000000
51.517426 262.000000
51.534250 277.000000
51.550974 231.000000
51.567698 239.000000
51.584422 266.000000
51.601146 269.000000
51.617870 256.000000
51.634594 287.000000
51.651318 269.000000
51.668042 268.000000
51.684867 264.000000
51.701591 254.000000
51.718315 281.000000
51.735039 264.000000
51.751763 257.000000
51.768487 267.000000
51.785211 268.000000
51.801935 292.000000
51.818659 294.000000
51.835484 265.000000
51.852208 267.000000
51.868932 289.000000
51.885656 261.000000
51.902380 263.000000
51.919104 281.000000
51.935828 262.000000
51.952553 259.000000
51.969277 282.000000
51.986101 253.000000
52.002825 284.000000
52.019549 289.000000
52.036274 260.000000
52.052998 263.000000
52.069722 279.000000
52.086446 262.000000
52.103171 274.000000
52.119895 257.000000
52.136719 294.000000
52.153443 281.000000
52.170168 313.000000
52.186892 284.000000
52.203616 284.000000
52.220341 276.000000
52.237065 269.000000
52.253789 260.000000
52.270514 301.000000
52.287338 266.000000
52.304062 281.000000
52.320787 267.000000
52.337511 256.000000
52.354235 293.000000
52.370960 283.000000
52.387684 261.000000
52.404408 259.000000
52.421133 305.000000
52.437957 295.000000
52.454682 275.000000
52.471406 269.000000
52.488130 277.000000
52.504855 279.000000
52.521579 281.000000
52.538304 324.000000
52.555028 304.000000
52.571853 334.000000
52.588577 321.000000
52.605302 329.000000
52.622026 356.000000
52.638751 393.000000
52.655475 367.000000
52.672200 358.000000
52.688924 380.000000
52.705648 387.000000
52.722473 417.000000
52.739198 404.000000
52.755922 400.000000
52.772647 410.000000
52.789371 407.000000
52.806096 374.000000
52.822820 378.000000
52.839545 395.000000
52.856269 412.000000
52.873094 368.000000
52.889819 340.000000
52.906543 328.000000
52.923268 308.000000
52.939992 326.000000
52.956717 320.000000
52.973442 322.000000
52.990166 324.000000
53.006891 289.000000
53.023716 294.000000
53.040440 269.000000
53.057165 324.000000
53.073890 312.000000
53.090614 299.000000
53.107339 291.000000
53.124064 308.000000
53.140788 292.000000
53.157513 307.000000
53.174338 297.000000
53.191063 275.000000
53.207787 281.000000
53.224512 260.000000
53.241237 292.000000
53.257961 316.000000
53.274686 290.000000
53.291411 293.000000
53.308136 290.000000
53.324961 253.000000
53.341685 282.000000
53.358410 281.000000
53.375135 287.000000
53.391860 277.000000
53.408584 309.000000
53.425309 284.000000
53.442034 282.000000
53.458759 273.000000
53.475584 284.000000
53.492309 293.000000
53.509034 314.000000
53.525758 294.000000
53.542483 262.000000
53.559208 275.000000
53.575933 278.000000
53.592658 268.000000
53.609483 286.000000
53.626208 243.000000
53.642933 273.000000
53.659658 267.000000
53.676382 306.000000
53.693107 274.000000
53.709832 278.000000
53.726557 302.000000
53.743282 327.000000
53.760107 312.000000
53.776832 329.000000
53.793557 333.000000
53.810282 395.000000
53.827007 364.000000
53.843732 355.000000
53.860457 355.000000
53.877182 344.000000
53.893907 341.000000
53.910732 311.000000
53.927457 320.000000
53.944182 305.000000
53.960907 274.000000
53.977632 338.000000
53.994357 295.000000
54.011082 305.000000
54.027808 341.000000
54.044533 272.000000
54.061358 276.000000
54.078083 258.000000
54.094808 275.000000
54.111533 281.000000
54.128258 272.000000
54.144983 265.000000
54.161708 299.000000
54.178434 266.000000
54.195159 226.000000
54.211984 285.000000
54.228709 307.000000
54.245434 308.000000
54.262159 299.000000
54.278885 310.000000
54.295610 316.000000
54.312335 334.000000
54.329060 349.000000
54.345785 401.000000
54.362611 417.000000
54.379336 397.000000
54.396061 389.000000
54.412786 411.000000
54.429512 438.000000
54.446237 397.000000
54.462962 430.000000
54.479687 434.000000
54.496413 419.000000
54.513238 384.000000
54.529963 422.000000
54.546688 407.000000
54.563414 443.000000
54.580139 429.000000
54.596864 457.000000
54.613590 450.000000
54.630315 435.000000
54.647040 427.000000
54.663866 419.000000
54.680591 451.000000
54.697316 479.000000
54.714042 474.000000
54.730767 537.000000
54.747493 491.000000
54.764218 511.000000
54.780943 532.000000
54.797669 494.000000
54.814494 493.000000
54.831220 487.000000
54.847945 456.000000
54.864670 531.000000
54.881396 491.000000
54.898121 571.000000
54.914847 548.000000
54.931572 542.000000
54.948398 575.000000
54.965123 536.000000
54.981849 609.000000
54.998574 543.000000
55.015300 527.000000
55.032025 504.000000
55.048751 474.000000
55.065476 458.000000
55.082202 435.000000
55.099027 481.000000
55.115753 461.000000
55.132478 478.000000
55.149204 450.000000
55.165929 444.000000
55.182655 465.000000
55.199381 421.000000
55.216106 423.000000
55.232832 450.000000
55.249657 402.000000
55.266383 388.000000
55.283109 430.000000
55.299834 375.000000
55.316560 392.000000
55.333285 414.000000
55.350011 418.000000
55.366737 444.000000
55.383462 461.000000
55.400288 488.000000
55.417014 515.000000
55.433739 614.000000
55.450465 654.000000
55.467191 641.000000
55.483916 563.000000
55.500642 512.000000
55.517368 447.000000
55.534093 482.000000
55.550919 497.000000
55.567645 494.000000
55.584371 533.000000
55.601096 550.000000
55.617822 610.000000
55.634548 608.000000
55.651274 610.000000
55.667999 612.000000
55.684725 623.000000
55.701551 648.000000
55.718277 584.000000
55.735003 486.000000
55.751728 509.000000
55.768454 458.000000
55.785180 438.000000
55.801906 428.000000
55.818632 443.000000
55.835458 451.000000
55.852183 464.000000
55.868909 465.000000
55.885635 408.000000
55.902361 395.000000
55.919087 397.000000
55.935813 414.000000
55.952539 373.000000
55.969265 330.000000
55.986091 371.000000
56.002816 368.000000
56.019542 352.000000
56.036268 329.000000
56.052994 323.000000
56.069720 361.000000
56.086446 321.000000
56.103172 301.000000
56.119898 331.000000
56.136724 325.000000
56.153450 333.000000
56.170176 363.000000
56.186902 354.000000
56.203628 331.000000
56.220354 361.000000
56.237080 356.000000
56.253806 380.000000
56.270532 399.000000
56.287358 426.000000
56.304084 437.000000
56.320810 473.000000
56.337536 511.000000
56.354262 505.000000
56.370988 541.000000
56.387714 604.000000
56.404440 603.000000
56.421166 663.000000
56.437993 632.000000
56.454719 620.000000
56.471445 595.000000
56.488171 665.000000
56.504897 573.000000
56.521623 534.000000
56.538349 534.000000
56.555075 529.000000
56.571802 532.000000
56.588628 526.000000
56.605354 491.000000
56.622080 495.000000
56.638806 432.000000
56.655532 430.000000
56.672259 364.000000
56.688985 430.000000
56.705711 384.000000
56.722437 377.000000
56.739264 353.000000
56.755990 336.000000
56.772716 343.000000
56.789442 312.000000
56.806168 326.000000
56.822895 291.000000
56.839621 319.000000
56.856347 338.000000
56.873073 322.000000
56.889900 320.000000
56.906626 303.000000
56.923352 307.000000
56.940079 308.000000
56.956805 310.000000
56.973531 304.000000
56.990258 329.000000
57.006984 264.000000
57.023710 306.000000
57.040537 314.000000
57.057263 295.000000
57.073989 300.000000
57.090716 287.000000
57.107442 316.000000
57.124169 317.000000
57.140895 326.000000
57.157621 315.000000
57.174448 343.000000
57.191174 332.000000
57.207901 343.000000
57.224627 322.000000
57.241353 334.000000
57.258080 338.000000
57.274806 420.000000
57.291533 391.000000
57.308259 432.000000
57.325086 437.000000
57.341812 464.000000
57.358539 547.000000
57.375265 598.000000
57.391992 681.000000
57.408718 744.000000
57.425445 782.000000
57.442171 887.000000
57.458898 897.000000
57.475724 888.000000
57.492451 852.000000
57.509177 811.000000
57.525904 835.000000
57.542630 778.000000
57.559357 781.000000
57.576084 729.000000
57.592810 775.000000
57.609537 862.000000
57.626363 853.000000
57.643090 803.000000
57.659817 811.000000
57.676543 784.000000
57.693270 736.000000
57.709996 686.000000
57.726723 637.000000
57.743450 574.000000
57.760176 541.000000
57.777003 523.000000
57.793730 481.000000
57.810456 502.000000
57.827183 517.000000
57.843910 569.000000
57.860636 498.000000
57.877363 484.000000
57.894090 444.000000
57.910816 472.000000
57.927643 434.000000
57.944370 412.000000
57.961097 454.000000
57.977823 443.000000
57.994550 481.000000
58.011277 484.000000
58.028004 489.000000
58.044730 513.000000
58.061557 506.000000
58.078284 515.000000
58.095011 507.000000
58.111738 518.000000
58.128464 547.000000
58.145191 568.000000
58.161918 601.000000
58.178645 560.000000
58.195372 532.000000
58.212199 474.000000
58.228926 516.000000
58.245652 472.000000
58.262379 480.000000
58.279106 471.000000
58.295833 439.000000
58.312560 481.000000
58.329287 489.000000
58.346013 521.000000
58.362841 482.000000
58.379567 513.000000
58.396294 515.000000
58.413021 515.000000
58.429748 520.000000
58.446475 541.000000
58.463202 541.000000
58.479929 517.000000
58.496656 573.000000
58.513483 575.000000
58.530210 560.000000
58.546937 556.000000
58.563664 666.000000
58.580391 627.000000
58.597118 669.000000
58.613845 609.000000
58.630572 623.000000
58.647299 527.000000
58.664126 533.000000
58.680853 549.000000
58.697580 532.000000
58.714307 596.000000
58.731034 577.000000
58.747761 587.000000
58.764488 617.000000
58.781215 565.000000
58.797942 494.000000
58.814770 480.000000
58.831497 472.000000
58.848224 477.000000
58.864951 470.000000
58.881678 488.000000
58.898405 477.000000
58.915132 500.000000
58.931859 503.000000
58.948586 550.000000
58.965414 522.000000
58.982141 529.000000
58.998868 570.000000
59.015595 599.000000
59.032322 644.000000
59.049049 629.000000
59.065777 707.000000
59.082504 746.000000
59.099231 730.000000
59.116058 758.000000
59.132786 722.000000
59.149513 655.000000
59.166240 589.000000
59.182967 574.000000
59.199694 556.000000
59.216422 584.000000
59.233149 547.000000
59.249876 523.000000
59.266704 579.000000
59.283431 552.000000
59.300158 535.000000
59.316885 520.000000
59.333613 477.000000
59.350340 447.000000
59.367067 393.000000
59.383795 401.000000
59.400622 414.000000
59.417349 373.000000
59.434077 358.000000
59.450804 369.000000
59.467531 344.000000
59.484259 402.000000
59.500986 403.000000
59.517714 405.000000
59.534441 390.000000
59.551268 402.000000
59.567996 438.000000
59.584723 446.000000
59.601451 435.000000
59.618178 418.000000
59.634905 398.000000
59.651633 377.000000
59.668360 376.000000
59.685088 391.000000
59.701915 358.000000
59.718643 404.000000
59.735370 407.000000
59.752098 402.000000
59.768825 399.000000
59.785553 401.000000
59.802280 431.000000
59.819008 487.000000
59.835735 461.000000
59.852563 477.000000
59.869290 499.000000
59.886018 499.000000
59.902745 571.000000
59.919473 599.000000
59.936200 619.000000
59.952928 667.000000
59.969655 731.000000
59.986383 720.000000
60.003211 702.000000
60.019938 640.000000
60.036666 649.000000
60.053393 637.000000
60.070121 687.000000
60.086849 719.000000
60.103576 737.000000
60.120304 838.000000
60.137032 885.000000
60.153859 936.000000
60.170587 950.000000
60.187315 971.000000
60.204042 971.000000
60.220770 962.000000
60.237498 950.000000
60.254225 907.000000
60.270953 926.000000
60.287681 902.000000
60.304508 864.000000
60.321236 811.000000
60.337964 802.000000
60.354692 816.000000
60.371419 791.000000
60.388147 740.000000
60.404875 732.000000
60.421602 699.000000
60.438430 661.000000
60.455158 659.000000
60.471886 668.000000
60.488614 636.000000
60.505341 537.000000
60.522069 560.000000
60.538797 538.000000
60.555525 459.000000
60.572253 458.000000
60.589081 467.000000
60.605808 441.000000
60.622536 481.000000
60.639264 482.000000
60.655992 446.000000
60.672720 512.000000
60.689448 472.000000
60.706175 527.000000
60.722903 573.000000
60.739731 546.000000
60.756459 552.000000
60.773187 500.000000
60.789915 457.000000
60.806643 479.000000
60.823371 453.000000
60.840099 427.000000
60.856827 451.000000
60.873554 450.000000
60.890383 462.000000
60.907110 448.000000
60.923838 437.000000
60.940566 440.000000
60.957294 398.000000
60.974022 376.000000
60.990750 336.000000
61.007478 377.000000
61.024206 392.000000
61.041034 366.000000
61.057762 354.000000
61.074490 360.000000
61.091218 335.000000
61.107946 313.000000
61.124674 319.000000
61.141403 357.000000
61.158131 378.000000
61.174859 343.000000
61.191687 380.000000
61.208415 373.000000
61.225143 338.000000
61.241871 316.000000
61.258599 327.000000
61.275327 337.000000
61.292055 336.000000
61.308783 302.000000
61.325512 338.000000
61.342340 357.000000
61.359068 337.000000
61.375796 347.000000
61.392524 351.000000
61.409252 326.000000
61.425980 319.000000
61.442709 350.000000
61.459437 347.000000
61.476165 311.000000
61.492993 365.000000
61.509722 359.000000
61.526450 371.000000
61.543178 356.000000
61.559906 355.000000
61.576634 335.000000
61.593363 348.000000
61.610091 348.000000
61.626819 282.000000
61.643647 331.000000
61.660376 378.000000
61.677104 339.000000
61.693832 379.000000
61.710560 356.000000
61.727289 325.000000
61.744017 358.000000
61.760745 313.000000
61.777574 288.000000
61.794302 291.000000
61.811030 311.000000
61.827759 280.000000
61.844487 272.000000
61.861215 293.000000
61.877944 298.000000
61.894672 313.000000
61.911400 308.000000
61.928129 274.000000
61.944957 307.000000
61.961686 319.000000
61.978414 322.000000
61.995142 322.000000
62.011871 304.000000
62.028599 324.000000
62.045328 302.000000
62.062056 318.000000
62.078885 343.000000
62.095613 314.000000
62.112341 340.000000
62.129070 377.000000
62.145798 400.000000
62.162527 408.000000
62.179255 450.000000
62.195984 449.000000
62.212712 434.000000
62.229541 450.000000
62.246269 426.000000
62.262998 375.000000
62.279726 380.000000
62.296455 396.000000
62.313183 437.000000
62.329912 400.000000
62.346640 414.000000
62.363369 436.000000
62.380198 439.000000
62.396926 437.000000
62.413655 477.000000
62.430383 417.000000
62.447112 479.000000
62.463840 479.000000
62.480569 502.000000
62.497298 563.000000
62.514026 573.000000
62.530855 708.000000
62.547584 767.000000
62.564312 798.000000
62.581041 937.000000
62.597769 951.000000
62.614498 948.000000
62.631227 924.000000
62.647955 876.000000
62.664684 845.000000
62.681513 831.000000
62.698242 735.000000
62.714970 812.000000
62.731699 799.000000
62.748428 800.000000
62.765156 756.000000
62.781885 752.000000
62.798614 777.000000
62.815342 814.000000
62.832171 687.000000
62.848900 604.000000
62.865629 548.000000
62.882358 553.000000
62.899086 533.000000
62.915815 485.000000
62.932544 496.000000
62.949273 513.000000
62.966001 510.000000
62.982830 480.000000
62.999559 461.000000
63.016288 535.000000
63.033017 521.000000
63.049746 493.000000
63.066474 517.000000
63.083203 521.000000
63.099932 537.000000
63.116761 539.000000
63.133490 565.000000
63.150219 623.000000
63.166948 667.000000
63.183676 703.000000
63.200405 713.000000
63.217134 722.000000
63.233863 706.000000
63.250592 695.000000
63.267421 638.000000
63.284150 578.000000
63.300879 497.000000
63.317608 541.000000
63.334337 535.000000
63.351066 544.000000
63.367795 512.000000
63.384524 525.000000
63.401253 534.000000
63.418082 472.000000
63.434811 466.000000
63.451540 473.000000
63.468269 431.000000
63.484998 438.000000
63.501727 394.000000
63.518456 387.000000
63.535185 379.000000
63.551914 398.000000
63.568743 374.000000
63.585472 390.000000
63.602201 366.000000
63.618930 345.000000
63.635659 359.000000
63.652388 344.000000
63.669117 361.000000
63.685846 359.000000
63.702575 340.000000
63.719405 369.000000
63.736134 344.000000
63.752863 372.000000
63.769592 374.000000
63.786321 343.000000
63.803050 315.000000
63.819779 324.000000
63.836508 298.000000
63.853237 323.000000
63.870067 305.000000
63.886796 292.000000
63.903525 319.000000
63.920254 297.000000
63.936983 284.000000
63.953713 265.000000
63.970442 301.000000
63.987171 269.000000
64.003900 282.000000
64.020730 292.000000
64.037459 264.000000
64.054188 232.000000
64.070917 279.000000
64.087647 284.000000
64.104376 289.000000
64.121105 307.000000
64.137834 300.000000
64.154664 302.000000
64.171393 298.000000
64.188122 308.000000
64.204852 286.000000
64.221581 306.000000
64.238310 314.000000
64.255039 328.000000
64.271769 349.000000
64.288498 315.000000
64.305328 350.000000
64.322057 356.000000
64.338786 337.000000
64.355516 327.000000
64.372245 336.000000
64.388974 305.000000
64.405704 322.000000
64.422433 302.000000
64.439162 332.000000
64.455892 312.000000
64.472721 336.000000
64.489451 354.000000
64.506180 362.000000
64.522910 338.000000
64.539639 358.000000
64.556368 346.000000
64.573098 317.000000
64.589827 373.000000
64.606657 329.000000
64.623386 328.000000
64.640116 340.000000
64.656845 369.000000
64.673575 474.000000
64.690304 563.000000
64.707034 658.000000
64.723763 701.000000
64.740493 776.000000
64.757322 707.000000
64.774052 558.000000
64.790781 494.000000
64.807511 461.000000
64.824240 372.000000
64.840970 371.000000
64.857700 377.000000
64.874429 408.000000
64.891159 479.000000
64.907988 493.000000
64.924718 485.000000
64.941448 544.000000
64.958177 436.000000
64.974907 396.000000
64.991636 385.000000
65.008366 317.000000
65.025096 353.000000
65.041925 315.000000
65.058655 392.000000
65.075385 401.000000
65.092114 416.000000
65.108844 441.000000
65.125574 449.000000
65.142303 447.000000
65.159033 420.000000
65.175763 372.000000
65.192492 372.000000
65.209322 348.000000
65.226052 351.000000
65.242781 362.000000
65.259511 342.000000
65.276241 326.000000
65.292971 371.000000
65.309700 369.000000
65.326430 382.000000
65.343160 363.000000
65.359990 360.000000
65.376719 353.000000
65.393449 320.000000
65.410179 357.000000
65.426909 325.000000
65.443639 343.000000
65.460368 352.000000
65.477098 285.000000
65.493828 300.000000
65.510658 327.000000
65.527388 315.000000
65.544118 311.000000
65.560847 325.000000
65.577577 313.000000
65.594307 313.000000
65.611037 307.000000
65.627767 306.000000
65.644597 305.000000
65.661327 303.000000
65.678057 284.000000
65.694786 292.000000
65.711516 269.000000
65.728246 289.000000
65.744976 296.000000
65.761706 324.000000
65.778436 286.000000
65.795266 315.000000
65.811996 329.000000
65.828726 292.000000
65.845456 275.000000
65.862186 300.000000
65.878916 254.000000
65.895646 302.000000
65.912376 296.000000
65.929106 285.000000
65.945936 289.000000
65.962666 315.000000
65.979396 284.000000
65.996126 346.000000
66.012856 348.000000
66.029586 292.000000
66.046316 265.000000
66.063046 304.000000
66.079776 345.000000
66.096606 333.000000
66.113336 278.000000
66.130066 293.000000
66.146796 321.000000
66.163526 311.000000
66.180256 352.000000
66.196987 364.000000
66.213717 343.000000
66.230447 331.000000
66.247277 304.000000
66.264007 327.000000
66.280737 304.000000
66.297467 326.000000
66.314198 342.000000
66.330928 305.000000
66.347658 335.000000
66.364388 344.000000
66.381218 331.000000
66.397948 316.000000
66.414679 334.000000
66.431409 352.000000
66.448139 337.000000
66.464869 400.000000
66.481599 414.000000
66.498330 427.000000
66.515060 406.000000
66.531790 448.000000
66.548620 405.000000
66.565351 402.000000
66.582081 369.000000
66.598811 350.000000
66.615541 318.000000
66.632272 291.000000
66.649002 301.000000
66.665732 308.000000
66.682563 332.000000
66.699293 321.000000
66.716023 327.000000
66.732753 312.000000
66.749484 339.000000
66.766214 321.000000
66.782944 288.000000
66.799675 299.000000
66.816405 303.000000
66.833236 268.000000
66.849966 292.000000
66.866696 298.000000
66.883427 288.000000
66.900157 273.000000
66.916887 257.000000
66.933618 272.000000
66.950348 254.000000
66.967079 279.000000
66.983909 282.000000
67.000640 319.000000
67.017370 268.000000
67.034100 269.000000
67.050831 282.000000
67.067561 267.000000
67.084292 281.000000
67.101022 285.000000
67.117753 287.000000
67.134583 276.000000
67.151314 262.000000
67.168044 291.000000
67.184775 277.000000
67.201505 287.000000
67.218236 299.000000
67.234966 273.000000
67.251697 317.000000
67.268427 337.000000
67.285258 315.000000
67.301988 327.000000
67.318719 334.000000
67.335449 320.000000
67.352180 301.000000
67.368910 307.000000
67.385641 295.000000
67.402372 267.000000
67.419102 309.000000
67.435933 314.000000
67.452663 299.000000
67.469394 311.000000
67.486125 303.000000
67.502855 310.000000
67.519586 281.000000
67.536316 277.000000
67.553047 293.000000
67.569878 300.000000
67.586609 270.000000
67.603339 281.000000
67.620070 281.000000
67.636801 290.000000
67.653531 274.000000
67.670262 291.000000
67.686993 266.000000
67.703723 255.000000
67.720554 320.000000
67.737285 294.000000
67.754015 306.000000
67.770746 247.000000
67.787477 244.000000
67.804208 274.000000
67.820938 245.000000
67.837669 270.000000
67.854400 293.000000
67.871231 297.000000
67.887962 283.000000
67.904692 304.000000
67.921423 310.000000
67.938154 319.000000
67.954885 348.000000
67.971615 387.000000
67.988346 369.000000
68.005077 345.000000
68.021908 342.000000
68.038639 311.000000
68.055370 348.000000
68.072100 334.000000
68.088831 349.000000
68.105562 323.000000
68.122293 303.000000
68.139024 358.000000
68.155755 332.000000
68.172586 274.000000
68.189317 309.000000
68.206048 299.000000
68.222778 313.000000
68.239509 301.000000
68.256240 311.000000
68.272971 284.000000
68.289702 302.000000
68.306433 290.000000
68.323264 284.000000
68.339995 259.000000
68.356726 248.000000
68.373457 269.000000
68.390188 276.000000
68.406919 271.000000
68.423650 256.000000
68.440381 261.000000
68.457112 260.000000
68.473943 262.000000
68.490674 264.000000
68.507405 257.000000
68.524136 289.000000
68.540867 281.000000
68.557598 267.000000
68.574329 258.000000
68.591060 264.000000
68.607791 273.000000
68.624622 269.000000
68.641353 267.000000
68.658084 241.000000
68.674815 245.000000
68.691547 268.000000
68.708278 240.000000
68.725009 212.000000
68.741740 251.000000
68.758471 244.000000
68.775302 246.000000
68.792033 226.000000
68.808764 253.000000
68.825496 240.000000
68.842227 264.000000
68.858958 219.000000
68.875689 237.000000
68.892420 273.000000
68.909251 237.000000
68.925983 240.000000
68.942714 249.000000
68.959445 258.000000
68.976176 279.000000
68.992907 249.000000
69.009639 299.000000
69.026370 281.000000
69.043101 309.000000
69.059932 281.000000
69.076664 256.000000
69.093395 263.000000
69.110126 294.000000
69.126857 297.000000
69.143589 262.000000
69.160320 299.000000
69.177051 300.000000
69.193782 269.000000
69.210614 307.000000
69.227345 280.000000
69.244076 297.000000
69.260808 340.000000
69.277539 305.000000
69.294270 356.000000
69.311002 325.000000
69.327733 344.000000
69.344464 362.000000
69.361296 326.000000
69.378027 319.000000
69.394758 327.000000
69.411490 285.000000
69.428221 307.000000
69.444953 321.000000
69.461684 304.000000
69.478415 300.000000
69.495147 315.000000
69.511978 294.000000
69.528710 282.000000
69.545441 295.000000
69.562172 332.000000
69.578904 323.000000
69.595635 271.000000
69.612367 285.000000
69.629098 326.000000
69.645830 301.000000
69.662661 303.000000
69.679393 309.000000
69.696124 330.000000
69.712856 335.000000
69.729587 315.000000
69.746319 362.000000
69.763050 301.000000
69.779782 299.000000
69.796513 317.000000
69.813345 294.000000
69.830076 322.000000
69.846808 298.000000
69.863539 303.000000
69.880271 282.000000
69.897003 279.000000
69.913734 309.000000
69.930466 301.000000
69.947197 290.000000
69.964029 281.000000
69.980761 299.000000
69.997492 285.000000
70.014224 290.000000
70.030955 274.000000
70.047687 312.000000
70.064419 295.000000
70.081150 328.000000
70.097982 309.000000
70.114714 309.000000
70.131445 320.000000
70.148177 336.000000
70.164909 338.000000
70.181640 321.000000
70.198372 357.000000
70.215104 368.000000
70.231835 395.000000
70.248667 402.000000
70.265399 402.000000
70.282130 411.000000
70.298862 413.000000
70.315594 409.000000
70.332326 403.000000
70.349057 385.000000
70.365789 375.000000
70.382521 374.000000
70.399353 358.000000
70.416084 358.000000
70.432816 380.000000
70.449548 367.000000
70.466280 354.000000
70.483012 343.000000
70.499743 369.000000
70.516475 332.000000
70.533207 310.000000
70.550039 341.000000
70.566771 306.000000
70.583503 335.000000
70.600234 292.000000
70.616966 264.000000
70.633698 279.000000
70.650430 277.000000
70.667162 256.000000
70.683894 277.000000
70.700726 265.000000
70.717457 269.000000
70.734189 273.000000
70.750921 261.000000
70.767653 256.000000
70.784385 233.000000
70.801117 298.000000
70.817849 276.000000
70.834681 262.000000
70.851413 243.000000
70.868145 261.000000
70.884877 270.000000
70.901609 285.000000
70.918341 252.000000
70.935072 272.000000
70.951804 274.000000
70.968536 273.000000
70.985268 267.000000
71.002101 269.000000
71.018833 276.000000
71.035565 283.000000
71.052297 279.000000
71.069029 288.000000
71.085761 260.000000
71.102493 294.000000
71.119225 282.000000
71.135957 262.000000
71.152789 281.000000
71.169521 265.000000
71.186253 250.000000
71.202985 284.000000
71.219717 302.000000
71.236449 265.000000
71.253181 298.000000
71.269913 284.000000
71.286645 317.000000
71.303478 308.000000
71.320210 326.000000
71.336942 344.000000
71.353674 348.000000
71.370406 383.000000
71.387138 361.000000
71.403870 382.000000
71.420602 394.000000
71.437335 379.000000
71.454167 360.000000
71.470899 335.000000
71.487631 300.000000
71.504363 311.000000
71.521096 329.000000
71.537828 321.000000
71.554560 344.000000
71.571292 307.000000
71.588125 305.000000
71.604857 305.000000
71.621589 319.000000
71.638321 305.000000
71.655053 328.000000
71.671786 337.000000
71.688518 310.000000
71.705250 305.000000
71.721982 314.000000
71.738815 292.000000
71.755547 292.000000
71.772279 299.000000
71.789012 334.000000
71.805744 303.000000
71.822476 257.000000
71.839209 297.000000
71.855941 317.000000
71.872673 322.000000
71.889506 348.000000
71.906238 355.000000
71.922970 377.000000
71.939703 365.000000
71.956435 402.000000
71.973167 427.000000
71.989900 420.000000
72.006632 396.000000
72.023365 353.000000
72.040197 388.000000
72.056930 386.000000
72.073662 359.000000
72.090394 379.000000
72.107127 340.000000
72.123859 367.000000
72.140592 392.000000
72.157324 412.000000
72.174056 363.000000
72.190889 356.000000
72.207621 337.000000
72.224354 362.000000
72.241086 349.000000
72.257819 309.000000
72.274551 337.000000
72.291284 323.000000
72.308016 327.000000
72.324749 292.000000
72.341581 308.000000
72.358314 287.000000
72.375046 285.000000
72.391779 277.000000
72.408511 288.000000
72.425244 280.000000
72.441977 270.000000
72.458709 291.000000
72.475542 312.000000
72.492274 306.000000
72.509007 276.000000
72.525739 305.000000
72.542472 261.000000
72.559205 253.000000
72.575937 283.000000
72.592670 269.000000
72.609402 263.000000
72.626235 259.000000
72.642968 249.000000
72.659700 285.000000
72.676433 266.000000
72.693166 290.000000
72.709898 244.000000
72.726631 240.000000
72.743364 280.000000
72.760096 282.000000
72.776929 299.000000
72.793662 286.000000
72.810394 292.000000
72.827127 310.000000
72.843860 369.000000
72.860593 347.000000
72.877325 364.000000
72.894058 366.000000
72.910791 359.000000
72.927624 371.000000
72.944356 348.000000
72.961089 404.000000
72.977822 402.000000
72.994555 379.000000
73.011287 345.000000
73.028020 321.000000
73.044753 311.000000
73.061486 344.000000
73.078319 345.000000
73.095051 329.000000
73.111784 360.000000
73.128517 351.000000
73.145250 364.000000
73.161983 350.000000
73.178715 317.000000
73.195448 290.000000
73.212181 320.000000
73.229014 301.000000
73.245747 307.000000
73.262480 303.000000
73.279213 288.000000
73.295945 296.000000
73.312678 320.000000
73.329411 284.000000
73.346144 318.000000
73.362877 300.000000
73.379710 292.000000
73.396443 307.000000
73.413176 283.000000
73.429909 337.000000
73.446642 328.000000
73.463375 332.000000
73.480108 356.000000
73.496840 386.000000
73.513674 380.000000
73.530407 406.000000
73.547140 365.000000
73.563872 353.000000
73.580605 350.000000
73.597338 362.000000
73.614071 327.000000
73.630804 338.000000
73.647537 328.000000
73.664371 340.000000
73.681104 368.000000
73.697837 299.000000
73.714570 329.000000
73.731303 342.000000
73.748036 379.000000
73.764769 378.000000
73.781502 358.000000
73.798235 344.000000
73.815068 394.000000
73.831801 353.000000
73.848534 294.000000
73.865267 376.000000
73.882000 363.000000
73.898733 350.000000
73.915467 375.000000
73.932200 362.000000
73.948933 379.000000
73.965766 410.000000
73.982499 474.000000
73.999232 473.000000
74.015965 421.000000
74.032699 437.000000
74.049432 491.000000
74.066165 475.000000
74.082898 418.000000
74.099631 438.000000
74.116465 443.000000
74.133198 471.000000
74.149931 516.000000
74.166664 500.000000
74.183397 525.000000
74.200131 545.000000
74.216864 483.000000
74.233597 543.000000
74.250330 526.000000
74.267164 527.000000
74.283897 494.000000
74.300630 507.000000
74.317363 512.000000
74.334097 500.000000
74.350830 481.000000
74.367563 471.000000
74.384296 460.000000
74.401030 519.000000
74.417863 432.000000
74.434597 448.000000
74.451330 440.000000
74.468063 445.000000
74.484796 445.000000
74.501530 423.000000
74.518263 450.000000
74.534996 379.000000
74.551730 426.000000
74.568563 398.000000
74.585297 427.000000
74.602030 393.000000
74.618763 431.000000
74.635497 381.000000
74.652230 387.000000
74.668964 394.000000
74.685697 357.000000
74.702531 349.000000
74.719264 345.000000
74.735997 338.000000
74.752731 348.000000
74.769464 359.000000
74.786198 362.000000
74.802931 359.000000
74.819664 353.000000
74.836398 376.000000
74.853131 344.000000
74.869965 383.000000
74.886699 323.000000
74.903432 291.000000
74.920165 297.000000
74.936899 329.000000
74.953632 336.000000
74.970366 276.000000
74.987099 300.000000
75.003933 333.000000
75.020667 271.000000
75.037400 296.000000
75.054134 296.000000
75.070867 297.000000
75.087601 284.000000
75.104334 278.000000
75.121068 289.000000
75.137801 262.000000
75.154635 287.000000
75.171369 277.000000
75.188102 287.000000
75.204836 300.000000
75.221570 284.000000
75.238303 248.000000
75.255037 264.000000
75.271770 302.000000
75.288504 271.000000
75.305338 234.000000
75.322071 273.000000
75.338805 261.000000
75.355539 268.000000
75.372272 252.000000
75.389006 237.000000
75.405740 265.000000
75.422473 271.000000
75.439207 247.000000
75.456041 264.000000
75.472775 251.000000
75.489508 257.000000
75.506242 270.000000
75.522976 269.000000
75.539709 228.000000
75.556443 292.000000
75.573177 277.000000
75.589911 260.000000
75.606745 267.000000
75.623478 241.000000
75.640212 221.000000
75.656946 251.000000
75.673680 252.000000
75.690413 257.000000
75.707147 280.000000
75.723881 253.000000
75.740615 273.000000
75.757449 280.000000
75.774183 249.000000
75.790916 257.000000
75.807650 277.000000
75.824384 278.000000
75.841118 279.000000
75.857852 263.000000
75.874585 284.000000
75.891319 304.000000
75.908153 301.000000
75.924887 328.000000
75.941621 287.000000
75.958355 289.000000
75.975089 281.000000
75.991823 272.000000
76.008557 298.000000
76.025290 268.000000
76.042125 299.000000
76.058858 260.000000
76.075592 263.000000
76.092326 302.000000
76.109060 320.000000
76.125794 289.000000
76.142528 319.000000
76.159262 291.000000
76.175996 289.000000
76.192830 292.000000
76.209564 305.000000
76.226298 307.000000
76.243032 333.000000
76.259766 316.000000
76.276500 349.000000
76.293234 352.000000
76.309968 363.000000
76.326702 365.000000
76.343536 430.000000
76.360270 410.000000
76.377004 390.000000
76.393738 372.000000
76.410472 387.000000
76.427206 363.000000
76.443941 369.000000
76.460675 357.000000
76.477409 348.000000
76.494243 394.000000
76.510977 382.000000
76.527711 382.000000
76.544445 378.000000
76.561179 386.000000
76.577913 363.000000
76.594647 364.000000
76.611382 380.000000
76.628116 366.000000
76.644950 359.000000
76.661684 349.000000
76.678418 373.000000
76.695152 323.000000
76.711887 338.000000
76.728621 329.000000
76.745355 353.000000
76.762089 322.000000
76.778924 334.000000
76.795658 330.000000
76.812392 331.000000
76.829126 298.000000
76.845860 319.000000
76.862595 283.000000
76.879329 313.000000
76.896063 302.000000
76.912797 240.000000
76.929531 274.000000
76.946366 274.000000
76.963100 286.000000
76.979834 279.000000
76.996569 308.000000
77.013303 301.000000
77.030037 297.000000
77.046771 312.000000
77.063506 282.000000
77.080240 279.000000
77.097075 292.000000
77.113809 305.000000
77.130543 280.000000
77.147277 302.000000
77.164012 267.000000
77.180746 324.000000
77.197480 271.000000
77.214215 270.000000
77.230949 271.000000
77.247784 305.000000
77.264518 268.000000
77.281252 290.000000
77.297987 267.000000
77.314721 270.000000
77.331456 267.000000
77.348190 293.000000
77.364924 280.000000
77.381759 271.000000
77.398493 307.000000
77.415228 303.000000
77.431962 308.000000
77.448697 293.000000
77.465431 323.000000
77.482165 333.000000
77.498900 282.000000
77.515634 295.000000
77.532469 286.000000
77.549204 310.000000
77.565938 315.000000
77.582672 298.000000
77.599407 335.000000
77.616141 358.000000
77.632876 348.000000
77.649610 369.000000
77.666345 345.000000
77.683180 382.000000
77.699914 339.000000
77.716649 331.000000
77.733383 327.000000
77.750118 334.000000
77.766852 382.000000
77.783587 376.000000
77.800321 431.000000
77.817056 431.000000
77.833891 554.000000
77.850625 650.000000
77.867360 804.000000
77.884095 990.000000
77.900829 1024.000000
77.917564 981.000000
77.934298 856.000000
77.951033 683.000000
77.967868 573.000000
77.984602 480.000000
78.001337 432.000000
78.018072 429.000000
78.034806 413.000000
78.051541 424.000000
78.068276 460.000000
78.085010 522.000000
78.101745 554.000000
78.118480 639.000000
78.135315 602.000000
78.152049 639.000000
78.168784 580.000000
78.185519 471.000000
78.202253 409.000000
78.218988 385.000000
78.235723 384.000000
78.252457 336.000000
78.269292 329.000000
78.286027 326.000000
78.302762 348.000000
78.319497 331.000000
78.336231 318.000000
78.352966 323.000000
78.369701 343.000000
78.386436 333.000000
78.403171 357.000000
78.420006 323.000000
78.436740 355.000000
78.453475 342.000000
78.470210 332.000000
78.486945 312.000000
78.503680 353.000000
78.520414 328.000000
78.537149 332.000000
78.553884 355.000000
78.570719 367.000000
78.587454 407.000000
78.604189 396.000000
78.620924 438.000000
78.637659 479.000000
78.654393 478.000000
78.671128 440.000000
78.687863 397.000000
78.704598 377.000000
78.721433 395.000000
78.738168 382.000000
78.754903 382.000000
78.771638 306.000000
78.788373 347.000000
78.805108 371.000000
78.821843 353.000000
78.838578 398.000000
78.855313 438.000000
78.872148 426.000000
78.888883 426.000000
78.905618 415.000000
78.922353 405.000000
78.939088 392.000000
78.955823 407.000000
78.972558 375.000000
78.989293 361.000000
79.006028 360.000000
79.022863 386.000000
79.039598 346.000000
79.056333 328.000000
79.073068 303.000000
79.089803 346.000000
79.106538 339.000000
79.123273 338.000000
79.140008 351.000000
79.156843 319.000000
79.173578 324.000000
79.190313 316.000000
79.207049 304.000000
79.223784 317.000000
79.240519 333.000000
79.257254 314.000000
79.273989 309.000000
79.290724 307.000000
79.307459 334.000000
79.324295 335.000000
79.341030 346.000000
79.357765 346.000000
79.374500 369.000000
79.391235 403.000000
79.407970 404.000000
79.424705 373.000000
79.441441 410.000000
79.458276 368.000000
79.475011 427.000000
79.491746 395.000000
79.508481 383.000000
79.525217 395.000000
79.541952 413.000000
79.558687 418.000000
79.575422 429.000000
79.592157 422.000000
79.608993 392.000000
79.625728 399.000000
79.642463 430.000000
79.659199 398.000000
79.675934 381.000000
79.692669 386.000000
79.709404 374.000000
79.726140 356.000000
79.742875 330.000000
79.759710 335.000000
79.776446 313.000000
79.793181 334.000000
79.809916 364.000000
79.826652 333.000000
79.843387 397.000000
79.860122 362.000000
79.876858 347.000000
79.893593 323.000000
79.910428 322.000000
79.927164 286.000000
79.943899 238.000000
79.960634 298.000000
79.977370 280.000000
79.994105 336.000000
80.010841 326.000000
80.027576 285.000000
80.044311 334.000000
80.061147 314.000000
80.077882 342.000000
80.094618 316.000000
80.111353 321.000000
80.128089 297.000000
80.144824 298.000000
80.161559 323.000000
80.178295 316.000000
80.195030 324.000000
80.211866 340.000000
80.228601 375.000000
80.245337 345.000000
80.262072 356.000000
80.278808 349.000000
80.295543 380.000000
80.312279 419.000000
80.329014 423.000000
80.345750 454.000000
80.362585 429.000000
80.379321 411.000000
80.396056 434.000000
80.412792 410.000000
80.429528 404.000000
80.446263 371.000000
80.462999 373.000000
80.479734 386.000000
80.496570 356.000000
80.513305 335.000000
80.530041 386.000000
80.546777 381.000000
80.563512 320.000000
80.580248 352.000000
80.596983 372.000000
80.613719 324.000000
80.630455 323.000000
80.647290 324.000000
80.664026 354.000000
80.680762 320.000000
80.697497 312.000000
80.714233 299.000000
80.730968 308.000000
80.747704 352.000000
80.764440 296.000000
80.781175 273.000000
80.798011 285.000000
80.814747 285.000000
80.831483 273.000000
80.848218 292.000000
80.864954 313.000000
80.881690 330.000000
80.898425 295.000000
80.915161 340.000000
80.931897 301.000000
80.948733 333.000000
80.965468 351.000000
80.982204 319.000000
80.998940 337.000000
81.015676 302.000000
81.032411 366.000000
81.049147 365.000000
81.065883 381.000000
81.082619 408.000000
81.099455 408.000000
81.116190 392.000000
81.132926 409.000000
81.149662 454.000000
81.166398 463.000000
81.183134 432.000000
81.199869 433.000000
81.216605 442.000000
81.233341 449.000000
81.250177 406.000000
81.266913 438.000000
81.283649 347.000000
81.300385 395.000000
81.317120 396.000000
81.333856 411.000000
81.350592 415.000000
81.367328 380.000000
81.384064 412.000000
81.400900 423.000000
81.417636 363.000000
81.434372 398.000000
81.451108 412.000000
81.467843 418.000000
81.484579 392.000000
81.501315 393.000000
81.518051 435.000000
81.534787 403.000000
81.551623 358.000000
81.568359 400.000000
81.585095 392.000000
81.601831 368.000000
81.618567 318.000000
81.635303 394.000000
81.652039 361.000000
81.668775 346.000000
81.685511 324.000000
81.702347 381.000000
81.719083 338.000000
81.735819 361.000000
81.752555 370.000000
81.769291 366.000000
81.786027 394.000000
81.802763 377.000000
81.819499 351.000000
81.836235 336.000000
81.853072 344.000000
81.869808 346.000000
81.886544 311.000000
81.903280 322.000000
81.920016 333.000000
81.936752 354.000000
81.953488 343.000000
81.970224 374.000000
81.986960 357.000000
82.003796 358.000000
82.020532 358.000000
82.037269 381.000000
82.054005 369.000000
82.070741 314.000000
82.087477 374.000000
82.104213 379.000000
82.120949 397.000000
82.137685 393.000000
82.154522 389.000000
82.171258 419.000000
82.187994 387.000000
82.204730 390.000000
82.221466 362.000000
82.238203 359.000000
82.254939 415.000000
82.271675 408.000000
82.288511 404.000000
82.305248 397.000000
82.321984 397.000000
82.338720 427.000000
82.355456 388.000000
82.372192 407.000000
82.388929 403.000000
82.405665 378.000000
82.422401 446.000000
82.439238 381.000000
82.455974 466.000000
82.472710 464.000000
82.489446 459.000000
82.506183 450.000000
82.522919 445.000000
82.539655 445.000000
82.556392 464.000000
82.573128 458.000000
82.589964 419.000000
82.606701 462.000000
82.623437 456.000000
82.640173 410.000000
82.656910 450.000000
82.673646 420.000000
82.690382 375.000000
82.707119 417.000000
82.723855 407.000000
82.740692 380.000000
82.757428 424.000000
82.774164 401.000000
82.790901 384.000000
82.807637 390.000000
82.824373 386.000000
82.841110 339.000000
82.857846 339.000000
82.874683 365.000000
82.891419 375.000000
82.908156 337.000000
82.924892 343.000000
82.941629 324.000000
82.958365 305.000000
82.975101 328.000000
82.991838 277.000000
83.008574 301.000000
83.025311 300.000000
83.042148 344.000000
83.058884 330.000000
83.075620 334.000000
83.092357 341.000000
83.109093 329.000000
83.125830 347.000000
83.142566 322.000000
83.159303 331.000000
83.176140 372.000000
83.192876 355.000000
83.209613 312.000000
83.226349 306.000000
83.243086 258.000000
83.259822 264.000000
83.276559 284.000000
83.293295 310.000000
83.310032 274.000000
83.326869 323.000000
83.343605 288.000000
83.360342 310.000000
83.377079 349.000000
83.393815 305.000000
83.410552 322.000000
83.427288 321.000000
83.444025 305.000000
83.460762 303.000000
83.477598 335.000000
83.494335 307.000000
83.511072 304.000000
83.527808 322.000000
83.544545 300.000000
83.561282 318.000000
83.578018 321.000000
83.594755 277.000000
83.611492 300.000000
83.628329 344.000000
83.645065 312.000000
83.661802 307.000000
83.678539 277.000000
83.695275 286.000000
83.712012 285.000000
83.728749 303.000000
83.745485 337.000000
83.762222 284.000000
83.779059 253.000000
83.795796 267.000000
83.812533 268.000000
83.829269 243.000000
83.846006 286.000000
83.862743 267.000000
83.879480 283.000000
83.896216 260.000000
83.912953 248.000000
83.929790 249.000000
83.946527 249.000000
83.963264 249.000000
83.980001 269.000000
83.996737 255.000000
84.013474 261.000000
84.030211 279.000000
84.046948 253.000000
84.063785 229.000000
84.080522 228.000000
84.097259 234.000000
84.113995 235.000000
84.130732 299.000000
84.147469 258.000000
84.164206 266.000000
84.180943 291.000000
84.197680 287.000000
84.214517 268.000000
84.231254 275.000000
84.247991 281.000000
84.264727 272.000000
84.281464 269.000000
84.298201 278.000000
84.314938 290.000000
84.331675 332.000000
84.348412 364.000000
84.365249 320.000000
84.381986 310.000000
84.398723 303.000000
84.415460 305.000000
84.432197 291.000000
84.448934 286.000000
84.465671 289.000000
84.482408 312.000000
84.499145 266.000000
84.515982 278.000000
84.532719 251.000000
84.549456 263.000000
84.566193 273.000000
84.582930 290.000000
84.599667 282.000000
84.616404 275.000000
84.633141 292.000000
84.649878 267.000000
84.666716 289.000000
84.683453 283.000000
84.700190 282.000000
84.716927 274.000000
84.733664 242.000000
84.750401 279.000000
84.767138 275.000000
84.783875 256.000000
84.800612 232.000000
84.817449 222.000000
84.834187 262.000000
84.850924 268.000000
84.867661 256.000000
84.884398 259.000000
84.901135 231.000000
84.917872 249.000000
84.934609 224.000000
84.951346 222.000000
84.968184 244.000000
84.984921 225.000000
85.001658 232.000000
85.018395 248.000000
85.035132 290.000000
85.051870 239.000000
85.068607 236.000000
85.085344 233.000000
85.102081 213.000000
85.118919 224.000000
85.135656 215.000000
85.152393 241.000000
85.169130 245.000000
85.185867 226.000000
85.202605 241.000000
85.219342 230.000000
85.236079 247.000000
85.252816 246.000000
85.269654 260.000000
85.286391 210.000000
85.303128 242.000000
85.319866 213.000000
85.336603 215.000000
85.353340 212.000000
85.370078 218.000000
85.386815 203.000000
85.403552 235.000000
85.420390 247.000000
85.437127 215.000000
85.453864 247.000000
85.470602 220.000000
85.487339 210.000000
85.504076 225.000000
85.520814 229.000000
85.537551 221.000000
85.554389 230.000000
85.571126 231.000000
85.587863 222.000000
85.604601 220.000000
85.621338 235.000000
85.638075 257.000000
85.654813 244.000000
85.671550 243.000000
85.688288 257.000000
85.705125 225.000000
85.721863 233.000000
85.738600 216.000000
85.755338 204.000000
85.772075 236.000000
85.788812 267.000000
85.805550 212.000000
85.822287 223.000000
85.839025 232.000000
85.855862 226.000000
85.872600 225.000000
85.889337 238.000000
85.906075 236.000000
85.922812 227.000000
85.939550 216.000000
85.956287 228.000000
85.973025 216.000000
85.989762 238.000000
86.006600 236.000000
86.023338 236.000000
86.040075 233.000000
86.056813 245.000000
86.073550 282.000000
86.090288 276.000000
86.107025 249.000000
86.123763 243.000000
86.140500 281.000000
86.157338 260.000000
86.174076 251.000000
86.190813 234.000000
86.207551 219.000000
86.224289 224.000000
86.241026 246.000000
86.257764 223.000000
86.274501 251.000000
86.291239 256.000000
86.308077 234.000000
86.324814 240.000000
86.341552 248.000000
86.358290 271.000000
86.375027 267.000000
86.391765 234.000000
86.408503 245.000000
86.425240 257.000000
86.441978 224.000000
86.458816 250.000000
86.475553 235.000000
86.492291 245.000000
86.509029 253.000000
86.525767 238.000000
86.542504 246.000000
86.559242 233.000000
86.575980 251.000000
86.592818 256.000000
86.609555 226.000000
86.626293 231.000000
86.643031 275.000000
86.659769 241.000000
86.676506 234.000000
86.693244 255.000000
86.709982 246.000000
86.726720 241.000000
86.743558 218.000000
86.760295 250.000000
86.777033 233.000000
86.793771 265.000000
86.810509 281.000000
86.827246 279.000000
86.843984 293.000000
86.860722 317.000000
86.877460 332.000000
86.894298 292.000000
86.911036 329.000000
86.927774 329.000000
86.944511 332.000000
86.961249 324.000000
86.977987 300.000000
86.994725 283.000000
87.011463 301.000000
87.028201 312.000000
87.045039 282.000000
87.061777 290.000000
87.078515 290.000000
87.095253 296.000000
87.111990 284.000000
87.128728 307.000000
87.145466 282.000000
87.162204 308.000000
87.178942 285.000000
87.195780 321.000000
87.212518 327.000000
87.229256 334.000000
87.245994 334.000000
87.262732 308.000000
87.279470 332.000000
87.296208 313.000000
87.312946 339.000000
87.329684 307.000000
87.346522 306.000000
87.363260 272.000000
87.379998 301.000000
87.396736 276.000000
87.413474 305.000000
87.430212 331.000000
87.446950 290.000000
87.463688 292.000000
87.480426 326.000000
87.497264 331.000000
87.514002 296.000000
87.530740 273.000000
87.547478 275.000000
87.564216 290.000000
87.580955 282.000000
87.597693 278.000000
87.614431 288.000000
87.631169 268.000000
87.648007 289.000000
87.664745 263.000000
87.681483 300.000000
87.698221 272.000000
87.714959 300.000000
87.731698 293.000000
87.748436 302.000000
87.765174 290.000000
87.781912 304.000000
87.798750 273.000000
87.815488 298.000000
87.832227 278.000000
87.848965 260.000000
87.865703 291.000000
87.882441 263.000000
87.899179 314.000000
87.915917 312.000000
87.932756 308.000000
87.949494 302.000000
87.966232 320.000000
87.982970 321.000000
87.999709 318.000000
88.016447 282.000000
88.033185 307.000000
88.049923 321.000000
88.066661 317.000000
88.083500 256.000000
88.100238 287.000000
88.116976 280.000000
88.133715 308.000000
88.150453 275.000000
88.167191 326.000000
88.183929 312.000000
88.200668 305.000000
88.217406 329.000000
88.234244 275.000000
88.250983 273.000000
88.267721 306.000000
88.284459 309.000000
88.301198 285.000000
88.317936 312.000000
88.334674 284.000000
88.351413 281.000000
88.368151 286.000000
88.384989 256.000000
88.401728 265.000000
88.418466 277.000000
88.435204 257.000000
88.451943 248.000000
88.468681 253.000000
88.485420 276.000000
88.502158 274.000000
88.518896 249.000000
88.535735 271.000000
88.552473 250.000000
88.569212 240.000000
88.585950 257.000000
88.602689 229.000000
88.619427 239.000000
88.636165 251.000000
88.652904 263.000000
88.669642 281.000000
88.686481 248.000000
88.703219 257.000000
88.719958 248.000000
88.736696 255.000000
88.753435 262.000000
88.770173 230.000000
88.786912 252.000000
88.803650 248.000000
88.820389 257.000000
88.837227 250.000000
88.853966 215.000000
88.870704 272.000000
88.887443 269.000000
88.904181 231.000000
88.920920 243.000000
88.937658 253.000000
88.954397 234.000000
88.971135 228.000000
88.987974 240.000000
89.004713 244.000000
89.021451 230.000000
89.038190 216.000000
89.054928 239.000000
89.071667 243.000000
89.088406 247.000000
89.105144 241.000000
89.121983 227.000000
89.138722 214.000000
89.155460 241.000000
89.172199 250.000000
89.188937 218.000000
89.205676 232.000000
89.222415 238.000000
89.239153 220.000000
89.255892 226.000000
89.272731 216.000000
89.289469 200.000000
89.306208 243.000000
89.322947 221.000000
89.339685 237.000000
89.356424 197.000000
89.373163 234.000000
89.389901 263.000000
89.406640 234.000000
89.423479 258.000000
89.440218 205.000000
89.456956 258.000000
89.473695 260.000000
89.490434 233.000000
89.507172 246.000000
89.523911 245.000000
89.540650 234.000000
89.557389 240.000000
89.574228 244.000000
89.590966 266.000000
89.607705 214.000000
89.624444 246.000000
89.641183 265.000000
89.657921 215.000000
89.674660 263.000000
89.691399 242.000000
89.708238 272.000000
89.724977 243.000000
