1,0
1.01,-0.00265
1.02,-0.0026
1.03,-0.00255
1.04,-0.00251
1.05,-0.00246
1.06,-0.00241
1.07,-0.00237
1.08,-0.00233
1.09,-0.00229
1.1,-0.00225
1.11,-0.00221
1.12,-0.00217
1.13,-0.00213
1.14,-0.0021
1.15,-0.00206
1.16,-0.00203
1.17,-0.002
1.18,-0.00196
1.19,-0.00193
1.2,-0.0019
1.21,-0.00187
1.22,-0.00184
1.23,-0.00181
1.24,-0.00179
1.25,-0.00176
1.26,-0.00173
1.27,-0.00171
1.28,-0.00168
1.29,-0.00166
1.3,-0.00163
1.31,-0.00161
1.32,-0.00158
1.33,-0.00156
1.34,-0.00154
1.35,-0.00152
1.36,-0.0015
1.37,-0.00148
1.38,-0.00146
1.39,-0.00144
1.4,-0.00142
1.41,-0.0014
1.42,-0.00138
1.43,-0.00136
1.44,-0.00134
1.45,-0.00132
1.46,-0.00131
1.47,-0.00129
1.48,-0.00127
1.49,-0.00126
1.5,-0.00124
1.51,-0.00123
1.52,-0.00121
1.53,-0.0012
1.54,-0.00118
1.55,-0.00117
1.56,-0.00115
1.57,-0.00114
1.58,-0.00113
1.59,-0.00111
1.6,-0.0011
1.61,-0.00109
1.62,-0.00107
1.63,-0.00106
1.64,-0.00105
1.65,-0.00104
1.66,-0.00103
1.67,-0.00101
1.68,-0.001
1.69,-9.911E-4
1.7,-9.801E-4
1.71,-9.694E-4
1.72,-9.588E-4
1.73,-9.484E-4
1.74,-9.381E-4
1.75,-9.281E-4
1.76,-9.182E-4
1.77,-9.085E-4
1.78,-8.989E-4
1.79,-8.895E-4
1.8,-8.802E-4
1.81,-8.711E-4
1.82,-8.622E-4
1.83,-8.534E-4
1.84,-8.447E-4
1.85,-8.362E-4
1.86,-8.278E-4
1.87,-8.195E-4
1.88,-8.114E-4
1.89,-8.033E-4
1.9,-7.954E-4
1.91,-7.877E-4
1.92,-7.8E-4
1.93,-7.725E-4
1.94,-7.651E-4
1.95,-7.578E-4
1.96,-7.506E-4
1.97,-7.435E-4
1.98,-7.365E-4
1.99,-7.296E-4
2,-7.228E-4
2.01,-7.162E-4
2.02,-7.096E-4
2.03,-7.031E-4
2.04,-6.967E-4
2.05,-6.904E-4
2.06,-6.842E-4
2.07,-6.781E-4
2.08,-6.72E-4
2.09,-6.661E-4
2.1,-6.602E-4
2.11,-6.544E-4
2.12,-6.487E-4
2.13,-6.431E-4
2.14,-6.375E-4
2.15,-6.32E-4
2.16,-6.266E-4
2.17,-6.213E-4
2.18,-6.16E-4
2.19,-6.108E-4
2.2,-6.057E-4
2.21,-6.007E-4
2.22,-5.957E-4
2.23,-5.908E-4
2.24,-5.859E-4
2.25,-5.811E-4
2.26,-5.764E-4
2.27,-5.717E-4
2.28,-5.671E-4
2.29,-5.625E-4
2.3,-5.581E-4
2.31,-5.536E-4
2.32,-5.492E-4
2.33,-5.449E-4
2.34,-5.406E-4
2.35,-5.364E-4
2.36,-5.323E-4
2.37,-5.282E-4
2.38,-5.241E-4
2.39,-5.201E-4
2.4,-5.161E-4
2.41,-5.122E-4
2.42,-5.083E-4
2.43,-5.045E-4
2.44,-5.007E-4
2.45,-4.97E-4
2.46,-4.933E-4
2.47,-4.897E-4
2.48,-4.861E-4
2.49,-4.825E-4
2.5,-4.79E-4
2.51,-4.755E-4
2.52,-4.721E-4
2.53,-4.687E-4
2.54,-4.653E-4
2.55,-4.62E-4
2.56,-4.587E-4
2.57,-4.555E-4
2.58,-4.523E-4
2.59,-4.491E-4
2.6,-4.46E-4
2.61,-4.429E-4
2.62,-4.398E-4
2.63,-4.368E-4
2.64,-4.338E-4
2.65,-4.308E-4
2.66,-4.279E-4
2.67,-4.25E-4
2.68,-4.221E-4
2.69,-4.193E-4
2.7,-4.165E-4
2.71,-4.137E-4
2.72,-4.11E-4
2.73,-4.083E-4
2.74,-4.056E-4
2.75,-4.029E-4
2.76,-4.003E-4
2.77,-3.977E-4
2.78,-3.951E-4
2.79,-3.926E-4
2.8,-3.9E-4
2.81,-3.875E-4
2.82,-3.851E-4
2.83,-3.826E-4
2.84,-3.802E-4
2.85,-3.778E-4
2.86,-3.754E-4
2.87,-3.731E-4
2.88,-3.708E-4
2.89,-3.685E-4
2.9,-3.662E-4
2.91,-3.64E-4
2.92,-3.617E-4
2.93,-3.595E-4
2.94,-3.573E-4
2.95,-3.552E-4
2.96,-3.53E-4
2.97,-3.509E-4
2.98,-3.488E-4
2.99,-3.467E-4
3,-3.447E-4
3.01,-3.426E-4
3.02,-3.406E-4
3.03,-3.386E-4
3.04,-3.366E-4
3.05,-3.346E-4
3.06,-3.327E-4
3.07,-3.308E-4
3.08,-3.289E-4
3.09,-3.27E-4
3.1,-3.251E-4
3.11,-3.233E-4
3.12,-3.214E-4
3.13,-3.196E-4
3.14,-3.178E-4
3.15,-3.16E-4
3.16,-3.142E-4
3.17,-3.125E-4
3.18,-3.107E-4
3.19,-3.09E-4
3.2,-3.073E-4
3.21,-3.056E-4
3.22,-3.039E-4
3.23,-3.023E-4
3.24,-3.006E-4
3.25,-2.99E-4
3.26,-2.974E-4
3.27,-2.958E-4
3.28,-2.942E-4
3.29,-2.926E-4
3.3,-2.911E-4
3.31,-2.895E-4
3.32,-2.88E-4
3.33,-2.865E-4
3.34,-2.85E-4
3.35,-2.835E-4
3.36,-2.82E-4
3.37,-2.805E-4
3.38,-2.791E-4
3.39,-2.776E-4
3.4,-2.762E-4
3.41,-2.748E-4
3.42,-2.734E-4
3.43,-2.72E-4
3.44,-2.706E-4
3.45,-2.692E-4
3.46,-2.679E-4
3.47,-2.665E-4
3.48,-2.652E-4
3.49,-2.639E-4
3.5,-2.626E-4
3.51,-2.613E-4
3.52,-2.6E-4
3.53,-2.587E-4
3.54,-2.574E-4
3.55,-2.562E-4
3.56,-2.549E-4
3.57,-2.537E-4
3.58,-2.524E-4
3.59,-2.512E-4
3.6,-2.5E-4
3.61,-2.488E-4
3.62,-2.476E-4
3.63,-2.464E-4
3.64,-2.453E-4
3.65,-2.441E-4
3.66,-2.43E-4
3.67,-2.418E-4
3.68,-2.407E-4
3.69,-2.395E-4
3.7,-2.384E-4
3.71,-2.373E-4
3.72,-2.362E-4
3.73,-2.351E-4
3.74,-2.34E-4
3.75,-2.33E-4
3.76,-2.319E-4
3.77,-2.309E-4
3.78,-2.298E-4
3.79,-2.288E-4
3.8,-2.277E-4
3.81,-2.267E-4
3.82,-2.257E-4
3.83,-2.247E-4
3.84,-2.237E-4
3.85,-2.227E-4
3.86,-2.217E-4
3.87,-2.207E-4
3.88,-2.197E-4
3.89,-2.188E-4
3.9,-2.178E-4
3.91,-2.169E-4
3.92,-2.159E-4
3.93,-2.15E-4
3.94,-2.14E-4
3.95,-2.131E-4
3.96,-2.122E-4
3.97,-2.113E-4
3.98,-2.104E-4
3.99,-2.095E-4
4,-2.086E-4
4.01,-2.077E-4
4.02,-2.068E-4
4.03,-2.06E-4
4.04,-2.051E-4
4.05,-2.043E-4
4.06,-2.034E-4
4.07,-2.026E-4
4.08,-2.017E-4
4.09,-2.009E-4
4.1,-2.001E-4
4.11,-1.992E-4
4.12,-1.984E-4
4.13,-1.976E-4
4.14,-1.968E-4
4.15,-1.96E-4
4.16,-1.952E-4
4.17,-1.944E-4
4.18,-1.936E-4
4.19,-1.929E-4
4.2,-1.921E-4
4.21,-1.913E-4
4.22,-1.906E-4
4.23,-1.898E-4
4.24,-1.89E-4
4.25,-1.883E-4
4.26,-1.876E-4
4.27,-1.868E-4
4.28,-1.861E-4
4.29,-1.854E-4
4.3,-1.846E-4
4.31,-1.839E-4
4.32,-1.832E-4
4.33,-1.825E-4
4.34,-1.818E-4
4.35,-1.811E-4
4.36,-1.804E-4
4.37,-1.797E-4
4.38,-1.791E-4
4.39,-1.784E-4
4.4,-1.777E-4
4.41,-1.77E-4
4.42,-1.764E-4
4.43,-1.757E-4
4.44,-1.75E-4
4.45,-1.744E-4
4.46,-1.737E-4
4.47,-1.731E-4
4.48,-1.725E-4
4.49,-1.718E-4
4.5,-1.712E-4
4.51,-1.706E-4
4.52,-1.699E-4
4.53,-1.693E-4
4.54,-1.687E-4
4.55,-1.681E-4
4.56,-1.675E-4
4.57,-1.669E-4
4.58,-1.663E-4
4.59,-1.657E-4
4.6,-1.651E-4
4.61,-1.645E-4
4.62,-1.639E-4
4.63,-1.633E-4
4.64,-1.628E-4
4.65,-1.622E-4
4.66,-1.616E-4
4.67,-1.61E-4
4.68,-1.605E-4
4.69,-1.599E-4
4.7,-1.594E-4
4.71,-1.588E-4
4.72,-1.583E-4
4.73,-1.577E-4
4.74,-1.572E-4
4.75,-1.566E-4
4.76,-1.561E-4
4.77,-1.556E-4
4.78,-1.55E-4
4.79,-1.545E-4
4.8,-1.54E-4
4.81,-1.535E-4
4.82,-1.529E-4
4.83,-1.524E-4
4.84,-1.519E-4
4.85,-1.514E-4
4.86,-1.509E-4
4.87,-1.504E-4
4.88,-1.499E-4
4.89,-1.494E-4
4.9,-1.489E-4
4.91,-1.484E-4
4.92,-1.479E-4
4.93,-1.475E-4
4.94,-1.47E-4
4.95,-1.465E-4
4.96,-1.46E-4
4.97,-1.456E-4
4.98,-1.451E-4
4.99,-1.446E-4
5,-1.441E-4
5.01,-1.437E-4
5.02,-1.432E-4
5.03,-1.428E-4
5.04,-1.423E-4
5.05,-1.419E-4
5.06,-1.414E-4
5.07,-1.41E-4
5.08,-1.405E-4
5.09,-1.401E-4
5.1,-1.396E-4
5.11,-1.392E-4
5.12,-1.388E-4
5.13,-1.383E-4
5.14,-1.379E-4
5.15,-1.375E-4
5.16,-1.371E-4
5.17,-1.366E-4
5.18,-1.362E-4
5.19,-1.358E-4
5.2,-1.354E-4
5.21,-1.35E-4
5.22,-1.346E-4
5.23,-1.342E-4
5.24,-1.338E-4
5.25,-1.334E-4
5.26,-1.33E-4
5.27,-1.326E-4
5.28,-1.322E-4
5.29,-1.318E-4
5.3,-1.314E-4
5.31,-1.31E-4
5.32,-1.306E-4
5.33,-1.302E-4
5.34,-1.298E-4
5.35,-1.294E-4
5.36,-1.291E-4
5.37,-1.287E-4
5.38,-1.283E-4
5.39,-1.279E-4
5.4,-1.276E-4
5.41,-1.272E-4
5.42,-1.268E-4
5.43,-1.265E-4
5.44,-1.261E-4
5.45,-1.257E-4
5.46,-1.254E-4
5.47,-1.25E-4
5.48,-1.247E-4
5.49,-1.243E-4
5.5,-1.24E-4
5.51,-1.236E-4
5.52,-1.233E-4
5.53,-1.229E-4
5.54,-1.226E-4
5.55,-1.222E-4
5.56,-1.219E-4
5.57,-1.215E-4
5.58,-1.212E-4
5.59,-1.209E-4
5.6,-1.205E-4
5.61,-1.202E-4
5.62,-1.199E-4
5.63,-1.195E-4
5.64,-1.192E-4
5.65,-1.189E-4
5.66,-1.186E-4
5.67,-1.182E-4
5.68,-1.179E-4
5.69,-1.176E-4
5.7,-1.173E-4
5.71,-1.17E-4
5.72,-1.167E-4
5.73,-1.164E-4
5.74,-1.16E-4
5.75,-1.157E-4
5.76,-1.154E-4
5.77,-1.151E-4
5.78,-1.148E-4
5.79,-1.145E-4
5.8,-1.142E-4
5.81,-1.139E-4
5.82,-1.136E-4
5.83,-1.133E-4
5.84,-1.13E-4
5.85,-1.127E-4
5.86,-1.124E-4
5.87,-1.121E-4
5.88,-1.119E-4
5.89,-1.116E-4
5.9,-1.113E-4
5.91,-1.11E-4
5.92,-1.107E-4
5.93,-1.104E-4
5.94,-1.101E-4
5.95,-1.099E-4
5.96,-1.096E-4
5.97,-1.093E-4
5.98,-1.09E-4
5.99,-1.088E-4
6,-1.085E-4
6.01,-1.082E-4
6.02,-1.079E-4
6.03,-1.077E-4
6.04,-1.074E-4
6.05,-1.071E-4
6.06,-1.069E-4
6.07,-1.066E-4
6.08,-1.064E-4
6.09,-1.061E-4
6.1,-1.058E-4
6.11,-1.056E-4
6.12,-1.053E-4
6.13,-1.051E-4
6.14,-1.048E-4
6.15,-1.046E-4
6.16,-1.043E-4
6.17,-1.041E-4
6.18,-1.038E-4
6.19,-1.036E-4
6.2,-1.033E-4
6.21,-1.031E-4
6.22,-1.028E-4
6.23,-1.026E-4
6.24,-1.023E-4
6.25,-1.021E-4
6.26,-1.018E-4
6.27,-1.016E-4
6.28,-1.014E-4
6.29,-1.011E-4
6.3,-1.009E-4
6.31,-1.007E-4
6.32,-1.004E-4
6.33,-1.002E-4
6.34,-1E-4
6.35,-9.97E-5
6.36,-9.95E-5
6.37,-9.93E-5
6.38,-9.9E-5
6.39,-9.88E-5
6.4,-9.86E-5
6.41,-9.84E-5
6.42,-9.81E-5
6.43,-9.79E-5
6.44,-9.77E-5
6.45,-9.75E-5
6.46,-9.73E-5
6.47,-9.7E-5
6.48,-9.68E-5
6.49,-9.66E-5
6.5,-9.64E-5
6.51,-9.62E-5
6.52,-9.6E-5
6.53,-9.58E-5
6.54,-9.55E-5
6.55,-9.53E-5
6.56,-9.51E-5
6.57,-9.49E-5
6.58,-9.47E-5
6.59,-9.45E-5
6.6,-9.43E-5
6.61,-9.41E-5
6.62,-9.39E-5
6.63,-9.37E-5
6.64,-9.35E-5
6.65,-9.33E-5
6.66,-9.31E-5
6.67,-9.29E-5
6.68,-9.27E-5
6.69,-9.25E-5
6.7,-9.23E-5
6.71,-9.21E-5
6.72,-9.19E-5
6.73,-9.17E-5
6.74,-9.15E-5
6.75,-9.13E-5
6.76,-9.11E-5
6.77,-9.09E-5
6.78,-9.07E-5
6.79,-9.05E-5
6.8,-9.04E-5
6.81,-9.02E-5
6.82,-9E-5
6.83,-8.98E-5
6.84,-8.96E-5
6.85,-8.94E-5
6.86,-8.92E-5
6.87,-8.91E-5
6.88,-8.89E-5
6.89,-8.87E-5
6.9,-8.85E-5
6.91,-8.83E-5
6.92,-8.82E-5
6.93,-8.8E-5
6.94,-8.78E-5
6.95,-8.76E-5
6.96,-8.75E-5
6.97,-8.73E-5
6.98,-8.71E-5
6.99,-8.69E-5
7,-8.68E-5
7.01,-8.66E-5
7.02,-8.64E-5
7.03,-8.63E-5
7.04,-8.61E-5
7.05,-8.59E-5
7.06,-8.57E-5
7.07,-8.56E-5
7.08,-8.54E-5
7.09,-8.52E-5
7.1,-8.51E-5
7.11,-8.49E-5
7.12,-8.47E-5
7.13,-8.46E-5
7.14,-8.44E-5
7.15,-8.43E-5
7.16,-8.41E-5
7.17,-8.39E-5
7.18,-8.38E-5
7.19,-8.36E-5
7.2,-8.35E-5
7.21,-8.33E-5
7.22,-8.31E-5
7.23,-8.3E-5
7.24,-8.28E-5
7.25,-8.27E-5
7.26,-8.25E-5
7.27,-8.24E-5
7.28,-8.22E-5
7.29,-8.21E-5
7.3,-8.19E-5
7.31,-8.18E-5
7.32,-8.16E-5
7.33,-8.15E-5
7.34,-8.13E-5
7.35,-8.12E-5
7.36,-8.1E-5
7.37,-8.09E-5
7.38,-8.07E-5
7.39,-8.06E-5
7.4,-8.04E-5
7.41,-8.03E-5
7.42,-8.01E-5
7.43,-8E-5
7.44,-7.98E-5
7.45,-7.97E-5
7.46,-7.96E-5
7.47,-7.94E-5
7.48,-7.93E-5
7.49,-7.91E-5
7.5,-7.9E-5
7.51,-7.89E-5
7.52,-7.87E-5
7.53,-7.86E-5
7.54,-7.84E-5
7.55,-7.83E-5
7.56,-7.82E-5
7.57,-7.8E-5
7.58,-7.79E-5
7.59,-7.78E-5
7.6,-7.76E-5
7.61,-7.75E-5
7.62,-7.74E-5
7.63,-7.72E-5
7.64,-7.71E-5
7.65,-7.7E-5
7.66,-7.68E-5
7.67,-7.67E-5
7.68,-7.66E-5
7.69,-7.64E-5
7.7,-7.63E-5
7.71,-7.62E-5
7.72,-7.61E-5
7.73,-7.59E-5
7.74,-7.58E-5
7.75,-7.57E-5
7.76,-7.56E-5
7.77,-7.54E-5
7.78,-7.53E-5
7.79,-7.52E-5
7.8,-7.51E-5
7.81,-7.49E-5
7.82,-7.48E-5
7.83,-7.47E-5
7.84,-7.46E-5
7.85,-7.44E-5
7.86,-7.43E-5
7.87,-7.42E-5
7.88,-7.41E-5
7.89,-7.4E-5
7.9,-7.38E-5
7.91,-7.37E-5
7.92,-7.36E-5
7.93,-7.35E-5
7.94,-7.34E-5
7.95,-7.33E-5
7.96,-7.31E-5
7.97,-7.3E-5
7.98,-7.29E-5
7.99,-7.28E-5
8,-7.27E-5
8.01,-7.26E-5
8.02,-7.24E-5
8.03,-7.23E-5
8.04,-7.22E-5
8.05,-7.21E-5
8.06,-7.2E-5
8.07,-7.19E-5
8.08,-7.18E-5
8.09,-7.17E-5
8.1,-7.16E-5
8.11,-7.14E-5
8.12,-7.13E-5
8.13,-7.12E-5
8.14,-7.11E-5
8.15,-7.1E-5
8.16,-7.09E-5
8.17,-7.08E-5
8.18,-7.07E-5
8.19,-7.06E-5
8.2,-7.05E-5
8.21,-7.04E-5
8.22,-7.03E-5
8.23,-7.02E-5
8.24,-7.01E-5
8.25,-7E-5
8.26,-6.99E-5
8.27,-6.97E-5
8.28,-6.96E-5
8.29,-6.95E-5
8.3,-6.94E-5
8.31,-6.93E-5
8.32,-6.92E-5
8.33,-6.91E-5
8.34,-6.9E-5
8.35,-6.89E-5
8.36,-6.88E-5
8.37,-6.87E-5
8.38,-6.86E-5
8.39,-6.85E-5
8.4,-6.84E-5
8.41,-6.83E-5
8.42,-6.82E-5
8.43,-6.82E-5
8.44,-6.81E-5
8.45,-6.8E-5
8.46,-6.79E-5
8.47,-6.78E-5
8.48,-6.77E-5
8.49,-6.76E-5
8.5,-6.75E-5
8.51,-6.74E-5
8.52,-6.73E-5
8.53,-6.72E-5
8.54,-6.71E-5
8.55,-6.7E-5
8.56,-6.69E-5
8.57,-6.68E-5
8.58,-6.67E-5
8.59,-6.67E-5
8.6,-6.66E-5
8.61,-6.65E-5
8.62,-6.64E-5
8.63,-6.63E-5
8.64,-6.62E-5
8.65,-6.61E-5
8.66,-6.6E-5
8.67,-6.59E-5
8.68,-6.58E-5
8.69,-6.58E-5
8.7,-6.57E-5
8.71,-6.56E-5
8.72,-6.55E-5
8.73,-6.54E-5
8.74,-6.53E-5
8.75,-6.52E-5
8.76,-6.52E-5
8.77,-6.51E-5
8.78,-6.5E-5
8.79,-6.49E-5
8.8,-6.48E-5
8.81,-6.47E-5
8.82,-6.46E-5
8.83,-6.46E-5
8.84,-6.45E-5
8.85,-6.44E-5
8.86,-6.43E-5
8.87,-6.42E-5
8.88,-6.42E-5
8.89,-6.41E-5
8.9,-6.4E-5
8.91,-6.39E-5
8.92,-6.38E-5
8.93,-6.38E-5
8.94,-6.37E-5
8.95,-6.36E-5
8.96,-6.35E-5
8.97,-6.34E-5
8.98,-6.34E-5
8.99,-6.33E-5
9,-6.32E-5
9.01,-6.31E-5
9.02,-6.3E-5
9.03,-6.3E-5
9.04,-6.29E-5
9.05,-6.28E-5
9.06,-6.27E-5
9.07,-6.27E-5
9.08,-6.26E-5
9.09,-6.25E-5
9.1,-6.24E-5
9.11,-6.24E-5
9.12,-6.23E-5
9.13,-6.22E-5
9.14,-6.21E-5
9.15,-6.21E-5
9.16,-6.2E-5
9.17,-6.19E-5
9.18,-6.18E-5
9.19,-6.18E-5
9.2,-6.17E-5
9.21,-6.16E-5
9.22,-6.16E-5
9.23,-6.15E-5
9.24,-6.14E-5
9.25,-6.13E-5
9.26,-6.13E-5
9.27,-6.12E-5
9.28,-6.11E-5
9.29,-6.11E-5
9.3,-6.1E-5
9.31,-6.09E-5
9.32,-6.1E-5
9.33,-6.09E-5
9.34,-6.09E-5
9.35,-6.08E-5
9.36,-6.07E-5
9.37,-6.07E-5
9.38,-6.06E-5
9.39,-6.05E-5
9.4,-6.05E-5
9.41,-6.04E-5
9.42,-6.03E-5
9.43,-6.03E-5
9.44,-6.02E-5
9.45,-6.02E-5
9.46,-6.01E-5
9.47,-6E-5
9.48,-6E-5
9.49,-5.99E-5
9.5,-5.99E-5
9.51,-5.98E-5
9.52,-5.97E-5
9.53,-5.97E-5
9.54,-5.96E-5
9.55,-5.96E-5
9.56,-5.95E-5
9.57,-5.94E-5
9.58,-5.94E-5
9.59,-5.93E-5
9.6,-5.93E-5
9.61,-5.92E-5
9.62,-5.91E-5
9.63,-5.91E-5
9.64,-5.9E-5
9.65,-5.9E-5
9.66,-5.89E-5
9.67,-5.89E-5
9.68,-5.88E-5
9.69,-5.88E-5
9.7,-5.87E-5
9.71,-5.87E-5
9.72,-5.86E-5
9.73,-5.86E-5
9.74,-5.85E-5
9.75,-5.85E-5
9.76,-5.84E-5
9.77,-5.84E-5
9.78,-5.83E-5
9.79,-5.83E-5
9.8,-5.82E-5
9.81,-5.82E-5
9.82,-5.81E-5
9.83,-5.81E-5
9.84,-5.8E-5
9.85,-5.8E-5
9.86,-5.79E-5
9.87,-5.79E-5
9.88,-5.79E-5
9.89,-5.78E-5
9.9,-5.78E-5
9.91,-5.77E-5
9.92,-5.77E-5
9.93,-5.77E-5
9.94,-5.76E-5
9.95,-5.76E-5
9.96,-5.76E-5
9.97,-5.75E-5
9.98,-5.75E-5
9.99,-5.75E-5
10,-5.74E-5
10.01,-5.74E-5
10.02,-5.74E-5
10.03,-5.74E-5
10.04,-5.73E-5
10.05,-5.73E-5
10.06,-5.73E-5
10.07,-5.73E-5
10.08,-5.73E-5
10.09,-5.73E-5
10.1,-5.73E-5
10.11,-5.73E-5
10.12,-5.73E-5
10.13,-5.73E-5
10.14,-5.73E-5
10.15,-5.8E-5
10.16,-5.8E-5
10.17,-5.8E-5
10.18,-5.81E-5
10.19,-5.88E-5
10.2,-5.88E-5
10.21,-5.89E-5
10.22,-5.9E-5
10.23,-5.91E-5
10.24,-5.92E-5
10.25,-5.94E-5
10.26,-5.95E-5
10.27,-5.97E-5
10.28,-6E-5
10.29,-6.03E-5
10.3,-6.06E-5
10.31,-6.1E-5
10.32,-6.14E-5
10.33,-6.19E-5
10.34,-6.26E-5
10.35,-6.34E-5
10.36,-6.44E-5
10.37,-6.56E-5
10.38,-6.71E-5
10.39,-6.91E-5
10.4,-7.17E-5
10.41,-7.53E-5
10.42,-8.02E-5
10.43,-8.74E-5
10.44,-9.89E-5
10.45,-1.221E-4
10.46,-1.871E-4
10.47,-3.676E-4
10.48,-7.199E-4
10.49,-0.00109
10.5,-0.0011
10.51,-9.158E-4
10.52,-7.269E-4
10.53,-4.7E-4
10.54,-2.586E-4
10.55,-1.487E-4
10.56,-1.063E-4
10.57,-8.97E-5
10.58,-8.1E-5
10.59,-7.53E-5
10.6,-7.14E-5
10.61,-6.85E-5
10.62,-6.63E-5
10.63,-6.45E-5
10.64,-6.32E-5
10.65,-6.21E-5
10.66,-6.12E-5
10.67,-6.05E-5
10.68,-5.98E-5
10.69,-5.93E-5
10.7,-5.88E-5
10.71,-5.84E-5
10.72,-5.81E-5
10.73,-5.78E-5
10.74,-5.75E-5
10.75,-5.73E-5
10.76,-5.7E-5
10.77,-5.68E-5
10.78,-5.67E-5
10.79,-5.65E-5
10.8,-5.63E-5
10.81,-5.62E-5
10.82,-5.61E-5
10.83,-5.6E-5
10.84,-5.58E-5
10.85,-5.57E-5
10.86,-5.56E-5
10.87,-5.55E-5
10.88,-5.55E-5
10.89,-5.54E-5
10.9,-5.53E-5
10.91,-5.52E-5
10.92,-5.51E-5
10.93,-5.51E-5
10.94,-5.5E-5
10.95,-5.5E-5
10.96,-5.49E-5
10.97,-5.48E-5
10.98,-5.48E-5
10.99,-5.47E-5
11,-5.47E-5
11.01,-5.46E-5
11.02,-5.46E-5
11.03,-5.45E-5
11.04,-5.45E-5
11.05,-5.44E-5
11.06,-5.44E-5
11.07,-5.43E-5
11.08,-5.43E-5
11.09,-5.43E-5
11.1,-5.42E-5
11.11,-5.42E-5
11.12,-5.41E-5
11.13,-5.41E-5
11.14,-5.41E-5
11.15,-5.4E-5
11.16,-5.4E-5
11.17,-5.4E-5
11.18,-5.39E-5
11.19,-5.39E-5
11.2,-5.39E-5
11.21,-5.38E-5
11.22,-5.38E-5
11.23,-5.38E-5
11.24,-5.37E-5
11.25,-5.37E-5
11.26,-5.37E-5
11.27,-5.37E-5
11.28,-5.36E-5
11.29,-5.36E-5
11.3,-5.36E-5
11.31,-5.36E-5
11.32,-5.35E-5
11.33,-5.35E-5
11.34,-5.35E-5
11.35,-5.35E-5
11.36,-5.34E-5
11.37,-5.34E-5
11.38,-5.34E-5
11.39,-5.34E-5
11.4,-5.33E-5
11.41,-5.33E-5
11.42,-5.33E-5
11.43,-5.33E-5
11.44,-5.33E-5
11.45,-5.31E-5
11.46,-5.31E-5
11.47,-5.31E-5
11.48,-5.3E-5
11.49,-5.3E-5
11.5,-5.3E-5
11.51,-5.3E-5
11.52,-5.3E-5
11.53,-5.3E-5
11.54,-5.29E-5
11.55,-5.29E-5
11.56,-5.29E-5
11.57,-5.29E-5
11.58,-5.29E-5
11.59,-5.29E-5
11.6,-5.29E-5
11.61,-5.28E-5
11.62,-5.28E-5
11.63,-5.28E-5
11.64,-5.28E-5
11.65,-5.28E-5
11.66,-5.28E-5
11.67,-5.28E-5
11.68,-5.28E-5
11.69,-5.27E-5
11.7,-5.27E-5
11.71,-5.27E-5
11.72,-5.27E-5
11.73,-5.27E-5
11.74,-5.27E-5
11.75,-5.27E-5
11.76,-5.27E-5
11.77,-5.27E-5
11.78,-5.27E-5
11.79,-5.27E-5
11.8,-5.26E-5
11.81,-5.26E-5
11.82,-5.26E-5
11.83,-5.26E-5
11.84,-5.26E-5
11.85,-5.26E-5
11.86,-5.26E-5
11.87,-5.26E-5
11.88,-5.26E-5
11.89,-5.26E-5
11.9,-5.26E-5
11.91,-5.26E-5
11.92,-5.26E-5
11.93,-5.32E-5
11.94,-5.32E-5
11.95,-5.38E-5
11.96,-5.38E-5
11.97,-5.38E-5
11.98,-5.38E-5
11.99,-5.38E-5
12,-5.39E-5
12.01,-5.39E-5
12.02,-5.39E-5
12.03,-5.39E-5
12.04,-5.39E-5
12.05,-5.39E-5
12.06,-5.39E-5
12.07,-5.39E-5
12.08,-5.39E-5
12.09,-5.39E-5
12.1,-5.39E-5
12.11,-5.4E-5
12.12,-5.4E-5
12.13,-5.4E-5
12.14,-5.4E-5
12.15,-5.4E-5
12.16,-5.4E-5
12.17,-5.4E-5
12.18,-5.4E-5
12.19,-5.41E-5
12.2,-5.41E-5
12.21,-5.41E-5
12.22,-5.41E-5
12.23,-5.41E-5
12.24,-5.41E-5
12.25,-5.42E-5
12.26,-5.42E-5
12.27,-5.42E-5
12.28,-5.42E-5
12.29,-5.42E-5
12.3,-5.43E-5
12.31,-5.43E-5
12.32,-5.43E-5
12.33,-5.43E-5
12.34,-5.44E-5
12.35,-5.44E-5
12.36,-5.44E-5
12.37,-5.44E-5
12.38,-5.5E-5
12.39,-5.51E-5
12.4,-5.51E-5
12.41,-5.51E-5
12.42,-5.52E-5
12.43,-5.52E-5
12.44,-5.52E-5
12.45,-5.52E-5
12.46,-5.53E-5
12.47,-5.53E-5
12.48,-5.53E-5
12.49,-5.54E-5
12.5,-5.54E-5
12.51,-5.55E-5
12.52,-5.55E-5
12.53,-5.55E-5
12.54,-5.56E-5
12.55,-5.56E-5
12.56,-5.57E-5
12.57,-5.57E-5
12.58,-5.57E-5
12.59,-5.58E-5
12.6,-5.58E-5
12.61,-5.59E-5
12.62,-5.59E-5
12.63,-5.6E-5
12.64,-5.6E-5
12.65,-5.61E-5
12.66,-5.61E-5
12.67,-5.62E-5
12.68,-5.62E-5
12.69,-5.63E-5
12.7,-5.63E-5
12.71,-5.64E-5
12.72,-5.64E-5
12.73,-5.65E-5
12.74,-5.66E-5
12.75,-5.66E-5
12.76,-5.67E-5
12.77,-5.68E-5
12.78,-5.68E-5
12.79,-5.69E-5
12.8,-5.7E-5
12.81,-5.7E-5
12.82,-5.71E-5
12.83,-5.72E-5
12.84,-5.72E-5
12.85,-5.73E-5
12.86,-5.8E-5
12.87,-5.8E-5
12.88,-5.81E-5
12.89,-5.82E-5
12.9,-5.83E-5
12.91,-5.84E-5
12.92,-5.85E-5
12.93,-5.85E-5
12.94,-5.86E-5
12.95,-5.87E-5
12.96,-5.88E-5
12.97,-5.89E-5
12.98,-5.9E-5
12.99,-5.91E-5
13,-5.92E-5
13.01,-5.93E-5
13.02,-5.94E-5
13.03,-5.95E-5
13.04,-5.97E-5
13.05,-5.98E-5
13.06,-5.99E-5
13.07,-6E-5
13.08,-6.01E-5
13.09,-6.03E-5
13.1,-6.04E-5
13.11,-6.05E-5
13.12,-6.06E-5
13.13,-6.08E-5
13.14,-6.09E-5
13.15,-6.11E-5
13.16,-6.12E-5
13.17,-6.13E-5
13.18,-6.15E-5
13.19,-6.17E-5
13.2,-6.18E-5
13.21,-6.2E-5
13.22,-6.21E-5
13.23,-6.23E-5
13.24,-6.25E-5
13.25,-6.27E-5
13.26,-6.28E-5
13.27,-6.3E-5
13.28,-6.32E-5
13.29,-6.4E-5
13.3,-6.42E-5
13.31,-6.44E-5
13.32,-6.46E-5
13.33,-6.48E-5
13.34,-6.51E-5
13.35,-6.53E-5
13.36,-6.55E-5
13.37,-6.58E-5
13.38,-6.6E-5
13.39,-6.63E-5
13.4,-6.65E-5
13.41,-6.68E-5
13.42,-6.7E-5
13.43,-6.73E-5
13.44,-6.76E-5
13.45,-6.79E-5
13.46,-6.82E-5
13.47,-6.85E-5
13.48,-6.88E-5
13.49,-6.91E-5
13.5,-6.95E-5
13.51,-6.98E-5
13.52,-7.02E-5
13.53,-7.05E-5
13.54,-7.09E-5
13.55,-7.13E-5
13.56,-7.17E-5
13.57,-7.21E-5
13.58,-7.25E-5
13.59,-7.3E-5
13.6,-7.34E-5
13.61,-7.39E-5
13.62,-7.44E-5
13.63,-7.48E-5
13.64,-7.53E-5
13.65,-7.59E-5
13.66,-7.64E-5
13.67,-7.7E-5
13.68,-7.76E-5
13.69,-7.81E-5
13.7,-7.88E-5
13.71,-7.94E-5
13.72,-8.01E-5
13.73,-8.08E-5
13.74,-8.15E-5
13.75,-8.22E-5
13.76,-8.3E-5
13.77,-8.38E-5
13.78,-8.46E-5
13.79,-8.54E-5
13.8,-8.63E-5
13.81,-8.73E-5
13.82,-8.82E-5
13.83,-8.92E-5
13.84,-9.03E-5
13.85,-9.14E-5
13.86,-9.25E-5
13.87,-9.37E-5
13.88,-9.49E-5
13.89,-9.62E-5
13.9,-9.76E-5
13.91,-9.9E-5
13.92,-1.005E-4
13.93,-1.02E-4
13.94,-1.036E-4
13.95,-1.054E-4
13.96,-1.071E-4
13.97,-1.09E-4
13.98,-1.11E-4
13.99,-1.131E-4
14,-1.153E-4
14.01,-1.177E-4
14.02,-1.201E-4
14.03,-1.227E-4
14.04,-1.255E-4
14.05,-1.284E-4
14.06,-1.315E-4
14.07,-1.348E-4
14.08,-1.383E-4
14.09,-1.421E-4
14.1,-1.461E-4
14.11,-1.503E-4
14.12,-1.549E-4
14.13,-1.598E-4
14.14,-1.651E-4
14.15,-1.708E-4
14.16,-1.769E-4
14.17,-1.835E-4
14.18,-1.906E-4
14.19,-1.984E-4
14.2,-2.068E-4
14.21,-2.16E-4
14.22,-2.261E-4
14.23,-2.371E-4
14.24,-2.492E-4
14.25,-2.626E-4
14.26,-2.774E-4
14.27,-2.939E-4
14.28,-3.122E-4
14.29,-3.328E-4
14.3,-3.559E-4
14.31,-3.82E-4
14.32,-4.118E-4
14.33,-4.457E-4
14.34,-4.849E-4
14.35,-5.302E-4
14.36,-5.832E-4
14.37,-6.456E-4
14.38,-7.198E-4
14.39,-8.091E-4
14.4,-9.185E-4
14.41,-0.00105
14.42,-0.00122
14.43,-0.00144
14.44,-0.00172
14.45,-0.0021
14.46,-0.00262
14.47,-0.00339
14.48,-0.0046
14.49,-0.00701
14.5,-0.01322
14.51,-0.02891
14.52,-0.05773
14.53,-0.08624
14.54,-0.08296
14.55,-0.06266
14.56,-0.05464
14.57,-0.05063
14.58,-0.03496
14.59,-0.01865
14.6,-0.0092
14.61,-0.00517
14.62,-0.00352
14.63,-0.00265
14.64,-0.00209
14.65,-0.0017
14.66,-0.00141
14.67,-0.00119
14.68,-0.00102
14.69,-8.906E-4
14.7,-7.827E-4
14.71,-6.945E-4
14.72,-6.214E-4
14.73,-5.602E-4
14.74,-5.084E-4
14.75,-4.642E-4
14.76,-4.262E-4
14.77,-3.932E-4
14.78,-3.644E-4
14.79,-3.392E-4
14.8,-3.169E-4
14.81,-2.972E-4
14.82,-2.796E-4
14.83,-2.638E-4
14.84,-2.497E-4
14.85,-2.37E-4
14.86,-2.254E-4
14.87,-2.15E-4
14.88,-2.055E-4
14.89,-1.968E-4
14.9,-1.889E-4
14.91,-1.816E-4
14.92,-1.749E-4
14.93,-1.687E-4
14.94,-1.63E-4
14.95,-1.578E-4
14.96,-1.529E-4
14.97,-1.484E-4
14.98,-1.442E-4
14.99,-1.403E-4
15,-1.366E-4
15.01,-1.332E-4
15.02,-1.3E-4
15.03,-1.27E-4
15.04,-1.242E-4
15.05,-1.216E-4
15.06,-1.191E-4
15.07,-1.168E-4
15.08,-1.146E-4
15.09,-1.126E-4
15.1,-1.106E-4
15.11,-1.088E-4
15.12,-1.071E-4
15.13,-1.054E-4
15.14,-1.039E-4
15.15,-1.024E-4
15.16,-1.01E-4
15.17,-9.97E-5
15.18,-9.85E-5
15.19,-9.73E-5
15.2,-9.61E-5
15.21,-9.56E-5
15.22,-9.46E-5
15.23,-9.37E-5
15.24,-9.28E-5
15.25,-9.19E-5
15.26,-9.1E-5
15.27,-9.03E-5
15.28,-8.95E-5
15.29,-8.88E-5
15.3,-8.81E-5
15.31,-8.75E-5
15.32,-8.68E-5
15.33,-8.62E-5
15.34,-8.57E-5
15.35,-8.52E-5
15.36,-8.46E-5
15.37,-8.42E-5
15.38,-8.37E-5
15.39,-8.33E-5
15.4,-8.28E-5
15.41,-8.24E-5
15.42,-8.21E-5
15.43,-8.17E-5
15.44,-8.13E-5
15.45,-8.1E-5
15.46,-8.07E-5
15.47,-8.04E-5
15.48,-8.01E-5
15.49,-7.99E-5
15.5,-7.96E-5
15.51,-7.94E-5
15.52,-7.92E-5
15.53,-7.89E-5
15.54,-7.87E-5
15.55,-7.86E-5
15.56,-7.84E-5
15.57,-7.82E-5
15.58,-7.81E-5
15.59,-7.79E-5
15.6,-7.78E-5
15.61,-7.77E-5
15.62,-7.76E-5
15.63,-7.75E-5
15.64,-7.74E-5
15.65,-7.73E-5
15.66,-7.72E-5
15.67,-7.71E-5
15.68,-7.71E-5
15.69,-7.7E-5
15.7,-7.7E-5
15.71,-7.7E-5
15.72,-7.69E-5
15.73,-7.69E-5
15.74,-7.69E-5
15.75,-7.69E-5
15.76,-7.69E-5
15.77,-7.69E-5
15.78,-7.69E-5
15.79,-7.7E-5
15.8,-7.7E-5
15.81,-7.71E-5
15.82,-7.71E-5
15.83,-7.72E-5
15.84,-7.72E-5
15.85,-7.73E-5
15.86,-7.74E-5
15.87,-7.74E-5
15.88,-7.75E-5
15.89,-7.76E-5
15.9,-7.77E-5
15.91,-7.78E-5
15.92,-7.8E-5
15.93,-7.81E-5
15.94,-7.82E-5
15.95,-7.84E-5
15.96,-7.85E-5
15.97,-7.87E-5
15.98,-7.88E-5
15.99,-7.9E-5
16,-7.92E-5
16.01,-7.93E-5
16.02,-7.95E-5
16.03,-7.97E-5
16.04,-7.99E-5
16.05,-8.01E-5
16.06,-8.04E-5
16.07,-8.06E-5
16.08,-8.08E-5
16.09,-8.11E-5
16.1,-8.13E-5
16.11,-8.16E-5
16.12,-8.19E-5
16.13,-8.22E-5
16.14,-8.25E-5
16.15,-8.28E-5
16.16,-8.31E-5
16.17,-8.34E-5
16.18,-8.37E-5
16.19,-8.41E-5
16.2,-8.44E-5
16.21,-8.48E-5
16.22,-8.52E-5
16.23,-8.56E-5
16.24,-8.6E-5
16.25,-8.64E-5
16.26,-8.68E-5
16.27,-8.72E-5
16.28,-8.77E-5
16.29,-8.82E-5
16.3,-8.87E-5
16.31,-8.92E-5
16.32,-8.97E-5
16.33,-9.02E-5
16.34,-9.08E-5
16.35,-9.13E-5
16.36,-9.19E-5
16.37,-9.31E-5
16.38,-9.37E-5
16.39,-9.49E-5
16.4,-9.56E-5
16.41,-9.63E-5
16.42,-9.7E-5
16.43,-9.78E-5
16.44,-9.86E-5
16.45,-9.94E-5
16.46,-9.96E-5
16.47,-9.99E-5
16.48,-1.008E-4
16.49,-1.017E-4
16.5,-1.027E-4
16.51,-1.038E-4
16.52,-1.048E-4
16.53,-1.059E-4
16.54,-1.071E-4
16.55,-1.083E-4
16.56,-1.096E-4
16.57,-1.109E-4
16.58,-1.123E-4
16.59,-1.137E-4
16.6,-1.152E-4
16.61,-1.167E-4
16.62,-1.184E-4
16.63,-1.201E-4
16.64,-1.219E-4
16.65,-1.238E-4
16.66,-1.257E-4
16.67,-1.278E-4
16.68,-1.3E-4
16.69,-1.323E-4
16.7,-1.347E-4
16.71,-1.373E-4
16.72,-1.4E-4
16.73,-1.429E-4
16.74,-1.459E-4
16.75,-1.491E-4
16.76,-1.525E-4
16.77,-1.562E-4
16.78,-1.6E-4
16.79,-1.642E-4
16.8,-1.686E-4
16.81,-1.733E-4
16.82,-1.784E-4
16.83,-1.838E-4
16.84,-1.897E-4
16.85,-1.96E-4
16.86,-2.029E-4
16.87,-2.108E-4
16.88,-2.189E-4
16.89,-2.276E-4
16.9,-2.372E-4
16.91,-2.477E-4
16.92,-2.592E-4
16.93,-2.718E-4
16.94,-2.858E-4
16.95,-3.013E-4
16.96,-3.186E-4
16.97,-3.379E-4
16.98,-3.597E-4
16.99,-3.842E-4
17,-4.12E-4
17.01,-4.438E-4
17.02,-4.804E-4
17.03,-5.227E-4
17.04,-5.72E-4
17.05,-6.301E-4
17.06,-6.991E-4
17.07,-7.819E-4
17.08,-8.827E-4
17.09,-0.00101
17.1,-0.00116
17.11,-0.00136
17.12,-0.00162
17.13,-0.00197
17.14,-0.00245
17.15,-0.00315
17.16,-0.00425
17.17,-0.00641
17.18,-0.0117
17.19,-0.02434
17.2,-0.04702
17.21,-0.06982
17.22,-0.06721
17.23,-0.048
17.24,-0.03854
17.25,-0.04063
17.26,-0.03772
17.27,-0.02471
17.28,-0.01315
17.29,-0.00685
17.3,-0.00414
17.31,-0.00294
17.32,-0.00226
17.33,-0.00182
17.34,-0.0015
17.35,-0.00126
17.36,-0.00108
17.37,-9.348E-4
17.38,-8.217E-4
17.39,-7.299E-4
17.4,-6.545E-4
17.41,-5.918E-4
17.42,-5.39E-4
17.43,-4.942E-4
17.44,-4.558E-4
17.45,-4.227E-4
17.46,-3.939E-4
17.47,-3.688E-4
17.48,-3.467E-4
17.49,-3.272E-4
17.5,-3.099E-4
17.51,-2.945E-4
17.52,-2.807E-4
17.53,-2.683E-4
17.54,-2.572E-4
17.55,-2.471E-4
17.56,-2.38E-4
17.57,-2.297E-4
17.58,-2.221E-4
17.59,-2.153E-4
17.6,-2.09E-4
17.61,-2.032E-4
17.62,-1.979E-4
17.63,-1.931E-4
17.64,-1.886E-4
17.65,-1.845E-4
17.66,-1.807E-4
17.67,-1.772E-4
17.68,-1.74E-4
17.69,-1.71E-4
17.7,-1.682E-4
17.71,-1.656E-4
17.72,-1.633E-4
17.73,-1.611E-4
17.74,-1.59E-4
17.75,-1.571E-4
17.76,-1.559E-4
17.77,-1.543E-4
17.78,-1.528E-4
17.79,-1.514E-4
17.8,-1.502E-4
17.81,-1.49E-4
17.82,-1.479E-4
17.83,-1.469E-4
17.84,-1.46E-4
17.85,-1.457E-4
17.86,-1.449E-4
17.87,-1.442E-4
17.88,-1.436E-4
17.89,-1.43E-4
17.9,-1.425E-4
17.91,-1.42E-4
17.92,-1.416E-4
17.93,-1.412E-4
17.94,-1.409E-4
17.95,-1.407E-4
17.96,-1.404E-4
17.97,-1.403E-4
17.98,-1.401E-4
17.99,-1.4E-4
18,-1.4E-4
18.01,-1.405E-4
18.02,-1.405E-4
18.03,-1.406E-4
18.04,-1.407E-4
18.05,-1.408E-4
18.06,-1.409E-4
18.07,-1.411E-4
18.08,-1.413E-4
18.09,-1.416E-4
18.1,-1.418E-4
18.11,-1.421E-4
18.12,-1.425E-4
18.13,-1.428E-4
18.14,-1.432E-4
18.15,-1.436E-4
18.16,-1.44E-4
18.17,-1.445E-4
18.18,-1.449E-4
18.19,-1.454E-4
18.2,-1.46E-4
18.21,-1.465E-4
18.22,-1.471E-4
18.23,-1.477E-4
18.24,-1.483E-4
18.25,-1.49E-4
18.26,-1.497E-4
18.27,-1.504E-4
18.28,-1.511E-4
18.29,-1.518E-4
18.3,-1.526E-4
18.31,-1.534E-4
18.32,-1.542E-4
18.33,-1.551E-4
18.34,-1.56E-4
18.35,-1.569E-4
18.36,-1.578E-4
18.37,-1.587E-4
18.38,-1.597E-4
18.39,-1.607E-4
18.4,-1.617E-4
18.41,-1.628E-4
18.42,-1.639E-4
18.43,-1.65E-4
18.44,-1.661E-4
18.45,-1.673E-4
18.46,-1.685E-4
18.47,-1.697E-4
18.48,-1.71E-4
18.49,-1.723E-4
18.5,-1.736E-4
18.51,-1.75E-4
18.52,-1.764E-4
18.53,-1.778E-4
18.54,-1.792E-4
18.55,-1.807E-4
18.56,-1.822E-4
18.57,-1.838E-4
18.58,-1.854E-4
18.59,-1.871E-4
18.6,-1.887E-4
18.61,-1.905E-4
18.62,-1.922E-4
18.63,-1.94E-4
18.64,-1.959E-4
18.65,-1.978E-4
18.66,-1.997E-4
18.67,-2.017E-4
18.68,-2.037E-4
18.69,-2.058E-4
18.7,-2.079E-4
18.71,-2.101E-4
18.72,-2.124E-4
18.73,-2.147E-4
18.74,-2.17E-4
18.75,-2.195E-4
18.76,-2.219E-4
18.77,-2.245E-4
18.78,-2.271E-4
18.79,-2.298E-4
18.8,-2.325E-4
18.81,-2.353E-4
18.82,-2.382E-4
18.83,-2.412E-4
18.84,-2.443E-4
18.85,-2.474E-4
18.86,-2.506E-4
18.87,-2.539E-4
18.88,-2.573E-4
18.89,-2.608E-4
18.9,-2.644E-4
18.91,-2.682E-4
18.92,-2.72E-4
18.93,-2.759E-4
18.94,-2.799E-4
18.95,-2.841E-4
18.96,-2.884E-4
18.97,-2.928E-4
18.98,-2.973E-4
18.99,-3.02E-4
19,-3.069E-4
19.01,-3.119E-4
19.02,-3.17E-4
19.03,-3.224E-4
19.04,-3.279E-4
19.05,-3.335E-4
19.06,-3.394E-4
19.07,-3.46E-4
19.08,-3.534E-4
19.09,-3.6E-4
19.1,-3.667E-4
19.11,-3.737E-4
19.12,-3.81E-4
19.13,-3.885E-4
19.14,-3.963E-4
19.15,-4.045E-4
19.16,-4.129E-4
19.17,-4.217E-4
19.18,-4.308E-4
19.19,-4.403E-4
19.2,-4.502E-4
19.21,-4.606E-4
19.22,-4.713E-4
19.23,-4.83E-4
19.24,-4.948E-4
19.25,-5.071E-4
19.26,-5.2E-4
19.27,-5.335E-4
19.28,-5.479E-4
19.29,-5.629E-4
19.3,-5.785E-4
19.31,-5.951E-4
19.32,-6.125E-4
19.33,-6.309E-4
19.34,-6.504E-4
19.35,-6.711E-4
19.36,-6.93E-4
19.37,-7.164E-4
19.38,-7.412E-4
19.39,-7.678E-4
19.4,-7.963E-4
19.41,-8.27E-4
19.42,-8.6E-4
19.43,-8.958E-4
19.44,-9.346E-4
19.45,-9.77E-4
19.46,-0.00102
19.47,-0.00107
19.48,-0.00113
19.49,-0.0012
19.5,-0.00127
19.51,-0.00135
19.52,-0.00144
19.53,-0.00155
19.54,-0.00169
19.55,-0.00184
19.56,-0.00204
19.57,-0.00229
19.58,-0.00263
19.59,-0.00309
19.6,-0.00379
19.61,-0.0051
19.62,-0.00808
19.63,-0.01478
19.64,-0.02645
19.65,-0.03832
19.66,-0.03736
19.67,-0.02673
19.68,-0.02008
19.69,-0.02068
19.7,-0.02343
19.71,-0.0202
19.72,-0.01353
19.73,-0.00867
19.74,-0.00631
19.75,-0.00543
19.76,-0.00517
19.77,-0.00518
19.78,-0.00535
19.79,-0.00564
19.8,-0.00606
19.81,-0.0066
19.82,-0.00729
19.83,-0.00815
19.84,-0.00925
19.85,-0.01065
19.86,-0.01245
19.87,-0.01483
19.88,-0.01806
19.89,-0.02259
19.9,-0.02934
19.91,-0.04081
19.92,-0.06516
19.93,-0.123
19.94,-0.24232
19.95,-0.41579
19.96,-0.51814
19.97,-0.4213
19.98,-0.28384
19.99,-0.23466
20,-0.26755
20.01,-0.28349
20.02,-0.21088
20.03,-0.124
20.04,-0.06971
20.05,-0.04493
20.06,-0.03541
20.07,-0.03251
20.08,-0.03389
20.09,-0.04175
20.1,-0.06476
20.11,-0.11781
20.12,-0.20526
20.13,-0.27961
20.14,-0.25114
20.15,-0.17156
20.16,-0.12933
20.17,-0.13767
20.18,-0.15615
20.19,-0.12897
20.2,-0.0794
20.21,-0.04354
20.22,-0.02519
20.23,-0.01697
20.24,-0.01287
20.25,-0.01034
20.26,-0.00857
20.27,-0.00727
20.28,-0.00627
20.29,-0.00548
20.3,-0.00484
20.31,-0.00433
20.32,-0.00389
20.33,-0.00353
20.34,-0.00322
20.35,-0.00295
20.36,-0.00272
20.37,-0.00252
20.38,-0.00234
20.39,-0.00218
20.4,-0.00204
20.41,-0.00192
20.42,-0.0018
20.43,-0.0017
20.44,-0.00161
20.45,-0.00153
20.46,-0.00145
20.47,-0.00138
20.48,-0.00132
20.49,-0.00126
20.5,-0.0012
20.51,-0.00116
20.52,-0.00111
20.53,-0.00107
20.54,-0.00103
20.55,-9.953E-4
20.56,-9.633E-4
20.57,-9.344E-4
20.58,-9.083E-4
20.59,-8.851E-4
20.6,-8.65E-4
20.61,-8.482E-4
20.62,-8.35E-4
20.63,-8.262E-4
20.64,-8.227E-4
20.65,-8.264E-4
20.66,-8.4E-4
20.67,-8.689E-4
20.68,-9.255E-4
20.69,-0.00105
20.7,-0.00135
20.71,-0.00205
20.72,-0.00328
20.73,-0.00459
20.74,-0.00456
20.75,-0.00336
20.76,-0.00249
20.77,-0.00242
20.78,-0.00279
20.79,-0.00269
20.8,-0.00198
20.81,-0.00133
20.82,-9.569E-4
20.83,-7.84E-4
20.84,-7.04E-4
20.85,-6.601E-4
20.86,-6.326E-4
20.87,-6.155E-4
20.88,-6.051E-4
20.89,-6.004E-4
20.9,-6.008E-4
20.91,-6.062E-4
20.92,-6.167E-4
20.93,-6.329E-4
20.94,-6.559E-4
20.95,-6.877E-4
20.96,-7.297E-4
20.97,-7.859E-4
20.98,-8.616E-4
20.99,-9.654E-4
21,-0.00111
21.01,-0.00132
21.02,-0.00166
21.03,-0.0023
21.04,-0.00376
21.05,-0.00704
21.06,-0.01283
21.07,-0.01915
21.08,-0.01941
21.09,-0.01383
21.1,-0.00954
21.11,-0.00897
21.12,-0.01077
21.13,-0.01085
21.14,-0.0077
21.15,-0.00449
21.16,-0.00256
21.17,-0.00165
21.18,-0.00123
21.19,-0.001
21.2,-8.548E-4
21.21,-7.493E-4
21.22,-6.71E-4
21.23,-6.11E-4
21.24,-5.64E-4
21.25,-5.264E-4
21.26,-4.958E-4
21.27,-4.707E-4
21.28,-4.498E-4
21.29,-4.322E-4
21.3,-4.173E-4
21.31,-4.046E-4
21.32,-3.937E-4
21.33,-3.843E-4
21.34,-3.763E-4
21.35,-3.693E-4
21.36,-3.634E-4
21.37,-3.583E-4
21.38,-3.539E-4
21.39,-3.502E-4
21.4,-3.47E-4
21.41,-3.445E-4
21.42,-3.424E-4
21.43,-3.408E-4
21.44,-3.396E-4
21.45,-3.388E-4
21.46,-3.384E-4
21.47,-3.384E-4
21.48,-3.387E-4
21.49,-3.394E-4
21.5,-3.404E-4
21.51,-3.417E-4
21.52,-3.434E-4
21.53,-3.454E-4
21.54,-3.478E-4
21.55,-3.505E-4
21.56,-3.535E-4
21.57,-3.569E-4
21.58,-3.606E-4
21.59,-3.648E-4
21.6,-3.693E-4
21.61,-3.743E-4
21.62,-3.797E-4
21.63,-3.856E-4
21.64,-3.919E-4
21.65,-3.988E-4
21.66,-4.063E-4
21.67,-4.143E-4
21.68,-4.23E-4
21.69,-4.324E-4
21.7,-4.426E-4
21.71,-4.535E-4
21.72,-4.654E-4
21.73,-4.783E-4
21.74,-4.928E-4
21.75,-5.079E-4
21.76,-5.243E-4
21.77,-5.422E-4
21.78,-5.617E-4
21.79,-5.835E-4
21.8,-6.069E-4
21.81,-6.325E-4
21.82,-6.606E-4
21.83,-6.917E-4
21.84,-7.261E-4
21.85,-7.644E-4
21.86,-8.07E-4
21.87,-8.542E-4
21.88,-9.079E-4
21.89,-9.687E-4
21.9,-0.00104
21.91,-0.00112
21.92,-0.00121
21.93,-0.00131
21.94,-0.00144
21.95,-0.00158
21.96,-0.00175
21.97,-0.00196
21.98,-0.00222
21.99,-0.00253
22,-0.00293
22.01,-0.00344
22.02,-0.00411
22.03,-0.00502
22.04,-0.00629
22.05,-0.00821
22.06,-0.0115
22.07,-0.01842
22.08,-0.03419
22.09,-0.06525
22.1,-0.10895
22.11,-0.13359
22.12,-0.1081
22.13,-0.07097
22.14,-0.05385
22.15,-0.05925
22.16,-0.07197
22.17,-0.06552
22.18,-0.04296
22.19,-0.02408
22.2,-0.01352
22.21,-0.00861
22.22,-0.00626
22.23,-0.00492
22.24,-0.00402
22.25,-0.00338
22.26,-0.0029
22.27,-0.00254
22.28,-0.00225
22.29,-0.00203
22.3,-0.00185
22.31,-0.0017
22.32,-0.00158
22.33,-0.00148
22.34,-0.0014
22.35,-0.00133
22.36,-0.00128
22.37,-0.00124
22.38,-0.0012
22.39,-0.00118
22.4,-0.00116
22.41,-0.00115
22.42,-0.00114
22.43,-0.00114
22.44,-0.00115
22.45,-0.00116
22.46,-0.00118
22.47,-0.0012
22.48,-0.00123
22.49,-0.00127
22.5,-0.00132
22.51,-0.00137
22.52,-0.00143
22.53,-0.00151
22.54,-0.00159
22.55,-0.00169
22.56,-0.00181
22.57,-0.00195
22.58,-0.00211
22.59,-0.0023
22.6,-0.00254
22.61,-0.00281
22.62,-0.00315
22.63,-0.00357
22.64,-0.0041
22.65,-0.00477
22.66,-0.00565
22.67,-0.00683
22.68,-0.00845
22.69,-0.01082
22.7,-0.01465
22.71,-0.02211
22.72,-0.03886
22.73,-0.07407
22.74,-0.13133
22.75,-0.18454
22.76,-0.17374
22.77,-0.11905
22.78,-0.08056
22.79,-0.07513
22.8,-0.09298
22.81,-0.10277
22.82,-0.07955
22.83,-0.04805
22.84,-0.02678
22.85,-0.01597
22.86,-0.011
22.87,-0.00847
22.88,-0.00692
22.89,-0.00587
22.9,-0.00514
22.91,-0.00462
22.92,-0.00426
22.93,-0.00402
22.94,-0.00389
22.95,-0.00385
22.96,-0.00391
22.97,-0.00407
22.98,-0.00436
22.99,-0.00481
23,-0.00548
23.01,-0.00648
23.02,-0.00804
23.03,-0.01075
23.04,-0.01641
23.05,-0.02919
23.06,-0.05444
23.07,-0.09094
23.08,-0.1146
23.09,-0.09597
23.1,-0.06328
23.11,-0.04537
23.12,-0.0467
23.13,-0.05865
23.14,-0.06055
23.15,-0.04393
23.16,-0.02592
23.17,-0.01459
23.18,-0.009
23.19,-0.00638
23.2,-0.00498
23.21,-0.00408
23.22,-0.00345
23.23,-0.003
23.24,-0.00266
23.25,-0.0024
23.26,-0.00222
23.27,-0.00209
23.28,-0.00201
23.29,-0.00197
23.3,-0.00199
23.31,-0.00208
23.32,-0.00225
23.33,-0.00257
23.34,-0.00319
23.35,-0.0046
23.36,-0.00779
23.37,-0.01378
23.38,-0.02162
23.39,-0.02495
23.4,-0.01954
23.41,-0.01286
23.42,-0.00978
23.43,-0.01063
23.44,-0.01322
23.45,-0.01304
23.46,-0.00924
23.47,-0.00552
23.48,-0.00327
23.49,-0.00216
23.5,-0.00163
23.51,-0.00133
23.52,-0.00113
23.53,-9.822E-4
23.54,-8.724E-4
23.55,-7.864E-4
23.56,-7.172E-4
23.57,-6.604E-4
23.58,-6.13E-4
23.59,-5.728E-4
23.6,-5.383E-4
23.61,-5.084E-4
23.62,-4.821E-4
23.63,-4.589E-4
23.64,-4.382E-4
23.65,-4.196E-4
23.66,-4.029E-4
23.67,-3.877E-4
23.68,-3.739E-4
23.69,-3.612E-4
23.7,-3.496E-4
23.71,-3.388E-4
23.72,-3.289E-4
23.73,-3.197E-4
23.74,-3.111E-4
23.75,-3.031E-4
23.76,-2.956E-4
23.77,-2.886E-4
23.78,-2.82E-4
23.79,-2.758E-4
23.8,-2.699E-4
23.81,-2.644E-4
23.82,-2.592E-4
23.83,-2.542E-4
23.84,-2.496E-4
23.85,-2.451E-4
23.86,-2.409E-4
23.87,-2.369E-4
23.88,-2.331E-4
23.89,-2.294E-4
23.9,-2.259E-4
23.91,-2.226E-4
23.92,-2.194E-4
23.93,-2.164E-4
23.94,-2.135E-4
23.95,-2.107E-4
23.96,-2.08E-4
23.97,-2.055E-4
23.98,-2.03E-4
23.99,-2.007E-4
24,-1.984E-4
24.01,-1.963E-4
24.02,-1.942E-4
24.03,-1.916E-4
24.04,-1.897E-4
24.05,-1.878E-4
24.06,-1.86E-4
24.07,-1.843E-4
24.08,-1.827E-4
24.09,-1.811E-4
24.1,-1.795E-4
24.11,-1.78E-4
24.12,-1.76E-4
24.13,-1.747E-4
24.14,-1.733E-4
24.15,-1.721E-4
24.16,-1.708E-4
24.17,-1.696E-4
24.18,-1.685E-4
24.19,-1.674E-4
24.2,-1.663E-4
24.21,-1.653E-4
24.22,-1.643E-4
24.23,-1.633E-4
24.24,-1.624E-4
24.25,-1.615E-4
24.26,-1.606E-4
24.27,-1.603E-4
24.28,-1.595E-4
24.29,-1.587E-4
24.3,-1.58E-4
24.31,-1.573E-4
24.32,-1.566E-4
24.33,-1.559E-4
24.34,-1.553E-4
24.35,-1.551E-4
24.36,-1.545E-4
24.37,-1.54E-4
24.38,-1.539E-4
24.39,-1.534E-4
24.4,-1.529E-4
24.41,-1.524E-4
24.42,-1.519E-4
24.43,-1.52E-4
24.44,-1.515E-4
24.45,-1.511E-4
24.46,-1.507E-4
24.47,-1.504E-4
24.48,-1.5E-4
24.49,-1.497E-4
24.5,-1.493E-4
24.51,-1.49E-4
24.52,-1.487E-4
24.53,-1.485E-4
24.54,-1.482E-4
24.55,-1.479E-4
24.56,-1.477E-4
24.57,-1.475E-4
24.58,-1.473E-4
24.59,-1.471E-4
24.6,-1.469E-4
24.61,-1.467E-4
24.62,-1.466E-4
24.63,-1.464E-4
24.64,-1.463E-4
24.65,-1.462E-4
24.66,-1.461E-4
24.67,-1.46E-4
24.68,-1.459E-4
24.69,-1.458E-4
24.7,-1.457E-4
24.71,-1.457E-4
24.72,-1.456E-4
24.73,-1.456E-4
24.74,-1.456E-4
24.75,-1.456E-4
24.76,-1.456E-4
24.77,-1.456E-4
24.78,-1.456E-4
24.79,-1.456E-4
24.8,-1.459E-4
24.81,-1.459E-4
24.82,-1.46E-4
24.83,-1.461E-4
24.84,-1.461E-4
24.85,-1.462E-4
24.86,-1.464E-4
24.87,-1.465E-4
24.88,-1.467E-4
24.89,-1.463E-4
24.9,-1.464E-4
24.91,-1.466E-4
24.92,-1.467E-4
24.93,-1.463E-4
24.94,-1.465E-4
24.95,-1.467E-4
24.96,-1.469E-4
24.97,-1.476E-4
24.98,-1.479E-4
24.99,-1.481E-4
25,-1.483E-4
25.01,-1.486E-4
25.02,-1.483E-4
25.03,-1.485E-4
25.04,-1.482E-4
25.05,-1.485E-4
25.06,-1.488E-4
25.07,-1.491E-4
25.08,-1.494E-4
25.09,-1.497E-4
25.1,-1.501E-4
25.11,-1.504E-4
25.12,-1.507E-4
25.13,-1.511E-4
25.14,-1.515E-4
25.15,-1.518E-4
25.16,-1.522E-4
25.17,-1.526E-4
25.18,-1.524E-4
25.19,-1.528E-4
25.2,-1.533E-4
25.21,-1.537E-4
25.22,-1.541E-4
25.23,-1.54E-4
25.24,-1.545E-4
25.25,-1.549E-4
25.26,-1.554E-4
25.27,-1.559E-4
25.28,-1.564E-4
25.29,-1.563E-4
25.3,-1.568E-4
25.31,-1.574E-4
25.32,-1.579E-4
25.33,-1.585E-4
25.34,-1.59E-4
25.35,-1.596E-4
25.36,-1.601E-4
25.37,-1.611E-4
25.38,-1.612E-4
25.39,-1.618E-4
25.4,-1.618E-4
25.41,-1.625E-4
25.42,-1.631E-4
25.43,-1.638E-4
25.44,-1.639E-4
25.45,-1.646E-4
25.46,-1.653E-4
25.47,-1.66E-4
25.48,-1.667E-4
25.49,-1.675E-4
25.5,-1.682E-4
25.51,-1.69E-4
25.52,-1.697E-4
25.53,-1.705E-4
25.54,-1.713E-4
25.55,-1.721E-4
25.56,-1.73E-4
25.57,-1.738E-4
25.58,-1.746E-4
25.59,-1.755E-4
25.6,-1.764E-4
25.61,-1.773E-4
25.62,-1.782E-4
25.63,-1.792E-4
25.64,-1.801E-4
25.65,-1.811E-4
25.66,-1.821E-4
25.67,-1.831E-4
25.68,-1.841E-4
25.69,-1.851E-4
25.7,-1.862E-4
25.71,-1.873E-4
25.72,-1.884E-4
25.73,-1.895E-4
25.74,-1.911E-4
25.75,-1.922E-4
25.76,-1.934E-4
25.77,-1.947E-4
25.78,-1.959E-4
25.79,-1.972E-4
25.8,-1.985E-4
25.81,-1.998E-4
25.82,-2.012E-4
25.83,-2.026E-4
25.84,-2.04E-4
25.85,-2.055E-4
25.86,-2.07E-4
25.87,-2.085E-4
25.88,-2.101E-4
25.89,-2.117E-4
25.9,-2.133E-4
25.91,-2.15E-4
25.92,-2.168E-4
25.93,-2.186E-4
25.94,-2.204E-4
25.95,-2.223E-4
25.96,-2.242E-4
25.97,-2.262E-4
25.98,-2.283E-4
25.99,-2.304E-4
26,-2.326E-4
26.01,-2.349E-4
26.02,-2.372E-4
26.03,-2.397E-4
26.04,-2.422E-4
26.05,-2.448E-4
26.06,-2.48E-4
26.07,-2.497E-4
26.08,-2.526E-4
26.09,-2.557E-4
26.1,-2.589E-4
26.11,-2.622E-4
26.12,-2.656E-4
26.13,-2.692E-4
26.14,-2.73E-4
26.15,-2.77E-4
26.16,-2.812E-4
26.17,-2.856E-4
26.18,-2.902E-4
26.19,-2.951E-4
26.2,-2.997E-4
26.21,-3.052E-4
26.22,-3.11E-4
26.23,-3.172E-4
26.24,-3.238E-4
26.25,-3.309E-4
26.26,-3.38E-4
26.27,-3.462E-4
26.28,-3.55E-4
26.29,-3.646E-4
26.3,-3.751E-4
26.31,-3.864E-4
26.32,-3.989E-4
26.33,-4.126E-4
26.34,-4.278E-4
26.35,-4.447E-4
26.36,-4.636E-4
26.37,-4.848E-4
26.38,-5.09E-4
26.39,-5.366E-4
26.4,-5.685E-4
26.41,-6.058E-4
26.42,-6.499E-4
26.43,-7.031E-4
26.44,-7.674E-4
26.45,-8.509E-4
26.46,-9.638E-4
26.47,-0.00114
26.48,-0.00144
26.49,-0.00195
26.5,-0.00272
26.51,-0.00348
26.52,-0.00362
26.53,-0.00335
26.54,-0.00334
26.55,-0.00391
26.56,-0.00541
26.57,-0.00861
26.58,-0.01465
26.59,-0.02418
26.6,-0.03443
26.61,-0.03551
26.62,-0.02609
26.63,-0.01682
26.64,-0.01236
26.65,-0.01285
26.66,-0.01668
26.67,-0.01971
26.68,-0.01687
26.69,-0.01111
26.7,-0.00659
26.71,-0.00401
26.72,-0.00273
26.73,-0.00208
26.74,-0.00169
26.75,-0.00143
26.76,-0.00124
26.77,-0.0011
26.78,-9.929E-4
26.79,-9.07E-4
26.8,-8.382E-4
26.81,-7.824E-4
26.82,-7.366E-4
26.83,-6.985E-4
26.84,-6.667E-4
26.85,-6.4E-4
26.86,-6.173E-4
26.87,-5.981E-4
26.88,-5.817E-4
26.89,-5.678E-4
26.9,-5.558E-4
26.91,-5.456E-4
26.92,-5.37E-4
26.93,-5.296E-4
26.94,-5.234E-4
26.95,-5.183E-4
26.96,-5.14E-4
26.97,-5.105E-4
26.98,-5.078E-4
26.99,-5.057E-4
27,-5.042E-4
27.01,-5.032E-4
27.02,-5.027E-4
27.03,-5.027E-4
27.04,-5.031E-4
27.05,-5.039E-4
27.06,-5.039E-4
27.07,-5.054E-4
27.08,-5.072E-4
27.09,-5.093E-4
27.1,-5.118E-4
27.11,-5.144E-4
27.12,-5.174E-4
27.13,-5.206E-4
27.14,-5.241E-4
27.15,-5.278E-4
27.16,-5.317E-4
27.17,-5.359E-4
27.18,-5.403E-4
27.19,-5.449E-4
27.2,-5.498E-4
27.21,-5.549E-4
27.22,-5.602E-4
27.23,-5.657E-4
27.24,-5.719E-4
27.25,-5.778E-4
27.26,-5.84E-4
27.27,-5.904E-4
27.28,-5.971E-4
27.29,-6.04E-4
27.3,-6.111E-4
27.31,-6.186E-4
27.32,-6.262E-4
27.33,-6.341E-4
27.34,-6.422E-4
27.35,-6.505E-4
27.36,-6.592E-4
27.37,-6.681E-4
27.38,-6.773E-4
27.39,-6.868E-4
27.4,-6.965E-4
27.41,-7.066E-4
27.42,-7.17E-4
27.43,-7.278E-4
27.44,-7.388E-4
27.45,-7.503E-4
27.46,-7.621E-4
27.47,-7.743E-4
27.48,-7.868E-4
27.49,-7.998E-4
27.5,-8.132E-4
27.51,-8.27E-4
27.52,-8.414E-4
27.53,-8.561E-4
27.54,-8.714E-4
27.55,-8.872E-4
27.56,-9.036E-4
27.57,-9.205E-4
27.58,-9.38E-4
27.59,-9.562E-4
27.6,-9.75E-4
27.61,-9.944E-4
27.62,-0.00101
27.63,-0.00104
27.64,-0.00106
27.65,-0.00108
27.66,-0.0011
27.67,-0.00113
27.68,-0.00115
27.69,-0.00118
27.7,-0.00121
27.71,-0.00123
27.72,-0.00126
27.73,-0.0013
27.74,-0.00133
27.75,-0.00136
27.76,-0.0014
27.77,-0.00144
27.78,-0.00147
27.79,-0.00152
27.8,-0.00156
27.81,-0.0016
27.82,-0.00165
27.83,-0.0017
27.84,-0.00175
27.85,-0.00181
27.86,-0.00187
27.87,-0.00193
27.88,-0.00199
27.89,-0.00206
27.9,-0.00214
27.91,-0.00222
27.92,-0.0023
27.93,-0.00239
27.94,-0.00249
27.95,-0.00259
27.96,-0.00271
27.97,-0.00283
27.98,-0.00296
27.99,-0.0031
28,-0.00326
28.01,-0.00343
28.02,-0.00363
28.03,-0.00384
28.04,-0.00409
28.05,-0.00438
28.06,-0.00471
28.07,-0.00512
28.08,-0.00565
28.09,-0.00642
28.1,-0.00772
28.11,-0.01005
28.12,-0.01386
28.13,-0.0186
28.14,-0.02105
28.15,-0.01883
28.16,-0.01552
28.17,-0.01377
28.18,-0.01404
28.19,-0.01607
28.2,-0.01914
28.21,-0.02149
28.22,-0.0222
28.23,-0.02366
28.24,-0.02853
28.25,-0.03971
28.26,-0.0598
28.27,-0.08668
28.28,-0.10376
28.29,-0.09338
28.3,-0.07337
28.31,-0.06174
28.32,-0.06248
28.33,-0.07485
28.34,-0.09618
28.35,-0.11908
28.36,-0.14051
28.37,-0.18506
28.38,-0.29245
28.39,-0.49911
28.4,-0.79244
28.41,-1
28.42,-0.87963
28.43,-0.59728
28.44,-0.387
28.45,-0.30526
28.46,-0.33964
28.47,-0.45072
28.48,-0.53614
28.49,-0.46506
28.5,-0.31032
28.51,-0.18514
28.52,-0.11095
28.53,-0.07286
28.54,-0.05317
28.55,-0.04161
28.56,-0.03385
28.57,-0.02824
28.58,-0.02401
28.59,-0.02073
28.6,-0.01814
28.61,-0.01605
28.62,-0.01435
28.63,-0.01293
28.64,-0.01175
28.65,-0.01074
28.66,-0.00989
28.67,-0.00915
28.68,-0.00852
28.69,-0.00797
28.7,-0.00749
28.71,-0.00707
28.72,-0.0067
28.73,-0.00637
28.74,-0.00609
28.75,-0.00584
28.76,-0.00562
28.77,-0.00543
28.78,-0.00526
28.79,-0.00511
28.8,-0.00498
28.81,-0.00487
28.82,-0.00478
28.83,-0.00471
28.84,-0.00465
28.85,-0.0046
28.86,-0.00457
28.87,-0.00456
28.88,-0.00455
28.89,-0.00456
28.9,-0.00459
28.91,-0.00462
28.92,-0.00468
28.93,-0.00475
28.94,-0.00483
28.95,-0.00494
28.96,-0.00507
28.97,-0.00522
28.98,-0.0054
28.99,-0.00562
29,-0.00589
29.01,-0.00627
29.02,-0.00684
29.03,-0.00777
29.04,-0.00918
29.05,-0.01081
29.06,-0.01163
29.07,-0.01111
29.08,-0.0104
29.09,-0.01022
29.1,-0.01068
29.11,-0.01169
29.12,-0.01308
29.13,-0.01435
29.14,-0.0151
29.15,-0.01583
29.16,-0.01701
29.17,-0.01876
29.18,-0.02112
29.19,-0.02417
29.2,-0.02808
29.21,-0.03318
29.22,-0.03995
29.23,-0.04922
29.24,-0.06256
29.25,-0.08361
29.26,-0.12188
29.27,-0.19881
29.28,-0.34732
29.29,-0.58749
29.3,-0.85555
29.31,-0.91932
29.32,-0.7043
29.33,-0.4574
29.34,-0.31012
29.35,-0.27581
29.36,-0.33523
29.37,-0.44623
29.38,-0.49918
29.39,-0.40488
29.4,-0.2629
29.41,-0.15716
29.42,-0.09629
29.43,-0.06501
29.44,-0.04843
29.45,-0.0384
29.46,-0.03157
29.47,-0.02659
29.48,-0.02283
29.49,-0.01992
29.5,-0.01761
29.51,-0.01576
29.52,-0.01426
29.53,-0.01302
29.54,-0.012
29.55,-0.01114
29.56,-0.01043
29.57,-0.00983
29.58,-0.00933
29.59,-0.00892
29.6,-0.00858
29.61,-0.0083
29.62,-0.00809
29.63,-0.00793
29.64,-0.00782
29.65,-0.00776
29.66,-0.00774
29.67,-0.00778
29.68,-0.00786
29.69,-0.00799
29.7,-0.00818
29.71,-0.00843
29.72,-0.00874
29.73,-0.00912
29.74,-0.00959
29.75,-0.01016
29.76,-0.01085
29.77,-0.01168
29.78,-0.01268
29.79,-0.01389
29.8,-0.01538
29.81,-0.01721
29.82,-0.01949
29.83,-0.02237
29.84,-0.02609
29.85,-0.03098
29.86,-0.03757
29.87,-0.04681
29.88,-0.06068
29.89,-0.0842
29.9,-0.12961
29.91,-0.2198
29.92,-0.37968
29.93,-0.6009
29.94,-0.76163
29.95,-0.68196
29.96,-0.47076
29.97,-0.30374
29.98,-0.22659
29.99,-0.23305
30,-0.30368
30.01,-0.39154
30.02,-0.394
30.03,-0.29229
30.04,-0.18323
30.05,-0.10975
30.06,-0.06916
30.07,-0.04823
30.08,-0.03664
30.09,-0.0293
30.1,-0.02414
30.11,-0.02032
30.12,-0.01738
30.13,-0.01508
30.14,-0.01323
30.15,-0.01172
30.16,-0.01047
30.17,-0.00942
30.18,-0.00853
30.19,-0.00777
30.2,-0.00712
30.21,-0.00654
30.22,-0.00604
30.23,-0.0056
30.24,-0.00521
30.25,-0.00486
30.26,-0.00455
30.27,-0.00427
30.28,-0.00402
30.29,-0.00379
30.3,-0.00358
30.31,-0.00339
30.32,-0.00321
30.33,-0.00305
30.34,-0.00291
30.35,-0.00277
30.36,-0.00265
30.37,-0.00253
30.38,-0.00242
30.39,-0.00232
30.4,-0.00222
30.41,-0.00214
30.42,-0.00205
30.43,-0.00198
30.44,-0.0019
30.45,-0.00184
30.46,-0.00177
30.47,-0.00171
30.48,-0.00165
30.49,-0.0016
30.5,-0.00155
30.51,-0.0015
30.52,-0.00146
30.53,-0.00141
30.54,-0.00137
30.55,-0.00133
30.56,-0.00129
30.57,-0.00126
30.58,-0.00122
30.59,-0.00119
30.6,-0.00116
30.61,-0.00113
30.62,-0.0011
30.63,-0.00107
30.64,-0.00105
30.65,-0.00102
30.66,-9.989E-4
30.67,-9.758E-4
30.68,-9.536E-4
30.69,-9.318E-4
30.7,-9.113E-4
30.71,-8.915E-4
30.72,-8.725E-4
30.73,-8.542E-4
30.74,-8.363E-4
30.75,-8.193E-4
30.76,-8.028E-4
30.77,-7.87E-4
30.78,-7.717E-4
30.79,-7.569E-4
30.8,-7.426E-4
30.81,-7.287E-4
30.82,-7.153E-4
30.83,-7.024E-4
30.84,-6.899E-4
30.85,-6.777E-4
30.86,-6.66E-4
30.87,-6.546E-4
30.88,-6.435E-4
30.89,-6.328E-4
30.9,-6.224E-4
30.91,-6.123E-4
30.92,-6.025E-4
30.93,-5.93E-4
30.94,-5.838E-4
30.95,-5.748E-4
30.96,-5.661E-4
30.97,-5.576E-4
30.98,-5.494E-4
30.99,-5.414E-4
31,-5.336E-4
31.01,-5.26E-4
31.02,-5.186E-4
31.03,-5.114E-4
31.04,-5.044E-4
31.05,-4.976E-4
31.06,-4.91E-4
31.07,-4.845E-4
31.08,-4.782E-4
31.09,-4.721E-4
31.1,-4.661E-4
31.11,-4.603E-4
31.12,-4.546E-4
31.13,-4.491E-4
31.14,-4.437E-4
31.15,-4.384E-4
31.16,-4.332E-4
31.17,-4.286E-4
31.18,-4.241E-4
31.19,-4.193E-4
31.2,-4.147E-4
31.21,-4.101E-4
31.22,-4.057E-4
31.23,-4.013E-4
31.24,-3.971E-4
31.25,-3.93E-4
31.26,-3.889E-4
31.27,-3.85E-4
31.28,-3.811E-4
31.29,-3.774E-4
31.3,-3.737E-4
31.31,-3.701E-4
31.32,-3.666E-4
31.33,-3.632E-4
31.34,-3.598E-4
31.35,-3.565E-4
31.36,-3.534E-4
31.37,-3.502E-4
31.38,-3.472E-4
31.39,-3.437E-4
31.4,-3.409E-4
31.41,-3.375E-4
31.42,-3.352E-4
31.43,-3.326E-4
31.44,-3.299E-4
31.45,-3.274E-4
31.46,-3.249E-4
31.47,-3.23E-4
31.48,-3.206E-4
31.49,-3.183E-4
31.5,-3.161E-4
31.51,-3.14E-4
31.52,-3.119E-4
31.53,-3.099E-4
31.54,-3.088E-4
31.55,-3.069E-4
31.56,-3.051E-4
31.57,-3.034E-4
31.58,-3.017E-4
31.59,-3.006E-4
31.6,-2.991E-4
31.61,-2.977E-4
31.62,-2.964E-4
31.63,-2.952E-4
31.64,-2.941E-4
31.65,-2.931E-4
31.66,-2.923E-4
31.67,-2.917E-4
31.68,-2.912E-4
31.69,-2.91E-4
31.7,-2.91E-4
31.71,-2.914E-4
31.72,-2.922E-4
31.73,-2.936E-4
31.74,-2.958E-4
31.75,-2.99E-4
31.76,-3.037E-4
31.77,-3.108E-4
31.78,-3.219E-4
31.79,-3.411E-4
31.8,-3.786E-4
31.81,-4.514E-4
31.82,-5.787E-4
31.83,-7.565E-4
31.84,-8.987E-4
31.85,-8.562E-4
31.86,-6.869E-4
31.87,-5.388E-4
31.88,-4.572E-4
31.89,-4.406E-4
31.9,-4.78E-4
31.91,-5.513E-4
31.92,-6.062E-4
31.93,-5.695E-4
31.94,-4.775E-4
31.95,-3.981E-4
31.96,-3.483E-4
31.97,-3.216E-4
31.98,-3.079E-4
31.99,-3.015E-4
32,-2.974E-4
32.01,-2.953E-4
32.02,-2.945E-4
32.03,-2.948E-4
32.04,-2.961E-4
32.05,-2.983E-4
32.06,-3.015E-4
32.07,-3.058E-4
32.08,-3.117E-4
32.09,-3.187E-4
32.1,-3.275E-4
32.11,-3.385E-4
32.12,-3.525E-4
32.13,-3.703E-4
32.14,-3.934E-4
32.15,-4.239E-4
32.16,-4.652E-4
32.17,-5.234E-4
32.18,-6.115E-4
32.19,-7.614E-4
32.2,-0.00105
32.21,-0.00159
32.22,-0.00251
32.23,-0.00375
32.24,-0.00463
32.25,-0.0042
32.26,-0.00302
32.27,-0.00204
32.28,-0.00152
32.29,-0.00143
32.3,-0.0017
32.31,-0.00221
32.32,-0.00258
32.33,-0.00232
32.34,-0.00169
32.35,-0.00114
32.36,-7.902E-4
32.37,-5.983E-4
32.38,-4.957E-4
32.39,-4.364E-4
32.4,-3.972E-4
32.41,-3.691E-4
32.42,-3.475E-4
32.43,-3.313E-4
32.44,-3.18E-4
32.45,-3.077E-4
32.46,-3.002E-4
32.47,-2.933E-4
32.48,-2.876E-4
32.49,-2.828E-4
32.5,-2.788E-4
32.51,-2.753E-4
32.52,-2.724E-4
32.53,-2.7E-4
32.54,-2.679E-4
32.55,-2.661E-4
32.56,-2.646E-4
32.57,-2.633E-4
32.58,-2.622E-4
32.59,-2.613E-4
32.6,-2.606E-4
32.61,-2.601E-4
32.62,-2.6E-4
32.63,-2.597E-4
32.64,-2.595E-4
32.65,-2.595E-4
32.66,-2.595E-4
32.67,-2.596E-4
32.68,-2.598E-4
32.69,-2.601E-4
32.7,-2.605E-4
32.71,-2.609E-4
32.72,-2.619E-4
32.73,-2.625E-4
32.74,-2.631E-4
32.75,-2.639E-4
32.76,-2.647E-4
32.77,-2.656E-4
32.78,-2.673E-4
32.79,-2.683E-4
32.8,-2.694E-4
32.81,-2.706E-4
32.82,-2.718E-4
32.83,-2.735E-4
32.84,-2.749E-4
32.85,-2.763E-4
32.86,-2.779E-4
32.87,-2.799E-4
32.88,-2.816E-4
32.89,-2.834E-4
32.9,-2.852E-4
32.91,-2.872E-4
32.92,-2.893E-4
32.93,-2.914E-4
32.94,-2.937E-4
32.95,-2.961E-4
32.96,-2.986E-4
32.97,-3.012E-4
32.98,-3.04E-4
32.99,-3.069E-4
33,-3.099E-4
33.01,-3.131E-4
33.02,-3.165E-4
33.03,-3.201E-4
33.04,-3.238E-4
33.05,-3.278E-4
33.06,-3.32E-4
33.07,-3.365E-4
33.08,-3.412E-4
33.09,-3.462E-4
33.1,-3.515E-4
33.11,-3.576E-4
33.12,-3.637E-4
33.13,-3.702E-4
33.14,-3.776E-4
33.15,-3.859E-4
33.16,-3.94E-4
33.17,-4.032E-4
33.18,-4.127E-4
33.19,-4.23E-4
33.2,-4.343E-4
33.21,-4.47E-4
33.22,-4.606E-4
33.23,-4.757E-4
33.24,-4.924E-4
33.25,-5.111E-4
33.26,-5.321E-4
33.27,-5.558E-4
33.28,-5.828E-4
33.29,-6.137E-4
33.3,-6.495E-4
33.31,-6.912E-4
33.32,-7.404E-4
33.33,-7.995E-4
33.34,-8.704E-4
33.35,-9.575E-4
33.36,-0.00107
33.37,-0.00121
33.38,-0.00139
33.39,-0.00163
33.4,-0.00199
33.41,-0.00255
33.42,-0.00355
33.43,-0.0054
33.44,-0.00861
33.45,-0.01325
33.46,-0.0177
33.47,-0.01823
33.48,-0.01512
33.49,-0.01257
33.5,-0.01238
33.51,-0.01387
33.52,-0.01465
33.53,-0.01403
33.54,-0.01356
33.55,-0.0126
33.56,-0.01018
33.57,-0.00789
33.58,-0.00684
33.59,-0.00686
33.6,-0.00682
33.61,-0.00566
33.62,-0.00408
33.63,-0.00284
33.64,-0.00206
33.65,-0.00161
33.66,-0.00135
33.67,-0.00118
33.68,-0.00106
33.69,-9.759E-4
33.7,-9.084E-4
33.71,-8.554E-4
33.72,-8.13E-4
33.73,-7.792E-4
33.74,-7.513E-4
33.75,-7.286E-4
33.76,-7.099E-4
33.77,-6.947E-4
33.78,-6.822E-4
33.79,-6.721E-4
33.8,-6.64E-4
33.81,-6.577E-4
33.82,-6.529E-4
33.83,-6.494E-4
33.84,-6.471E-4
33.85,-6.458E-4
33.86,-6.455E-4
33.87,-6.46E-4
33.88,-6.474E-4
33.89,-6.495E-4
33.9,-6.522E-4
33.91,-6.556E-4
33.92,-6.596E-4
33.93,-6.642E-4
33.94,-6.694E-4
33.95,-6.75E-4
33.96,-6.812E-4
33.97,-6.875E-4
33.98,-6.947E-4
33.99,-7.024E-4
34,-7.106E-4
34.01,-7.193E-4
34.02,-7.284E-4
34.03,-7.381E-4
34.04,-7.483E-4
34.05,-7.587E-4
34.06,-7.699E-4
34.07,-7.816E-4
34.08,-7.939E-4
34.09,-8.067E-4
34.1,-8.2E-4
34.11,-8.34E-4
34.12,-8.486E-4
34.13,-8.642E-4
34.14,-8.801E-4
34.15,-8.966E-4
34.16,-9.139E-4
34.17,-9.319E-4
34.18,-9.507E-4
34.19,-9.703E-4
34.2,-9.907E-4
34.21,-0.00101
34.22,-0.00103
34.23,-0.00106
34.24,-0.00108
34.25,-0.00111
34.26,-0.00113
34.27,-0.00116
34.28,-0.00119
34.29,-0.00122
34.3,-0.00125
34.31,-0.00129
34.32,-0.00132
34.33,-0.00136
34.34,-0.0014
34.35,-0.00144
34.36,-0.00148
34.37,-0.00153
34.38,-0.00158
34.39,-0.00163
34.4,-0.00168
34.41,-0.00174
34.42,-0.0018
34.43,-0.00187
34.44,-0.00193
34.45,-0.00201
34.46,-0.00209
34.47,-0.00217
34.48,-0.00226
34.49,-0.00236
34.5,-0.00246
34.51,-0.00257
34.52,-0.0027
34.53,-0.00283
34.54,-0.00297
34.55,-0.00313
34.56,-0.0033
34.57,-0.00349
34.58,-0.00369
34.59,-0.00392
34.6,-0.00418
34.61,-0.00446
34.62,-0.00478
34.63,-0.00514
34.64,-0.00555
34.65,-0.00602
34.66,-0.00657
34.67,-0.0072
34.68,-0.00794
34.69,-0.00883
34.7,-0.00989
34.71,-0.0112
34.72,-0.01281
34.73,-0.01486
34.74,-0.01752
34.75,-0.02105
34.76,-0.02599
34.77,-0.03345
34.78,-0.04601
34.79,-0.06909
34.8,-0.11114
34.81,-0.17966
34.82,-0.26856
34.83,-0.331
34.84,-0.30362
34.85,-0.22123
34.86,-0.14786
34.87,-0.10394
34.88,-0.08866
34.89,-0.09763
34.9,-0.12676
34.91,-0.16509
34.92,-0.18086
34.93,-0.15218
34.94,-0.10746
34.95,-0.07174
34.96,-0.04954
34.97,-0.03756
34.98,-0.03153
34.99,-0.02861
35,-0.02742
35.01,-0.02741
35.02,-0.02841
35.03,-0.03041
35.04,-0.03358
35.05,-0.0382
35.06,-0.04486
35.07,-0.05463
35.08,-0.06995
35.09,-0.0965
35.1,-0.14589
35.11,-0.23565
35.12,-0.38019
35.13,-0.56337
35.14,-0.68211
35.15,-0.61169
35.16,-0.43745
35.17,-0.28876
35.18,-0.20157
35.19,-0.17201
35.2,-0.1909
35.21,-0.25036
35.22,-0.32877
35.23,-0.36176
35.24,-0.30191
35.25,-0.20766
35.26,-0.13213
35.27,-0.08438
35.28,-0.05745
35.29,-0.04246
35.3,-0.03343
35.31,-0.02738
35.32,-0.02301
35.33,-0.01969
35.34,-0.01712
35.35,-0.01509
35.36,-0.01346
35.37,-0.01215
35.38,-0.01109
35.39,-0.01026
35.4,-0.00964
35.41,-0.00929
35.42,-0.00933
35.43,-0.01002
35.44,-0.01163
35.45,-0.01413
35.46,-0.0164
35.47,-0.01604
35.48,-0.01313
35.49,-0.01009
35.5,-0.00801
35.51,-0.00695
35.52,-0.00675
35.53,-0.0073
35.54,-0.00839
35.55,-0.00928
35.56,-0.00879
35.57,-0.00718
35.58,-0.00562
35.59,-0.00452
35.6,-0.00383
35.61,-0.00341
35.62,-0.00314
35.63,-0.00295
35.64,-0.00279
35.65,-0.00267
35.66,-0.00257
35.67,-0.00248
35.68,-0.00241
35.69,-0.00236
35.7,-0.00231
35.71,-0.00228
35.72,-0.00227
35.73,-0.00227
35.74,-0.00229
35.75,-0.00234
35.76,-0.00242
35.77,-0.00256
35.78,-0.00279
35.79,-0.00321
35.8,-0.00399
35.81,-0.00544
35.82,-0.00785
35.83,-0.01108
35.84,-0.01368
35.85,-0.01312
35.86,-0.01011
35.87,-0.00719
35.88,-0.00532
35.89,-0.0045
35.9,-0.00458
35.91,-0.00541
35.92,-0.00678
35.93,-0.00788
35.94,-0.00743
35.95,-0.00581
35.96,-0.00426
35.97,-0.00319
35.98,-0.00256
35.99,-0.00222
36,-0.00202
36.01,-0.0019
36.02,-0.00183
36.03,-0.00178
36.04,-0.00174
36.05,-0.00173
36.06,-0.00172
36.07,-0.00173
36.08,-0.00174
36.09,-0.00176
36.1,-0.0018
36.11,-0.00184
36.12,-0.00189
36.13,-0.00196
36.14,-0.00203
36.15,-0.00212
36.16,-0.00223
36.17,-0.00236
36.18,-0.00251
36.19,-0.0027
36.2,-0.00292
36.21,-0.00319
36.22,-0.00353
36.23,-0.00395
36.24,-0.00449
36.25,-0.0052
36.26,-0.00616
36.27,-0.00756
36.28,-0.00981
36.29,-0.01375
36.3,-0.02087
36.31,-0.03277
36.32,-0.04962
36.33,-0.06587
36.34,-0.06803
36.35,-0.0543
36.36,-0.03833
36.37,-0.02742
36.38,-0.02243
36.39,-0.02264
36.4,-0.02763
36.41,-0.0373
36.42,-0.05012
36.43,-0.06108
36.44,-0.06916
36.45,-0.07849
36.46,-0.08202
36.47,-0.06935
36.48,-0.0495
36.49,-0.03355
36.5,-0.02406
36.51,-0.02029
36.52,-0.02124
36.53,-0.02625
36.54,-0.03384
36.55,-0.0389
36.56,-0.03508
36.57,-0.0258
36.58,-0.0174
36.59,-0.01173
36.6,-0.00837
36.61,-0.00648
36.62,-0.00537
36.63,-0.00464
36.64,-0.00413
36.65,-0.00376
36.66,-0.00348
36.67,-0.00326
36.68,-0.0031
36.69,-0.00299
36.7,-0.0029
36.71,-0.00285
36.72,-0.00282
36.73,-0.00282
36.74,-0.00284
36.75,-0.00289
36.76,-0.00296
36.77,-0.00306
36.78,-0.00318
36.79,-0.00335
36.8,-0.00355
36.81,-0.00381
36.82,-0.00412
36.83,-0.00452
36.84,-0.00503
36.85,-0.00569
36.86,-0.00655
36.87,-0.00773
36.88,-0.00943
36.89,-0.01216
36.9,-0.01692
36.91,-0.02545
36.92,-0.03969
36.93,-0.05995
36.94,-0.0801
36.95,-0.08413
36.96,-0.06821
36.97,-0.04842
36.98,-0.03433
36.99,-0.02729
37,-0.02638
37.01,-0.03083
37.02,-0.04022
37.03,-0.05269
37.04,-0.06216
37.05,-0.06535
37.06,-0.07079
37.07,-0.08458
37.08,-0.10035
37.09,-0.10237
37.1,-0.08746
37.11,-0.0652
37.12,-0.046
37.13,-0.03437
37.14,-0.03023
37.15,-0.03259
37.16,-0.04033
37.17,-0.05025
37.18,-0.05488
37.19,-0.05007
37.2,-0.03968
37.21,-0.02929
37.22,-0.02219
37.23,-0.01868
37.24,-0.01824
37.25,-0.02069
37.26,-0.02646
37.27,-0.03598
37.28,-0.048
37.29,-0.05886
37.3,-0.06814
37.31,-0.07419
37.32,-0.07069
37.33,-0.06304
37.34,-0.0594
37.35,-0.05759
37.36,-0.05245
37.37,-0.04694
37.38,-0.0438
37.39,-0.0427
37.4,-0.04305
37.41,-0.0409
37.42,-0.03555
37.43,-0.03131
37.44,-0.0287
37.45,-0.02451
37.46,-0.01849
37.47,-0.01315
37.48,-0.0094
37.49,-0.00703
37.5,-0.00558
37.51,-0.00465
37.52,-0.00401
37.53,-0.00352
37.54,-0.00315
37.55,-0.00284
37.56,-0.0026
37.57,-0.00239
37.58,-0.00222
37.59,-0.00207
37.6,-0.00194
37.61,-0.00183
37.62,-0.00174
37.63,-0.00165
37.64,-0.00158
37.65,-0.00152
37.66,-0.00147
37.67,-0.00142
37.68,-0.00138
37.69,-0.00134
37.7,-0.00131
37.71,-0.00129
37.72,-0.00127
37.73,-0.00126
37.74,-0.00126
37.75,-0.00126
37.76,-0.00126
37.77,-0.00127
37.78,-0.00129
37.79,-0.00132
37.8,-0.00136
37.81,-0.00142
37.82,-0.00149
37.83,-0.00157
37.84,-0.00169
37.85,-0.00183
37.86,-0.00202
37.87,-0.00228
37.88,-0.00262
37.89,-0.00311
37.9,-0.00384
37.91,-0.00508
37.92,-0.00728
37.93,-0.01116
37.94,-0.01736
37.95,-0.02552
37.96,-0.03216
37.97,-0.03123
37.98,-0.02393
37.99,-0.01642
38,-0.0113
38.01,-0.00871
38.02,-0.00823
38.03,-0.00957
38.04,-0.0125
38.05,-0.01608
38.06,-0.01758
38.07,-0.01501
38.08,-0.01076
38.09,-0.00721
38.1,-0.00486
38.11,-0.00348
38.12,-0.00269
38.13,-0.00222
38.14,-0.00191
38.15,-0.00169
38.16,-0.00152
38.17,-0.00139
38.18,-0.00129
38.19,-0.00122
38.2,-0.00116
38.21,-0.00111
38.22,-0.00107
38.23,-0.00104
38.24,-0.00102
38.25,-0.001
38.26,-9.956E-4
38.27,-9.933E-4
38.28,-9.967E-4
38.29,-0.00101
38.3,-0.00102
38.31,-0.00104
38.32,-0.00107
38.33,-0.0011
38.34,-0.00115
38.35,-0.0012
38.36,-0.00127
38.37,-0.00135
38.38,-0.00145
38.39,-0.00157
38.4,-0.00172
38.41,-0.00191
38.42,-0.00216
38.43,-0.00247
38.44,-0.00289
38.45,-0.00346
38.46,-0.00432
38.47,-0.00571
38.48,-0.00814
38.49,-0.01243
38.5,-0.0194
38.51,-0.02902
38.52,-0.03815
38.53,-0.03943
38.54,-0.03165
38.55,-0.02213
38.56,-0.01513
38.57,-0.01124
38.58,-0.01001
38.59,-0.01101
38.6,-0.01402
38.61,-0.01841
38.62,-0.02174
38.63,-0.02047
38.64,-0.01572
38.65,-0.01104
38.66,-0.00777
38.67,-0.00587
38.68,-0.00494
38.69,-0.0046
38.7,-0.00469
38.71,-0.00523
38.72,-0.00646
38.73,-0.00888
38.74,-0.01312
38.75,-0.01954
38.76,-0.02693
38.77,-0.03071
38.78,-0.02696
38.79,-0.01967
38.8,-0.01346
38.81,-0.00956
38.82,-0.0078
38.83,-0.00779
38.84,-0.00934
38.85,-0.01221
38.86,-0.01535
38.87,-0.01609
38.88,-0.01329
38.89,-0.00942
38.9,-0.00633
38.91,-0.0043
38.92,-0.0031
38.93,-0.00241
38.94,-0.00198
38.95,-0.00169
38.96,-0.00147
38.97,-0.00131
38.98,-0.00118
38.99,-0.00108
39,-9.96E-4
39.01,-9.257E-4
39.02,-8.665E-4
39.03,-8.162E-4
39.04,-7.729E-4
39.05,-7.355E-4
39.06,-7.028E-4
39.07,-6.742E-4
39.08,-6.489E-4
39.09,-6.266E-4
39.1,-6.067E-4
39.11,-5.889E-4
39.12,-5.73E-4
39.13,-5.588E-4
39.14,-5.46E-4
39.15,-5.345E-4
39.16,-5.241E-4
39.17,-5.148E-4
39.18,-5.064E-4
39.19,-4.994E-4
39.2,-4.926E-4
39.21,-4.865E-4
39.22,-4.811E-4
39.23,-4.763E-4
39.24,-4.72E-4
39.25,-4.683E-4
39.26,-4.65E-4
39.27,-4.622E-4
39.28,-4.599E-4
39.29,-4.579E-4
39.3,-4.564E-4
39.31,-4.552E-4
39.32,-4.544E-4
39.33,-4.54E-4
39.34,-4.539E-4
39.35,-4.542E-4
39.36,-4.548E-4
39.37,-4.557E-4
39.38,-4.57E-4
39.39,-4.586E-4
39.4,-4.605E-4
39.41,-4.628E-4
39.42,-4.654E-4
39.43,-4.688E-4
39.44,-4.721E-4
39.45,-4.758E-4
39.46,-4.799E-4
39.47,-4.844E-4
39.48,-4.893E-4
39.49,-4.947E-4
39.5,-5.005E-4
39.51,-5.068E-4
39.52,-5.136E-4
39.53,-5.21E-4
39.54,-5.291E-4
39.55,-5.377E-4
39.56,-5.471E-4
39.57,-5.572E-4
39.58,-5.682E-4
39.59,-5.801E-4
39.6,-5.93E-4
39.61,-6.07E-4
39.62,-6.223E-4
39.63,-6.39E-4
39.64,-6.573E-4
39.65,-6.765E-4
39.66,-6.987E-4
39.67,-7.231E-4
39.68,-7.502E-4
39.69,-7.804E-4
39.7,-8.147E-4
39.71,-8.532E-4
39.72,-8.964E-4
39.73,-9.457E-4
39.74,-0.001
39.75,-0.00107
39.76,-0.00115
39.77,-0.00124
39.78,-0.00134
39.79,-0.00148
39.8,-0.00164
39.81,-0.00184
39.82,-0.0021
39.83,-0.00244
39.84,-0.00291
39.85,-0.00358
39.86,-0.00466
39.87,-0.00651
39.88,-0.00972
39.89,-0.01495
39.9,-0.0223
39.91,-0.02992
39.92,-0.03246
39.93,-0.02738
39.94,-0.01971
39.95,-0.01355
39.96,-0.00979
39.97,-0.00814
39.98,-0.00823
39.99,-0.00987
40,-0.01288
40.01,-0.01631
40.02,-0.01755
40.03,-0.015
40.04,-0.01095
40.05,-0.00754
40.06,-0.00525
40.07,-0.00387
40.08,-0.00308
40.09,-0.00261
40.1,-0.0023
40.11,-0.00209
40.12,-0.00194
40.13,-0.00183
40.14,-0.00175
40.15,-0.00169
40.16,-0.00166
40.17,-0.00163
40.18,-0.00162
40.19,-0.00161
40.2,-0.00162
40.21,-0.00164
40.22,-0.00166
40.23,-0.00169
40.24,-0.00173
40.25,-0.00177
40.26,-0.00182
40.27,-0.00189
40.28,-0.00196
40.29,-0.00203
40.3,-0.00212
40.31,-0.00222
40.32,-0.00234
40.33,-0.00247
40.34,-0.00261
40.35,-0.00278
40.36,-0.00297
40.37,-0.00319
40.38,-0.00344
40.39,-0.00373
40.4,-0.00407
40.41,-0.00447
40.42,-0.00495
40.43,-0.00554
40.44,-0.00625
40.45,-0.00715
40.46,-0.00828
40.47,-0.00977
40.48,-0.01178
40.49,-0.01467
40.5,-0.01921
40.51,-0.0269
40.52,-0.04016
40.53,-0.06174
40.54,-0.09261
40.55,-0.12625
40.56,-0.14142
40.57,-0.12329
40.58,-0.09057
40.59,-0.06273
40.6,-0.04497
40.61,-0.03649
40.62,-0.03559
40.63,-0.04138
40.64,-0.05336
40.65,-0.06899
40.66,-0.07927
40.67,-0.07382
40.68,-0.05826
40.69,-0.04383
40.7,-0.03475
40.71,-0.03141
40.72,-0.03376
40.73,-0.04253
40.74,-0.05908
40.75,-0.08341
40.76,-0.10913
40.77,-0.11829
40.78,-0.10133
40.79,-0.07468
40.8,-0.0528
40.81,-0.03914
40.82,-0.0329
40.83,-0.03279
40.84,-0.03818
40.85,-0.04882
40.86,-0.06286
40.87,-0.07346
40.88,-0.07369
40.89,-0.0698
40.9,-0.07139
40.91,-0.07947
40.92,-0.08498
40.93,-0.07647
40.94,-0.05864
40.95,-0.04217
40.96,-0.03091
40.97,-0.02477
40.98,-0.0228
40.99,-0.02438
41,-0.02927
41.01,-0.03679
41.02,-0.04379
41.03,-0.04435
41.04,-0.03814
41.05,-0.03122
41.06,-0.0274
41.07,-0.02806
41.08,-0.03409
41.09,-0.04621
41.1,-0.0637
41.11,-0.08055
41.12,-0.08355
41.13,-0.06945
41.14,-0.05094
41.15,-0.03659
41.16,-0.02799
41.17,-0.02444
41.18,-0.02512
41.19,-0.02974
41.2,-0.03828
41.21,-0.04954
41.22,-0.05899
41.23,-0.06274
41.24,-0.0657
41.25,-0.07242
41.26,-0.07756
41.27,-0.0708
41.28,-0.05458
41.29,-0.03885
41.3,-0.02774
41.31,-0.02134
41.32,-0.0188
41.33,-0.01944
41.34,-0.02303
41.35,-0.02914
41.36,-0.03555
41.37,-0.03705
41.38,-0.03151
41.39,-0.02376
41.4,-0.01767
41.41,-0.01419
41.42,-0.01313
41.43,-0.01399
41.44,-0.01587
41.45,-0.01688
41.46,-0.01525
41.47,-0.01209
41.48,-0.00921
41.49,-0.00721
41.5,-0.00606
41.51,-0.00562
41.52,-0.00576
41.53,-0.00646
41.54,-0.00761
41.55,-0.00869
41.56,-0.00871
41.57,-0.00747
41.58,-0.00595
41.59,-0.00475
41.6,-0.00396
41.61,-0.00349
41.62,-0.00323
41.63,-0.00308
41.64,-0.00301
41.65,-0.00298
41.66,-0.00299
41.67,-0.00303
41.68,-0.0031
41.69,-0.00319
41.7,-0.00332
41.71,-0.00348
41.72,-0.00368
41.73,-0.00392
41.74,-0.00422
41.75,-0.00458
41.76,-0.00503
41.77,-0.00558
41.78,-0.00627
41.79,-0.00715
41.8,-0.00829
41.81,-0.0098
41.82,-0.01188
41.83,-0.01495
41.84,-0.01986
41.85,-0.02819
41.86,-0.04232
41.87,-0.06462
41.88,-0.09519
41.89,-0.12603
41.9,-0.13612
41.91,-0.11573
41.92,-0.08425
41.93,-0.05816
41.94,-0.04142
41.95,-0.03309
41.96,-0.03158
41.97,-0.03607
41.98,-0.04622
41.99,-0.06043
42,-0.07186
42.01,-0.06971
42.02,-0.05519
42.03,-0.03911
42.04,-0.02686
42.05,-0.01893
42.06,-0.01424
42.07,-0.01157
42.08,-0.01005
42.09,-0.00921
42.1,-0.00885
42.11,-0.0089
42.12,-0.00945
42.13,-0.01073
42.14,-0.01328
42.15,-0.01791
42.16,-0.02555
42.17,-0.03651
42.18,-0.04857
42.19,-0.0545
42.2,-0.04858
42.21,-0.03666
42.22,-0.02598
42.23,-0.01878
42.24,-0.01492
42.25,-0.01378
42.26,-0.01496
42.27,-0.01836
42.28,-0.02362
42.29,-0.0289
42.3,-0.03013
42.31,-0.02613
42.32,-0.02092
42.33,-0.01758
42.34,-0.01685
42.35,-0.01816
42.36,-0.01955
42.37,-0.01837
42.38,-0.01482
42.39,-0.01114
42.4,-0.00842
42.41,-0.00677
42.42,-0.00599
42.43,-0.00593
42.44,-0.00654
42.45,-0.00776
42.46,-0.0093
42.47,-0.01022
42.48,-0.00956
42.49,-0.00795
42.5,-0.00649
42.51,-0.00564
42.52,-0.0055
42.53,-0.00612
42.54,-0.0075
42.55,-0.00949
42.56,-0.0113
42.57,-0.01144
42.58,-0.00972
42.59,-0.00758
42.6,-0.00591
42.61,-0.0049
42.62,-0.00444
42.63,-0.00443
42.64,-0.00483
42.65,-0.00563
42.66,-0.0067
42.67,-0.00758
42.68,-0.00755
42.69,-0.00673
42.7,-0.00585
42.71,-0.00527
42.72,-0.00505
42.73,-0.00514
42.74,-0.00552
42.75,-0.0062
42.76,-0.00726
42.77,-0.00872
42.78,-0.01044
42.79,-0.01184
42.8,-0.01248
42.81,-0.01287
42.82,-0.01379
42.83,-0.01572
42.84,-0.01917
42.85,-0.02512
42.86,-0.03542
42.87,-0.05284
42.88,-0.0801
42.89,-0.11724
42.9,-0.15487
42.91,-0.16848
42.92,-0.14518
42.93,-0.10679
42.94,-0.07394
42.95,-0.05215
42.96,-0.04056
42.97,-0.03717
42.98,-0.04083
42.99,-0.05121
43,-0.06728
43.01,-0.08347
43.02,-0.08716
43.03,-0.07329
43.04,-0.05323
43.05,-0.03628
43.06,-0.02456
43.07,-0.01722
43.08,-0.01281
43.09,-0.01007
43.1,-0.00825
43.11,-0.00695
43.12,-0.00597
43.13,-0.0052
43.14,-0.00458
43.15,-0.00408
43.16,-0.00367
43.17,-0.00332
43.18,-0.00303
43.19,-0.00278
43.2,-0.00256
43.21,-0.00238
43.22,-0.00222
43.23,-0.00207
43.24,-0.00195
43.25,-0.00184
43.26,-0.00174
43.27,-0.00166
43.28,-0.00158
43.29,-0.00151
43.3,-0.00145
43.31,-0.0014
43.32,-0.00136
43.33,-0.00133
43.34,-0.0013
43.35,-0.00128
43.36,-0.00127
43.37,-0.00127
43.38,-0.00129
43.39,-0.00133
43.4,-0.00139
43.41,-0.00151
43.42,-0.00171
43.43,-0.00208
43.44,-0.0027
43.45,-0.00367
43.46,-0.00495
43.47,-0.00618
43.48,-0.00648
43.49,-0.00556
43.5,-0.00423
43.51,-0.00312
43.52,-0.00239
43.53,-0.002
43.54,-0.00189
43.55,-0.00201
43.56,-0.00236
43.57,-0.00291
43.58,-0.00347
43.59,-0.00361
43.6,-0.00314
43.61,-0.00243
43.62,-0.00183
43.63,-0.0014
43.64,-0.00113
43.65,-9.667E-4
43.66,-8.612E-4
43.67,-7.903E-4
43.68,-7.385E-4
43.69,-6.987E-4
43.7,-6.671E-4
43.71,-6.413E-4
43.72,-6.199E-4
43.73,-6.021E-4
43.74,-5.87E-4
43.75,-5.742E-4
43.76,-5.633E-4
43.77,-5.539E-4
43.78,-5.46E-4
43.79,-5.393E-4
43.8,-5.337E-4
43.81,-5.292E-4
43.82,-5.255E-4
43.83,-5.228E-4
43.84,-5.208E-4
43.85,-5.197E-4
43.86,-5.194E-4
43.87,-5.199E-4
43.88,-5.209E-4
43.89,-5.231E-4
43.9,-5.263E-4
43.91,-5.304E-4
43.92,-5.356E-4
43.93,-5.415E-4
43.94,-5.492E-4
43.95,-5.582E-4
43.96,-5.689E-4
43.97,-5.815E-4
43.98,-5.963E-4
43.99,-6.136E-4
44,-6.341E-4
44.01,-6.578E-4
44.02,-6.864E-4
44.03,-7.206E-4
44.04,-7.62E-4
44.05,-8.124E-4
44.06,-8.746E-4
44.07,-9.523E-4
44.08,-0.00105
44.09,-0.00118
44.1,-0.00136
44.11,-0.00163
44.12,-0.00204
44.13,-0.00274
44.14,-0.00387
44.15,-0.00563
44.16,-0.008
44.17,-0.01042
44.18,-0.0114
44.19,-0.01005
44.2,-0.00763
44.21,-0.00548
44.22,-0.00401
44.23,-0.00319
44.24,-0.00289
44.25,-0.00303
44.26,-0.00359
44.27,-0.00453
44.28,-0.00567
44.29,-0.00633
44.3,-0.00587
44.31,-0.00466
44.32,-0.00347
44.33,-0.00258
44.34,-0.002
44.35,-0.00166
44.36,-0.00146
44.37,-0.00135
44.38,-0.00129
44.39,-0.00125
44.4,-0.00124
44.41,-0.00124
44.42,-0.00126
44.43,-0.0013
44.44,-0.00135
44.45,-0.00142
44.46,-0.00151
44.47,-0.00163
44.48,-0.00177
44.49,-0.00195
44.5,-0.00219
44.51,-0.00249
44.52,-0.00291
44.53,-0.00351
44.54,-0.00444
44.55,-0.00595
44.56,-0.00843
44.57,-0.01224
44.58,-0.01746
44.59,-0.02304
44.6,-0.02587
44.61,-0.02359
44.62,-0.01859
44.63,-0.01409
44.64,-0.01126
44.65,-0.01031
44.66,-0.01121
44.67,-0.01401
44.68,-0.01863
44.69,-0.02421
44.7,-0.02819
44.71,-0.02803
44.72,-0.02392
44.73,-0.01817
44.74,-0.01313
44.75,-0.00965
44.76,-0.00767
44.77,-0.00691
44.78,-0.00713
44.79,-0.00815
44.8,-0.00965
44.81,-0.01069
44.82,-0.01016
44.83,-0.00835
44.84,-0.00643
44.85,-0.00496
44.86,-0.00399
44.87,-0.00341
44.88,-0.00309
44.89,-0.00293
44.9,-0.00286
44.91,-0.00286
44.92,-0.00292
44.93,-0.00303
44.94,-0.00319
44.95,-0.0034
44.96,-0.00368
44.97,-0.00405
44.98,-0.00451
44.99,-0.00511
45,-0.00589
45.01,-0.00692
45.02,-0.00834
45.03,-0.01043
45.04,-0.01372
45.05,-0.01913
45.06,-0.02803
45.07,-0.04178
45.08,-0.06065
45.09,-0.08102
45.1,-0.09174
45.11,-0.08342
45.12,-0.06402
45.13,-0.04542
45.14,-0.03205
45.15,-0.02406
45.16,-0.02046
45.17,-0.02045
45.18,-0.02376
45.19,-0.03033
45.2,-0.03935
45.21,-0.04716
45.22,-0.04735
45.23,-0.03911
45.24,-0.02857
45.25,-0.01984
45.26,-0.01377
45.27,-0.00991
45.28,-0.00755
45.29,-0.00607
45.3,-0.00508
45.31,-0.00438
45.32,-0.00386
45.33,-0.00346
45.34,-0.00315
45.35,-0.00291
45.36,-0.00273
45.37,-0.00259
45.38,-0.00249
45.39,-0.00243
45.4,-0.00241
45.41,-0.00243
45.42,-0.0025
45.43,-0.00262
45.44,-0.00284
45.45,-0.0032
45.46,-0.00381
45.47,-0.00485
45.48,-0.00657
45.49,-0.00921
45.5,-0.01275
45.51,-0.01634
45.52,-0.01783
45.53,-0.01587
45.54,-0.01224
45.55,-0.00893
45.56,-0.0066
45.57,-0.00522
45.58,-0.00463
45.59,-0.00468
45.6,-0.00532
45.61,-0.00656
45.62,-0.00824
45.63,-0.00967
45.64,-0.0097
45.65,-0.00822
45.66,-0.00635
45.67,-0.00483
45.68,-0.0038
45.69,-0.00321
45.7,-0.00293
45.71,-0.00289
45.72,-0.00305
45.73,-0.00349
45.74,-0.00432
45.75,-0.00572
45.76,-0.00781
45.77,-0.01043
45.78,-0.01265
45.79,-0.01282
45.8,-0.01079
45.81,-0.00816
45.82,-0.00601
45.83,-0.00458
45.84,-0.00379
45.85,-0.00351
45.86,-0.00367
45.87,-0.00424
45.88,-0.00523
45.89,-0.00643
45.9,-0.00724
45.91,-0.0069
45.92,-0.00567
45.93,-0.00434
45.94,-0.0033
45.95,-0.0026
45.96,-0.00217
45.97,-0.00191
45.98,-0.00175
45.99,-0.00165
46,-0.00158
46.01,-0.00154
46.02,-0.00151
46.03,-0.0015
46.04,-0.00149
46.05,-0.0015
46.06,-0.00151
46.07,-0.00153
46.08,-0.00156
46.09,-0.00159
46.1,-0.00163
46.11,-0.00167
46.12,-0.00173
46.13,-0.00179
46.14,-0.00185
46.15,-0.00193
46.16,-0.00201
46.17,-0.00211
46.18,-0.00221
46.19,-0.00233
46.2,-0.00247
46.21,-0.00262
46.22,-0.0028
46.23,-0.00301
46.24,-0.00325
46.25,-0.00355
46.26,-0.00392
46.27,-0.00439
46.28,-0.00497
46.29,-0.00567
46.3,-0.00642
46.31,-0.00714
46.32,-0.00795
46.33,-0.00915
46.34,-0.01101
46.35,-0.01378
46.36,-0.01754
46.37,-0.02183
46.38,-0.02526
46.39,-0.02675
46.4,-0.02781
46.41,-0.03094
46.42,-0.0383
46.43,-0.05203
46.44,-0.07422
46.45,-0.10537
46.46,-0.14014
46.47,-0.16137
46.48,-0.15206
46.49,-0.1219
46.5,-0.09023
46.51,-0.06531
46.52,-0.04866
46.53,-0.03959
46.54,-0.03687
46.55,-0.03984
46.56,-0.0484
46.57,-0.062
46.58,-0.07724
46.59,-0.085
46.6,-0.07754
46.61,-0.06074
46.62,-0.04421
46.63,-0.03178
46.64,-0.02364
46.65,-0.01881
46.66,-0.01629
46.67,-0.01543
46.68,-0.01605
46.69,-0.01839
46.7,-0.02285
46.71,-0.0296
46.72,-0.03762
46.73,-0.04316
46.74,-0.04155
46.75,-0.03407
46.76,-0.02578
46.77,-0.01932
46.78,-0.01513
46.79,-0.01289
46.8,-0.01223
46.81,-0.01295
46.82,-0.01506
46.83,-0.0186
46.84,-0.02308
46.85,-0.02681
46.86,-0.02763
46.87,-0.02628
46.88,-0.02491
46.89,-0.02355
46.9,-0.02084
46.91,-0.01701
46.92,-0.01346
46.93,-0.01085
46.94,-0.00921
46.95,-0.00834
46.96,-0.00807
46.97,-0.00833
46.98,-0.0091
46.99,-0.01036
47,-0.01195
47.01,-0.01326
47.02,-0.01352
47.03,-0.01291
47.04,-0.01229
47.05,-0.01216
47.06,-0.01268
47.07,-0.01386
47.08,-0.0158
47.09,-0.01874
47.1,-0.02324
47.11,-0.03041
47.12,-0.04214
47.13,-0.06095
47.14,-0.08914
47.15,-0.12663
47.16,-0.16548
47.17,-0.18443
47.18,-0.16751
47.19,-0.12997
47.2,-0.09354
47.21,-0.06667
47.22,-0.04988
47.23,-0.04142
47.24,-0.03965
47.25,-0.04386
47.26,-0.05408
47.27,-0.06987
47.28,-0.08762
47.29,-0.09731
47.3,-0.08966
47.31,-0.07047
47.32,-0.05089
47.33,-0.03575
47.34,-0.02544
47.35,-0.01892
47.36,-0.01489
47.37,-0.01237
47.38,-0.0107
47.39,-0.00948
47.4,-0.00848
47.41,-0.00765
47.42,-0.007
47.43,-0.00652
47.44,-0.0062
47.45,-0.00601
47.46,-0.00595
47.47,-0.00603
47.48,-0.00626
47.49,-0.00669
47.5,-0.00738
47.51,-0.00848
47.52,-0.01026
47.53,-0.01321
47.54,-0.01792
47.55,-0.02483
47.56,-0.03354
47.57,-0.04144
47.58,-0.0434
47.59,-0.03776
47.6,-0.02908
47.61,-0.02145
47.62,-0.01609
47.63,-0.01293
47.64,-0.01156
47.65,-0.01168
47.66,-0.01321
47.67,-0.01616
47.68,-0.0203
47.69,-0.02446
47.7,-0.02613
47.71,-0.02387
47.72,-0.01958
47.73,-0.01565
47.74,-0.01302
47.75,-0.01178
47.76,-0.01189
47.77,-0.01343
47.78,-0.0168
47.79,-0.02264
47.8,-0.03148
47.81,-0.04302
47.82,-0.05437
47.83,-0.05886
47.84,-0.05257
47.85,-0.04072
47.86,-0.02958
47.87,-0.02142
47.88,-0.0163
47.89,-0.01368
47.9,-0.01307
47.91,-0.01424
47.92,-0.01723
47.93,-0.02191
47.94,-0.02732
47.95,-0.03062
47.96,-0.02877
47.97,-0.02307
47.98,-0.01695
47.99,-0.01209
48,-0.00871
48.01,-0.00651
48.02,-0.00513
48.03,-0.00422
48.04,-0.00361
48.05,-0.00315
48.06,-0.0028
48.07,-0.00253
48.08,-0.0023
48.09,-0.00212
48.1,-0.00196
48.11,-0.00183
48.12,-0.00172
48.13,-0.00163
48.14,-0.00155
48.15,-0.00148
48.16,-0.00141
48.17,-0.00136
48.18,-0.00131
48.19,-0.00127
48.2,-0.00124
48.21,-0.0012
48.22,-0.00118
48.23,-0.00115
48.24,-0.00113
48.25,-0.00112
48.26,-0.0011
48.27,-0.00109
48.28,-0.00109
48.29,-0.00108
48.3,-0.00108
48.31,-0.00108
48.32,-0.00108
48.33,-0.00108
48.34,-0.00109
48.35,-0.0011
48.36,-0.00111
48.37,-0.00113
48.38,-0.00115
48.39,-0.00117
48.4,-0.0012
48.41,-0.00122
48.42,-0.00126
48.43,-0.0013
48.44,-0.00134
48.45,-0.00139
48.46,-0.00144
48.47,-0.0015
48.48,-0.00157
48.49,-0.00165
48.5,-0.00174
48.51,-0.00184
48.52,-0.00195
48.53,-0.00208
48.54,-0.00223
48.55,-0.0024
48.56,-0.00261
48.57,-0.00284
48.58,-0.00312
48.59,-0.00346
48.6,-0.00386
48.61,-0.00436
48.62,-0.00499
48.63,-0.00582
48.64,-0.00693
48.65,-0.00845
48.66,-0.01055
48.67,-0.0134
48.68,-0.01713
48.69,-0.02183
48.7,-0.02805
48.71,-0.03738
48.72,-0.05141
48.73,-0.06996
48.74,-0.08848
48.75,-0.09622
48.76,-0.08662
48.77,-0.06779
48.78,-0.0499
48.79,-0.03686
48.8,-0.02886
48.81,-0.02491
48.82,-0.0239
48.83,-0.02546
48.84,-0.03002
48.85,-0.0379
48.86,-0.04828
48.87,-0.05745
48.88,-0.0595
48.89,-0.05312
48.9,-0.04234
48.91,-0.03131
48.92,-0.02241
48.93,-0.01614
48.94,-0.01207
48.95,-0.00954
48.96,-0.00805
48.97,-0.00727
48.98,-0.00707
48.99,-0.00739
49,-0.00813
49.01,-0.00893
49.02,-0.00906
49.03,-0.00811
49.04,-0.00659
49.05,-0.00516
49.06,-0.00405
49.07,-0.00327
49.08,-0.00273
49.09,-0.00237
49.1,-0.00211
49.11,-0.00191
49.12,-0.00176
49.13,-0.00163
49.14,-0.00153
49.15,-0.00144
49.16,-0.00137
49.17,-0.00131
49.18,-0.00126
49.19,-0.00121
49.2,-0.00118
49.21,-0.00115
49.22,-0.00114
49.23,-0.00113
49.24,-0.00112
49.25,-0.00113
49.26,-0.00115
49.27,-0.00118
49.28,-0.00122
49.29,-0.00129
49.3,-0.00138
49.31,-0.0015
49.32,-0.00168
49.33,-0.00195
49.34,-0.00237
49.35,-0.00302
49.36,-0.00404
49.37,-0.00552
49.38,-0.00749
49.39,-0.0096
49.4,-0.01108
49.41,-0.0115
49.42,-0.01109
49.43,-0.00986
49.44,-0.00797
49.45,-0.0061
49.46,-0.00469
49.47,-0.00383
49.48,-0.00348
49.49,-0.00356
49.5,-0.00405
49.51,-0.00485
49.52,-0.0057
49.53,-0.00619
49.54,-0.00618
49.55,-0.0058
49.56,-0.00501
49.57,-0.00397
49.58,-0.00299
49.59,-0.00224
49.6,-0.00171
49.61,-0.00137
49.62,-0.00113
49.63,-9.761E-4
49.64,-8.636E-4
49.65,-7.789E-4
49.66,-7.128E-4
49.67,-6.592E-4
49.68,-6.15E-4
49.69,-5.781E-4
49.7,-5.469E-4
49.71,-5.203E-4
49.72,-4.975E-4
49.73,-4.776E-4
49.74,-4.604E-4
49.75,-4.452E-4
49.76,-4.323E-4
49.77,-4.207E-4
49.78,-4.105E-4
49.79,-4.016E-4
49.8,-3.937E-4
49.81,-3.873E-4
49.82,-3.814E-4
49.83,-3.764E-4
49.84,-3.726E-4
49.85,-3.695E-4
49.86,-3.672E-4
49.87,-3.656E-4
49.88,-3.644E-4
49.89,-3.646E-4
49.9,-3.649E-4
49.91,-3.66E-4
49.92,-3.678E-4
49.93,-3.709E-4
49.94,-3.745E-4
49.95,-3.79E-4
49.96,-3.846E-4
49.97,-3.913E-4
49.98,-3.996E-4
49.99,-4.087E-4
50,-4.197E-4
50.01,-4.326E-4
50.02,-4.479E-4
50.03,-4.654E-4
50.04,-4.855E-4
50.05,-5.094E-4
50.06,-5.375E-4
50.07,-5.708E-4
50.08,-6.101E-4
50.09,-6.575E-4
50.1,-7.144E-4
50.11,-7.838E-4
50.12,-8.696E-4
50.13,-9.774E-4
50.14,-0.00112
50.15,-0.0013
50.16,-0.00155
50.17,-0.00193
50.18,-0.00251
50.19,-0.00343
50.2,-0.00484
50.21,-0.00687
50.22,-0.00946
50.23,-0.01203
50.24,-0.01325
50.25,-0.01216
50.26,-0.00968
50.27,-0.00718
50.28,-0.00526
50.29,-0.00399
50.3,-0.00328
50.31,-0.00301
50.32,-0.00312
50.33,-0.0036
50.34,-0.00448
50.35,-0.00571
50.36,-0.00703
50.37,-0.00777
50.38,-0.00744
50.39,-0.00642
50.4,-0.00526
50.41,-0.00414
50.42,-0.00316
50.43,-0.00243
50.44,-0.00194
50.45,-0.00163
50.46,-0.00146
50.47,-0.0014
50.48,-0.00145
50.49,-0.00162
50.5,-0.00194
50.51,-0.00244
50.52,-0.00307
50.53,-0.00366
50.54,-0.00389
50.55,-0.00355
50.56,-0.00287
50.57,-0.00221
50.58,-0.00169
50.59,-0.00134
50.6,-0.00113
50.61,-0.00103
50.62,-0.00101
50.63,-0.00108
50.64,-0.00123
50.65,-0.00145
50.66,-0.0017
50.67,-0.00185
50.68,-0.00176
50.69,-0.0015
50.7,-0.00122
50.71,-9.874E-4
50.72,-8.262E-4
50.73,-7.226E-4
50.74,-6.605E-4
50.75,-6.254E-4
50.76,-6.079E-4
50.77,-6.018E-4
50.78,-6.038E-4
50.79,-6.131E-4
50.8,-6.285E-4
50.81,-6.504E-4
50.82,-6.79E-4
50.83,-7.151E-4
50.84,-7.6E-4
50.85,-8.149E-4
50.86,-8.821E-4
50.87,-9.647E-4
50.88,-0.00107
50.89,-0.0012
50.9,-0.00136
50.91,-0.00159
50.92,-0.0019
50.93,-0.00236
50.94,-0.00304
50.95,-0.00402
50.96,-0.0054
50.97,-0.00714
50.98,-0.00897
50.99,-0.01038
51,-0.01133
51.01,-0.01254
51.02,-0.01455
51.03,-0.01692
51.04,-0.01807
51.05,-0.01668
51.06,-0.01359
51.07,-0.0105
51.08,-0.00824
51.09,-0.00694
51.1,-0.00648
51.11,-0.00657
51.12,-0.00678
51.13,-0.0069
51.14,-0.00715
51.15,-0.00782
51.16,-0.00882
51.17,-0.00946
51.18,-0.00894
51.19,-0.00737
51.2,-0.00558
51.21,-0.00408
51.22,-0.00298
51.23,-0.00223
51.24,-0.00174
51.25,-0.00142
51.26,-0.00119
51.27,-0.00103
51.28,-9.047E-4
51.29,-8.058E-4
51.3,-7.253E-4
51.31,-6.586E-4
51.32,-6.032E-4
51.33,-5.561E-4
51.34,-5.159E-4
51.35,-4.812E-4
51.36,-4.51E-4
51.37,-4.247E-4
51.38,-4.013E-4
51.39,-3.806E-4
51.4,-3.622E-4
51.41,-3.457E-4
51.42,-3.311E-4
51.43,-3.18E-4
51.44,-3.061E-4
51.45,-2.945E-4
51.46,-2.844E-4
51.47,-2.752E-4
51.48,-2.668E-4
51.49,-2.591E-4
51.5,-2.52E-4
51.51,-2.455E-4
51.52,-2.395E-4
51.53,-2.339E-4
51.54,-2.288E-4
51.55,-2.24E-4
51.56,-2.196E-4
51.57,-2.155E-4
51.58,-2.117E-4
51.59,-2.081E-4
51.6,-2.048E-4
51.61,-2.018E-4
51.62,-1.989E-4
51.63,-1.963E-4
51.64,-1.939E-4
51.65,-1.919E-4
51.66,-1.898E-4
51.67,-1.879E-4
51.68,-1.864E-4
51.69,-1.844E-4
51.7,-1.829E-4
51.71,-1.818E-4
51.72,-1.806E-4
51.73,-1.795E-4
51.74,-1.785E-4
51.75,-1.776E-4
51.76,-1.768E-4
51.77,-1.762E-4
51.78,-1.757E-4
51.79,-1.752E-4
51.8,-1.746E-4
51.81,-1.744E-4
51.82,-1.743E-4
51.83,-1.743E-4
51.84,-1.744E-4
51.85,-1.747E-4
51.86,-1.753E-4
51.87,-1.758E-4
51.88,-1.759E-4
51.89,-1.767E-4
51.9,-1.773E-4
51.91,-1.784E-4
51.92,-1.8E-4
51.93,-1.816E-4
51.94,-1.834E-4
51.95,-1.854E-4
51.96,-1.881E-4
51.97,-1.909E-4
51.98,-1.94E-4
51.99,-1.982E-4
52,-2.026E-4
52.01,-2.074E-4
52.02,-2.135E-4
52.03,-2.208E-4
52.04,-2.299E-4
52.05,-2.408E-4
52.06,-2.552E-4
52.07,-2.748E-4
52.08,-3.022E-4
52.09,-3.431E-4
52.1,-4.058E-4
52.11,-5.013E-4
52.12,-6.392E-4
52.13,-8.228E-4
52.14,-0.00103
52.15,-0.00118
52.16,-0.00118
52.17,-0.00104
52.18,-8.388E-4
52.19,-6.681E-4
52.2,-5.444E-4
52.21,-4.664E-4
52.22,-4.253E-4
52.23,-4.136E-4
52.24,-4.279E-4
52.25,-4.685E-4
52.26,-5.362E-4
52.27,-6.269E-4
52.28,-7.189E-4
52.29,-7.643E-4
52.3,-7.272E-4
52.31,-6.362E-4
52.32,-5.4E-4
52.33,-4.632E-4
52.34,-4.098E-4
52.35,-3.761E-4
52.36,-3.567E-4
52.37,-3.467E-4
52.38,-3.427E-4
52.39,-3.425E-4
52.4,-3.451E-4
52.41,-3.498E-4
52.42,-3.563E-4
52.43,-3.643E-4
52.44,-3.74E-4
52.45,-3.852E-4
52.46,-3.98E-4
52.47,-4.124E-4
52.48,-4.287E-4
52.49,-4.473E-4
52.5,-4.677E-4
52.51,-4.91E-4
52.52,-5.165E-4
52.53,-5.452E-4
52.54,-5.776E-4
52.55,-6.148E-4
52.56,-6.572E-4
52.57,-7.058E-4
52.58,-7.618E-4
52.59,-8.267E-4
52.6,-9.027E-4
52.61,-9.923E-4
52.62,-0.0011
52.63,-0.00123
52.64,-0.00138
52.65,-0.00158
52.66,-0.00183
52.67,-0.00215
52.68,-0.00259
52.69,-0.00323
52.7,-0.00419
52.71,-0.00567
52.72,-0.0079
52.73,-0.01111
52.74,-0.01529
52.75,-0.01984
52.76,-0.02297
52.77,-0.0226
52.78,-0.0191
52.79,-0.01474
52.8,-0.01102
52.81,-0.00839
52.82,-0.0068
52.83,-0.00611
52.84,-0.00621
52.85,-0.00704
52.86,-0.00861
52.87,-0.01081
52.88,-0.01322
52.89,-0.01507
52.9,-0.01546
52.91,-0.01393
52.92,-0.01122
52.93,-0.0085
52.94,-0.00634
52.95,-0.00485
52.96,-0.00393
52.97,-0.00348
52.98,-0.00339
52.99,-0.00363
53,-0.00413
53.01,-0.00476
53.02,-0.0052
53.03,-0.00511
53.04,-0.00445
53.05,-0.00358
53.06,-0.00278
53.07,-0.00218
53.08,-0.00175
53.09,-0.00148
53.1,-0.00132
53.11,-0.00124
53.12,-0.00124
53.13,-0.0013
53.14,-0.00143
53.15,-0.0016
53.16,-0.00175
53.17,-0.00178
53.18,-0.00163
53.19,-0.00141
53.2,-0.0012
53.21,-0.00104
53.22,-9.403E-4
53.23,-8.83E-4
53.24,-8.624E-4
53.25,-8.722E-4
53.26,-9.101E-4
53.27,-9.813E-4
53.28,-0.0011
53.29,-0.00129
53.3,-0.0016
53.31,-0.00208
53.32,-0.00276
53.33,-0.00365
53.34,-0.00461
53.35,-0.00525
53.36,-0.00515
53.37,-0.00439
53.38,-0.00345
53.39,-0.00263
53.4,-0.00203
53.41,-0.00165
53.42,-0.00144
53.43,-0.00137
53.44,-0.00142
53.45,-0.0016
53.46,-0.00191
53.47,-0.00233
53.48,-0.0028
53.49,-0.00308
53.5,-0.00297
53.51,-0.00254
53.52,-0.00202
53.53,-0.00158
53.54,-0.00126
53.55,-0.00103
53.56,-8.9E-4
53.57,-8.016E-4
53.58,-7.484E-4
53.59,-7.192E-4
53.6,-7.064E-4
53.61,-7.057E-4
53.62,-7.112E-4
53.63,-7.159E-4
53.64,-7.148E-4
53.65,-7.119E-4
53.66,-7.143E-4
53.67,-7.249E-4
53.68,-7.447E-4
53.69,-7.74E-4
53.7,-8.134E-4
53.71,-8.637E-4
53.72,-9.268E-4
53.73,-0.00101
53.74,-0.0011
53.75,-0.00123
53.76,-0.0014
53.77,-0.00162
53.78,-0.00193
53.79,-0.00239
53.8,-0.0031
53.81,-0.00415
53.82,-0.00568
53.83,-0.00774
53.84,-0.01016
53.85,-0.01239
53.86,-0.0135
53.87,-0.01281
53.88,-0.0107
53.89,-0.00827
53.9,-0.00622
53.91,-0.00474
53.92,-0.0038
53.93,-0.0033
53.94,-0.00317
53.95,-0.00335
53.96,-0.00387
53.97,-0.00469
53.98,-0.00576
53.99,-0.00678
54,-0.00732
54.01,-0.00699
54.02,-0.00593
54.03,-0.00466
54.04,-0.00355
54.05,-0.00271
54.06,-0.00213
54.07,-0.00175
54.08,-0.0015
54.09,-0.00133
54.1,-0.00121
54.11,-0.00113
54.12,-0.00108
54.13,-0.00103
54.14,-0.001
54.15,-9.853E-4
54.16,-9.746E-4
54.17,-9.714E-4
54.18,-9.748E-4
54.19,-9.846E-4
54.2,-0.001
54.21,-0.00102
54.22,-0.00105
54.23,-0.00109
54.24,-0.00113
54.25,-0.00118
54.26,-0.00124
54.27,-0.00132
54.28,-0.00141
54.29,-0.00151
54.3,-0.00164
54.31,-0.00179
54.32,-0.00199
54.33,-0.00223
54.34,-0.00255
54.35,-0.00298
54.36,-0.0036
54.37,-0.00452
54.38,-0.00588
54.39,-0.00788
54.4,-0.01065
54.41,-0.01415
54.42,-0.01795
54.43,-0.02092
54.44,-0.0214
54.45,-0.019
54.46,-0.01532
54.47,-0.01188
54.48,-0.00929
54.49,-0.0076
54.5,-0.0067
54.51,-0.00647
54.52,-0.00684
54.53,-0.00786
54.54,-0.00963
54.55,-0.01224
54.56,-0.01565
54.57,-0.01945
54.58,-0.02262
54.59,-0.02391
54.6,-0.02267
54.61,-0.01933
54.62,-0.01534
54.63,-0.01185
54.64,-0.00927
54.65,-0.00757
54.66,-0.00657
54.67,-0.00611
54.68,-0.0061
54.69,-0.00649
54.7,-0.00731
54.71,-0.00861
54.72,-0.01037
54.73,-0.01245
54.74,-0.01445
54.75,-0.01618
54.76,-0.01822
54.77,-0.02131
54.78,-0.02552
54.79,-0.02967
54.8,-0.03128
54.81,-0.02885
54.82,-0.02391
54.83,-0.01887
54.84,-0.01488
54.85,-0.01222
54.86,-0.01079
54.87,-0.01047
54.88,-0.01118
54.89,-0.01293
54.9,-0.01574
54.91,-0.01947
54.92,-0.02345
54.93,-0.02649
54.94,-0.02761
54.95,-0.02665
54.96,-0.02474
54.97,-0.02363
54.98,-0.02443
54.99,-0.0274
55,-0.03187
55.01,-0.03582
55.02,-0.03631
55.03,-0.03267
55.04,-0.0273
55.05,-0.02246
55.06,-0.01884
55.07,-0.01612
55.08,-0.01385
55.09,-0.01206
55.1,-0.01099
55.11,-0.01079
55.12,-0.01154
55.13,-0.01323
55.14,-0.01569
55.15,-0.01826
55.16,-0.01966
55.17,-0.01889
55.18,-0.01666
55.19,-0.01445
55.2,-0.01312
55.21,-0.01296
55.22,-0.01388
55.23,-0.01542
55.24,-0.01654
55.25,-0.01608
55.26,-0.01403
55.27,-0.01147
55.28,-0.00922
55.29,-0.00753
55.3,-0.0064
55.31,-0.00576
55.32,-0.0055
55.33,-0.00558
55.34,-0.00597
55.35,-0.00672
55.36,-0.00782
55.37,-0.00923
55.38,-0.01066
55.39,-0.01164
55.4,-0.0119
55.41,-0.01196
55.42,-0.01257
55.43,-0.01432
55.44,-0.01761
55.45,-0.02263
55.46,-0.02914
55.47,-0.03578
55.48,-0.03961
55.49,-0.03805
55.5,-0.03233
55.51,-0.02562
55.52,-0.01979
55.53,-0.01543
55.54,-0.01253
55.55,-0.01086
55.56,-0.01021
55.57,-0.01046
55.58,-0.01158
55.59,-0.01366
55.6,-0.01669
55.61,-0.02042
55.62,-0.02392
55.63,-0.02566
55.64,-0.02511
55.65,-0.02357
55.66,-0.02251
55.67,-0.02265
55.68,-0.02452
55.69,-0.02854
55.7,-0.03457
55.71,-0.04119
55.72,-0.04514
55.73,-0.04332
55.74,-0.03672
55.75,-0.02887
55.76,-0.02212
55.77,-0.01716
55.78,-0.01393
55.79,-0.01214
55.8,-0.01144
55.81,-0.01155
55.82,-0.01237
55.83,-0.01401
55.84,-0.01659
55.85,-0.01993
55.86,-0.02309
55.87,-0.02433
55.88,-0.0227
55.89,-0.01937
55.9,-0.01612
55.91,-0.01388
55.92,-0.01287
55.93,-0.01296
55.94,-0.01366
55.95,-0.01403
55.96,-0.01322
55.97,-0.01133
55.98,-0.00918
55.99,-0.00732
56,-0.00591
56.01,-0.00493
56.02,-0.00431
56.03,-0.00398
56.04,-0.00389
56.05,-0.00402
56.06,-0.00439
56.07,-0.00501
56.08,-0.0058
56.09,-0.00657
56.1,-0.00691
56.11,-0.00652
56.12,-0.00564
56.13,-0.00469
56.14,-0.00389
56.15,-0.0033
56.16,-0.00289
56.17,-0.00264
56.18,-0.00248
56.19,-0.0024
56.2,-0.00237
56.21,-0.00238
56.22,-0.00242
56.23,-0.00251
56.24,-0.00263
56.25,-0.0028
56.26,-0.00301
56.27,-0.00325
56.28,-0.00349
56.29,-0.00371
56.3,-0.00395
56.31,-0.00426
56.32,-0.00471
56.33,-0.00537
56.34,-0.00634
56.35,-0.00775
56.36,-0.00972
56.37,-0.01237
56.38,-0.01566
56.39,-0.01922
56.4,-0.02232
56.41,-0.02458
56.42,-0.02671
56.43,-0.02998
56.44,-0.03521
56.45,-0.04214
56.46,-0.04858
56.47,-0.05068
56.48,-0.0465
56.49,-0.03871
56.5,-0.03096
56.51,-0.02507
56.52,-0.02144
56.53,-0.01983
56.54,-0.01961
56.55,-0.02
56.56,-0.0206
56.57,-0.02167
56.58,-0.02368
56.59,-0.02664
56.6,-0.02988
56.61,-0.03219
56.62,-0.03208
56.63,-0.02918
56.64,-0.02506
56.65,-0.02132
56.66,-0.01833
56.67,-0.0157
56.68,-0.01317
56.69,-0.01096
56.7,-0.00926
56.71,-0.0081
56.72,-0.00742
56.73,-0.0071
56.74,-0.00689
56.75,-0.00654
56.76,-0.00601
56.77,-0.0055
56.78,-0.00519
56.79,-0.00514
56.8,-0.00526
56.81,-0.00536
56.82,-0.00517
56.83,-0.00463
56.84,-0.00395
56.85,-0.00332
56.86,-0.00282
56.87,-0.00244
56.88,-0.00217
56.89,-0.00198
56.9,-0.00184
56.91,-0.00174
56.92,-0.00166
56.93,-0.0016
56.94,-0.00155
56.95,-0.00151
56.96,-0.00148
56.97,-0.00145
56.98,-0.00143
56.99,-0.00142
57,-0.00141
57.01,-0.0014
57.02,-0.0014
57.03,-0.0014
57.04,-0.00141
57.05,-0.00141
57.06,-0.00143
57.07,-0.00144
57.08,-0.00146
57.09,-0.00148
57.1,-0.00151
57.11,-0.00154
57.12,-0.00157
57.13,-0.00161
57.14,-0.00165
57.15,-0.0017
57.16,-0.00175
57.17,-0.00181
57.18,-0.00188
57.19,-0.00195
57.2,-0.00203
57.21,-0.00212
57.22,-0.00222
57.23,-0.00233
57.24,-0.00246
57.25,-0.0026
57.26,-0.00276
57.27,-0.00295
57.28,-0.00316
57.29,-0.0034
57.3,-0.00368
57.31,-0.00402
57.32,-0.00441
57.33,-0.00489
57.34,-0.00547
57.35,-0.00622
57.36,-0.0072
57.37,-0.00853
57.38,-0.01042
57.39,-0.01309
57.4,-0.0168
57.41,-0.02175
57.42,-0.02785
57.43,-0.03435
57.44,-0.03948
57.45,-0.04191
57.46,-0.0429
57.47,-0.04509
57.48,-0.05011
57.49,-0.05776
57.5,-0.06547
57.51,-0.06847
57.52,-0.06402
57.53,-0.05492
57.54,-0.0458
57.55,-0.03925
57.56,-0.03605
57.57,-0.03606
57.58,-0.03845
57.59,-0.04162
57.6,-0.04349
57.61,-0.04327
57.62,-0.04235
57.63,-0.04279
57.64,-0.04565
57.65,-0.05054
57.66,-0.05565
57.67,-0.05937
57.68,-0.06236
57.69,-0.06592
57.7,-0.06876
57.71,-0.06727
57.72,-0.06013
57.73,-0.05032
57.74,-0.04118
57.75,-0.03384
57.76,-0.02799
57.77,-0.02325
57.78,-0.01969
57.79,-0.01741
57.8,-0.01643
57.81,-0.01676
57.82,-0.01842
57.83,-0.02135
57.84,-0.02521
57.85,-0.0289
57.86,-0.03043
57.87,-0.0285
57.88,-0.02415
57.89,-0.01935
57.9,-0.01523
57.91,-0.0121
57.92,-0.0099
57.93,-0.00843
57.94,-0.00751
57.95,-0.00696
57.96,-0.00667
57.97,-0.0066
57.98,-0.00673
57.99,-0.0071
58,-0.00779
58.01,-0.00894
58.02,-0.01073
58.03,-0.01337
58.04,-0.01701
58.05,-0.02156
58.06,-0.02633
58.07,-0.02968
58.08,-0.02978
58.09,-0.02683
58.1,-0.02283
58.11,-0.01946
58.12,-0.01746
58.13,-0.01709
58.14,-0.01841
58.15,-0.02133
58.16,-0.02552
58.17,-0.02998
58.18,-0.0329
58.19,-0.03295
58.2,-0.03099
58.21,-0.02872
58.22,-0.02672
58.23,-0.02435
58.24,-0.02116
58.25,-0.01771
58.26,-0.01478
58.27,-0.01274
58.28,-0.01167
58.29,-0.01154
58.3,-0.01229
58.31,-0.01376
58.32,-0.01559
58.33,-0.01699
58.34,-0.01701
58.35,-0.01553
58.36,-0.01341
58.37,-0.01144
58.38,-0.00999
58.39,-0.0091
58.4,-0.00878
58.41,-0.009
58.42,-0.0098
58.43,-0.01133
58.44,-0.01381
58.45,-0.01752
58.46,-0.02265
58.47,-0.0291
58.48,-0.03599
58.49,-0.04103
58.5,-0.04149
58.51,-0.03727
58.52,-0.03106
58.53,-0.02532
58.54,-0.02116
58.55,-0.01885
58.56,-0.01841
58.57,-0.01975
58.58,-0.02275
58.59,-0.02711
58.6,-0.03193
58.61,-0.03561
58.62,-0.03698
58.63,-0.03666
58.64,-0.03563
58.65,-0.03358
58.66,-0.02989
58.67,-0.02525
58.68,-0.02097
58.69,-0.01779
58.7,-0.01592
58.71,-0.0154
58.72,-0.01625
58.73,-0.01857
58.74,-0.02241
58.75,-0.02762
58.76,-0.03352
58.77,-0.03869
58.78,-0.04141
58.79,-0.04021
58.8,-0.03526
58.81,-0.02865
58.82,-0.02243
58.83,-0.01747
58.84,-0.01389
58.85,-0.0115
58.86,-0.01005
58.87,-0.00934
58.88,-0.00924
58.89,-0.00973
58.9,-0.01084
58.91,-0.01258
58.92,-0.01485
58.93,-0.01722
58.94,-0.01874
58.95,-0.01849
58.96,-0.01665
58.97,-0.01425
58.98,-0.0121
58.99,-0.01051
59,-0.00953
59.01,-0.00907
59.02,-0.00908
59.03,-0.00951
59.04,-0.01038
59.05,-0.01179
59.06,-0.01398
59.07,-0.01729
59.08,-0.02223
59.09,-0.02932
59.1,-0.03894
59.11,-0.05093
59.12,-0.06398
59.13,-0.07472
59.14,-0.07802
59.15,-0.07164
59.16,-0.05939
59.17,-0.0465
59.18,-0.03574
59.19,-0.02778
59.2,-0.02241
59.21,-0.01913
59.22,-0.01753
59.23,-0.01738
59.24,-0.01866
59.25,-0.02146
59.26,-0.02579
59.27,-0.0314
59.28,-0.03738
59.29,-0.04173
59.3,-0.04196
59.31,-0.03768
59.32,-0.03123
59.33,-0.02504
59.34,-0.02021
59.35,-0.01697
59.36,-0.01508
59.37,-0.01407
59.38,-0.01328
59.39,-0.01216
59.4,-0.01064
59.41,-0.00906
59.42,-0.00769
59.43,-0.00664
59.44,-0.00589
59.45,-0.00538
59.46,-0.00506
59.47,-0.00486
59.48,-0.00478
59.49,-0.00483
59.5,-0.00504
59.51,-0.00542
59.52,-0.00595
59.53,-0.00654
59.54,-0.007
59.55,-0.00723
59.56,-0.00736
59.57,-0.0077
59.58,-0.0085
59.59,-0.0099
59.6,-0.01191
59.61,-0.0143
59.62,-0.01639
59.63,-0.01709
59.64,-0.01591
59.65,-0.01355
59.66,-0.01101
59.67,-0.00887
59.68,-0.00727
59.69,-0.00618
59.7,-0.00552
59.71,-0.0052
59.72,-0.00516
59.73,-0.0054
59.74,-0.00593
59.75,-0.00676
59.76,-0.00787
59.77,-0.00914
59.78,-0.01021
59.79,-0.01057
59.8,-0.01001
59.81,-0.00893
59.82,-0.00782
59.83,-0.00694
59.84,-0.00636
59.85,-0.00605
59.86,-0.00599
59.87,-0.00614
59.88,-0.00646
59.89,-0.00697
59.9,-0.00769
59.91,-0.00871
59.92,-0.01015
59.93,-0.01225
59.94,-0.01534
59.95,-0.01981
59.96,-0.0261
59.97,-0.03443
59.98,-0.0445
59.99,-0.05468
60,-0.06135
60.01,-0.06087
60.02,-0.05372
60.03,-0.0439
60.04,-0.03471
60.05,-0.02746
60.06,-0.02234
60.07,-0.01912
60.08,-0.01745
60.09,-0.01706
60.1,-0.01783
60.11,-0.01978
60.12,-0.02303
60.13,-0.02769
60.14,-0.03372
60.15,-0.04051
60.16,-0.04661
60.17,-0.05061
60.18,-0.05316
60.19,-0.05664
60.2,-0.06275
60.21,-0.0713
60.22,-0.07957
60.23,-0.08283
60.24,-0.07856
60.25,-0.06976
60.26,-0.06131
60.27,-0.05623
60.28,-0.05559
60.29,-0.05927
60.3,-0.06595
60.31,-0.07253
60.32,-0.07465
60.33,-0.07054
60.34,-0.06309
60.35,-0.05634
60.36,-0.05238
60.37,-0.05136
60.38,-0.05186
60.39,-0.05124
60.4,-0.04773
60.41,-0.04228
60.42,-0.03716
60.43,-0.03391
60.44,-0.03313
60.45,-0.03483
60.46,-0.03849
60.47,-0.04269
60.48,-0.04518
60.49,-0.04443
60.5,-0.04084
60.51,-0.03548
60.52,-0.02933
60.53,-0.02345
60.54,-0.01857
60.55,-0.01486
60.56,-0.01219
60.57,-0.01034
60.58,-0.00911
60.59,-0.00833
60.6,-0.0079
60.61,-0.0078
60.62,-0.00801
60.63,-0.00853
60.64,-0.00936
60.65,-0.01037
60.66,-0.0113
60.67,-0.01174
60.68,-0.01155
60.69,-0.01109
60.7,-0.01086
60.71,-0.01122
60.72,-0.01239
60.73,-0.01456
60.74,-0.01783
60.75,-0.02209
60.76,-0.02683
60.77,-0.03116
60.78,-0.03385
60.79,-0.03356
60.8,-0.03004
60.81,-0.02481
60.82,-0.01963
60.83,-0.01535
60.84,-0.01218
60.85,-0.01004
60.86,-0.00876
60.87,-0.00818
60.88,-0.00823
60.89,-0.00887
60.9,-0.0101
60.91,-0.01188
60.92,-0.01401
60.93,-0.01609
60.94,-0.01757
60.95,-0.01775
60.96,-0.01628
60.97,-0.01371
60.98,-0.01095
60.99,-0.00854
61,-0.00665
61.01,-0.00527
61.02,-0.00428
61.03,-0.00358
61.04,-0.00309
61.05,-0.00272
61.06,-0.00245
61.07,-0.00223
61.08,-0.00205
61.09,-0.00191
61.1,-0.00178
61.11,-0.00168
61.12,-0.00159
61.13,-0.00151
61.14,-0.00144
61.15,-0.00138
61.16,-0.00133
61.17,-0.00128
61.18,-0.00124
61.19,-0.0012
61.2,-0.00117
61.21,-0.00114
61.22,-0.00111
61.23,-0.00109
61.24,-0.00107
61.25,-0.00105
61.26,-0.00103
61.27,-0.00102
61.28,-0.00101
61.29,-0.001
61.3,-9.958E-4
61.31,-9.916E-4
61.32,-9.896E-4
61.33,-9.9E-4
61.34,-9.928E-4
61.35,-9.982E-4
61.36,-0.00101
61.37,-0.00102
61.38,-0.00103
61.39,-0.00105
61.4,-0.00108
61.41,-0.0011
61.42,-0.00114
61.43,-0.00118
61.44,-0.00123
61.45,-0.0013
61.46,-0.00137
61.47,-0.00147
61.48,-0.00159
61.49,-0.00175
61.5,-0.00195
61.51,-0.00224
61.52,-0.00265
61.53,-0.00324
61.54,-0.00409
61.55,-0.00528
61.56,-0.00687
61.57,-0.00883
61.58,-0.01091
61.59,-0.01251
61.6,-0.01286
61.61,-0.01175
61.62,-0.00982
61.63,-0.00783
61.64,-0.00614
61.65,-0.00487
61.66,-0.00399
61.67,-0.00343
61.68,-0.00313
61.69,-0.00304
61.7,-0.00316
61.71,-0.00349
61.72,-0.00404
61.73,-0.00481
61.74,-0.00574
61.75,-0.00664
61.76,-0.00713
61.77,-0.00691
61.78,-0.00609
61.79,-0.00504
61.8,-0.00407
61.81,-0.00328
61.82,-0.00269
61.83,-0.00227
61.84,-0.00199
61.85,-0.00179
61.86,-0.00166
61.87,-0.00157
61.88,-0.0015
61.89,-0.00146
61.9,-0.00143
61.91,-0.00142
61.92,-0.00141
61.93,-0.00141
61.94,-0.00142
61.95,-0.00144
61.96,-0.00147
61.97,-0.0015
61.98,-0.00155
61.99,-0.0016
62,-0.00166
62.01,-0.00174
62.02,-0.00183
62.03,-0.00195
62.04,-0.00209
62.05,-0.00227
62.06,-0.0025
62.07,-0.00279
62.08,-0.00316
62.09,-0.00362
62.1,-0.00415
62.11,-0.00473
62.12,-0.00529
62.13,-0.00583
62.14,-0.00652
62.15,-0.00757
62.16,-0.0092
62.17,-0.01159
62.18,-0.01484
62.19,-0.01884
62.2,-0.02305
62.21,-0.02618
62.22,-0.02669
62.23,-0.02434
62.24,-0.02047
62.25,-0.01654
62.26,-0.01328
62.27,-0.01086
62.28,-0.0092
62.29,-0.00812
62.3,-0.00748
62.31,-0.00724
62.32,-0.00741
62.33,-0.00802
62.34,-0.0091
62.35,-0.01067
62.36,-0.01262
62.37,-0.01458
62.38,-0.01585
62.39,-0.01573
62.4,-0.01432
62.41,-0.01239
62.42,-0.01056
62.43,-0.00911
62.44,-0.00811
62.45,-0.00751
62.46,-0.00725
62.47,-0.00726
62.48,-0.0075
62.49,-0.00795
62.5,-0.00861
62.51,-0.00955
62.52,-0.01082
62.53,-0.01255
62.54,-0.01487
62.55,-0.01798
62.56,-0.02206
62.57,-0.02726
62.58,-0.03358
62.59,-0.04097
62.6,-0.04987
62.61,-0.06118
62.62,-0.07524
62.63,-0.09085
62.64,-0.10448
62.65,-0.11044
62.66,-0.10479
62.67,-0.09018
62.68,-0.07288
62.69,-0.0573
62.7,-0.04513
62.71,-0.03656
62.72,-0.03119
62.73,-0.02844
62.74,-0.02776
62.75,-0.02867
62.76,-0.03081
62.77,-0.03427
62.78,-0.03937
62.79,-0.0462
62.8,-0.05408
62.81,-0.06117
62.82,-0.0646
62.83,-0.06258
62.84,-0.05636
62.85,-0.04832
62.86,-0.0399
62.87,-0.03196
62.88,-0.0252
62.89,-0.01991
62.9,-0.01599
62.91,-0.01319
62.92,-0.01122
62.93,-0.00985
62.94,-0.00894
62.95,-0.00837
62.96,-0.00809
62.97,-0.0081
62.98,-0.00839
62.99,-0.00895
63,-0.00972
63.01,-0.01051
63.02,-0.01101
63.03,-0.01096
63.04,-0.01048
63.05,-0.00992
63.06,-0.00957
63.07,-0.00955
63.08,-0.00982
63.09,-0.0102
63.1,-0.01043
63.11,-0.01038
63.12,-0.01018
63.13,-0.0101
63.14,-0.0103
63.15,-0.01094
63.16,-0.01214
63.17,-0.01412
63.18,-0.01717
63.19,-0.02167
63.2,-0.02804
63.21,-0.03658
63.22,-0.04724
63.23,-0.05903
63.24,-0.06922
63.25,-0.07374
63.26,-0.07053
63.27,-0.06195
63.28,-0.05188
63.29,-0.04262
63.3,-0.03479
63.31,-0.02837
63.32,-0.0234
63.33,-0.01992
63.34,-0.01784
63.35,-0.01707
63.36,-0.01759
63.37,-0.01941
63.38,-0.02257
63.39,-0.02698
63.4,-0.03213
63.41,-0.03675
63.42,-0.03882
63.43,-0.03716
63.44,-0.03281
63.45,-0.02772
63.46,-0.0231
63.47,-0.01929
63.48,-0.01626
63.49,-0.01403
63.5,-0.01265
63.51,-0.01205
63.52,-0.01211
63.53,-0.01258
63.54,-0.01305
63.55,-0.01308
63.56,-0.01256
63.57,-0.01184
63.58,-0.01131
63.59,-0.01109
63.6,-0.01101
63.61,-0.01072
63.62,-0.00995
63.63,-0.00883
63.64,-0.0077
63.65,-0.00678
63.66,-0.00619
63.67,-0.00593
63.68,-0.00601
63.69,-0.0064
63.7,-0.00702
63.71,-0.00775
63.72,-0.00841
63.73,-0.00894
63.74,-0.00953
63.75,-0.01036
63.76,-0.01141
63.77,-0.01232
63.78,-0.0125
63.79,-0.01162
63.8,-0.00999
63.81,-0.00819
63.82,-0.00658
63.83,-0.0053
63.84,-0.00435
63.85,-0.00368
63.86,-0.00325
63.87,-0.003
63.88,-0.0029
63.89,-0.00295
63.9,-0.00314
63.91,-0.00349
63.92,-0.00399
63.93,-0.00458
63.94,-0.00514
63.95,-0.00543
63.96,-0.00528
63.97,-0.00474
63.98,-0.00402
63.99,-0.00333
64,-0.00274
64.01,-0.00229
64.02,-0.00196
64.03,-0.00172
64.04,-0.00156
64.05,-0.00145
64.06,-0.00137
64.07,-0.00133
64.08,-0.00131
64.09,-0.00132
64.1,-0.00135
64.11,-0.0014
64.12,-0.00147
64.13,-0.00154
64.14,-0.0016
64.15,-0.00164
64.16,-0.00169
64.17,-0.00176
64.18,-0.00184
64.19,-0.0019
64.2,-0.00191
64.21,-0.00185
64.22,-0.00179
64.23,-0.00175
64.24,-0.00176
64.25,-0.00182
64.26,-0.00196
64.27,-0.00218
64.28,-0.0025
64.29,-0.00297
64.3,-0.0036
64.31,-0.00443
64.32,-0.00546
64.33,-0.00671
64.34,-0.00816
64.35,-0.00964
64.36,-0.01072
64.37,-0.01087
64.38,-0.00998
64.39,-0.00846
64.4,-0.00687
64.41,-0.0055
64.42,-0.00445
64.43,-0.00371
64.44,-0.00324
64.45,-0.00299
64.46,-0.00293
64.47,-0.00304
64.48,-0.0033
64.49,-0.00371
64.5,-0.00425
64.51,-0.00493
64.52,-0.00572
64.53,-0.00647
64.54,-0.00697
64.55,-0.00708
64.56,-0.00693
64.57,-0.0068
64.58,-0.00691
64.59,-0.00725
64.6,-0.00764
64.61,-0.00773
64.62,-0.00726
64.63,-0.00633
64.64,-0.00525
64.65,-0.00426
64.66,-0.00347
64.67,-0.00287
64.68,-0.00245
64.69,-0.00218
64.7,-0.00201
64.71,-0.00194
64.72,-0.00196
64.73,-0.00208
64.74,-0.00229
64.75,-0.00261
64.76,-0.00302
64.77,-0.00345
64.78,-0.00378
64.79,-0.00383
64.8,-0.00356
64.81,-0.00311
64.82,-0.00262
64.83,-0.00219
64.84,-0.00186
64.85,-0.00161
64.86,-0.00144
64.87,-0.00132
64.88,-0.00125
64.89,-0.0012
64.9,-0.00118
64.91,-0.00117
64.92,-0.00118
64.93,-0.0012
64.94,-0.00122
64.95,-0.00126
64.96,-0.00132
64.97,-0.00138
64.98,-0.00146
64.99,-0.00155
65,-0.00167
65.01,-0.00181
65.02,-0.00198
65.03,-0.00219
65.04,-0.00245
65.05,-0.00278
65.06,-0.00321
65.07,-0.0038
65.08,-0.00462
65.09,-0.00578
65.1,-0.00742
65.11,-0.00968
65.12,-0.01267
65.13,-0.01638
65.14,-0.02055
65.15,-0.02434
65.16,-0.02638
65.17,-0.02564
65.18,-0.02256
65.19,-0.01854
65.2,-0.01469
65.21,-0.01152
65.22,-0.00913
65.23,-0.00745
65.24,-0.00637
65.25,-0.00577
65.26,-0.00558
65.27,-0.00578
65.28,-0.00636
65.29,-0.00736
65.3,-0.0088
65.31,-0.01066
65.32,-0.01272
65.33,-0.01449
65.34,-0.01527
65.35,-0.01467
65.36,-0.01309
65.37,-0.01128
65.38,-0.00976
65.39,-0.00873
65.4,-0.0082
65.41,-0.00801
65.42,-0.00791
65.43,-0.00764
65.44,-0.0071
65.45,-0.00639
65.46,-0.00572
65.47,-0.00522
65.48,-0.00493
65.49,-0.00483
65.5,-0.00483
65.51,-0.00481
65.52,-0.00471
65.53,-0.00462
65.54,-0.00463
65.55,-0.00485
65.56,-0.00533
65.57,-0.00609
65.58,-0.00704
65.59,-0.00795
65.6,-0.00846
65.61,-0.00828
65.62,-0.0075
65.63,-0.00645
65.64,-0.00544
65.65,-0.00462
65.66,-0.00403
65.67,-0.00363
65.68,-0.00334
65.69,-0.00309
65.7,-0.00285
65.71,-0.00264
65.72,-0.00253
65.73,-0.00252
65.74,-0.00262
65.75,-0.00284
65.76,-0.00312
65.77,-0.00338
65.78,-0.00349
65.79,-0.00335
65.8,-0.00302
65.81,-0.00264
65.82,-0.00228
65.83,-0.00199
65.84,-0.00178
65.85,-0.00163
65.86,-0.00153
65.87,-0.00147
65.88,-0.00145
65.89,-0.00147
65.9,-0.00151
65.91,-0.0016
65.92,-0.00174
65.93,-0.00194
65.94,-0.00224
65.95,-0.00267
65.96,-0.00328
65.97,-0.00412
65.98,-0.00521
65.99,-0.00655
66,-0.00802
66.01,-0.00931
66.02,-0.00993
66.03,-0.00961
66.04,-0.00855
66.05,-0.00725
66.06,-0.00606
66.07,-0.00511
66.08,-0.0044
66.09,-0.00387
66.1,-0.00346
66.11,-0.00316
66.12,-0.00298
66.13,-0.00294
66.14,-0.00305
66.15,-0.00334
66.16,-0.00379
66.17,-0.00441
66.18,-0.00513
66.19,-0.0058
66.2,-0.00619
66.21,-0.00615
66.22,-0.00581
66.23,-0.00542
66.24,-0.0052
66.25,-0.00526
66.26,-0.00563
66.27,-0.00631
66.28,-0.00724
66.29,-0.00828
66.3,-0.00912
66.31,-0.00936
66.32,-0.00881
66.33,-0.00771
66.34,-0.00646
66.35,-0.00534
66.36,-0.00444
66.37,-0.0038
66.38,-0.00337
66.39,-0.00313
66.4,-0.00305
66.41,-0.00311
66.42,-0.00332
66.43,-0.00368
66.44,-0.00422
66.45,-0.00497
66.46,-0.00598
66.47,-0.00725
66.48,-0.00872
66.49,-0.01028
66.5,-0.01189
66.51,-0.01369
66.52,-0.01578
66.53,-0.01795
66.54,-0.0195
66.55,-0.01955
66.56,-0.01788
66.57,-0.01516
66.58,-0.01226
66.59,-0.00971
66.6,-0.00768
66.61,-0.00617
66.62,-0.00512
66.63,-0.00444
66.64,-0.00406
66.65,-0.00395
66.66,-0.00408
66.67,-0.00446
66.68,-0.00511
66.69,-0.00604
66.7,-0.00722
66.71,-0.00849
66.72,-0.00952
66.73,-0.00985
66.74,-0.00927
66.75,-0.00805
66.76,-0.00662
66.77,-0.00531
66.78,-0.00423
66.79,-0.0034
66.8,-0.00279
66.81,-0.00236
66.82,-0.00207
66.83,-0.00189
66.84,-0.00179
66.85,-0.00176
66.86,-0.0018
66.87,-0.00192
66.88,-0.00214
66.89,-0.00245
66.9,-0.00284
66.91,-0.00328
66.92,-0.00364
66.93,-0.00378
66.94,-0.00362
66.95,-0.00321
66.96,-0.00272
66.97,-0.00226
66.98,-0.00189
66.99,-0.0016
67,-0.0014
67.01,-0.00126
67.02,-0.00119
67.03,-0.00116
67.04,-0.00118
67.05,-0.00123
67.06,-0.00133
67.07,-0.00147
67.08,-0.00165
67.09,-0.00187
67.1,-0.00207
67.11,-0.00219
67.12,-0.00217
67.13,-0.00201
67.14,-0.00179
67.15,-0.00158
67.16,-0.0014
67.17,-0.00127
67.18,-0.00119
67.19,-0.00114
67.2,-0.00114
67.21,-0.00117
67.22,-0.00123
67.23,-0.00132
67.24,-0.00145
67.25,-0.00162
67.26,-0.00187
67.27,-0.00223
67.28,-0.00273
67.29,-0.00343
67.3,-0.00435
67.31,-0.00552
67.32,-0.00687
67.33,-0.00823
67.34,-0.00927
67.35,-0.00959
67.36,-0.00905
67.37,-0.00789
67.38,-0.00655
67.39,-0.00533
67.4,-0.00435
67.41,-0.00365
67.42,-0.00321
67.43,-0.00299
67.44,-0.00295
67.45,-0.00306
67.46,-0.00326
67.47,-0.00352
67.48,-0.00383
67.49,-0.00422
67.5,-0.00467
67.51,-0.00515
67.52,-0.00554
67.53,-0.0057
67.54,-0.00547
67.55,-0.00488
67.56,-0.00413
67.57,-0.0034
67.58,-0.00277
67.59,-0.00229
67.6,-0.00195
67.61,-0.00173
67.62,-0.0016
67.63,-0.00153
67.64,-0.00151
67.65,-0.00149
67.66,-0.00145
67.67,-0.00139
67.68,-0.00132
67.69,-0.00122
67.7,-0.00112
67.71,-0.00102
67.72,-9.317E-4
67.73,-8.652E-4
67.74,-8.171E-4
67.75,-7.847E-4
67.76,-7.657E-4
67.77,-7.572E-4
67.78,-7.576E-4
67.79,-7.652E-4
67.8,-7.803E-4
67.81,-8.021E-4
67.82,-8.309E-4
67.83,-8.673E-4
67.84,-9.121E-4
67.85,-9.665E-4
67.86,-0.00103
67.87,-0.00111
67.88,-0.00121
67.89,-0.00133
67.9,-0.00148
67.91,-0.00166
67.92,-0.00191
67.93,-0.00224
67.94,-0.0027
67.95,-0.00333
67.96,-0.0042
67.97,-0.00537
67.98,-0.00689
67.99,-0.00875
68,-0.01082
68.01,-0.01275
68.02,-0.01394
68.03,-0.0139
68.04,-0.01276
68.05,-0.01111
68.06,-0.00954
68.07,-0.00833
68.08,-0.00757
68.09,-0.00721
68.1,-0.00709
68.11,-0.00699
68.12,-0.00673
68.13,-0.00631
68.14,-0.00586
68.15,-0.00557
68.16,-0.00554
68.17,-0.00582
68.18,-0.00637
68.19,-0.0071
68.2,-0.00777
68.21,-0.00807
68.22,-0.00779
68.23,-0.00707
68.24,-0.00623
68.25,-0.00548
68.26,-0.00493
68.27,-0.00456
68.28,-0.00433
68.29,-0.00415
68.3,-0.00393
68.31,-0.00362
68.32,-0.00323
68.33,-0.00283
68.34,-0.00249
68.35,-0.00224
68.36,-0.00208
68.37,-0.00197
68.38,-0.00188
68.39,-0.00177
68.4,-0.00161
68.41,-0.00145
68.42,-0.00131
68.43,-0.0012
68.44,-0.00112
68.45,-0.00105
68.46,-9.922E-4
68.47,-9.237E-4
68.48,-8.521E-4
68.49,-7.878E-4
68.5,-7.377E-4
68.51,-7.055E-4
68.52,-6.925E-4
68.53,-6.981E-4
68.54,-7.204E-4
68.55,-7.535E-4
68.56,-7.854E-4
68.57,-7.98E-4
68.58,-7.771E-4
68.59,-7.259E-4
68.6,-6.608E-4
68.61,-5.966E-4
68.62,-5.409E-4
68.63,-4.959E-4
68.64,-4.612E-4
68.65,-4.353E-4
68.66,-4.16E-4
68.67,-4.02E-4
68.68,-3.921E-4
68.69,-3.85E-4
68.7,-3.797E-4
68.71,-3.762E-4
68.72,-3.741E-4
68.73,-3.735E-4
68.74,-3.735E-4
68.75,-3.752E-4
68.76,-3.78E-4
68.77,-3.819E-4
68.78,-3.866E-4
68.79,-3.929E-4
68.8,-4.005E-4
68.81,-4.095E-4
68.82,-4.202E-4
68.83,-4.33E-4
68.84,-4.481E-4
68.85,-4.662E-4
68.86,-4.88E-4
68.87,-5.148E-4
68.88,-5.48E-4
68.89,-5.899E-4
68.9,-6.42E-4
68.91,-7.062E-4
68.92,-7.854E-4
68.93,-8.798E-4
68.94,-9.858E-4
68.95,-0.0011
68.96,-0.0012
68.97,-0.00132
68.98,-0.00145
68.99,-0.00165
69,-0.00194
69.01,-0.00233
69.02,-0.00282
69.03,-0.00339
69.04,-0.00395
69.05,-0.00433
69.06,-0.00438
69.07,-0.00409
69.08,-0.00359
69.09,-0.00306
69.1,-0.0026
69.11,-0.00224
69.12,-0.002
69.13,-0.00185
69.14,-0.00178
69.15,-0.00177
69.16,-0.00181
69.17,-0.0019
69.18,-0.00205
69.19,-0.00227
69.2,-0.00255
69.21,-0.00288
69.22,-0.00325
69.23,-0.00362
69.24,-0.00397
69.25,-0.00423
69.26,-0.00444
69.27,-0.00467
69.28,-0.00507
69.29,-0.0057
69.3,-0.0066
69.31,-0.00771
69.32,-0.00889
69.33,-0.01003
69.34,-0.011
69.35,-0.01167
69.36,-0.01175
69.37,-0.01107
69.38,-0.00979
69.39,-0.00833
69.4,-0.00699
69.41,-0.00591
69.42,-0.00513
69.43,-0.00467
69.44,-0.00448
69.45,-0.00454
69.46,-0.00478
69.47,-0.0051
69.48,-0.00541
69.49,-0.00568
69.5,-0.00594
69.51,-0.0062
69.52,-0.00647
69.53,-0.00672
69.54,-0.00688
69.55,-0.00683
69.56,-0.00645
69.57,-0.00577
69.58,-0.00497
69.59,-0.00424
69.6,-0.00364
69.61,-0.0032
69.62,-0.00292
69.63,-0.00279
69.64,-0.00277
69.65,-0.00283
69.66,-0.00293
69.67,-0.00302
69.68,-0.00308
69.69,-0.00315
69.7,-0.00329
69.71,-0.00357
69.72,-0.00405
69.73,-0.00478
69.74,-0.00579
69.75,-0.00708
69.76,-0.00857
69.77,-0.01004
69.78,-0.01107
69.79,-0.01126
69.8,-0.01051
69.81,-0.00918
69.82,-0.0077
69.83,-0.00631
69.84,-0.00515
69.85,-0.00423
69.86,-0.00356
69.87,-0.0031
69.88,-0.00281
69.89,-0.00267
69.9,-0.00267
69.91,-0.00279
69.92,-0.00306
69.93,-0.00347
69.94,-0.00403
69.95,-0.00472
69.96,-0.00544
69.97,-0.00605
69.98,-0.0063
69.99,-0.00608
70,-0.0055
70.01,-0.00478
70.02,-0.00407
70.03,-0.00346
70.04,-0.00298
70.05,-0.00262
70.06,-0.00237
70.07,-0.00221
70.08,-0.00213
70.09,-0.00211
70.1,-0.00213
70.11,-0.00221
70.12,-0.00233
70.13,-0.00251
70.14,-0.00276
70.15,-0.0031
70.16,-0.00356
70.17,-0.0042
70.18,-0.00504
70.19,-0.00615
70.2,-0.00755
70.21,-0.00924
70.22,-0.01111
70.23,-0.01296
70.24,-0.01463
70.25,-0.01608
70.26,-0.01727
70.27,-0.01802
70.28,-0.01811
70.29,-0.0176
70.3,-0.01672
70.31,-0.01553
70.32,-0.01403
70.33,-0.01237
70.34,-0.01082
70.35,-0.00965
70.36,-0.00897
70.37,-0.00883
70.38,-0.00925
70.39,-0.01021
70.4,-0.01165
70.41,-0.01341
70.42,-0.01514
70.43,-0.01636
70.44,-0.01677
70.45,-0.01645
70.46,-0.01568
70.47,-0.01465
70.48,-0.01344
70.49,-0.0122
70.5,-0.01099
70.51,-0.00977
70.52,-0.00852
70.53,-0.00733
70.54,-0.00631
70.55,-0.00554
70.56,-0.00504
70.57,-0.00482
70.58,-0.00485
70.59,-0.00509
70.6,-0.00549
70.61,-0.00592
70.62,-0.00619
70.63,-0.00613
70.64,-0.00569
70.65,-0.00501
70.66,-0.00426
70.67,-0.00357
70.68,-0.003
70.69,-0.00255
70.7,-0.0022
70.71,-0.00193
70.72,-0.00172
70.73,-0.00155
70.74,-0.00143
70.75,-0.00134
70.76,-0.00128
70.77,-0.00125
70.78,-0.00124
70.79,-0.00124
70.8,-0.00124
70.81,-0.00124
70.82,-0.00121
70.83,-0.00116
70.84,-0.00112
70.85,-0.00108
70.86,-0.00106
70.87,-0.00106
70.88,-0.00109
70.89,-0.00115
70.9,-0.00126
70.91,-0.00141
70.92,-0.00163
70.93,-0.00191
70.94,-0.00226
70.95,-0.00263
70.96,-0.00298
70.97,-0.0032
70.98,-0.00318
70.99,-0.00295
71,-0.0026
71.01,-0.00222
71.02,-0.00188
71.03,-0.00161
71.04,-0.0014
71.05,-0.00125
71.06,-0.00115
71.07,-0.0011
71.08,-0.00108
71.09,-0.00109
71.1,-0.00113
71.11,-0.00121
71.12,-0.00132
71.13,-0.00147
71.14,-0.00165
71.15,-0.00185
71.16,-0.00203
71.17,-0.00213
71.18,-0.00213
71.19,-0.00202
71.2,-0.00188
71.21,-0.00173
71.22,-0.00162
71.23,-0.00154
71.24,-0.0015
71.25,-0.00151
71.26,-0.00155
71.27,-0.00163
71.28,-0.00174
71.29,-0.0019
71.3,-0.00212
71.31,-0.00241
71.32,-0.0028
71.33,-0.00334
71.34,-0.00407
71.35,-0.00506
71.36,-0.00636
71.37,-0.00801
71.38,-0.00998
71.39,-0.01213
71.4,-0.01413
71.41,-0.01552
71.42,-0.01596
71.43,-0.01539
71.44,-0.01398
71.45,-0.01206
71.46,-0.01003
71.47,-0.00818
71.48,-0.00666
71.49,-0.00549
71.5,-0.00465
71.51,-0.00408
71.52,-0.00376
71.53,-0.00365
71.54,-0.00373
71.55,-0.00401
71.56,-0.00449
71.57,-0.00518
71.58,-0.00604
71.59,-0.00701
71.6,-0.00791
71.61,-0.00851
71.62,-0.00865
71.63,-0.0083
71.64,-0.00754
71.65,-0.00654
71.66,-0.0055
71.67,-0.00455
71.68,-0.00375
71.69,-0.00313
71.7,-0.00266
71.71,-0.00231
71.72,-0.00207
71.73,-0.00189
71.74,-0.00177
71.75,-0.0017
71.76,-0.00165
71.77,-0.00163
71.78,-0.00163
71.79,-0.00166
71.8,-0.00171
71.81,-0.00178
71.82,-0.00187
71.83,-0.00197
71.84,-0.00208
71.85,-0.00218
71.86,-0.0023
71.87,-0.00244
71.88,-0.00264
71.89,-0.00291
71.9,-0.00329
71.91,-0.00382
71.92,-0.00455
71.93,-0.00554
71.94,-0.00684
71.95,-0.00849
71.96,-0.0105
71.97,-0.01274
71.98,-0.01494
71.99,-0.01658
72,-0.01719
72.01,-0.01669
72.02,-0.01552
72.03,-0.01425
72.04,-0.01324
72.05,-0.01258
72.06,-0.01221
72.07,-0.01201
72.08,-0.01194
72.09,-0.01192
72.1,-0.01179
72.11,-0.01141
72.12,-0.01078
72.13,-0.01013
72.14,-0.00972
72.15,-0.00968
72.16,-0.0101
72.17,-0.01094
72.18,-0.01208
72.19,-0.01326
72.2,-0.01419
72.21,-0.01471
72.22,-0.01481
72.23,-0.01452
72.24,-0.01383
72.25,-0.0128
72.26,-0.01162
72.27,-0.01047
72.28,-0.00947
72.29,-0.00864
72.3,-0.00791
72.31,-0.00717
72.32,-0.00637
72.33,-0.00556
72.34,-0.00484
72.35,-0.00426
72.36,-0.00384
72.37,-0.00359
72.38,-0.00351
72.39,-0.00357
72.4,-0.00377
72.41,-0.00406
72.42,-0.00437
72.43,-0.00457
72.44,-0.00455
72.45,-0.00428
72.46,-0.00382
72.47,-0.00332
72.48,-0.00284
72.49,-0.00244
72.5,-0.00212
72.51,-0.00188
72.52,-0.00171
72.53,-0.00158
72.54,-0.0015
72.55,-0.00145
72.56,-0.00142
72.57,-0.00141
72.58,-0.00141
72.59,-0.00144
72.6,-0.0015
72.61,-0.00159
72.62,-0.00172
72.63,-0.0019
72.64,-0.00211
72.65,-0.00233
72.66,-0.00252
72.67,-0.00262
72.68,-0.00258
72.69,-0.00244
72.7,-0.00224
72.71,-0.00205
72.72,-0.00189
72.73,-0.00177
72.74,-0.0017
72.75,-0.00166
72.76,-0.00166
72.77,-0.00169
72.78,-0.00175
72.79,-0.00183
72.8,-0.00194
72.81,-0.00209
72.82,-0.00228
72.83,-0.00252
72.84,-0.00282
72.85,-0.00318
72.86,-0.0036
72.87,-0.00409
72.88,-0.00465
72.89,-0.00536
72.9,-0.00629
72.91,-0.00756
72.92,-0.00927
72.93,-0.01147
72.94,-0.01413
72.95,-0.01711
72.96,-0.01994
72.97,-0.0219
72.98,-0.02225
72.99,-0.02085
73,-0.01827
73.01,-0.01534
73.02,-0.01259
73.03,-0.01029
73.04,-0.00849
73.05,-0.00718
73.06,-0.00631
73.07,-0.00582
73.08,-0.00564
73.09,-0.00575
73.1,-0.0061
73.11,-0.00668
73.12,-0.00742
73.13,-0.00828
73.14,-0.00925
73.15,-0.01034
73.16,-0.01147
73.17,-0.01239
73.18,-0.01275
73.19,-0.01227
73.2,-0.01107
73.21,-0.00952
73.22,-0.00796
73.23,-0.00659
73.24,-0.00547
73.25,-0.0046
73.26,-0.00397
73.27,-0.00353
73.28,-0.00324
73.29,-0.00309
73.3,-0.00302
73.31,-0.00301
73.32,-0.00303
73.33,-0.00303
73.34,-0.00297
73.35,-0.00287
73.36,-0.00275
73.37,-0.00265
73.38,-0.00258
73.39,-0.00256
73.4,-0.00258
73.41,-0.00265
73.42,-0.00277
73.43,-0.00296
73.44,-0.00323
73.45,-0.0036
73.46,-0.0041
73.47,-0.00479
73.48,-0.00571
73.49,-0.00693
73.5,-0.0085
73.51,-0.01043
73.52,-0.01268
73.53,-0.01505
73.54,-0.01726
73.55,-0.01896
73.56,-0.01984
73.57,-0.01964
73.58,-0.0183
73.59,-0.01615
73.6,-0.01373
73.61,-0.01145
73.62,-0.00953
73.63,-0.00803
73.64,-0.00693
73.65,-0.00621
73.66,-0.0058
73.67,-0.00569
73.68,-0.00586
73.69,-0.0063
73.7,-0.00705
73.71,-0.0081
73.72,-0.00946
73.73,-0.01106
73.74,-0.01273
73.75,-0.01419
73.76,-0.01514
73.77,-0.01532
73.78,-0.01466
73.79,-0.01331
73.8,-0.01162
73.81,-0.00992
73.82,-0.00841
73.83,-0.0072
73.84,-0.00629
73.85,-0.00565
73.86,-0.00526
73.87,-0.00508
73.88,-0.00509
73.89,-0.00527
73.9,-0.00563
73.91,-0.00616
73.92,-0.00686
73.93,-0.00773
73.94,-0.00871
73.95,-0.00975
73.96,-0.01081
73.97,-0.01193
73.98,-0.01321
73.99,-0.01479
74,-0.01679
74.01,-0.01916
74.02,-0.02158
74.03,-0.02345
74.04,-0.02405
74.05,-0.02307
74.06,-0.0209
74.07,-0.01826
74.08,-0.01573
74.09,-0.01364
74.1,-0.0121
74.11,-0.01112
74.12,-0.01068
74.13,-0.01072
74.14,-0.01119
74.15,-0.01201
74.16,-0.0131
74.17,-0.01439
74.18,-0.01582
74.19,-0.01744
74.2,-0.01944
74.21,-0.02207
74.22,-0.02552
74.23,-0.02976
74.24,-0.03452
74.25,-0.03923
74.26,-0.0432
74.27,-0.04559
74.28,-0.04552
74.29,-0.04269
74.3,-0.03787
74.31,-0.03233
74.32,-0.02711
74.33,-0.02274
74.34,-0.01938
74.35,-0.01703
74.36,-0.0156
74.37,-0.01495
74.38,-0.01491
74.39,-0.01534
74.4,-0.0161
74.41,-0.01719
74.42,-0.01866
74.43,-0.02052
74.44,-0.02262
74.45,-0.02466
74.46,-0.02636
74.47,-0.02755
74.48,-0.02805
74.49,-0.02754
74.5,-0.02588
74.51,-0.02343
74.52,-0.02082
74.53,-0.01853
74.54,-0.01679
74.55,-0.0156
74.56,-0.01484
74.57,-0.01429
74.58,-0.01384
74.59,-0.01354
74.6,-0.01351
74.61,-0.01388
74.62,-0.01467
74.63,-0.01586
74.64,-0.01726
74.65,-0.01852
74.66,-0.01914
74.67,-0.01874
74.68,-0.01735
74.69,-0.01536
74.7,-0.01323
74.71,-0.01131
74.72,-0.00973
74.73,-0.00856
74.74,-0.00777
74.75,-0.00731
74.76,-0.0071
74.77,-0.00704
74.78,-0.00702
74.79,-0.00698
74.8,-0.00695
74.81,-0.00703
74.82,-0.00731
74.83,-0.00786
74.84,-0.00869
74.85,-0.00976
74.86,-0.01095
74.87,-0.01204
74.88,-0.01279
74.89,-0.01296
74.9,-0.01246
74.91,-0.01137
74.92,-0.00996
74.93,-0.0085
74.94,-0.00719
74.95,-0.00612
74.96,-0.0053
74.97,-0.00474
74.98,-0.00442
74.99,-0.0043
75,-0.00438
75.01,-0.00464
75.02,-0.00505
75.03,-0.00557
75.04,-0.00611
75.05,-0.00655
75.06,-0.00677
75.07,-0.00676
75.08,-0.00662
75.09,-0.00644
75.1,-0.00621
75.11,-0.00588
75.12,-0.0054
75.13,-0.0048
75.14,-0.00417
75.15,-0.0036
75.16,-0.00311
75.17,-0.00274
75.18,-0.00247
75.19,-0.00229
75.2,-0.00221
75.21,-0.00221
75.22,-0.00229
75.23,-0.00244
75.24,-0.00263
75.25,-0.00282
75.26,-0.00296
75.27,-0.00298
75.28,-0.00285
75.29,-0.00261
75.3,-0.00233
75.31,-0.00204
75.32,-0.00179
75.33,-0.00156
75.34,-0.00138
75.35,-0.00123
75.36,-0.00112
75.37,-0.00103
75.38,-9.604E-4
75.39,-9.08E-4
75.4,-8.67E-4
75.41,-8.349E-4
75.42,-8.097E-4
75.43,-7.903E-4
75.44,-7.755E-4
75.45,-7.651E-4
75.46,-7.591E-4
75.47,-7.573E-4
75.48,-7.596E-4
75.49,-7.658E-4
75.5,-7.757E-4
75.51,-7.88E-4
75.52,-8.021E-4
75.53,-8.174E-4
75.54,-8.354E-4
75.55,-8.599E-4
75.56,-8.955E-4
75.57,-9.476E-4
75.58,-0.00102
75.59,-0.00112
75.6,-0.00125
75.61,-0.00142
75.62,-0.00162
75.63,-0.00184
75.64,-0.00205
75.65,-0.0022
75.66,-0.00226
75.67,-0.00219
75.68,-0.00204
75.69,-0.00186
75.7,-0.00168
75.71,-0.00154
75.72,-0.00143
75.73,-0.00137
75.74,-0.00136
75.75,-0.00138
75.76,-0.00145
75.77,-0.00155
75.78,-0.00169
75.79,-0.00186
75.8,-0.00204
75.81,-0.0022
75.82,-0.00234
75.83,-0.00244
75.84,-0.00254
75.85,-0.00266
75.86,-0.00282
75.87,-0.00301
75.88,-0.00324
75.89,-0.00354
75.9,-0.00393
75.91,-0.00445
75.92,-0.00512
75.93,-0.00589
75.94,-0.00666
75.95,-0.00725
75.96,-0.00746
75.97,-0.0072
75.98,-0.00659
75.99,-0.00581
76,-0.00505
76.01,-0.00439
76.02,-0.00385
76.03,-0.00342
76.04,-0.00309
76.05,-0.00284
76.06,-0.00266
76.07,-0.00257
76.08,-0.00255
76.09,-0.00262
76.1,-0.00278
76.11,-0.00303
76.12,-0.00341
76.13,-0.0039
76.14,-0.00453
76.15,-0.00527
76.16,-0.00606
76.17,-0.00681
76.18,-0.00741
76.19,-0.00781
76.2,-0.00797
76.21,-0.00787
76.22,-0.00749
76.23,-0.00689
76.24,-0.0062
76.25,-0.00557
76.26,-0.00506
76.27,-0.00472
76.28,-0.00456
76.29,-0.0046
76.3,-0.00484
76.31,-0.00531
76.32,-0.00605
76.33,-0.00707
76.34,-0.00842
76.35,-0.0101
76.36,-0.01205
76.37,-0.01412
76.38,-0.01596
76.39,-0.01715
76.4,-0.01736
76.41,-0.01664
76.42,-0.01535
76.43,-0.01382
76.44,-0.01233
76.45,-0.01105
76.46,-0.0101
76.47,-0.00957
76.48,-0.0095
76.49,-0.00987
76.5,-0.01067
76.51,-0.01181
76.52,-0.01314
76.53,-0.0144
76.54,-0.0153
76.55,-0.0157
76.56,-0.01572
76.57,-0.0157
76.58,-0.01589
76.59,-0.01639
76.6,-0.01708
76.61,-0.0177
76.62,-0.018
76.63,-0.01785
76.64,-0.01722
76.65,-0.01612
76.66,-0.01463
76.67,-0.01297
76.68,-0.01139
76.69,-0.01008
76.7,-0.00913
76.71,-0.00857
76.72,-0.00835
76.73,-0.00843
76.74,-0.00867
76.75,-0.0089
76.76,-0.00896
76.77,-0.00876
76.78,-0.00838
76.79,-0.008
76.8,-0.00776
76.81,-0.00776
76.82,-0.00803
76.83,-0.00852
76.84,-0.00915
76.85,-0.00973
76.86,-0.01005
76.87,-0.0099
76.88,-0.00925
76.89,-0.00825
76.9,-0.00713
76.91,-0.00605
76.92,-0.00511
76.93,-0.00434
76.94,-0.00374
76.95,-0.00328
76.96,-0.00295
76.97,-0.00271
76.98,-0.00254
76.99,-0.00242
77,-0.00236
77.01,-0.00235
77.02,-0.0024
77.03,-0.00252
77.04,-0.0027
77.05,-0.00294
77.06,-0.00323
77.07,-0.00355
77.08,-0.00386
77.09,-0.00412
77.1,-0.00431
77.11,-0.00449
77.12,-0.00471
77.13,-0.00498
77.14,-0.00527
77.15,-0.00548
77.16,-0.00548
77.17,-0.00521
77.18,-0.00474
77.19,-0.00417
77.2,-0.0036
77.21,-0.00311
77.22,-0.0027
77.23,-0.00237
77.24,-0.00214
77.25,-0.00197
77.26,-0.00187
77.27,-0.00183
77.28,-0.00183
77.29,-0.00189
77.3,-0.002
77.31,-0.00217
77.32,-0.00241
77.33,-0.00272
77.34,-0.00309
77.35,-0.00353
77.36,-0.00397
77.37,-0.00435
77.38,-0.0046
77.39,-0.00467
77.4,-0.00463
77.41,-0.00455
77.42,-0.00452
77.43,-0.00458
77.44,-0.0047
77.45,-0.00483
77.46,-0.00487
77.47,-0.00476
77.48,-0.00451
77.49,-0.0042
77.5,-0.00392
77.51,-0.00373
77.52,-0.00367
77.53,-0.00374
77.54,-0.00393
77.55,-0.00425
77.56,-0.00464
77.57,-0.00502
77.58,-0.00531
77.59,-0.0054
77.6,-0.00531
77.61,-0.00511
77.62,-0.0049
77.63,-0.00478
77.64,-0.0048
77.65,-0.005
77.66,-0.00539
77.67,-0.00596
77.68,-0.00668
77.69,-0.00752
77.7,-0.00845
77.71,-0.00943
77.72,-0.01037
77.73,-0.01105
77.74,-0.01123
77.75,-0.01083
77.76,-0.00998
77.77,-0.00895
77.78,-0.00794
77.79,-0.00706
77.8,-0.00631
77.81,-0.00565
77.82,-0.00505
77.83,-0.00453
77.84,-0.00411
77.85,-0.00379
77.86,-0.0036
77.87,-0.00352
77.88,-0.00358
77.89,-0.00377
77.9,-0.0041
77.91,-0.00458
77.92,-0.00522
77.93,-0.006
77.94,-0.00687
77.95,-0.00772
77.96,-0.00843
77.97,-0.00886
77.98,-0.00901
77.99,-0.00892
78,-0.00867
78.01,-0.0084
78.02,-0.00822
78.03,-0.0082
78.04,-0.00835
78.05,-0.00857
78.06,-0.0087
78.07,-0.00854
78.08,-0.00803
78.09,-0.00725
78.1,-0.00637
78.11,-0.00553
78.12,-0.0048
78.13,-0.00422
78.14,-0.0038
78.15,-0.00351
78.16,-0.00336
78.17,-0.00332
78.18,-0.00337
78.19,-0.00351
78.2,-0.00368
78.21,-0.00387
78.22,-0.00402
78.23,-0.00415
78.24,-0.00427
78.25,-0.00443
78.26,-0.00466
78.27,-0.00492
78.28,-0.00516
78.29,-0.00529
78.3,-0.00525
78.31,-0.00506
78.32,-0.00478
78.33,-0.00451
78.34,-0.00432
78.35,-0.00424
78.36,-0.00432
78.37,-0.00456
78.38,-0.005
78.39,-0.00566
78.4,-0.00655
78.41,-0.00769
78.42,-0.00904
78.43,-0.01052
78.44,-0.01194
78.45,-0.01299
78.46,-0.01337
78.47,-0.01295
78.48,-0.01191
78.49,-0.01058
78.5,-0.00925
78.51,-0.00808
78.52,-0.00714
78.53,-0.00646
78.54,-0.00602
78.55,-0.00582
78.56,-0.00584
78.57,-0.0061
78.58,-0.0066
78.59,-0.00739
78.6,-0.0085
78.61,-0.01
78.62,-0.01194
78.63,-0.01433
78.64,-0.01713
78.65,-0.02023
78.66,-0.02333
78.67,-0.02597
78.68,-0.0275
78.69,-0.02739
78.7,-0.02564
78.71,-0.0228
78.72,-0.01959
78.73,-0.01652
78.74,-0.01384
78.75,-0.01166
78.76,-0.00998
78.77,-0.00876
78.78,-0.00793
78.79,-0.00746
78.8,-0.00729
78.81,-0.00741
78.82,-0.00781
78.83,-0.00847
78.84,-0.00942
78.85,-0.01063
78.86,-0.0121
78.87,-0.01378
78.88,-0.01559
78.89,-0.01736
78.9,-0.01884
78.91,-0.01977
78.92,-0.02006
78.93,-0.0199
78.94,-0.01967
78.95,-0.01965
78.96,-0.01997
78.97,-0.02052
78.98,-0.02096
78.99,-0.02093
79,-0.02019
79.01,-0.0188
79.02,-0.01703
79.03,-0.01512
79.04,-0.01327
79.05,-0.01164
79.06,-0.01031
79.07,-0.00932
79.08,-0.00865
79.09,-0.00826
79.1,-0.0081
79.11,-0.00812
79.12,-0.00821
79.13,-0.00831
79.14,-0.00834
79.15,-0.00835
79.16,-0.00842
79.17,-0.00863
79.18,-0.00903
79.19,-0.00958
79.2,-0.01019
79.21,-0.01068
79.22,-0.01085
79.23,-0.01062
79.24,-0.01004
79.25,-0.00924
79.26,-0.00836
79.27,-0.0075
79.28,-0.00674
79.29,-0.00612
79.3,-0.00567
79.31,-0.00539
79.32,-0.00525
79.33,-0.00526
79.34,-0.00537
79.35,-0.00555
79.36,-0.00578
79.37,-0.00606
79.38,-0.00641
79.39,-0.0069
79.4,-0.00761
79.41,-0.00859
79.42,-0.0099
79.43,-0.01157
79.44,-0.0136
79.45,-0.0159
79.46,-0.01827
79.47,-0.02035
79.48,-0.02171
79.49,-0.0221
79.5,-0.02169
79.51,-0.02089
79.52,-0.02007
79.53,-0.01942
79.54,-0.01887
79.55,-0.0183
79.56,-0.01762
79.57,-0.01694
79.58,-0.01644
79.59,-0.01628
79.6,-0.01653
79.61,-0.01717
79.62,-0.01809
79.63,-0.01904
79.64,-0.01969
79.65,-0.01979
79.66,-0.01937
79.67,-0.01868
79.68,-0.01801
79.69,-0.01749
79.7,-0.01705
79.71,-0.01652
79.72,-0.01576
79.73,-0.01479
79.74,-0.01378
79.75,-0.01289
79.76,-0.01218
79.77,-0.01161
79.78,-0.0111
79.79,-0.01058
79.8,-0.01008
79.81,-0.0097
79.82,-0.00951
79.83,-0.00956
79.84,-0.00983
79.85,-0.01027
79.86,-0.01077
79.87,-0.01114
79.88,-0.01122
79.89,-0.01097
79.9,-0.01043
79.91,-0.00969
79.92,-0.00882
79.93,-0.00788
79.94,-0.00695
79.95,-0.00612
79.96,-0.00542
79.97,-0.00486
79.98,-0.00445
79.99,-0.00416
80,-0.004
80.01,-0.00395
80.02,-0.00402
80.03,-0.0042
80.04,-0.0045
80.05,-0.00494
80.06,-0.00552
80.07,-0.00623
80.08,-0.00706
80.09,-0.00793
80.1,-0.00874
80.11,-0.00936
80.12,-0.00964
80.13,-0.00955
80.14,-0.00911
80.15,-0.00844
80.16,-0.00769
80.17,-0.00695
80.18,-0.00631
80.19,-0.0058
80.2,-0.00545
80.21,-0.00526
80.22,-0.00523
80.23,-0.00537
80.24,-0.00568
80.25,-0.00618
80.26,-0.00692
80.27,-0.00792
80.28,-0.00925
80.29,-0.01093
80.3,-0.013
80.31,-0.01544
80.32,-0.01814
80.33,-0.02087
80.34,-0.02325
80.35,-0.02489
80.36,-0.02564
80.37,-0.02572
80.38,-0.02548
80.39,-0.02518
80.4,-0.02477
80.41,-0.024
80.42,-0.02266
80.43,-0.0208
80.44,-0.01873
80.45,-0.01675
80.46,-0.01505
80.47,-0.01368
80.48,-0.01259
80.49,-0.01172
80.5,-0.01106
80.51,-0.01062
80.52,-0.01044
80.53,-0.01051
80.54,-0.01082
80.55,-0.01133
80.56,-0.01199
80.57,-0.01266
80.58,-0.01318
80.59,-0.01343
80.6,-0.01342
80.61,-0.01328
80.62,-0.01314
80.63,-0.01301
80.64,-0.01276
80.65,-0.01227
80.66,-0.01148
80.67,-0.01048
80.68,-0.00944
80.69,-0.00848
80.7,-0.00766
80.71,-0.00697
80.72,-0.00638
80.73,-0.00585
80.74,-0.00539
80.75,-0.00499
80.76,-0.00467
80.77,-0.00441
80.78,-0.00422
80.79,-0.00409
80.8,-0.00404
80.81,-0.00408
80.82,-0.00421
80.83,-0.00442
80.84,-0.0047
80.85,-0.00503
80.86,-0.00534
80.87,-0.00557
80.88,-0.00568
80.89,-0.00567
80.9,-0.00562
80.91,-0.0056
80.92,-0.00569
80.93,-0.00592
80.94,-0.0063
80.95,-0.00683
80.96,-0.00746
80.97,-0.0081
80.98,-0.0086
80.99,-0.00882
81,-0.00871
81.01,-0.00832
81.02,-0.00782
81.03,-0.00735
81.04,-0.00699
81.05,-0.0068
81.06,-0.00681
81.07,-0.00703
81.08,-0.00747
81.09,-0.00814
81.1,-0.00903
81.11,-0.01015
81.12,-0.01152
81.13,-0.01317
81.14,-0.01516
81.15,-0.01745
81.16,-0.01999
81.17,-0.02264
81.18,-0.0253
81.19,-0.02776
81.2,-0.02962
81.21,-0.03037
81.22,-0.02966
81.23,-0.02759
81.24,-0.02467
81.25,-0.02151
81.26,-0.01854
81.27,-0.01599
81.28,-0.01395
81.29,-0.01243
81.3,-0.01137
81.31,-0.01068
81.32,-0.01025
81.33,-0.00999
81.34,-0.00984
81.35,-0.00983
81.36,-0.01
81.37,-0.0104
81.38,-0.01105
81.39,-0.0119
81.4,-0.01291
81.41,-0.01401
81.42,-0.01514
81.43,-0.01618
81.44,-0.01694
81.45,-0.0172
81.46,-0.01689
81.47,-0.01614
81.48,-0.01526
81.49,-0.01455
81.5,-0.01422
81.51,-0.01438
81.52,-0.01512
81.53,-0.01643
81.54,-0.01829
81.55,-0.02055
81.56,-0.02295
81.57,-0.02505
81.58,-0.02635
81.59,-0.02646
81.6,-0.02538
81.61,-0.0234
81.62,-0.02092
81.63,-0.01829
81.64,-0.0158
81.65,-0.01361
81.66,-0.01182
81.67,-0.01045
81.68,-0.00949
81.69,-0.00891
81.7,-0.00867
81.71,-0.00874
81.72,-0.00909
81.73,-0.00968
81.74,-0.01045
81.75,-0.01131
81.76,-0.01217
81.77,-0.013
81.78,-0.01384
81.79,-0.01472
81.8,-0.01563
81.81,-0.01641
81.82,-0.01683
81.83,-0.01668
81.84,-0.01595
81.85,-0.01479
81.86,-0.01343
81.87,-0.01208
81.88,-0.01087
81.89,-0.00992
81.9,-0.00927
81.91,-0.00893
81.92,-0.00888
81.93,-0.00908
81.94,-0.00946
81.95,-0.00992
81.96,-0.01038
81.97,-0.01082
81.98,-0.0112
81.99,-0.01149
82,-0.01156
82.01,-0.01131
82.02,-0.01072
82.03,-0.00988
82.04,-0.00894
82.05,-0.00804
82.06,-0.00722
82.07,-0.00652
82.08,-0.00593
82.09,-0.00546
82.1,-0.0051
82.11,-0.00486
82.12,-0.00473
82.13,-0.00472
82.14,-0.00481
82.15,-0.005
82.16,-0.00528
82.17,-0.00564
82.18,-0.00607
82.19,-0.00652
82.2,-0.00699
82.21,-0.00749
82.22,-0.00805
82.23,-0.00871
82.24,-0.00949
82.25,-0.01039
82.26,-0.01143
82.27,-0.01269
82.28,-0.01424
82.29,-0.01613
82.3,-0.01832
82.31,-0.02064
82.32,-0.02274
82.33,-0.02412
82.34,-0.02435
82.35,-0.02333
82.36,-0.02137
82.37,-0.01897
82.38,-0.01655
82.39,-0.01438
82.4,-0.01257
82.41,-0.01116
82.42,-0.01013
82.43,-0.00947
82.44,-0.00916
82.45,-0.00916
82.46,-0.00948
82.47,-0.01015
82.48,-0.01118
82.49,-0.01264
82.5,-0.01458
82.51,-0.01707
82.52,-0.02012
82.53,-0.02373
82.54,-0.0278
82.55,-0.03211
82.56,-0.03622
82.57,-0.03958
82.58,-0.04169
82.59,-0.04235
82.6,-0.0416
82.61,-0.03956
82.62,-0.03641
82.63,-0.03247
82.64,-0.02824
82.65,-0.02418
82.66,-0.02058
82.67,-0.01759
82.68,-0.01523
82.69,-0.01347
82.7,-0.01226
82.71,-0.01155
82.72,-0.01128
82.73,-0.01141
82.74,-0.01189
82.75,-0.01269
82.76,-0.01372
82.77,-0.01492
82.78,-0.01622
82.79,-0.01758
82.8,-0.01895
82.81,-0.02022
82.82,-0.02127
82.83,-0.02202
82.84,-0.02243
82.85,-0.02241
82.86,-0.02184
82.87,-0.02067
82.88,-0.01897
82.89,-0.01694
82.9,-0.01481
82.91,-0.01279
82.92,-0.01101
82.93,-0.00953
82.94,-0.00834
82.95,-0.00745
82.96,-0.00681
82.97,-0.00639
82.98,-0.00615
82.99,-0.00607
83,-0.00609
83.01,-0.00618
83.02,-0.00631
83.03,-0.00647
83.04,-0.00668
83.05,-0.00698
83.06,-0.00736
83.07,-0.00782
83.08,-0.00832
83.09,-0.00883
83.1,-0.00934
83.11,-0.00987
83.12,-0.0104
83.13,-0.01092
83.14,-0.01142
83.15,-0.01192
83.16,-0.01238
83.17,-0.01271
83.18,-0.01274
83.19,-0.01234
83.2,-0.01151
83.21,-0.01041
83.22,-0.00922
83.23,-0.00811
83.24,-0.00715
83.25,-0.00638
83.26,-0.00582
83.27,-0.00546
83.28,-0.00527
83.29,-0.00524
83.3,-0.00535
83.31,-0.00554
83.32,-0.00579
83.33,-0.00603
83.34,-0.00626
83.35,-0.00648
83.36,-0.00674
83.37,-0.00709
83.38,-0.00754
83.39,-0.00805
83.4,-0.00859
83.41,-0.00907
83.42,-0.00938
83.43,-0.00946
83.44,-0.00928
83.45,-0.00894
83.46,-0.00854
83.47,-0.0082
83.48,-0.00796
83.49,-0.00781
83.5,-0.00769
83.51,-0.00755
83.52,-0.00733
83.53,-0.00708
83.54,-0.00686
83.55,-0.00675
83.56,-0.0068
83.57,-0.00703
83.58,-0.00745
83.59,-0.00804
83.6,-0.00878
83.61,-0.00961
83.62,-0.0104
83.63,-0.01099
83.64,-0.01117
83.65,-0.01087
83.66,-0.01016
83.67,-0.00921
83.68,-0.00819
83.69,-0.00723
83.7,-0.00641
83.71,-0.00577
83.72,-0.00529
83.73,-0.00496
83.74,-0.00474
83.75,-0.00457
83.76,-0.00439
83.77,-0.0042
83.78,-0.004
83.79,-0.00383
83.8,-0.00371
83.81,-0.00368
83.82,-0.00374
83.83,-0.00392
83.84,-0.00419
83.85,-0.00454
83.86,-0.00494
83.87,-0.00531
83.88,-0.00557
83.89,-0.00564
83.9,-0.00549
83.91,-0.00518
83.92,-0.00479
83.93,-0.00441
83.94,-0.00408
83.95,-0.0038
83.96,-0.00356
83.97,-0.00333
83.98,-0.00309
83.99,-0.00283
84,-0.00257
84.01,-0.00232
84.02,-0.00211
84.03,-0.00193
84.04,-0.00179
84.05,-0.00168
84.06,-0.00161
84.07,-0.00156
84.08,-0.00154
84.09,-0.00155
84.1,-0.00159
84.11,-0.00166
84.12,-0.00177
84.13,-0.00191
84.14,-0.0021
84.15,-0.00233
84.16,-0.00261
84.17,-0.00292
84.18,-0.00324
84.19,-0.00353
84.2,-0.00375
84.21,-0.00384
84.22,-0.00381
84.23,-0.00368
84.24,-0.0035
84.25,-0.00331
84.26,-0.00316
84.27,-0.00308
84.28,-0.00308
84.29,-0.00318
84.3,-0.0034
84.31,-0.00375
84.32,-0.00426
84.33,-0.00493
84.34,-0.00578
84.35,-0.00682
84.36,-0.00801
84.37,-0.00931
84.38,-0.01058
84.39,-0.01162
84.4,-0.01223
84.41,-0.01224
84.42,-0.01169
84.43,-0.01074
84.44,-0.00961
84.45,-0.00846
84.46,-0.00737
84.47,-0.00639
84.48,-0.00554
84.49,-0.00485
84.5,-0.00432
84.51,-0.00394
84.52,-0.00371
84.53,-0.00362
84.54,-0.00366
84.55,-0.00384
84.56,-0.00414
84.57,-0.00458
84.58,-0.00515
84.59,-0.00582
84.6,-0.00655
84.61,-0.00727
84.62,-0.00789
84.63,-0.00835
84.64,-0.00857
84.65,-0.00853
84.66,-0.00818
84.67,-0.00756
84.68,-0.00677
84.69,-0.00592
84.7,-0.00511
84.71,-0.00441
84.72,-0.00382
84.73,-0.00336
84.74,-0.00302
84.75,-0.00279
84.76,-0.00267
84.77,-0.00265
84.78,-0.0027
84.79,-0.00282
84.8,-0.003
84.81,-0.0032
84.82,-0.00339
84.83,-0.00354
84.84,-0.00362
84.85,-0.00365
84.86,-0.0036
84.87,-0.00347
84.88,-0.00325
84.89,-0.00297
84.9,-0.00264
84.91,-0.00232
84.92,-0.00202
84.93,-0.00176
84.94,-0.00155
84.95,-0.00137
84.96,-0.00124
84.97,-0.00113
84.98,-0.00106
84.99,-0.00101
85,-9.93E-4
85.01,-9.936E-4
85.02,-0.00101
85.03,-0.00105
85.04,-0.00111
85.05,-0.00117
85.06,-0.00124
85.07,-0.00129
85.08,-0.00131
85.09,-0.00129
85.1,-0.00124
85.11,-0.00117
85.12,-0.00109
85.13,-0.001
85.14,-9.18E-4
85.15,-8.338E-4
85.16,-7.551E-4
85.17,-6.845E-4
85.18,-6.238E-4
85.19,-5.725E-4
85.2,-5.301E-4
85.21,-4.954E-4
85.22,-4.669E-4
85.23,-4.436E-4
85.24,-4.246E-4
85.25,-4.088E-4
85.26,-3.958E-4
85.27,-3.848E-4
85.28,-3.757E-4
85.29,-3.678E-4
85.3,-3.611E-4
85.31,-3.556E-4
85.32,-3.512E-4
85.33,-3.476E-4
85.34,-3.451E-4
85.35,-3.436E-4
85.36,-3.432E-4
85.37,-3.444E-4
85.38,-3.471E-4
85.39,-3.518E-4
85.4,-3.592E-4
85.41,-3.693E-4
85.42,-3.828E-4
85.43,-4E-4
85.44,-4.214E-4
85.45,-4.464E-4
85.46,-4.745E-4
85.47,-5.035E-4
85.48,-5.295E-4
85.49,-5.474E-4
85.5,-5.526E-4
85.51,-5.44E-4
85.52,-5.245E-4
85.53,-4.991E-4
85.54,-4.726E-4
85.55,-4.478E-4
85.56,-4.266E-4
85.57,-4.097E-4
85.58,-3.971E-4
85.59,-3.884E-4
85.6,-3.836E-4
85.61,-3.818E-4
85.62,-3.834E-4
85.63,-3.878E-4
85.64,-3.947E-4
85.65,-4.048E-4
85.66,-4.18E-4
85.67,-4.347E-4
85.68,-4.555E-4
85.69,-4.808E-4
85.7,-5.118E-4
85.71,-5.49E-4
85.72,-5.934E-4
85.73,-6.455E-4
85.74,-7.056E-4
85.75,-7.737E-4
85.76,-8.516E-4
85.77,-9.422E-4
85.78,-0.00105
85.79,-0.00118
85.8,-0.00133
85.81,-0.0015
85.82,-0.00168
85.83,-0.00185
85.84,-0.00197
85.85,-0.00202
85.86,-0.00198
85.87,-0.00186
85.88,-0.0017
85.89,-0.00153
85.9,-0.00136
85.91,-0.00122
85.92,-0.0011
85.93,-0.00101
85.94,-9.39E-4
85.95,-8.954E-4
85.96,-8.738E-4
85.97,-8.722E-4
85.98,-8.896E-4
85.99,-9.257E-4
86,-9.808E-4
86.01,-0.00106
86.02,-0.00115
86.03,-0.00127
86.04,-0.0014
86.05,-0.00156
86.06,-0.00173
86.07,-0.00192
86.08,-0.00212
86.09,-0.00232
86.1,-0.00251
86.11,-0.00266
86.12,-0.00279
86.13,-0.0029
86.14,-0.00304
86.15,-0.00324
86.16,-0.0035
86.17,-0.00385
86.18,-0.00425
86.19,-0.00466
86.2,-0.00501
86.21,-0.0052
86.22,-0.00518
86.23,-0.00492
86.24,-0.00451
86.25,-0.00402
86.26,-0.00352
86.27,-0.00307
86.28,-0.00268
86.29,-0.00237
86.3,-0.00212
86.31,-0.00194
86.32,-0.00181
86.33,-0.00173
86.34,-0.00169
86.35,-0.00169
86.36,-0.00172
86.37,-0.00178
86.38,-0.00186
86.39,-0.00197
86.4,-0.00211
86.41,-0.00229
86.42,-0.0025
86.43,-0.00272
86.44,-0.00294
86.45,-0.00313
86.46,-0.00326
86.47,-0.0033
86.48,-0.00323
86.49,-0.00305
86.5,-0.00279
86.51,-0.00249
86.52,-0.00221
86.53,-0.00194
86.54,-0.00172
86.55,-0.00153
86.56,-0.00138
86.57,-0.00127
86.58,-0.00118
86.59,-0.00112
86.6,-0.00108
86.61,-0.00106
86.62,-0.00106
86.63,-0.00107
86.64,-0.00109
86.65,-0.00112
86.66,-0.00116
86.67,-0.00121
86.68,-0.00125
86.69,-0.0013
86.7,-0.00133
86.71,-0.00136
86.72,-0.00138
86.73,-0.00141
86.74,-0.00144
86.75,-0.00148
86.76,-0.00154
86.77,-0.00162
86.78,-0.00172
86.79,-0.00185
86.8,-0.00201
86.81,-0.00222
86.82,-0.00248
86.83,-0.00282
86.84,-0.00324
86.85,-0.00377
86.86,-0.00443
86.87,-0.00523
86.88,-0.00618
86.89,-0.00729
86.9,-0.00853
86.91,-0.00982
86.92,-0.01104
86.93,-0.01205
86.94,-0.01272
86.95,-0.01301
86.96,-0.01299
86.97,-0.01275
86.98,-0.01236
86.99,-0.01189
87,-0.01134
87.01,-0.01073
87.02,-0.01003
87.03,-0.00924
87.04,-0.00838
87.05,-0.00752
87.06,-0.00673
87.07,-0.00605
87.08,-0.0055
87.09,-0.00511
87.1,-0.00488
87.11,-0.00479
87.12,-0.00485
87.13,-0.00506
87.14,-0.00542
87.15,-0.0059
87.16,-0.00649
87.17,-0.00716
87.18,-0.00784
87.19,-0.00846
87.2,-0.00896
87.21,-0.00931
87.22,-0.00957
87.23,-0.00978
87.24,-0.01002
87.25,-0.01031
87.26,-0.01068
87.27,-0.0111
87.28,-0.01154
87.29,-0.01191
87.3,-0.01212
87.31,-0.01209
87.32,-0.0118
87.33,-0.01126
87.34,-0.01053
87.35,-0.00967
87.36,-0.00875
87.37,-0.00786
87.38,-0.00706
87.39,-0.00636
87.4,-0.0058
87.41,-0.0054
87.42,-0.00514
87.43,-0.00503
87.44,-0.00507
87.45,-0.00526
87.46,-0.00558
87.47,-0.00604
87.48,-0.00664
87.49,-0.00735
87.5,-0.00814
87.51,-0.00891
87.52,-0.00956
87.53,-0.01
87.54,-0.01017
87.55,-0.01011
87.56,-0.00987
87.57,-0.00951
87.58,-0.00906
87.59,-0.00853
87.6,-0.00796
87.61,-0.00739
87.62,-0.00684
87.63,-0.00636
87.64,-0.00598
87.65,-0.00572
87.66,-0.00558
87.67,-0.00556
87.68,-0.00564
87.69,-0.0058
87.7,-0.00599
87.71,-0.0062
87.72,-0.0064
87.73,-0.00662
87.74,-0.00687
87.75,-0.00715
87.76,-0.00743
87.77,-0.00766
87.78,-0.00776
87.79,-0.00771
87.8,-0.00747
87.81,-0.00708
87.82,-0.00657
87.83,-0.00603
87.84,-0.00551
87.85,-0.00506
87.86,-0.00469
87.87,-0.00444
87.88,-0.0043
87.89,-0.00428
87.9,-0.00438
87.91,-0.00462
87.92,-0.005
87.93,-0.00553
87.94,-0.00619
87.95,-0.007
87.96,-0.00792
87.97,-0.00891
87.98,-0.00993
87.99,-0.01093
88,-0.01186
88.01,-0.01262
88.02,-0.01309
88.03,-0.01315
88.04,-0.01278
88.05,-0.01207
88.06,-0.01119
88.07,-0.0103
88.08,-0.00951
88.09,-0.00888
88.1,-0.00843
88.11,-0.00814
88.12,-0.00798
88.13,-0.00792
88.14,-0.00793
88.15,-0.00797
88.16,-0.00802
88.17,-0.00804
88.18,-0.008
88.19,-0.00788
88.2,-0.00774
88.21,-0.00762
88.22,-0.00759
88.23,-0.0077
88.24,-0.00796
88.25,-0.00836
88.26,-0.00888
88.27,-0.00948
88.28,-0.01006
88.29,-0.01051
88.3,-0.01071
88.31,-0.01058
88.32,-0.01013
88.33,-0.00943
88.34,-0.00861
88.35,-0.00779
88.36,-0.00705
88.37,-0.00642
88.38,-0.00592
88.39,-0.00553
88.4,-0.00524
88.41,-0.00501
88.42,-0.00483
88.43,-0.00467
88.44,-0.00451
88.45,-0.00432
88.46,-0.0041
88.47,-0.00385
88.48,-0.0036
88.49,-0.00338
88.5,-0.00321
88.51,-0.0031
88.52,-0.00305
88.53,-0.00307
88.54,-0.00315
88.55,-0.00327
88.56,-0.0034
88.57,-0.00352
88.58,-0.00358
88.59,-0.00356
88.6,-0.00347
88.61,-0.00333
88.62,-0.00319
88.63,-0.00307
88.64,-0.00299
88.65,-0.00299
88.66,-0.00305
88.67,-0.00317
88.68,-0.00336
88.69,-0.00359
88.7,-0.00384
88.71,-0.00407
88.72,-0.00426
88.73,-0.00441
88.74,-0.00453
88.75,-0.00466
88.76,-0.00479
88.77,-0.00492
88.78,-0.00501
88.79,-0.005
88.8,-0.00489
88.81,-0.00468
88.82,-0.0044
88.83,-0.00408
88.84,-0.00377
88.85,-0.00348
88.86,-0.00324
88.87,-0.00308
88.88,-0.00298
88.89,-0.00296
88.9,-0.00301
88.91,-0.00311
88.92,-0.00324
88.93,-0.00337
88.94,-0.00347
88.95,-0.00352
88.96,-0.00352
88.97,-0.00348
88.98,-0.00343
88.99,-0.00336
89,-0.00328
89.01,-0.0032
89.02,-0.00315
89.03,-0.00313
89.04,-0.00313
89.05,-0.00312
89.06,-0.00309
89.07,-0.00301
89.08,-0.00288
89.09,-0.00271
89.1,-0.00253
89.11,-0.00234
89.12,-0.00217
89.13,-0.00202
89.14,-0.00192
89.15,-0.00185
89.16,-0.00183
89.17,-0.00184
89.18,-0.00188
89.19,-0.00194
89.2,-0.00199
89.21,-0.00202
89.22,-0.002
89.23,-0.00192
89.24,-0.00181
89.25,-0.00166
89.26,-0.00151
89.27,-0.00137
89.28,-0.00124
89.29,-0.00113
89.3,-0.00104
89.31,-9.689E-4
89.32,-9.14E-4
89.33,-8.736E-4
89.34,-8.445E-4
89.35,-8.243E-4
89.36,-8.116E-4
89.37,-8.062E-4
89.38,-8.092E-4
89.39,-8.216E-4
89.4,-8.445E-4
89.41,-8.789E-4
89.42,-9.248E-4
89.43,-9.815E-4
89.44,-0.00105
89.45,-0.00112
89.46,-0.00118
89.47,-0.00124
89.48,-0.00127
89.49,-0.00129
89.5,-0.00129
89.51,-0.00128
89.52,-0.00127
89.53,-0.00127
89.54,-0.00128
89.55,-0.00131
89.56,-0.00136
89.57,-0.00144
89.58,-0.00152
89.59,-0.00162
89.6,-0.0017
89.61,-0.00177
89.62,-0.0018
89.63,-0.00181
89.64,-0.0018
89.65,-0.00178
89.66,-0.00177
89.67,-0.00177
89.68,-0.0018
89.69,-0.00184
89.7,-0.00192
89.71,-0.00205
89.72,-0.00221
89.73,-0.00243
89.74,-0.00269
89.75,-0.00298
89.76,-0.0033
89.77,-0.00361
89.78,-0.00388
89.79,-0.00406
89.8,-0.00411
89.81,-0.00401
89.82,-0.00381
89.83,-0.00354
89.84,-0.00327
89.85,-0.00301
89.86,-0.00279
89.87,-0.00262
89.88,-0.00249
89.89,-0.00238
89.9,-0.00231
89.91,-0.00227
89.92,-0.00227
89.93,-0.00231
89.94,-0.0024
89.95,-0.00254
89.96,-0.00272
89.97,-0.00297
89.98,-0.00327
89.99,-0.00362
90,-0.004
90.01,-0.00439
90.02,-0.00477
90.03,-0.00512
90.04,-0.00544
90.05,-0.00575
90.06,-0.00604
90.07,-0.00632
90.08,-0.00653
90.09,-0.00665
90.1,-0.00664
90.11,-0.00645
90.12,-0.00608
90.13,-0.00558
90.14,-0.00501
90.15,-0.00443
90.16,-0.0039
90.17,-0.00342
90.18,-0.00302
90.19,-0.0027
90.2,-0.00246
90.21,-0.00228
90.22,-0.00217
90.23,-0.00212
90.24,-0.00212
90.25,-0.00216
90.26,-0.00224
90.27,-0.00235
90.28,-0.00248
90.29,-0.00262
90.3,-0.00274
90.31,-0.00285
90.32,-0.00297
90.33,-0.0031
90.34,-0.00325
90.35,-0.00345
90.36,-0.00367
90.37,-0.0039
90.38,-0.00411
90.39,-0.00427
90.4,-0.00436
90.41,-0.00439
90.42,-0.00436
90.43,-0.00428
90.44,-0.00417
90.45,-0.00403
90.46,-0.0039
90.47,-0.00378
90.48,-0.00371
90.49,-0.00368
90.5,-0.00367
90.51,-0.00366
90.52,-0.0036
90.53,-0.00349
90.54,-0.00331
90.55,-0.00309
90.56,-0.00286
90.57,-0.00264
90.58,-0.00245
90.59,-0.0023
90.6,-0.0022
90.61,-0.00214
90.62,-0.00212
90.63,-0.00214
90.64,-0.00221
90.65,-0.00232
90.66,-0.00246
90.67,-0.00264
90.68,-0.00286
90.69,-0.00311
90.7,-0.00339
90.71,-0.0037
90.72,-0.00405
90.73,-0.00443
90.74,-0.00486
90.75,-0.00532
90.76,-0.00581
90.77,-0.00629
90.78,-0.00671
90.79,-0.00703
90.8,-0.0072
90.81,-0.00718
90.82,-0.00698
90.83,-0.00667
90.84,-0.00633
90.85,-0.00603
90.86,-0.00583
90.87,-0.00577
90.88,-0.00585
90.89,-0.00609
90.9,-0.00648
90.91,-0.00699
90.92,-0.00758
90.93,-0.0082
90.94,-0.00875
90.95,-0.00913
90.96,-0.00924
90.97,-0.00906
90.98,-0.00861
90.99,-0.00801
91,-0.00737
91.01,-0.00676
91.02,-0.00624
91.03,-0.00583
91.04,-0.00553
91.05,-0.00531
91.06,-0.00515
91.07,-0.00503
91.08,-0.00491
91.09,-0.00477
91.1,-0.00461
91.11,-0.00443
91.12,-0.00427
91.13,-0.00416
91.14,-0.00411
91.15,-0.00415
91.16,-0.00429
91.17,-0.00454
91.18,-0.00491
91.19,-0.00539
91.2,-0.00598
91.21,-0.00666
91.22,-0.0074
91.23,-0.00816
91.24,-0.00889
91.25,-0.00955
91.26,-0.0101
91.27,-0.01055
91.28,-0.01083
91.29,-0.01088
91.3,-0.01064
91.31,-0.01009
91.32,-0.00929
91.33,-0.00836
91.34,-0.0074
91.35,-0.0065
91.36,-0.0057
91.37,-0.00501
91.38,-0.00443
91.39,-0.00396
91.4,-0.00356
91.41,-0.00323
91.42,-0.00296
91.43,-0.00274
91.44,-0.00257
91.45,-0.00245
91.46,-0.00238
91.47,-0.00236
91.48,-0.0024
91.49,-0.00249
91.5,-0.00263
91.51,-0.00284
91.52,-0.00311
91.53,-0.00343
91.54,-0.00379
91.55,-0.00417
91.56,-0.00452
91.57,-0.0048
91.58,-0.00495
91.59,-0.00494
91.6,-0.00479
91.61,-0.00453
91.62,-0.00422
91.63,-0.0039
91.64,-0.0036
91.65,-0.00333
91.66,-0.00308
91.67,-0.00283
91.68,-0.00259
91.69,-0.00235
91.7,-0.00213
91.71,-0.00192
91.72,-0.00174
91.73,-0.00158
91.74,-0.00145
91.75,-0.00133
91.76,-0.00124
91.77,-0.00116
91.78,-0.0011
91.79,-0.00106
91.8,-0.00102
91.81,-9.951E-4
91.82,-9.789E-4
91.83,-9.715E-4
91.84,-9.722E-4
91.85,-9.81E-4
91.86,-9.985E-4
91.87,-0.00102
91.88,-0.00106
91.89,-0.0011
91.9,-0.00116
91.91,-0.00122
91.92,-0.00129
91.93,-0.00137
91.94,-0.00145
91.95,-0.00153
91.96,-0.00161
91.97,-0.00171
91.98,-0.00182
91.99,-0.00195
92,-0.00212
92.01,-0.00232
92.02,-0.00256
92.03,-0.00282
92.04,-0.00309
92.05,-0.00334
92.06,-0.00354
92.07,-0.00366
92.08,-0.00367
92.09,-0.00358
92.1,-0.00339
92.11,-0.00314
92.12,-0.00287
92.13,-0.00262
92.14,-0.00239
92.15,-0.00219
92.16,-0.00204
92.17,-0.00192
92.18,-0.00185
92.19,-0.00181
92.2,-0.0018
92.21,-0.00182
92.22,-0.00187
92.23,-0.00194
92.24,-0.00202
92.25,-0.00211
92.26,-0.0022
92.27,-0.00229
92.28,-0.00239
92.29,-0.00249
92.3,-0.00262
92.31,-0.00277
92.32,-0.00294
92.33,-0.00312
92.34,-0.00332
92.35,-0.00351
92.36,-0.00368
92.37,-0.00383
92.38,-0.00396
92.39,-0.0041
92.4,-0.00426
92.41,-0.00449
92.42,-0.0048
92.43,-0.00523
92.44,-0.00578
92.45,-0.0065
92.46,-0.00739
92.47,-0.00846
92.48,-0.00971
92.49,-0.0111
92.5,-0.0126
92.51,-0.01412
92.52,-0.01555
92.53,-0.01672
92.54,-0.01747
92.55,-0.01761
92.56,-0.01711
92.57,-0.01607
92.58,-0.01469
92.59,-0.01318
92.6,-0.01171
92.61,-0.01039
92.62,-0.00927
92.63,-0.00838
92.64,-0.00772
92.65,-0.0073
92.66,-0.0071
92.67,-0.00711
92.68,-0.00732
92.69,-0.00771
92.7,-0.00825
92.71,-0.0089
92.72,-0.00962
92.73,-0.01032
92.74,-0.01095
92.75,-0.01144
92.76,-0.01177
92.77,-0.01198
92.78,-0.01211
92.79,-0.0122
92.8,-0.01229
92.81,-0.01237
92.82,-0.0124
92.83,-0.0123
92.84,-0.012
92.85,-0.01147
92.86,-0.01075
92.87,-0.00993
92.88,-0.00911
92.89,-0.00836
92.9,-0.00773
92.91,-0.00725
92.92,-0.00691
92.93,-0.0067
92.94,-0.00662
92.95,-0.00665
92.96,-0.00676
92.97,-0.00696
92.98,-0.00725
92.99,-0.00766
93,-0.00818
93.01,-0.00883
93.02,-0.00956
93.03,-0.01036
93.04,-0.01118
93.05,-0.01199
93.06,-0.01273
93.07,-0.01335
93.08,-0.01374
93.09,-0.01382
93.1,-0.01349
93.11,-0.01278
93.12,-0.01179
93.13,-0.01064
93.14,-0.00948
93.15,-0.00838
93.16,-0.00741
93.17,-0.00658
93.18,-0.0059
93.19,-0.00536
93.2,-0.00495
93.21,-0.00467
93.22,-0.00448
93.23,-0.00439
93.24,-0.00436
93.25,-0.00439
93.26,-0.00448
93.27,-0.00463
93.28,-0.00485
93.29,-0.00517
93.3,-0.0056
93.31,-0.00614
93.32,-0.0068
93.33,-0.00755
93.34,-0.00837
93.35,-0.00919
93.36,-0.00996
93.37,-0.01059
93.38,-0.01099
93.39,-0.01109
93.4,-0.01087
93.41,-0.01034
93.42,-0.00958
93.43,-0.0087
93.44,-0.00777
93.45,-0.00689
93.46,-0.00609
93.47,-0.0054
93.48,-0.00482
93.49,-0.00435
93.5,-0.00398
93.51,-0.00372
93.52,-0.00354
93.53,-0.00344
93.54,-0.00342
93.55,-0.00348
93.56,-0.00361
93.57,-0.00382
93.58,-0.00412
93.59,-0.00452
93.6,-0.00501
93.61,-0.0056
93.62,-0.00628
93.63,-0.00704
93.64,-0.00784
93.65,-0.00863
93.66,-0.00938
93.67,-0.01002
93.68,-0.01053
93.69,-0.01083
93.7,-0.01086
93.71,-0.01058
93.72,-0.01001
93.73,-0.00922
93.74,-0.00832
93.75,-0.0074
93.76,-0.00654
93.77,-0.00576
93.78,-0.00509
93.79,-0.00453
93.8,-0.00408
93.81,-0.00372
93.82,-0.00345
93.83,-0.00326
93.84,-0.00314
93.85,-0.00309
93.86,-0.00311
93.87,-0.00318
93.88,-0.00332
93.89,-0.00352
93.9,-0.00378
93.91,-0.00412
93.92,-0.00452
93.93,-0.00498
93.94,-0.00549
93.95,-0.00602
93.96,-0.00654
93.97,-0.00702
93.98,-0.00741
93.99,-0.00766
94,-0.00771
94.01,-0.00758
94.02,-0.00729
94.03,-0.00691
94.04,-0.00651
94.05,-0.00615
94.06,-0.00586
94.07,-0.00568
94.08,-0.00562
94.09,-0.00569
94.1,-0.00588
94.11,-0.00621
94.12,-0.00667
94.13,-0.00723
94.14,-0.0079
94.15,-0.00862
94.16,-0.0094
94.17,-0.01022
94.18,-0.0111
94.19,-0.01206
94.2,-0.01308
94.21,-0.01412
94.22,-0.01506
94.23,-0.01579
94.24,-0.01616
94.25,-0.01611
94.26,-0.01561
94.27,-0.01473
94.28,-0.01361
94.29,-0.01235
94.3,-0.01107
94.31,-0.00986
94.32,-0.00875
94.33,-0.00779
94.34,-0.00699
94.35,-0.00636
94.36,-0.00587
94.37,-0.00554
94.38,-0.00535
94.39,-0.00529
94.4,-0.00536
94.41,-0.00555
94.42,-0.00586
94.43,-0.00628
94.44,-0.0068
94.45,-0.00741
94.46,-0.0081
94.47,-0.00888
94.48,-0.00974
94.49,-0.01066
94.5,-0.0116
94.51,-0.01249
94.52,-0.01321
94.53,-0.01362
94.54,-0.01365
94.55,-0.01326
94.56,-0.01252
94.57,-0.01154
94.58,-0.01044
94.59,-0.00932
94.6,-0.00826
94.61,-0.00731
94.62,-0.00649
94.63,-0.00581
94.64,-0.00526
94.65,-0.00484
94.66,-0.00454
94.67,-0.00434
94.68,-0.00424
94.69,-0.00422
94.7,-0.00428
94.71,-0.00441
94.72,-0.00461
94.73,-0.00485
94.74,-0.00513
94.75,-0.00546
94.76,-0.00582
94.77,-0.00624
94.78,-0.00672
94.79,-0.00728
94.8,-0.00791
94.81,-0.00858
94.82,-0.00927
94.83,-0.00993
94.84,-0.01053
94.85,-0.01107
94.86,-0.01154
94.87,-0.01192
94.88,-0.01219
94.89,-0.01233
94.9,-0.01231
94.91,-0.01209
94.92,-0.01165
94.93,-0.01101
94.94,-0.0102
94.95,-0.00931
94.96,-0.00842
94.97,-0.0076
94.98,-0.00687
94.99,-0.00625
95,-0.00576
95.01,-0.00538
95.02,-0.00511
95.03,-0.00494
95.04,-0.00486
95.05,-0.00485
95.06,-0.00491
95.07,-0.00504
95.08,-0.00526
95.09,-0.00558
95.1,-0.00599
95.11,-0.00652
95.12,-0.00716
95.13,-0.00792
95.14,-0.00878
95.15,-0.00975
95.16,-0.01076
95.17,-0.01178
95.18,-0.01273
95.19,-0.01356
95.2,-0.0142
95.21,-0.01465
95.22,-0.01488
95.23,-0.01491
95.24,-0.0147
95.25,-0.01424
95.26,-0.01352
95.27,-0.01256
95.28,-0.01146
95.29,-0.01029
95.3,-0.00915
95.31,-0.00809
95.32,-0.00716
95.33,-0.00636
95.34,-0.00569
95.35,-0.00516
95.36,-0.00475
95.37,-0.00445
95.38,-0.00424
95.39,-0.00414
95.4,-0.00412
95.41,-0.00418
95.42,-0.00432
95.43,-0.00455
95.44,-0.00486
95.45,-0.00525
95.46,-0.00572
95.47,-0.00626
95.48,-0.00685
95.49,-0.00747
95.5,-0.00812
95.51,-0.00879
95.52,-0.0095
95.53,-0.01025
95.54,-0.01101
95.55,-0.01175
95.56,-0.01238
95.57,-0.01284
95.58,-0.01304
95.59,-0.01295
95.6,-0.01258
95.61,-0.01198
95.62,-0.01124
95.63,-0.01043
95.64,-0.0096
95.65,-0.00878
95.66,-0.00799
95.67,-0.00722
95.68,-0.00649
95.69,-0.00583
95.7,-0.00524
95.71,-0.00475
95.72,-0.00435
95.73,-0.00404
95.74,-0.00382
95.75,-0.00368
95.76,-0.00361
95.77,-0.00363
95.78,-0.00372
95.79,-0.00388
95.8,-0.00412
95.81,-0.00444
95.82,-0.00482
95.83,-0.00526
95.84,-0.00575
95.85,-0.00626
95.86,-0.00675
95.87,-0.00719
95.88,-0.00752
95.89,-0.00773
95.9,-0.0078
95.91,-0.00776
95.92,-0.00764
95.93,-0.00749
95.94,-0.00733
95.95,-0.00718
95.96,-0.00701
95.97,-0.00682
95.98,-0.00658
95.99,-0.00627
96,-0.0059
96.01,-0.00549
96.02,-0.00508
96.03,-0.00467
96.04,-0.00428
96.05,-0.00391
96.06,-0.00357
96.07,-0.00326
96.08,-0.003
96.09,-0.00278
96.1,-0.00262
96.11,-0.0025
96.12,-0.00242
96.13,-0.00238
96.14,-0.00237
96.15,-0.00237
96.16,-0.00238
96.17,-0.00239
96.18,-0.00237
96.19,-0.00234
96.2,-0.00229
96.21,-0.00225
96.22,-0.00221
96.23,-0.0022
96.24,-0.0022
96.25,-0.00223
96.26,-0.00227
96.27,-0.00232
96.28,-0.00235
96.29,-0.00236
96.3,-0.00234
96.31,-0.00228
96.32,-0.00219
96.33,-0.00208
96.34,-0.00195
96.35,-0.00182
96.36,-0.00169
96.37,-0.00156
96.38,-0.00144
96.39,-0.00132
96.4,-0.00122
96.41,-0.00113
96.42,-0.00105
96.43,-9.944E-4
96.44,-9.481E-4
96.45,-9.147E-4
96.46,-8.935E-4
96.47,-8.838E-4
96.48,-8.852E-4
96.49,-8.973E-4
96.5,-9.2E-4
96.51,-9.525E-4
96.52,-9.938E-4
96.53,-0.00104
96.54,-0.00109
96.55,-0.00115
96.56,-0.00119
96.57,-0.00121
96.58,-0.00122
96.59,-0.0012
96.6,-0.00116
96.61,-0.0011
96.62,-0.00104
96.63,-9.771E-4
96.64,-9.188E-4
96.65,-8.668E-4
96.66,-8.224E-4
96.67,-7.86E-4
96.68,-7.576E-4
96.69,-7.367E-4
96.7,-7.231E-4
96.71,-7.164E-4
96.72,-7.165E-4
96.73,-7.233E-4
96.74,-7.372E-4
96.75,-7.585E-4
96.76,-7.881E-4
96.77,-8.27E-4
96.78,-8.765E-4
96.79,-9.378E-4
96.8,-0.00101
96.81,-0.0011
96.82,-0.0012
96.83,-0.00132
96.84,-0.00144
96.85,-0.00157
96.86,-0.00169
96.87,-0.0018
96.88,-0.00188
96.89,-0.00192
96.9,-0.00191
96.91,-0.00187
96.92,-0.0018
96.93,-0.0017
96.94,-0.00161
96.95,-0.00151
96.96,-0.00143
96.97,-0.00137
96.98,-0.00133
96.99,-0.00131
97,-0.00131
97.01,-0.00133
97.02,-0.00138
97.03,-0.00145
97.04,-0.00155
97.05,-0.00167
97.06,-0.00182
97.07,-0.00199
97.08,-0.00217
97.09,-0.00236
97.1,-0.00254
97.11,-0.0027
97.12,-0.00282
97.13,-0.00288
97.14,-0.00289
97.15,-0.00287
97.16,-0.00281
97.17,-0.00274
97.18,-0.00267
97.19,-0.00259
97.2,-0.00251
97.21,-0.00243
97.22,-0.00236
97.23,-0.0023
97.24,-0.00226
97.25,-0.00224
97.26,-0.00225
97.27,-0.00229
97.28,-0.00237
97.29,-0.00248
97.3,-0.00263
97.31,-0.00282
97.32,-0.00304
97.33,-0.00329
97.34,-0.00355
97.35,-0.00383
97.36,-0.0041
97.37,-0.00437
97.38,-0.00464
97.39,-0.00492
97.4,-0.00524
97.41,-0.00562
97.42,-0.00608
97.43,-0.00662
97.44,-0.00726
97.45,-0.008
97.46,-0.00883
97.47,-0.00976
97.48,-0.01073
97.49,-0.01171
97.5,-0.0126
97.51,-0.01331
97.52,-0.01378
97.53,-0.01396
97.54,-0.01382
97.55,-0.01338
97.56,-0.01269
97.57,-0.01183
97.58,-0.0109
97.59,-0.00997
97.6,-0.00911
97.61,-0.00836
97.62,-0.00772
97.63,-0.00719
97.64,-0.00677
97.65,-0.00646
97.66,-0.00624
97.67,-0.00611
97.68,-0.00607
97.69,-0.00612
97.7,-0.00625
97.71,-0.00647
97.72,-0.00678
97.73,-0.00717
97.74,-0.00762
97.75,-0.00811
97.76,-0.00859
97.77,-0.00904
97.78,-0.00943
97.79,-0.00974
97.8,-0.00997
97.81,-0.01011
97.82,-0.01015
97.83,-0.01009
97.84,-0.00991
97.85,-0.00962
97.86,-0.00921
97.87,-0.0087
97.88,-0.00813
97.89,-0.00752
97.9,-0.00693
97.91,-0.0064
97.92,-0.00593
97.93,-0.00555
97.94,-0.00526
97.95,-0.00505
97.96,-0.00491
97.97,-0.00483
97.98,-0.00481
97.99,-0.00481
98,-0.00483
98.01,-0.00484
98.02,-0.00482
98.03,-0.00478
98.04,-0.00473
98.05,-0.00466
98.06,-0.00459
98.07,-0.00451
98.08,-0.00442
98.09,-0.00428
98.1,-0.00411
98.11,-0.00389
98.12,-0.00364
98.13,-0.00337
98.14,-0.0031
98.15,-0.00283
98.16,-0.00259
98.17,-0.00238
98.18,-0.0022
98.19,-0.00204
98.2,-0.00192
98.21,-0.00183
98.22,-0.00176
98.23,-0.00172
98.24,-0.0017
98.25,-0.00171
98.26,-0.00173
98.27,-0.00178
98.28,-0.00183
98.29,-0.0019
98.3,-0.00197
98.31,-0.00204
98.32,-0.00208
98.33,-0.00211
98.34,-0.0021
98.35,-0.00206
98.36,-0.00201
98.37,-0.00194
98.38,-0.00187
98.39,-0.0018
98.4,-0.00174
98.41,-0.0017
98.42,-0.00167
98.43,-0.00165
98.44,-0.00165
98.45,-0.00165
98.46,-0.00168
98.47,-0.00171
98.48,-0.00177
98.49,-0.00184
98.5,-0.00193
98.51,-0.00204
98.52,-0.00217
98.53,-0.00233
98.54,-0.00253
98.55,-0.00276
98.56,-0.00303
98.57,-0.00334
98.58,-0.00371
98.59,-0.00412
98.6,-0.00459
98.61,-0.00509
98.62,-0.00563
98.63,-0.00619
98.64,-0.00676
98.65,-0.00735
98.66,-0.00794
98.67,-0.00854
98.68,-0.00916
98.69,-0.00979
98.7,-0.01039
98.71,-0.01092
98.72,-0.01134
98.73,-0.01157
98.74,-0.01162
98.75,-0.01149
98.76,-0.01124
98.77,-0.01096
98.78,-0.0107
98.79,-0.01053
98.8,-0.01048
98.81,-0.01056
98.82,-0.01078
98.83,-0.01112
98.84,-0.01152
98.85,-0.01194
98.86,-0.01229
98.87,-0.01251
98.88,-0.01259
98.89,-0.01255
98.9,-0.01245
98.91,-0.01238
98.92,-0.0124
98.93,-0.01256
98.94,-0.01288
98.95,-0.01334
98.96,-0.01392
98.97,-0.01455
98.98,-0.01517
98.99,-0.01569
99,-0.01603
99.01,-0.01613
99.02,-0.01598
99.03,-0.0156
99.04,-0.01502
99.05,-0.01429
99.06,-0.01346
99.07,-0.01259
99.08,-0.01172
99.09,-0.01089
99.1,-0.01015
99.11,-0.00952
99.12,-0.009
99.13,-0.00859
99.14,-0.0083
99.15,-0.0081
99.16,-0.00799
99.17,-0.00792
99.18,-0.00786
99.19,-0.00778
99.2,-0.00765
99.21,-0.00746
99.22,-0.00724
99.23,-0.00702
99.24,-0.00683
99.25,-0.00672
99.26,-0.00668
99.27,-0.00673
99.28,-0.00686
99.29,-0.00705
99.3,-0.00727
99.31,-0.00747
99.32,-0.00761
99.33,-0.00767
99.34,-0.00761
99.35,-0.00745
99.36,-0.00719
99.37,-0.00686
99.38,-0.00649
99.39,-0.00608
99.4,-0.00567
99.41,-0.00526
99.42,-0.00488
99.43,-0.00453
99.44,-0.00423
99.45,-0.00397
99.46,-0.00376
99.47,-0.00361
99.48,-0.0035
99.49,-0.00344
99.5,-0.00344
99.51,-0.0035
99.52,-0.0036
99.53,-0.00376
99.54,-0.00395
99.55,-0.00417
99.56,-0.00441
99.57,-0.00464
99.58,-0.00484
99.59,-0.00501
99.6,-0.00513
99.61,-0.00521
99.62,-0.00529
99.63,-0.00538
99.64,-0.0055
99.65,-0.00568
99.66,-0.00591
99.67,-0.0062
99.68,-0.00653
99.69,-0.00691
99.7,-0.00731
99.71,-0.00772
99.72,-0.00808
99.73,-0.00837
99.74,-0.00852
99.75,-0.0085
99.76,-0.00829
99.77,-0.0079
99.78,-0.00739
99.79,-0.00681
99.8,-0.00621
99.81,-0.00565
99.82,-0.00514
99.83,-0.00471
99.84,-0.00435
99.85,-0.00407
99.86,-0.00387
99.87,-0.00373
99.88,-0.00365
99.89,-0.00361
99.9,-0.0036
99.91,-0.00361
99.92,-0.00361
99.93,-0.00361
99.94,-0.00362
99.95,-0.00363
99.96,-0.00366
99.97,-0.00371
99.98,-0.00378
99.99,-0.00389
100,-0.00401
100.01,-0.00416
100.02,-0.00432
100.03,-0.00449
100.04,-0.00467
100.05,-0.00485
100.06,-0.00501
100.07,-0.00513
100.08,-0.00518
100.09,-0.00516
100.1,-0.00507
100.11,-0.00493
100.12,-0.00478
100.13,-0.00463
100.14,-0.00449
100.15,-0.00438
100.16,-0.00427
100.17,-0.00418
100.18,-0.00408
100.19,-0.00397
100.2,-0.00384
100.21,-0.0037
100.22,-0.00355
100.23,-0.0034
100.24,-0.00327
100.25,-0.00315
100.26,-0.00308
100.27,-0.00304
100.28,-0.00305
100.29,-0.0031
100.3,-0.00321
100.31,-0.00337
100.32,-0.00358
100.33,-0.00383
100.34,-0.00412
100.35,-0.00445
100.36,-0.00481
100.37,-0.00519
100.38,-0.00558
100.39,-0.00599
100.4,-0.0064
100.41,-0.00679
100.42,-0.00712
100.43,-0.00737
100.44,-0.00751
100.45,-0.00751
100.46,-0.00737
100.47,-0.00712
100.48,-0.00677
100.49,-0.00637
100.5,-0.00594
100.51,-0.00551
100.52,-0.00509
100.53,-0.00468
100.54,-0.00428
100.55,-0.00391
100.56,-0.00358
100.57,-0.00327
100.58,-0.00301
100.59,-0.0028
100.6,-0.00262
100.61,-0.00249
100.62,-0.0024
100.63,-0.00236
100.64,-0.00235
100.65,-0.00237
100.66,-0.00243
100.67,-0.00252
100.68,-0.00264
100.69,-0.00278
100.7,-0.00294
100.71,-0.00311
100.72,-0.00329
100.73,-0.00347
100.74,-0.00364
100.75,-0.00379
100.76,-0.00391
100.77,-0.00397
100.78,-0.00396
100.79,-0.00389
100.8,-0.00375
100.81,-0.00356
100.82,-0.00334
100.83,-0.00311
100.84,-0.00289
100.85,-0.00267
100.86,-0.00248
100.87,-0.00232
100.88,-0.00217
100.89,-0.00206
100.9,-0.00198
100.91,-0.00193
100.92,-0.00191
100.93,-0.00191
100.94,-0.00195
100.95,-0.00201
100.96,-0.0021
100.97,-0.0022
100.98,-0.00232
100.99,-0.00245
101,-0.00256
101.01,-0.00266
101.02,-0.00273
101.03,-0.00275
101.04,-0.00274
101.05,-0.00268
101.06,-0.0026
101.07,-0.00249
101.08,-0.00238
101.09,-0.00228
101.1,-0.0022
101.11,-0.00214
101.12,-0.0021
101.13,-0.0021
101.14,-0.00212
101.15,-0.00218
101.16,-0.00227
101.17,-0.00239
101.18,-0.00254
101.19,-0.00272
101.2,-0.00292
101.21,-0.00314
101.22,-0.00335
101.23,-0.00356
101.24,-0.00373
101.25,-0.00387
101.26,-0.00397
101.27,-0.00404
101.28,-0.00411
101.29,-0.00419
101.3,-0.00431
101.31,-0.00446
101.32,-0.00466
101.33,-0.00491
101.34,-0.0052
101.35,-0.00551
101.36,-0.00583
101.37,-0.00613
101.38,-0.00639
101.39,-0.00662
101.4,-0.00681
101.41,-0.00698
101.42,-0.00716
101.43,-0.00736
101.44,-0.00759
101.45,-0.00782
101.46,-0.00805
101.47,-0.00824
101.48,-0.00838
101.49,-0.00848
101.5,-0.00856
101.51,-0.00866
101.52,-0.00882
101.53,-0.00908
101.54,-0.00943
101.55,-0.00989
101.56,-0.01042
101.57,-0.01097
101.58,-0.0115
101.59,-0.0119
101.6,-0.01211
101.61,-0.01207
101.62,-0.01177
101.63,-0.01125
101.64,-0.01058
101.65,-0.00985
101.66,-0.0091
101.67,-0.0084
101.68,-0.00777
101.69,-0.00722
101.7,-0.00675
101.71,-0.00636
101.72,-0.00604
101.73,-0.00577
101.74,-0.00556
101.75,-0.0054
101.76,-0.00529
101.77,-0.00523
101.78,-0.00521
101.79,-0.00521
101.8,-0.00523
101.81,-0.00525
101.82,-0.00525
101.83,-0.00523
101.84,-0.00521
101.85,-0.00521
101.86,-0.00524
101.87,-0.00532
101.88,-0.00546
101.89,-0.00564
101.9,-0.00588
101.91,-0.00615
101.92,-0.00641
101.93,-0.00664
101.94,-0.00679
101.95,-0.00682
101.96,-0.00674
101.97,-0.00654
101.98,-0.00628
101.99,-0.00598
102,-0.00568
102.01,-0.00542
102.02,-0.00522
102.03,-0.00508
102.04,-0.00503
102.05,-0.00506
102.06,-0.00517
102.07,-0.00537
102.08,-0.00565
102.09,-0.00598
102.1,-0.00635
102.11,-0.00674
102.12,-0.0071
102.13,-0.0074
102.14,-0.00761
102.15,-0.0077
102.16,-0.00764
102.17,-0.00745
102.18,-0.00715
102.19,-0.00677
102.2,-0.00637
102.21,-0.00599
102.22,-0.00564
102.23,-0.00535
102.24,-0.00513
102.25,-0.00498
102.26,-0.0049
102.27,-0.00488
102.28,-0.00493
102.29,-0.00503
102.3,-0.00519
102.31,-0.0054
102.32,-0.00565
102.33,-0.00594
102.34,-0.00624
102.35,-0.00655
102.36,-0.00687
102.37,-0.00718
102.38,-0.0075
102.39,-0.00783
102.4,-0.00815
102.41,-0.00844
102.42,-0.00867
102.43,-0.0088
102.44,-0.00882
102.45,-0.00873
102.46,-0.00855
102.47,-0.00831
102.48,-0.008
102.49,-0.00765
102.5,-0.00725
102.51,-0.00682
102.52,-0.00637
102.53,-0.00592
102.54,-0.00549
102.55,-0.0051
102.56,-0.00476
102.57,-0.00449
102.58,-0.00428
102.59,-0.00414
102.6,-0.00405
102.61,-0.00403
102.62,-0.00405
102.63,-0.00413
102.64,-0.00424
102.65,-0.00439
102.66,-0.00456
102.67,-0.00475
102.68,-0.00496
102.69,-0.00517
102.7,-0.0054
102.71,-0.00565
102.72,-0.00591
102.73,-0.0062
102.74,-0.00651
102.75,-0.00681
102.76,-0.00709
102.77,-0.0073
102.78,-0.00741
102.79,-0.0074
102.8,-0.00726
102.81,-0.00701
102.82,-0.00668
102.83,-0.0063
102.84,-0.00592
102.85,-0.00555
102.86,-0.00522
102.87,-0.00492
102.88,-0.00465
102.89,-0.0044
102.9,-0.00416
102.91,-0.00393
102.92,-0.0037
102.93,-0.00347
102.94,-0.00326
102.95,-0.00307
102.96,-0.00291
102.97,-0.00277
102.98,-0.00266
102.99,-0.00258
103,-0.00252
103.01,-0.00249
103.02,-0.00247
103.03,-0.00247
103.04,-0.0025
103.05,-0.00254
103.06,-0.00262
103.07,-0.00272
103.08,-0.00284
103.09,-0.00299
103.1,-0.00314
103.11,-0.00331
103.12,-0.00346
103.13,-0.00358
103.14,-0.00366
103.15,-0.00368
103.16,-0.00365
103.17,-0.00356
103.18,-0.00345
103.19,-0.00331
103.2,-0.00317
103.21,-0.00304
103.22,-0.00292
103.23,-0.00281
103.24,-0.0027
103.25,-0.0026
103.26,-0.0025
103.27,-0.00239
103.28,-0.00229
103.29,-0.0022
103.3,-0.00212
103.31,-0.00205
103.32,-0.002
103.33,-0.00197
103.34,-0.00195
103.35,-0.00195
103.36,-0.00197
103.37,-0.00201
103.38,-0.00207
103.39,-0.00215
103.4,-0.00225
103.41,-0.00238
103.42,-0.00253
103.43,-0.00272
103.44,-0.00294
103.45,-0.00319
103.46,-0.00349
103.47,-0.00382
103.48,-0.0042
103.49,-0.00462
103.5,-0.00508
103.51,-0.00558
103.52,-0.00609
103.53,-0.00662
103.54,-0.00714
103.55,-0.00763
103.56,-0.00808
103.57,-0.00847
103.58,-0.00882
103.59,-0.00917
103.6,-0.00956
103.61,-0.01001
103.62,-0.01057
103.63,-0.01123
103.64,-0.01199
103.65,-0.01282
103.66,-0.01366
103.67,-0.01444
103.68,-0.01508
103.69,-0.0155
103.7,-0.01567
103.71,-0.01561
103.72,-0.01535
103.73,-0.01496
103.74,-0.01449
103.75,-0.01395
103.76,-0.01334
103.77,-0.01266
103.78,-0.01191
103.79,-0.0111
103.8,-0.01028
103.81,-0.00949
103.82,-0.00876
103.83,-0.00812
103.84,-0.00759
103.85,-0.00716
103.86,-0.00684
103.87,-0.00662
103.88,-0.00648
103.89,-0.0064
103.9,-0.00637
103.91,-0.00636
103.92,-0.00636
103.93,-0.00637
103.94,-0.0064
103.95,-0.00647
103.96,-0.00658
103.97,-0.00675
103.98,-0.00699
103.99,-0.00729
104,-0.00765
104.01,-0.00804
104.02,-0.00843
104.03,-0.00878
104.04,-0.00906
104.05,-0.00923
104.06,-0.00931
104.07,-0.0093
104.08,-0.00925
104.09,-0.00917
104.1,-0.00909
104.11,-0.009
104.12,-0.0089
104.13,-0.00878
104.14,-0.00864
104.15,-0.00848
104.16,-0.00829
104.17,-0.00807
104.18,-0.0078
104.19,-0.00746
104.2,-0.00706
104.21,-0.0066
104.22,-0.00609
104.23,-0.00557
104.24,-0.00507
104.25,-0.00459
104.26,-0.00415
104.27,-0.00375
104.28,-0.0034
104.29,-0.00309
104.3,-0.00282
104.31,-0.00259
104.32,-0.0024
104.33,-0.00224
104.34,-0.00211
104.35,-0.00201
104.36,-0.00193
104.37,-0.00187
104.38,-0.00183
104.39,-0.00181
104.4,-0.0018
104.41,-0.00182
104.42,-0.00186
104.43,-0.00192
104.44,-0.002
104.45,-0.00211
104.46,-0.00224
104.47,-0.00239
104.48,-0.00258
104.49,-0.00278
104.5,-0.003
104.51,-0.00323
104.52,-0.00346
104.53,-0.00367
104.54,-0.00385
104.55,-0.00397
104.56,-0.00403
104.57,-0.00402
104.58,-0.00395
104.59,-0.00383
104.6,-0.00365
104.61,-0.00345
104.62,-0.00323
104.63,-0.003
104.64,-0.00279
104.65,-0.00259
104.66,-0.00242
104.67,-0.00227
104.68,-0.00215
104.69,-0.00206
104.7,-0.00199
104.71,-0.00195
104.72,-0.00194
104.73,-0.00196
104.74,-0.002
104.75,-0.00207
104.76,-0.00216
104.77,-0.00229
104.78,-0.00244
104.79,-0.00263
104.8,-0.00284
104.81,-0.00309
104.82,-0.00336
104.83,-0.00367
104.84,-0.004
104.85,-0.00436
104.86,-0.00475
104.87,-0.00515
104.88,-0.00554
104.89,-0.00591
104.9,-0.00623
104.91,-0.00646
104.92,-0.00659
104.93,-0.00661
104.94,-0.00654
104.95,-0.00637
104.96,-0.00615
104.97,-0.00587
104.98,-0.00557
104.99,-0.00527
105,-0.00497
105.01,-0.0047
105.02,-0.00445
105.03,-0.00424
105.04,-0.00405
105.05,-0.00388
105.06,-0.00374
105.07,-0.00361
105.08,-0.00351
105.09,-0.00342
105.1,-0.00336
105.11,-0.0033
105.12,-0.00326
105.13,-0.00322
105.14,-0.00318
105.15,-0.00316
105.16,-0.00314
105.17,-0.00315
105.18,-0.00317
105.19,-0.00321
105.2,-0.00329
105.21,-0.00338
105.22,-0.0035
105.23,-0.00364
105.24,-0.0038
105.25,-0.00395
105.26,-0.0041
105.27,-0.00422
105.28,-0.00432
105.29,-0.00438
105.3,-0.00443
105.31,-0.00446
105.32,-0.0045
105.33,-0.00456
105.34,-0.00464
105.35,-0.00476
105.36,-0.00493
105.37,-0.00515
105.38,-0.00543
105.39,-0.00576
105.4,-0.00613
105.41,-0.00653
105.42,-0.00694
105.43,-0.00732
105.44,-0.00763
105.45,-0.00783
105.46,-0.0079
105.47,-0.00781
105.48,-0.00758
105.49,-0.00724
105.5,-0.00684
105.51,-0.0064
105.52,-0.00597
105.53,-0.00558
105.54,-0.00523
105.55,-0.00494
105.56,-0.0047
105.57,-0.00452
105.58,-0.00439
105.59,-0.0043
105.6,-0.00425
105.61,-0.00422
105.62,-0.00422
105.63,-0.00424
105.64,-0.00429
105.65,-0.00434
105.66,-0.00439
105.67,-0.00443
105.68,-0.00445
105.69,-0.00444
105.7,-0.00442
105.71,-0.00439
105.72,-0.00437
105.73,-0.00438
105.74,-0.00441
105.75,-0.00449
105.76,-0.00461
105.77,-0.00477
105.78,-0.00496
105.79,-0.00515
105.8,-0.00533
105.81,-0.00547
105.82,-0.00554
105.83,-0.00552
105.84,-0.00541
105.85,-0.00523
105.86,-0.00498
105.87,-0.00471
105.88,-0.00444
105.89,-0.00418
105.9,-0.00394
105.91,-0.00374
105.92,-0.00358
105.93,-0.00346
105.94,-0.00338
105.95,-0.00332
105.96,-0.0033
105.97,-0.00331
105.98,-0.00334
105.99,-0.00339
106,-0.00347
106.01,-0.00356
106.02,-0.00366
106.03,-0.00377
106.04,-0.00387
106.05,-0.00396
106.06,-0.00403
106.07,-0.00408
106.08,-0.00412
106.09,-0.00415
106.1,-0.00419
106.11,-0.00424
106.12,-0.00432
106.13,-0.00444
106.14,-0.00459
106.15,-0.00479
106.16,-0.00504
106.17,-0.00533
106.18,-0.00566
106.19,-0.00604
106.2,-0.00648
106.21,-0.00697
106.22,-0.00753
106.23,-0.00815
106.24,-0.00884
106.25,-0.00958
106.26,-0.01035
106.27,-0.01111
106.28,-0.01184
106.29,-0.0125
106.3,-0.01308
106.31,-0.01357
106.32,-0.01398
106.33,-0.01433
106.34,-0.01463
106.35,-0.01487
106.36,-0.015
106.37,-0.01499
106.38,-0.01479
106.39,-0.01438
106.4,-0.01375
106.41,-0.01296
106.42,-0.01206
106.43,-0.01112
106.44,-0.01019
106.45,-0.00929
106.46,-0.00847
106.47,-0.00773
106.48,-0.00709
106.49,-0.00654
106.5,-0.00609
106.51,-0.00573
106.52,-0.00545
106.53,-0.00526
106.54,-0.00515
106.55,-0.00511
106.56,-0.00514
106.57,-0.00523
106.58,-0.0054
106.59,-0.00563
106.6,-0.00592
106.61,-0.00628
106.62,-0.00668
106.63,-0.00713
106.64,-0.0076
106.65,-0.00807
106.66,-0.00854
106.67,-0.00898
106.68,-0.00939
106.69,-0.00977
106.7,-0.01012
106.71,-0.01045
106.72,-0.01072
106.73,-0.01093
106.74,-0.01105
106.75,-0.01105
106.76,-0.01092
106.77,-0.01068
106.78,-0.01034
106.79,-0.00995
106.8,-0.00955
106.81,-0.00918
106.82,-0.00887
106.83,-0.00864
106.84,-0.0085
106.85,-0.00845
106.86,-0.00849
106.87,-0.00859
106.88,-0.00876
106.89,-0.00897
106.9,-0.00922
106.91,-0.0095
106.92,-0.00978
106.93,-0.01002
106.94,-0.01021
106.95,-0.01029
106.96,-0.01024
106.97,-0.01003
106.98,-0.00969
106.99,-0.00922
107,-0.00867
107.01,-0.00808
107.02,-0.00749
107.03,-0.00692
107.04,-0.0064
107.05,-0.00594
107.06,-0.00554
107.07,-0.00521
107.08,-0.00493
107.09,-0.0047
107.1,-0.00452
107.11,-0.00436
107.12,-0.00424
107.13,-0.00415
107.14,-0.00407
107.15,-0.00401
107.16,-0.00397
107.17,-0.00395
107.18,-0.00394
107.19,-0.00396
107.2,-0.00399
107.21,-0.00405
107.22,-0.00412
107.23,-0.00422
107.24,-0.00433
107.25,-0.00446
107.26,-0.00459
107.27,-0.00474
107.28,-0.00489
107.29,-0.00503
107.3,-0.00517
107.31,-0.00528
107.32,-0.00534
107.33,-0.00535
107.34,-0.00528
107.35,-0.00513
107.36,-0.00492
107.37,-0.00465
107.38,-0.00435
107.39,-0.00403
107.4,-0.00372
107.41,-0.00343
107.42,-0.00316
107.43,-0.00292
107.44,-0.00272
107.45,-0.00255
107.46,-0.00242
107.47,-0.00232
107.48,-0.00225
107.49,-0.00221
107.5,-0.0022
107.51,-0.0022
107.52,-0.00223
107.53,-0.00226
107.54,-0.00229
107.55,-0.00232
107.56,-0.00234
107.57,-0.00234
107.58,-0.00231
107.59,-0.00227
107.6,-0.00221
107.61,-0.00213
107.62,-0.00205
107.63,-0.00196
107.64,-0.00188
107.65,-0.0018
107.66,-0.00173
107.67,-0.00167
107.68,-0.00163
107.69,-0.00159
107.7,-0.00156
107.71,-0.00155
107.72,-0.00154
107.73,-0.00155
107.74,-0.00157
107.75,-0.0016
107.76,-0.00164
107.77,-0.0017
107.78,-0.00176
107.79,-0.00184
107.8,-0.00192
107.81,-0.002
107.82,-0.00208
107.83,-0.00215
107.84,-0.00222
107.85,-0.00228
107.86,-0.00234
107.87,-0.0024
107.88,-0.00245
107.89,-0.00249
107.9,-0.00253
107.91,-0.00255
107.92,-0.00256
107.93,-0.00256
107.94,-0.00253
107.95,-0.0025
107.96,-0.00244
107.97,-0.00238
107.98,-0.00231
107.99,-0.00224
108,-0.00218
108.01,-0.00212
108.02,-0.00208
108.03,-0.00206
108.04,-0.00205
108.05,-0.00206
108.06,-0.00209
108.07,-0.00214
108.08,-0.00221
108.09,-0.00231
108.1,-0.00244
108.11,-0.0026
108.12,-0.0028
108.13,-0.00304
108.14,-0.00332
108.15,-0.00365
108.16,-0.00403
108.17,-0.00447
108.18,-0.00496
108.19,-0.00551
108.2,-0.0061
108.21,-0.00673
108.22,-0.00738
108.23,-0.00803
108.24,-0.00867
108.25,-0.00926
108.26,-0.00978
108.27,-0.01023
108.28,-0.01057
108.29,-0.01079
108.3,-0.01087
108.31,-0.0108
108.32,-0.01058
108.33,-0.01022
108.34,-0.00974
108.35,-0.00918
108.36,-0.00856
108.37,-0.00793
108.38,-0.00732
108.39,-0.00674
108.4,-0.00621
108.41,-0.00575
108.42,-0.00536
108.43,-0.00503
108.44,-0.00476
108.45,-0.00454
108.46,-0.00437
108.47,-0.00424
108.48,-0.00414
108.49,-0.00409
108.5,-0.00407
108.51,-0.0041
108.52,-0.00418
108.53,-0.0043
108.54,-0.00448
108.55,-0.0047
108.56,-0.00496
108.57,-0.00526
108.58,-0.00559
108.59,-0.00591
108.6,-0.00623
108.61,-0.00652
108.62,-0.00676
108.63,-0.00695
108.64,-0.00708
108.65,-0.00716
108.66,-0.00719
108.67,-0.00717
108.68,-0.0071
108.69,-0.00697
108.7,-0.00679
108.71,-0.00656
108.72,-0.00629
108.73,-0.00599
108.74,-0.00567
108.75,-0.00534
108.76,-0.00502
108.77,-0.00472
108.78,-0.00444
108.79,-0.00418
108.8,-0.00393
108.81,-0.0037
108.82,-0.00349
108.83,-0.00329
108.84,-0.00311
108.85,-0.00295
108.86,-0.0028
108.87,-0.00266
108.88,-0.00255
108.89,-0.00245
108.9,-0.00238
108.91,-0.00232
108.92,-0.00229
108.93,-0.00228
108.94,-0.00229
108.95,-0.00231
108.96,-0.00234
108.97,-0.00238
108.98,-0.00241
108.99,-0.00244
109,-0.00246
109.01,-0.00245
109.02,-0.00244
109.03,-0.00241
109.04,-0.00238
109.05,-0.00234
109.06,-0.0023
109.07,-0.00226
109.08,-0.00221
109.09,-0.00217
109.1,-0.00212
109.11,-0.00208
109.12,-0.00205
109.13,-0.00203
109.14,-0.00201
109.15,-0.002
109.16,-0.00198
109.17,-0.00197
109.18,-0.00195
109.19,-0.00193
109.2,-0.00191
109.21,-0.00188
109.22,-0.00186
109.23,-0.00184
109.24,-0.00184
109.25,-0.00185
109.26,-0.00187
109.27,-0.00191
109.28,-0.00197
109.29,-0.00204
109.3,-0.00213
109.31,-0.00223
109.32,-0.00233
109.33,-0.00243
109.34,-0.00253
109.35,-0.00261
109.36,-0.00268
109.37,-0.00274
109.38,-0.00279
109.39,-0.00284
109.4,-0.0029
109.41,-0.00297
109.42,-0.00305
109.43,-0.00315
109.44,-0.00327
109.45,-0.00339
109.46,-0.00351
109.47,-0.00362
109.48,-0.00372
109.49,-0.00381
109.5,-0.00388
109.51,-0.00395
109.52,-0.00399
109.53,-0.00402
109.54,-0.00403
109.55,-0.004
109.56,-0.00394
109.57,-0.00384
109.58,-0.0037
109.59,-0.00354
109.6,-0.00338
109.61,-0.00321
109.62,-0.00306
109.63,-0.00292
109.64,-0.00281
109.65,-0.00273
109.66,-0.00267
109.67,-0.00264
109.68,-0.00263
109.69,-0.00263
109.7,-0.00264
109.71,-0.00265
109.72,-0.00265
109.73,-0.00264
109.74,-0.00262
109.75,-0.00258
109.76,-0.00253
109.77,-0.00247
109.78,-0.00241
109.79,-0.00236
109.8,-0.00232
109.81,-0.0023
109.82,-0.00229
109.83,-0.0023
109.84,-0.00233
109.85,-0.00237
109.86,-0.00242
109.87,-0.00247
109.88,-0.00254
109.89,-0.00261
109.9,-0.00269
109.91,-0.00277
109.92,-0.00286
109.93,-0.00295
109.94,-0.00304
109.95,-0.00312
109.96,-0.00319
109.97,-0.00325
109.98,-0.0033
109.99,-0.00333
110,-0.00334
110.01,-0.00333
110.02,-0.00329
110.03,-0.00322
110.04,-0.00312
110.05,-0.00299
110.06,-0.00285
110.07,-0.0027
110.08,-0.00254
110.09,-0.00239
110.1,-0.00225
110.11,-0.00211
110.12,-0.00198
110.13,-0.00185
110.14,-0.00173
110.15,-0.00162
110.16,-0.00152
110.17,-0.00143
110.18,-0.00135
110.19,-0.00128
110.2,-0.00122
110.21,-0.00117
110.22,-0.00113
110.23,-0.0011
110.24,-0.00107
110.25,-0.00106
110.26,-0.00105
110.27,-0.00105
110.28,-0.00106
110.29,-0.00108
110.3,-0.00111
110.31,-0.00114
110.32,-0.00118
110.33,-0.00123
110.34,-0.00129
110.35,-0.00136
110.36,-0.00143
110.37,-0.00151
110.38,-0.00159
110.39,-0.00166
110.4,-0.00173
110.41,-0.0018
110.42,-0.00184
110.43,-0.00188
110.44,-0.0019
110.45,-0.0019
110.46,-0.0019
110.47,-0.00189
110.48,-0.00188
110.49,-0.00188
110.5,-0.00187
110.51,-0.00186
110.52,-0.00185
110.53,-0.00184
110.54,-0.00183
110.55,-0.00182
110.56,-0.00182
110.57,-0.00182
110.58,-0.00183
110.59,-0.00184
110.6,-0.00186
110.61,-0.00189
110.62,-0.00192
110.63,-0.00197
110.64,-0.00202
110.65,-0.00208
110.66,-0.00217
110.67,-0.00226
110.68,-0.00238
110.69,-0.00253
110.7,-0.00269
110.71,-0.00287
110.72,-0.00308
110.73,-0.0033
110.74,-0.00353
110.75,-0.00377
110.76,-0.00401
110.77,-0.00425
110.78,-0.00447
110.79,-0.00468
110.8,-0.00487
110.81,-0.00503
110.82,-0.00516
110.83,-0.00526
110.84,-0.00535
110.85,-0.00541
110.86,-0.00547
110.87,-0.00554
110.88,-0.00561
110.89,-0.0057
110.9,-0.0058
110.91,-0.00593
110.92,-0.00608
110.93,-0.00627
110.94,-0.00651
110.95,-0.0068
110.96,-0.00714
110.97,-0.00755
110.98,-0.008
110.99,-0.00848
111,-0.00898
111.01,-0.00946
111.02,-0.0099
111.03,-0.01025
111.04,-0.01049
111.05,-0.0106
111.06,-0.01058
111.07,-0.01044
111.08,-0.0102
111.09,-0.00991
111.1,-0.00958
111.11,-0.00926
111.12,-0.00897
111.13,-0.00874
111.14,-0.00857
111.15,-0.00849
111.16,-0.00849
111.17,-0.00857
111.18,-0.00873
111.19,-0.00895
111.2,-0.00923
111.21,-0.00954
111.22,-0.00987
111.23,-0.01019
111.24,-0.01046
111.25,-0.01067
111.26,-0.0108
111.27,-0.01084
111.28,-0.0108
111.29,-0.01071
111.3,-0.01059
111.31,-0.01046
111.32,-0.01035
111.33,-0.01025
111.34,-0.01017
111.35,-0.01012
111.36,-0.01008
111.37,-0.01004
111.38,-0.01
111.39,-0.00994
111.4,-0.00988
111.41,-0.0098
111.42,-0.0097
111.43,-0.00958
111.44,-0.00943
111.45,-0.00924
111.46,-0.00903
111.47,-0.00879
111.48,-0.00853
111.49,-0.00827
111.5,-0.00803
111.51,-0.00782
111.52,-0.00767
111.53,-0.00758
111.54,-0.00758
111.55,-0.00768
111.56,-0.00787
111.57,-0.00818
111.58,-0.00861
111.59,-0.00915
111.6,-0.00981
111.61,-0.01058
111.62,-0.01145
111.63,-0.01242
111.64,-0.01344
111.65,-0.01449
111.66,-0.01553
111.67,-0.01651
111.68,-0.01737
111.69,-0.01807
111.7,-0.01854
111.71,-0.01875
111.72,-0.01868
111.73,-0.01831
111.74,-0.01769
111.75,-0.01686
111.76,-0.01588
111.77,-0.01481
111.78,-0.0137
111.79,-0.01259
111.8,-0.01151
111.81,-0.01049
111.82,-0.00954
111.83,-0.00867
111.84,-0.00789
111.85,-0.00719
111.86,-0.00659
111.87,-0.00607
111.88,-0.00564
111.89,-0.00528
111.9,-0.00499
111.91,-0.00478
111.92,-0.00462
111.93,-0.00452
111.94,-0.00448
111.95,-0.0045
111.96,-0.00457
111.97,-0.0047
111.98,-0.00488
111.99,-0.00512
112,-0.00541
112.01,-0.00576
112.02,-0.00617
112.03,-0.00662
112.04,-0.00712
112.05,-0.00765
112.06,-0.00819
112.07,-0.00874
112.08,-0.00928
112.09,-0.00977
112.1,-0.0102
112.11,-0.01054
112.12,-0.01077
112.13,-0.01087
112.14,-0.01086
112.15,-0.01073
112.16,-0.01051
112.17,-0.01022
112.18,-0.00987
112.19,-0.00949
112.2,-0.00908
112.21,-0.00863
112.22,-0.00817
112.23,-0.00769
112.24,-0.0072
112.25,-0.00672
112.26,-0.00626
112.27,-0.00583
112.28,-0.00544
112.29,-0.00509
112.3,-0.00479
112.31,-0.00453
112.32,-0.0043
112.33,-0.0041
112.34,-0.00393
112.35,-0.00378
112.36,-0.00365
112.37,-0.00353
112.38,-0.00343
112.39,-0.00335
112.4,-0.00328
112.41,-0.00322
112.42,-0.00319
112.43,-0.00317
112.44,-0.00317
112.45,-0.00319
112.46,-0.00322
112.47,-0.00326
112.48,-0.00332
112.49,-0.00339
112.5,-0.00347
112.51,-0.00358
112.52,-0.00369
112.53,-0.00384
112.54,-0.004
112.55,-0.00419
112.56,-0.00441
112.57,-0.00466
112.58,-0.00492
112.59,-0.0052
112.6,-0.00549
112.61,-0.00577
112.62,-0.00603
112.63,-0.00625
112.64,-0.00642
112.65,-0.00654
112.66,-0.00659
112.67,-0.00658
112.68,-0.00651
112.69,-0.00642
112.7,-0.0063
112.71,-0.00619
112.72,-0.00609
112.73,-0.00602
112.74,-0.00597
112.75,-0.00595
112.76,-0.00595
112.77,-0.00596
112.78,-0.00598
112.79,-0.00598
112.8,-0.00594
112.81,-0.00587
112.82,-0.00575
112.83,-0.00559
112.84,-0.00539
112.85,-0.00518
112.86,-0.00497
112.87,-0.00477
112.88,-0.0046
112.89,-0.00445
112.9,-0.00435
112.91,-0.00429
112.92,-0.00427
112.93,-0.0043
112.94,-0.00437
112.95,-0.00449
112.96,-0.00465
112.97,-0.00484
112.98,-0.00506
112.99,-0.0053
113,-0.00554
113.01,-0.00577
113.02,-0.00598
113.03,-0.00614
113.04,-0.00624
113.05,-0.00628
113.06,-0.00626
113.07,-0.00618
113.08,-0.00605
113.09,-0.00589
113.1,-0.00571
113.11,-0.00552
113.12,-0.00534
113.13,-0.00519
113.14,-0.00506
113.15,-0.00497
113.16,-0.00491
113.17,-0.0049
113.18,-0.00493
113.19,-0.005
113.2,-0.00509
113.21,-0.00521
113.22,-0.00535
113.23,-0.0055
113.24,-0.00567
113.25,-0.00585
113.26,-0.00605
113.27,-0.00627
113.28,-0.00653
113.29,-0.00683
113.3,-0.00716
113.31,-0.00754
113.32,-0.00795
113.33,-0.00839
113.34,-0.00886
113.35,-0.00934
113.36,-0.00982
113.37,-0.01027
113.38,-0.01068
113.39,-0.01103
113.4,-0.01131
113.41,-0.01151
113.42,-0.01165
113.43,-0.01171
113.44,-0.0117
113.45,-0.0116
113.46,-0.01141
113.47,-0.01113
113.48,-0.01074
113.49,-0.01025
113.5,-0.00969
113.51,-0.00907
113.52,-0.00842
113.53,-0.00776
113.54,-0.00713
113.55,-0.00653
113.56,-0.00597
113.57,-0.00547
113.58,-0.00503
113.59,-0.00464
113.6,-0.00431
113.61,-0.00403
113.62,-0.0038
113.63,-0.00362
113.64,-0.00349
113.65,-0.0034
113.66,-0.00335
113.67,-0.00334
113.68,-0.00336
113.69,-0.00342
113.7,-0.00351
113.71,-0.00362
113.72,-0.00376
113.73,-0.00392
113.74,-0.0041
113.75,-0.00429
113.76,-0.00449
113.77,-0.0047
113.78,-0.0049
113.79,-0.00508
113.8,-0.00525
113.81,-0.00538
113.82,-0.00548
113.83,-0.00554
113.84,-0.00557
113.85,-0.00557
113.86,-0.00554
113.87,-0.00548
113.88,-0.0054
113.89,-0.00528
113.9,-0.00513
113.91,-0.00495
113.92,-0.00473
113.93,-0.00449
113.94,-0.00423
113.95,-0.00396
113.96,-0.0037
113.97,-0.00344
113.98,-0.0032
113.99,-0.00298
114,-0.00278
114.01,-0.0026
114.02,-0.00244
114.03,-0.00229
114.04,-0.00216
114.05,-0.00204
114.06,-0.00194
114.07,-0.00185
114.08,-0.00177
114.09,-0.00171
114.1,-0.00165
114.11,-0.00161
114.12,-0.00159
114.13,-0.00157
114.14,-0.00156
114.15,-0.00157
114.16,-0.00158
114.17,-0.0016
114.18,-0.00163
114.19,-0.00166
114.2,-0.0017
114.21,-0.00174
114.22,-0.00177
114.23,-0.0018
114.24,-0.00182
114.25,-0.00184
114.26,-0.00185
114.27,-0.00186
114.28,-0.00187
114.29,-0.00188
114.3,-0.00189
114.31,-0.00191
114.32,-0.00193
114.33,-0.00196
114.34,-0.00199
114.35,-0.00203
114.36,-0.00208
114.37,-0.00214
114.38,-0.00222
114.39,-0.00232
114.4,-0.00243
114.41,-0.00256
114.42,-0.00271
114.43,-0.00288
114.44,-0.00306
114.45,-0.00326
114.46,-0.00346
114.47,-0.00365
114.48,-0.00383
114.49,-0.00398
114.5,-0.0041
114.51,-0.00419
114.52,-0.00422
114.53,-0.00422
114.54,-0.00419
114.55,-0.00413
114.56,-0.00405
114.57,-0.00395
114.58,-0.00385
114.59,-0.00375
114.6,-0.00365
114.61,-0.00355
114.62,-0.00346
114.63,-0.00338
114.64,-0.0033
114.65,-0.00324
114.66,-0.00318
114.67,-0.00313
114.68,-0.00309
114.69,-0.00306
114.7,-0.00303
114.71,-0.00299
114.72,-0.00296
114.73,-0.00292
114.74,-0.00288
114.75,-0.00284
114.76,-0.0028
114.77,-0.00276
114.78,-0.00273
114.79,-0.00271
114.8,-0.0027
114.81,-0.00269
114.82,-0.00269
114.83,-0.0027
114.84,-0.00272
114.85,-0.00274
114.86,-0.00278
114.87,-0.00283
114.88,-0.00289
114.89,-0.00295
114.9,-0.00303
114.91,-0.00311
114.92,-0.00319
114.93,-0.00327
114.94,-0.00334
114.95,-0.0034
114.96,-0.00345
114.97,-0.00349
114.98,-0.00353
114.99,-0.00357
115,-0.00361
115.01,-0.00366
115.02,-0.00371
115.03,-0.00378
115.04,-0.00385
115.05,-0.00394
115.06,-0.00403
115.07,-0.00414
115.08,-0.00425
115.09,-0.00436
115.1,-0.00448
115.11,-0.0046
115.12,-0.00473
115.13,-0.00486
115.14,-0.005
115.15,-0.00515
115.16,-0.0053
115.17,-0.00546
115.18,-0.00561
115.19,-0.00576
115.2,-0.00588
115.21,-0.00598
115.22,-0.00604
115.23,-0.00607
115.24,-0.00607
115.25,-0.00604
115.26,-0.006
115.27,-0.00595
115.28,-0.0059
115.29,-0.00586
115.3,-0.00583
115.31,-0.00581
115.32,-0.0058
115.33,-0.00579
115.34,-0.00577
115.35,-0.00574
115.36,-0.00568
115.37,-0.00559
115.38,-0.00548
115.39,-0.00534
115.4,-0.00519
115.41,-0.00504
115.42,-0.00489
115.43,-0.00475
115.44,-0.00464
115.45,-0.00455
115.46,-0.00448
115.47,-0.00445
115.48,-0.00444
115.49,-0.00445
115.5,-0.00448
115.51,-0.00451
115.52,-0.00453
115.53,-0.00455
115.54,-0.00455
115.55,-0.00453
115.56,-0.00449
115.57,-0.00444
115.58,-0.00439
115.59,-0.00433
115.6,-0.00429
115.61,-0.00425
115.62,-0.00421
115.63,-0.00418
115.64,-0.00416
115.65,-0.00413
115.66,-0.00409
115.67,-0.00405
115.68,-0.00401
115.69,-0.00396
115.7,-0.00392
115.71,-0.00389
115.72,-0.00388
115.73,-0.00388
115.74,-0.0039
115.75,-0.00394
115.76,-0.00399
115.77,-0.00405
115.78,-0.00412
115.79,-0.00419
115.8,-0.00426
115.81,-0.00432
115.82,-0.00439
115.83,-0.00445
115.84,-0.0045
115.85,-0.00455
115.86,-0.0046
115.87,-0.00464
115.88,-0.00467
115.89,-0.00468
115.9,-0.00467
115.91,-0.00463
115.92,-0.00456
115.93,-0.00447
115.94,-0.00436
115.95,-0.00423
115.96,-0.0041
115.97,-0.00396
115.98,-0.00381
115.99,-0.00367
116,-0.00353
116.01,-0.0034
116.02,-0.00327
116.03,-0.00316
116.04,-0.00306
116.05,-0.00297
116.06,-0.0029
116.07,-0.00284
116.08,-0.00279
116.09,-0.00275
116.1,-0.00273
116.11,-0.00272
116.12,-0.00272
116.13,-0.00273
116.14,-0.00277
116.15,-0.00281
116.16,-0.00288
116.17,-0.00295
116.18,-0.00304
116.19,-0.00315
116.2,-0.00326
116.21,-0.00339
116.22,-0.00352
116.23,-0.00366
116.24,-0.00381
116.25,-0.00398
116.26,-0.00416
116.27,-0.00437
116.28,-0.00459
116.29,-0.00484
116.3,-0.00512
116.31,-0.00541
116.32,-0.00572
116.33,-0.00604
116.34,-0.00635
116.35,-0.00666
116.36,-0.00696
116.37,-0.00723
116.38,-0.00747
116.39,-0.00768
116.4,-0.00785
116.41,-0.00797
116.42,-0.00804
116.43,-0.00805
116.44,-0.00799
116.45,-0.00787
116.46,-0.00769
116.47,-0.00745
116.48,-0.00716
116.49,-0.00685
116.5,-0.00651
116.51,-0.00618
116.52,-0.00585
116.53,-0.00555
116.54,-0.00527
116.55,-0.00503
116.56,-0.00483
116.57,-0.00466
116.58,-0.00454
116.59,-0.00447
116.6,-0.00444
116.61,-0.00445
116.62,-0.00451
116.63,-0.00461
116.64,-0.00475
116.65,-0.00493
116.66,-0.00515
116.67,-0.00541
116.68,-0.00571
116.69,-0.00604
116.7,-0.0064
116.71,-0.00679
116.72,-0.0072
116.73,-0.00761
116.74,-0.00802
116.75,-0.00841
116.76,-0.00877
116.77,-0.00909
116.78,-0.00936
116.79,-0.00958
116.8,-0.00976
116.81,-0.00991
116.82,-0.01002
116.83,-0.01009
116.84,-0.01013
116.85,-0.01012
116.86,-0.01007
116.87,-0.00996
116.88,-0.00979
116.89,-0.00955
116.9,-0.00926
116.91,-0.00893
116.92,-0.00856
116.93,-0.00817
116.94,-0.00777
116.95,-0.00739
116.96,-0.00703
116.97,-0.00671
116.98,-0.00643
116.99,-0.0062
117,-0.00602
117.01,-0.00591
117.02,-0.00585
117.03,-0.00586
117.04,-0.00593
117.05,-0.00606
117.06,-0.00626
117.07,-0.00652
117.08,-0.00685
117.09,-0.00724
117.1,-0.00769
117.11,-0.0082
117.12,-0.00875
117.13,-0.00934
117.14,-0.00997
117.15,-0.01061
117.16,-0.01126
117.17,-0.01192
117.18,-0.01257
117.19,-0.0132
117.2,-0.0138
117.21,-0.01436
117.22,-0.01485
117.23,-0.01526
117.24,-0.01555
117.25,-0.01571
117.26,-0.01572
117.27,-0.01559
117.28,-0.0153
117.29,-0.01489
117.3,-0.01438
117.31,-0.0138
117.32,-0.01318
117.33,-0.01253
117.34,-0.01189
117.35,-0.01126
117.36,-0.01065
117.37,-0.01008
117.38,-0.00953
117.39,-0.00902
117.4,-0.00854
117.41,-0.0081
117.42,-0.00769
117.43,-0.00732
117.44,-0.007
117.45,-0.00672
117.46,-0.00649
117.47,-0.00632
117.48,-0.00621
117.49,-0.00615
117.5,-0.00615
117.51,-0.0062
117.52,-0.00632
117.53,-0.00649
117.54,-0.00671
117.55,-0.00698
117.56,-0.00731
117.57,-0.00767
117.58,-0.00807
117.59,-0.00849
117.6,-0.00892
117.61,-0.00936
117.62,-0.0098
117.63,-0.01023
117.64,-0.01065
117.65,-0.01106
117.66,-0.01146
117.67,-0.01185
117.68,-0.01221
117.69,-0.01253
117.7,-0.0128
117.71,-0.01299
117.72,-0.0131
117.73,-0.01313
117.74,-0.01307
117.75,-0.01295
117.76,-0.01278
117.77,-0.01259
117.78,-0.0124
117.79,-0.01222
117.8,-0.01208
117.81,-0.01197
117.82,-0.01189
117.83,-0.01183
117.84,-0.0118
117.85,-0.01176
117.86,-0.0117
117.87,-0.01162
117.88,-0.01151
117.89,-0.01135
117.9,-0.01116
117.91,-0.01094
117.92,-0.01071
117.93,-0.01047
117.94,-0.01023
117.95,-0.01002
117.96,-0.00982
117.97,-0.00966
117.98,-0.00954
117.99,-0.00946
118,-0.00944
118.01,-0.00947
118.02,-0.00955
118.03,-0.00969
118.04,-0.00987
118.05,-0.01008
118.06,-0.01031
118.07,-0.01054
118.08,-0.01076
118.09,-0.01096
118.1,-0.01112
118.11,-0.01123
118.12,-0.01129
118.13,-0.01129
118.14,-0.01121
118.15,-0.01107
118.16,-0.01086
118.17,-0.01059
118.18,-0.01026
118.19,-0.0099
118.2,-0.00953
118.21,-0.00914
118.22,-0.00877
118.23,-0.00843
118.24,-0.00811
118.25,-0.00784
118.26,-0.00761
118.27,-0.00742
118.28,-0.00727
118.29,-0.00715
118.3,-0.00706
118.31,-0.00699
118.32,-0.00693
118.33,-0.00687
118.34,-0.0068
118.35,-0.00671
118.36,-0.0066
118.37,-0.00647
118.38,-0.00632
118.39,-0.00615
118.4,-0.00598
118.41,-0.00581
118.42,-0.00565
118.43,-0.00549
118.44,-0.00534
118.45,-0.00522
118.46,-0.00511
118.47,-0.00503
118.48,-0.00498
118.49,-0.00495
118.5,-0.00494
118.51,-0.00495
118.52,-0.00498
118.53,-0.00501
118.54,-0.00505
118.55,-0.00508
118.56,-0.0051
118.57,-0.00511
118.58,-0.00509
118.59,-0.00505
118.6,-0.00498
118.61,-0.00488
118.62,-0.00475
118.63,-0.00459
118.64,-0.00442
118.65,-0.00423
118.66,-0.00404
118.67,-0.00386
118.68,-0.00368
118.69,-0.00352
118.7,-0.00337
118.71,-0.00325
118.72,-0.00314
118.73,-0.00305
118.74,-0.00299
118.75,-0.00294
118.76,-0.00291
118.77,-0.00289
118.78,-0.00287
118.79,-0.00286
118.8,-0.00285
118.81,-0.00282
118.82,-0.00279
118.83,-0.00275
118.84,-0.00269
118.85,-0.00262
118.86,-0.00253
118.87,-0.00245
118.88,-0.00236
118.89,-0.00228
118.9,-0.0022
118.91,-0.00212
118.92,-0.00205
118.93,-0.00199
118.94,-0.00194
118.95,-0.0019
118.96,-0.00186
118.97,-0.00183
118.98,-0.00181
118.99,-0.00179
119,-0.00178
119.01,-0.00177
119.02,-0.00176
119.03,-0.00176
119.04,-0.00177
119.05,-0.00178
119.06,-0.00179
119.07,-0.00182
119.08,-0.00185
119.09,-0.00189
119.1,-0.00194
119.11,-0.002
119.12,-0.00208
119.13,-0.00217
119.14,-0.00228
119.15,-0.00241
119.16,-0.00256
119.17,-0.00274
119.18,-0.00293
119.19,-0.00316
119.2,-0.00341
119.21,-0.00369
119.22,-0.004
119.23,-0.00434
119.24,-0.00471
119.25,-0.0051
119.26,-0.00551
119.27,-0.00594
119.28,-0.00636
119.29,-0.00678
119.3,-0.00717
119.31,-0.00753
119.32,-0.00785
119.33,-0.0081
119.34,-0.00829
119.35,-0.00841
119.36,-0.00846
119.37,-0.00843
119.38,-0.00834
119.39,-0.00819
119.4,-0.00801
119.41,-0.00779
119.42,-0.00756
119.43,-0.00732
119.44,-0.00707
119.45,-0.00682
119.46,-0.00656
119.47,-0.0063
119.48,-0.00604
119.49,-0.00578
119.5,-0.00552
119.51,-0.00527
119.52,-0.00503
119.53,-0.00481
119.54,-0.00462
119.55,-0.00446
119.56,-0.00432
119.57,-0.00422
119.58,-0.00416
119.59,-0.00412
119.6,-0.00411
119.61,-0.00413
119.62,-0.00417
119.63,-0.00423
119.64,-0.00431
119.65,-0.0044
119.66,-0.0045
119.67,-0.0046
119.68,-0.00471
119.69,-0.00483
119.7,-0.00495
119.71,-0.00509
119.72,-0.00523
119.73,-0.00538
119.74,-0.00553
119.75,-0.00568
119.76,-0.00583
119.77,-0.00596
119.78,-0.00606
119.79,-0.00615
119.8,-0.0062
119.81,-0.00623
119.82,-0.00622
119.83,-0.00619
119.84,-0.00613
119.85,-0.00604
119.86,-0.00593
119.87,-0.00581
119.88,-0.00569
119.89,-0.00557
119.9,-0.00545
119.91,-0.00534
119.92,-0.00525
119.93,-0.00517
119.94,-0.00511
119.95,-0.00507
119.96,-0.00504
119.97,-0.00504
119.98,-0.00506
119.99,-0.00512