2.000000 5810.140000
2.010000 6067.630000
2.020000 6264.847500
2.030000 6115.420000
2.040000 6166.157500
2.050000 6057.375000
2.060000 6027.905000
2.070000 6001.755000
2.080000 5850.867500
2.090000 5719.865000
2.100000 5808.332500
2.110000 5906.880000
2.120000 6100.220000
2.130000 6069.980000
2.140000 6015.290000
2.150000 5914.060000
2.160000 5857.805000
2.170000 5939.847500
2.180000 5871.582500
2.190000 5840.815000
2.200000 5989.842500
2.210000 6018.810000
2.220000 6321.167500
2.230000 6408.770000
2.240000 6225.735000
2.250000 6410.615000
2.260000 6670.967500
2.270000 7176.572500
2.280000 7653.622500
2.290000 7685.187500
2.300000 7997.185000
2.310000 8391.445000
2.320000 8550.325000
2.330000 8417.602500
2.340000 8130.657500
2.350000 8142.760000
2.360000 8448.242500
2.370000 8347.062500
2.380000 8372.935000
2.390000 8560.112500
2.400000 8311.625000
2.410000 7937.235000
2.420000 7959.322500
2.430000 7954.150000
2.440000 8290.102500
2.450000 8238.680000
2.460000 8115.605000
2.470000 7844.435000
2.480000 8082.597500
2.490000 8135.997500
2.500000 8241.000000
2.510000 8292.492500
2.520000 8181.947500
2.530000 8142.022500
2.540000 7719.915000
2.550000 7533.467500
2.560000 7602.320000
2.570000 7490.960000
2.580000 7577.357500
2.590000 7517.242500
2.600000 7397.197500
2.610000 7608.145000
2.620000 7733.727500
2.630000 7837.590000
2.640000 7683.875000
2.650000 7188.362500
2.660000 7099.062500
2.670000 7098.005000
2.680000 7163.972500
2.690000 7270.715000
2.700000 7164.807500
2.710000 7239.765000
2.720000 7360.235000
2.730000 7092.197500
2.740000 6755.970000
2.750000 6934.842500
2.760000 7140.742500
2.770000 7039.632500
2.780000 7224.477500
2.790000 7100.000000
2.800000 7115.670000
2.810000 7351.557500
2.820000 7081.015000
2.830000 6884.515000
2.840000 6911.232500
2.850000 6986.907500
2.860000 7259.750000
2.870000 6850.802500
2.880000 6872.172500
2.890000 6775.000000
2.900000 6779.652500
2.910000 6995.077500
2.920000 6709.315000
2.930000 6783.255000
2.940000 6774.632500
2.950000 6708.147500
2.960000 6600.222500
2.970000 6575.145000
2.980000 6748.317500
2.990000 6626.672500
3.000000 6428.432500
3.010000 6686.085000
3.020000 6846.090000
3.030000 6874.287500
3.040000 6560.472500
3.050000 6260.795000
3.060000 6177.980000
3.070000 6461.950000
3.080000 6498.820000
3.090000 6468.367500
3.100000 6427.280000
3.110000 6299.465000
3.120000 6494.850000
3.130000 6422.715000
3.140000 6540.705000
3.150000 6426.460000
3.160000 6201.342500
3.170000 6321.197500
3.180000 6356.217500
3.190000 6312.752500
3.200000 6353.730000
3.210000 6335.727500
3.220000 6363.350000
3.230000 6135.002500
3.240000 6004.145000
3.250000 6184.357500
3.260000 6385.460000
3.270000 6320.140000
3.280000 6279.060000
3.290000 6165.685000
3.300000 6012.120000
3.310000 5948.310000
3.320000 5869.712500
3.330000 5929.980000
3.340000 6041.540000
3.350000 6079.642500
3.360000 6139.912500
3.370000 5854.245000
3.380000 5792.990000
3.390000 5875.432500
3.400000 6044.565000
3.410000 6075.000000
3.420000 5875.227500
3.430000 5997.930000
3.440000 5965.057500
3.450000 5800.462500
3.460000 5834.332500
3.470000 5991.460000
3.480000 5984.765000
3.490000 5988.350000
3.500000 5931.862500
3.510000 5876.980000
3.520000 5919.340000
3.530000 5998.872500
3.540000 5879.672500
3.550000 5841.667500
3.560000 6003.240000
3.570000 6082.162500
3.580000 5950.812500
3.590000 5812.750000
3.600000 5840.412500
3.610000 5738.407500
3.620000 5649.747500
3.630000 5764.615000
3.640000 5826.997500
3.650000 5771.420000
3.660000 5651.420000
3.670000 5733.160000
3.680000 5836.012500
3.690000 5742.982500
3.700000 5863.110000
3.710000 5720.620000
3.720000 5880.915000
3.730000 5975.000000
3.740000 6004.607500
3.750000 5916.512500
3.760000 5863.277500
3.770000 5782.520000
3.780000 5802.217500
3.790000 5773.050000
3.800000 5818.907500
3.810000 5907.125000
3.820000 5660.560000
3.830000 5578.557500
3.840000 5543.767500
3.850000 5757.192500
3.860000 5936.202500
3.870000 5728.690000
3.880000 5624.847500
3.890000 5605.957500
3.900000 5515.430000
3.910000 5431.672500
3.920000 5683.037500
3.930000 5710.127500
3.940000 5753.540000
3.950000 5774.285000
3.960000 5839.562500
3.970000 5786.890000
3.980000 5527.040000
3.990000 5620.715000
4.000000 5827.260000
4.010000 5716.240000
4.020000 5647.217500
4.030000 5631.227500
4.040000 5527.800000
4.050000 5500.020000
4.060000 5511.692500
4.070000 5612.187500
4.080000 5737.412500
4.090000 5647.937500
4.100000 5490.322500
4.110000 5562.382500
4.120000 5630.802500
4.130000 5578.502500
4.140000 5706.462500
4.150000 5726.045000
4.160000 5762.395000
4.170000 5882.577500
4.180000 5825.082500
4.190000 5698.585000
4.200000 5567.792500
4.210000 5645.217500
4.220000 5721.575000
4.230000 5602.690000
4.240000 5484.370000
4.250000 5499.157500
4.260000 5431.375000
4.270000 5381.740000
4.280000 5485.362500
4.290000 5641.007500
4.300000 5686.050000
4.310000 5412.362500
4.320000 5284.415000
4.330000 5396.010000
4.340000 5425.000000
4.350000 5606.920000
4.360000 5705.442500
4.370000 5510.660000
4.380000 5521.457500
4.390000 5625.880000
4.400000 5619.957500
4.410000 5526.745000
4.420000 5340.987500
4.430000 5333.585000
4.440000 5400.000000
4.450000 5480.822500
4.460000 5555.900000
4.470000 5525.750000
4.480000 5475.270000
4.490000 5413.795000
4.500000 5466.717500
4.510000 5667.700000
4.520000 5842.215000
4.530000 5664.957500
4.540000 5344.957500
4.550000 5322.545000
4.560000 5431.585000
4.570000 5532.890000
4.580000 5545.787500
4.590000 5530.475000
4.600000 5437.022500
4.610000 5254.627500
4.620000 5245.202500
4.630000 5234.930000
4.640000 5367.037500
4.650000 5651.767500
4.660000 5524.495000
4.670000 5344.892500
4.680000 5353.197500
4.690000 5342.480000
4.700000 5329.237500
4.710000 5443.440000
4.720000 5559.872500
4.730000 5485.550000
4.740000 5456.815000
4.750000 5403.980000
4.760000 5363.692500
4.770000 5408.435000
4.780000 5625.530000
4.790000 5800.505000
4.800000 5591.440000
4.810000 5493.582500
4.820000 5663.767500
4.830000 5597.182500
4.840000 5530.355000
4.850000 5555.925000
4.860000 5524.757500
4.870000 5522.980000
4.880000 5448.990000
4.890000 5327.945000
4.900000 5232.760000
4.910000 5313.975000
4.920000 5460.865000
4.930000 5386.545000
4.940000 5185.142500
4.950000 5206.322500
4.960000 5310.190000
4.970000 5269.240000
4.980000 5460.085000
4.990000 5709.650000
5.000000 5677.797500
5.010000 5582.282500
5.020000 5368.585000
5.030000 5259.022500
5.040000 5458.672500
5.050000 5654.697500
5.060000 5582.210000
5.070000 5677.120000
5.080000 5637.292500
5.090000 5475.215000
5.100000 5371.465000
5.110000 5311.487500
5.120000 5398.015000
5.130000 5415.147500
5.140000 5536.045000
5.150000 5650.992500
5.160000 5564.170000
5.170000 5573.285000
5.180000 5293.270000
5.190000 5162.557500
5.200000 5217.167500
5.210000 5260.440000
5.220000 5341.110000
5.230000 5486.512500
5.240000 5456.560000
5.250000 5510.832500
5.260000 5329.135000
5.270000 5260.605000
5.280000 5358.730000
5.290000 5373.882500
5.300000 5114.322500
5.310000 5196.082500
5.320000 5434.117500
5.330000 5308.735000
5.340000 5068.057500
5.350000 5064.092500
5.360000 5016.355000
5.370000 5071.435000
5.380000 5160.917500
5.390000 5288.030000
5.400000 5420.635000
5.410000 5491.667500
5.420000 5457.540000
5.430000 5232.747500
5.440000 5118.257500
5.450000 5082.680000
5.460000 5209.337500
5.470000 5697.857500
5.480000 5494.090000
5.490000 5375.812500
5.500000 5231.327500
5.510000 5042.822500
5.520000 5176.952500
5.530000 5123.230000
5.540000 5131.520000
5.550000 5317.517500
5.560000 5180.642500
5.570000 5221.637500
5.580000 5118.127500
5.590000 5217.392500
5.600000 5226.402500
5.610000 5240.992500
5.620000 5227.500000
5.630000 5173.262500
5.640000 5345.225000
5.650000 5168.165000
5.660000 5064.675000
5.670000 4953.912500
5.680000 5502.422500
5.690000 5268.025000
5.700000 5136.392500
5.710000 4899.510000
5.720000 5053.867500
5.730000 5138.745000
5.740000 5257.665000
5.750000 5245.372500
5.760000 5332.902500
5.770000 5078.197500
5.780000 4914.357500
5.790000 4831.900000
5.800000 4782.337500
5.810000 5119.422500
5.820000 5267.430000
5.830000 5312.410000
5.840000 4965.835000
5.850000 4875.945000
5.860000 5033.955000
5.870000 5249.950000
5.880000 5100.497500
5.890000 5058.600000
5.900000 5083.095000
5.910000 4885.850000
5.920000 5285.270000
5.930000 5046.352500
5.940000 4960.152500
5.950000 5072.095000
5.960000 5147.902500
5.970000 5085.402500
5.980000 5075.285000
5.990000 5203.375000
6.000000 4840.427500
6.010000 4729.330000
6.020000 5019.035000
6.030000 5183.840000
6.040000 5089.020000
6.050000 4933.795000
6.060000 5089.747500
6.070000 4967.065000
6.080000 5036.275000
6.090000 5064.972500
6.100000 5213.792500
6.110000 5093.790000
6.120000 4998.712500
6.130000 4884.320000
6.140000 5150.122500
6.150000 5136.915000
6.160000 5004.272500
6.170000 5006.800000
6.180000 5325.067500
6.190000 5298.205000
6.200000 5036.975000
6.210000 5112.855000
6.220000 5199.407500
6.230000 5045.192500
6.240000 4810.677500
6.250000 4717.045000
6.260000 4899.180000
6.270000 4793.325000
6.280000 4928.095000
6.290000 5051.712500
6.300000 4856.700000
6.310000 5019.810000
6.320000 4942.145000
6.330000 4932.165000
6.340000 4890.490000
6.350000 4904.680000
6.360000 4752.340000
6.370000 4887.512500
6.380000 4916.667500
6.390000 4811.425000
6.400000 5085.300000
6.410000 5051.102500
6.420000 4783.432500
6.430000 4837.087500
6.440000 5058.207500
6.450000 5024.457500
6.460000 5104.132500
6.470000 5261.362500
6.480000 5135.417500
6.490000 4998.467500
6.500000 5028.952500
6.510000 5102.142500
6.520000 5123.362500
6.530000 4918.220000
6.540000 5039.457500
6.550000 5089.955000
6.560000 5170.827500
6.570000 5270.532500
6.580000 5226.190000
6.590000 5325.752500
6.600000 5410.325000
6.610000 5276.090000
6.620000 5375.232500
6.630000 5429.517500
6.640000 5170.885000
6.650000 5155.435000
6.660000 5333.812500
6.670000 5554.195000
6.680000 5646.157500
6.690000 5601.817500
6.700000 5520.780000
6.710000 5356.685000
6.720000 5426.262500
6.730000 5423.387500
6.740000 5457.600000
6.750000 5407.522500
6.760000 5401.662500
6.770000 5499.622500
6.780000 5509.087500
6.790000 5542.262500
6.800000 5456.102500
6.810000 5374.740000
6.820000 5191.302500
6.830000 5113.117500
6.840000 5191.177500
6.850000 5496.095000
6.860000 5667.027500
6.870000 5469.542500
6.880000 5439.035000
6.890000 5530.440000
6.900000 5748.862500
6.910000 5701.090000
6.920000 5819.167500
6.930000 6008.337500
6.940000 5995.875000
6.950000 5859.235000
6.960000 5881.530000
6.970000 6090.475000
6.980000 6281.075000
6.990000 6355.570000
7.000000 6134.180000
7.010000 6016.667500
7.020000 6384.362500
7.030000 6870.072500
7.040000 7199.100000
7.050000 7443.342500
7.060000 7519.607500
7.070000 7500.557500
7.080000 7833.820000
7.090000 7977.097500
7.100000 8363.320000
7.110000 8964.005000
7.120000 9327.305000
7.130000 9667.630000
7.140000 9988.427500
7.150000 10568.357500
7.160000 11446.342500
7.170000 12321.785000
7.180000 13209.000000
7.190000 13978.770000
7.200000 14910.155000
7.210000 16133.095000
7.220000 17317.340000
7.230000 18722.222500
7.240000 20306.172500
7.250000 22232.997500
7.260000 24076.915000
7.270000 25868.915000
7.280000 28121.682500
7.290000 31119.590000
7.300000 34607.325000
7.310000 37775.490000
7.320000 40350.607500
7.330000 43610.685000
7.340000 47863.635000
7.350000 50958.932500
7.360000 53512.182500
7.370000 55784.230000
7.380000 57948.532500
7.390000 59941.370000
7.400000 60603.997500
7.410000 61294.437500
7.420000 61540.995000
7.430000 60085.487500
7.440000 57476.365000
7.450000 54494.920000
7.460000 50706.430000
7.470000 46504.062500
7.480000 42732.745000
7.490000 38489.892500
7.500000 34144.940000
7.510000 30479.687500
7.520000 27440.352500
7.530000 24666.002500
7.540000 21841.165000
7.550000 19410.837500
7.560000 17485.615000
7.570000 15934.552500
7.580000 14705.377500
7.590000 13758.422500
7.600000 12919.270000
7.610000 12062.782500
7.620000 11391.985000
7.630000 10982.192500
7.640000 10452.637500
7.650000 9807.940000
7.660000 9554.325000
7.670000 9310.925000
7.680000 8875.670000
7.690000 8549.390000
7.700000 8262.905000
7.710000 7999.287500
7.720000 7658.170000
7.730000 7523.817500
7.740000 7604.755000
7.750000 7275.345000
7.760000 6988.590000
7.770000 6972.362500
7.780000 6822.372500
7.790000 6668.372500
7.800000 6604.640000
7.810000 6405.475000
7.820000 6315.197500
7.830000 6411.522500
7.840000 6238.965000
7.850000 6116.462500
7.860000 6027.342500
7.870000 6094.715000
7.880000 6085.835000
7.890000 5877.217500
7.900000 5651.445000
7.910000 5614.645000
7.920000 5806.755000
7.930000 5743.435000
7.940000 5452.420000
7.950000 5496.067500
7.960000 5563.172500
7.970000 5394.800000
7.980000 5473.052500
7.990000 5541.045000
8.000000 5516.937500
8.010000 5261.235000
8.020000 5028.847500
8.030000 5167.490000
8.040000 5361.777500
8.050000 5217.522500
8.060000 5215.465000
8.070000 5362.145000
8.080000 5338.940000
8.090000 5158.097500
8.100000 5118.180000
8.110000 5101.872500
8.120000 4977.847500
8.130000 4949.835000
8.140000 5072.082500
8.150000 5158.332500
8.160000 5126.442500
8.170000 5230.675000
8.180000 5541.667500
8.190000 5382.967500
8.200000 5156.555000
8.210000 5319.457500
8.220000 5408.067500
8.230000 5591.485000
8.240000 5556.857500
8.250000 5546.462500
8.260000 5717.415000
8.270000 5505.672500
8.280000 5621.412500
8.290000 5906.895000
8.300000 5947.947500
8.310000 6035.717500
8.320000 6357.380000
8.330000 6514.872500
8.340000 6572.000000
8.350000 6930.075000
8.360000 7466.582500
8.370000 7920.320000
8.380000 8271.822500
8.390000 8452.382500
8.400000 8900.062500
8.410000 9403.307500
8.420000 9931.590000
8.430000 10466.145000
8.440000 11390.637500
8.450000 12016.822500
8.460000 12597.975000
8.470000 13646.290000
8.480000 14824.892500
8.490000 15413.825000
8.500000 16187.952500
8.510000 17044.385000
8.520000 17870.170000
8.530000 18558.312500
8.540000 19097.897500
8.550000 18983.647500
8.560000 18734.217500
8.570000 18167.855000
8.580000 17717.300000
8.590000 17157.987500
8.600000 16232.225000
8.610000 14996.377500
8.620000 14005.937500
8.630000 13011.950000
8.640000 12101.092500
8.650000 11109.947500
8.660000 10067.560000
8.670000 9261.575000
8.680000 8538.560000
8.690000 8205.077500
8.700000 7466.552500
8.710000 7044.507500
8.720000 6887.510000
8.730000 6410.807500
8.740000 6068.360000
8.750000 5746.252500
8.760000 5340.465000
8.770000 5266.667500
8.780000 5257.170000
8.790000 5197.920000
8.800000 5108.960000
8.810000 5008.087500
8.820000 4688.832500
8.830000 4617.752500
8.840000 4692.705000
8.850000 4639.637500
8.860000 4551.417500
8.870000 4541.570000
8.880000 4408.782500
8.890000 4226.127500
8.900000 4561.647500
8.910000 4466.685000
8.920000 4325.567500
8.930000 4302.440000
8.940000 4405.827500
8.950000 4334.952500
8.960000 3997.422500
8.970000 3969.095000
8.980000 4180.990000
8.990000 4149.397500
9.000000 4065.415000
9.010000 4226.660000
9.020000 4241.520000
9.030000 3910.472500
9.040000 3931.297500
9.050000 3995.585000
9.060000 4139.650000
9.070000 4137.852500
9.080000 4177.165000
9.090000 3760.430000
9.100000 3837.955000
9.110000 3814.687500
9.120000 3832.940000
9.130000 3573.420000
9.140000 3769.917500
9.150000 3721.692500
9.160000 3707.000000
9.170000 3851.575000
9.180000 3846.730000
9.190000 3658.215000
9.200000 3762.012500
9.210000 3952.387500
9.220000 3713.140000
9.230000 3759.335000
9.240000 3670.475000
9.250000 3622.932500
9.260000 3706.672500
9.270000 3788.732500
9.280000 3753.400000
9.290000 3781.407500
9.300000 3529.312500
9.310000 3716.667500
9.320000 3710.332500
9.330000 3598.520000
9.340000 3437.807500
9.350000 3522.227500
9.360000 3627.040000
9.370000 3653.860000
9.380000 3389.825000
9.390000 3351.742500
9.400000 3385.420000
9.410000 3236.115000
9.420000 3311.805000
9.430000 3406.985000
9.440000 3365.667500
9.450000 3335.867500
9.460000 3428.160000
9.470000 3547.135000
9.480000 3431.685000
9.490000 3750.000000
9.500000 3745.637500
9.510000 3472.070000
9.520000 3257.587500
9.530000 3193.065000
9.540000 3350.702500
9.550000 3457.607500
9.560000 3283.137500
9.570000 3175.057500
9.580000 3548.922500
9.590000 3574.870000
9.600000 3575.000000
9.610000 3525.492500
9.620000 3467.377500
9.630000 3598.065000
9.640000 3468.912500
9.650000 3458.492500
9.660000 3311.557500
9.670000 3283.927500
9.680000 3218.407500
9.690000 3200.475000
9.700000 3200.000000
9.710000 3312.810000
9.720000 3694.480000
9.730000 3387.560000
9.740000 3319.000000
9.750000 3236.857500
9.760000 3304.990000
9.770000 3403.645000
9.780000 3289.482500
9.790000 3346.567500
9.800000 3294.805000
9.810000 3425.390000
9.820000 3417.640000
9.830000 3408.840000
9.840000 3494.230000
9.850000 3468.840000
9.860000 3357.877500
9.870000 3264.730000
9.880000 3111.412500
9.890000 3138.567500
9.900000 3218.615000
9.910000 3163.592500
9.920000 3211.932500
9.930000 3125.012500
9.940000 3131.905000
9.950000 3156.132500
9.960000 3256.890000
9.970000 3364.977500
9.980000 3216.585000
9.990000 3312.870000
10.000000 3257.447500
10.010000 3145.180000
10.020000 3230.422500
10.030000 3226.767500
10.040000 3187.845000
10.050000 3064.740000
10.060000 3227.440000
10.070000 3124.632500
10.080000 3071.555000
10.090000 3147.375000
10.100000 3172.970000
10.110000 3138.500000
10.120000 2929.457500
10.130000 3008.940000
10.140000 3126.417500
10.150000 3235.597500
10.160000 3206.760000
10.170000 3041.857500
10.180000 2973.647500
10.190000 3138.295000
10.200000 3352.117500
10.210000 3290.847500
10.220000 3360.147500
10.230000 3212.222500
10.240000 3006.862500
10.250000 3136.927500
10.260000 3152.622500
10.270000 3199.025000
10.280000 3229.287500
10.290000 2961.630000
10.300000 3040.352500
10.310000 3087.457500
10.320000 2994.902500
10.330000 3023.252500
10.340000 3267.085000
10.350000 3200.102500
10.360000 3072.422500
10.370000 3063.640000
10.380000 2896.617500
10.390000 2871.900000
10.400000 2935.890000
10.410000 3051.210000
10.420000 2893.312500
10.430000 2803.022500
10.440000 2938.907500
10.450000 3101.820000
10.460000 3146.647500
10.470000 2984.040000
10.480000 2875.462500
10.490000 2831.925000
10.500000 2759.157500
10.510000 2912.385000
10.520000 3043.457500
10.530000 3086.257500
10.540000 3078.642500
10.550000 2899.660000
10.560000 2824.095000
10.570000 2900.622500
10.580000 2950.760000
10.590000 2900.532500
10.600000 2934.567500
10.610000 3103.272500
10.620000 3137.262500
10.630000 2999.970000
10.640000 2907.670000
10.650000 2904.297500
10.660000 2902.035000
10.670000 2956.512500
10.680000 3056.400000
10.690000 2933.485000
10.700000 2889.560000
10.710000 2842.002500
10.720000 2812.620000
10.730000 2987.340000
10.740000 2945.365000
10.750000 2846.960000
10.760000 2825.000000
10.770000 2739.572500
10.780000 2702.250000
10.790000 2772.800000
10.800000 2715.315000
10.810000 2948.712500
10.820000 3236.425000
10.830000 3218.390000
10.840000 3003.975000
10.850000 2885.645000
10.860000 2783.457500
10.870000 2678.887500
10.880000 2774.077500
10.890000 2878.017500
10.900000 2958.735000
10.910000 2889.637500
10.920000 2908.385000
10.930000 2840.195000
10.940000 2927.680000
10.950000 2925.470000
10.960000 2928.845000
10.970000 2930.162500
10.980000 2913.532500
10.990000 2788.282500
11.000000 2727.635000
11.010000 2804.550000
11.020000 2858.660000
11.030000 2923.142500
11.040000 2871.177500
11.050000 2788.430000
11.060000 2800.240000
11.070000 2760.882500
11.080000 2750.017500
11.090000 2946.830000
11.100000 2953.237500
11.110000 2836.707500
11.120000 2761.552500
11.130000 2730.715000
11.140000 2752.290000
11.150000 2739.462500
11.160000 2768.392500
11.170000 2759.225000
11.180000 2774.005000
11.190000 2754.057500
11.200000 2942.202500
11.210000 3004.947500
11.220000 2857.925000
11.230000 2818.190000
11.240000 2806.895000
11.250000 2860.185000
11.260000 2831.702500
11.270000 2812.612500
11.280000 2757.145000
11.290000 2737.477500
11.300000 2791.487500
11.310000 2759.807500
11.320000 2730.152500
11.330000 2784.685000
11.340000 2821.785000
11.350000 2881.117500
11.360000 2875.990000
11.370000 2692.897500
11.380000 2722.995000
11.390000 2697.580000
11.400000 2579.842500
11.410000 2570.002500
11.420000 2633.172500
11.430000 2691.502500
11.440000 2723.185000
11.450000 2762.937500
11.460000 2793.167500
11.470000 2947.015000
11.480000 2996.277500
11.490000 2851.255000
11.500000 2775.000000
11.510000 2823.340000
11.520000 2848.697500
11.530000 2812.862500
11.540000 2949.542500
11.550000 2914.102500
11.560000 2847.510000
11.570000 2807.580000
11.580000 2768.872500
11.590000 2820.945000
11.600000 2850.000000
11.610000 2887.347500
11.620000 2884.102500
11.630000 2849.062500
11.640000 2804.712500
11.650000 2834.835000
11.660000 2874.160000
11.670000 2948.925000
11.680000 3075.862500
11.690000 2929.902500
11.700000 2834.480000
11.710000 2945.720000
11.720000 2973.715000
11.730000 2886.785000
11.740000 2833.910000
11.750000 2823.910000
11.760000 2830.447500
11.770000 2783.900000
11.780000 2733.780000
11.790000 2724.170000
11.800000 2873.937500
11.810000 2990.265000
11.820000 2910.752500
11.830000 2987.332500
11.840000 2928.267500
11.850000 2830.825000
11.860000 2968.365000
11.870000 3024.687500
11.880000 3122.510000
11.890000 3338.650000
11.900000 3466.847500
11.910000 3512.570000
11.920000 3487.525000
11.930000 3479.002500
11.940000 3591.050000
11.950000 3740.762500
11.960000 3804.365000
11.970000 3832.510000
11.980000 3923.822500
11.990000 4278.937500
12.000000 4700.915000
12.010000 4836.477500
12.020000 4906.715000
12.030000 5089.607500
12.040000 5396.610000
12.050000 5669.550000
12.060000 5952.805000
12.070000 6180.920000
12.080000 6225.000000
12.090000 6213.320000
12.100000 6130.197500
12.110000 6046.137500
12.120000 5960.895000
12.130000 5774.735000
12.140000 5586.557500
12.150000 5358.700000
12.160000 5173.517500
12.170000 5028.640000
12.180000 4790.365000
12.190000 4629.305000
12.200000 4378.705000
12.210000 3980.510000
12.220000 3693.012500
12.230000 3532.617500
12.240000 3492.685000
12.250000 3319.427500
12.260000 3209.882500
12.270000 3218.887500
12.280000 3065.525000
12.290000 3057.100000
12.300000 3051.155000
12.310000 2961.432500
12.320000 2801.267500
12.330000 2826.845000
12.340000 2899.517500
12.350000 2901.950000
12.360000 2823.617500
12.370000 2723.160000
12.380000 2711.932500
12.390000 2728.070000
12.400000 2628.410000
12.410000 2629.940000
12.420000 2652.032500
12.430000 2738.757500
12.440000 2801.637500
12.450000 2768.335000
12.460000 2637.122500
12.470000 2537.900000
12.480000 2555.740000
12.490000 2543.705000
12.500000 2656.512500
12.510000 2669.907500
12.520000 2604.030000
12.530000 2517.352500
12.540000 2580.702500
12.550000 2629.387500
12.560000 2567.707500
12.570000 2493.180000
12.580000 2670.035000
12.590000 2706.412500
12.600000 2534.477500
12.610000 2502.155000
12.620000 2439.405000
12.630000 2405.062500
12.640000 2542.615000
12.650000 2559.117500
12.660000 2482.442500
12.670000 2516.005000
12.680000 2547.740000
12.690000 2565.055000
12.700000 2462.342500
12.710000 2441.227500
12.720000 2429.815000
12.730000 2509.437500
12.740000 2342.362500
12.750000 2403.787500
12.760000 2446.877500
12.770000 2422.150000
12.780000 2371.322500
12.790000 2291.790000
12.800000 2370.025000
12.810000 2486.087500
12.820000 2416.735000
12.830000 2341.395000
12.840000 2455.192500
12.850000 2481.177500
12.860000 2421.910000
12.870000 2501.307500
12.880000 2594.905000
12.890000 2617.412500
12.900000 2658.597500
12.910000 2469.122500
12.920000 2392.932500
12.930000 2397.762500
12.940000 2272.945000
12.950000 2275.825000
12.960000 2289.680000
12.970000 2235.070000
12.980000 2338.410000
12.990000 2382.810000
13.000000 2475.897500
13.010000 2469.270000
13.020000 2358.332500
13.030000 2385.452500
13.040000 2516.170000
13.050000 2679.872500
13.060000 2643.232500
13.070000 2486.485000
13.080000 2394.060000
13.090000 2445.182500
13.100000 2522.880000
13.110000 2423.937500
13.120000 2367.315000
13.130000 2294.935000
13.140000 2371.112500
13.150000 2457.297500
13.160000 2341.622500
13.170000 2279.525000
13.180000 2318.642500
13.190000 2355.930000
13.200000 2260.552500
13.210000 2268.872500
13.220000 2296.905000
13.230000 2360.510000
13.240000 2353.695000
13.250000 2318.815000
13.260000 2301.535000
13.270000 2250.285000
13.280000 2300.000000
13.290000 2329.265000
13.300000 2364.762500
13.310000 2195.962500
13.320000 2180.857500
13.330000 2245.932500
13.340000 2241.410000
13.350000 2264.662500
13.360000 2302.132500
13.370000 2457.480000
13.380000 2492.632500
13.390000 2424.130000
13.400000 2366.667500
13.410000 2376.267500
13.420000 2385.460000
13.430000 2308.332500
13.440000 2265.140000
13.450000 2118.530000
13.460000 2132.400000
13.470000 2141.812500
13.480000 2107.015000
13.490000 2220.590000
13.500000 2312.445000
13.510000 2296.922500
13.520000 2394.207500
13.530000 2322.397500
13.540000 2274.330000
13.550000 2356.322500
13.560000 2304.697500
13.570000 2261.725000
13.580000 2306.960000
13.590000 2419.987500
13.600000 2322.000000
13.610000 2166.275000
13.620000 2284.560000
13.630000 2316.400000
13.640000 2191.235000
13.650000 2393.660000
13.660000 2349.382500
13.670000 2289.017500
13.680000 2353.087500
13.690000 2340.657500
13.700000 2249.260000
13.710000 2353.825000
13.720000 2316.957500
13.730000 2232.817500
13.740000 2234.045000
13.750000 2397.142500
13.760000 2226.435000
13.770000 2239.015000
13.780000 2276.512500
13.790000 2331.965000
13.800000 2348.735000
13.810000 2241.945000
13.820000 2178.615000
13.830000 2308.765000
13.840000 2442.992500
13.850000 2450.000000
13.860000 2412.367500
13.870000 2226.312500
13.880000 2326.270000
13.890000 2313.220000
13.900000 2233.577500
13.910000 2412.700000
13.920000 2347.750000
13.930000 2392.957500
13.940000 2411.932500
13.950000 2184.510000
13.960000 2210.270000
13.970000 2336.492500
13.980000 2411.740000
13.990000 2427.720000
14.000000 2396.102500
14.010000 2445.817500
14.020000 2570.345000
14.030000 2474.782500
14.040000 2431.445000
14.050000 2544.797500
14.060000 2637.347500
14.070000 2721.952500
14.080000 2673.940000
14.090000 2507.070000
14.100000 2722.362500
14.110000 3018.592500
14.120000 3041.875000
14.130000 3116.757500
14.140000 3206.402500
14.150000 3418.952500
14.160000 3637.185000
14.170000 3555.845000
14.180000 3177.245000
14.190000 3146.417500
14.200000 3319.835000
14.210000 3200.000000
14.220000 3193.462500
14.230000 3122.075000
14.240000 2999.262500
14.250000 2836.445000
14.260000 2856.722500
14.270000 2749.312500
14.280000 2660.550000
14.290000 2675.350000
14.300000 2582.402500
14.310000 2488.930000
14.320000 2550.687500
14.330000 2552.945000
14.340000 2494.970000
14.350000 2517.145000
14.360000 2316.750000
14.370000 2214.802500
14.380000 2209.927500
14.390000 2433.922500
14.400000 2341.492500
14.410000 2442.592500
14.420000 2346.122500
14.430000 2394.730000
14.440000 2206.905000
14.450000 2303.667500
14.460000 2244.455000
14.470000 2413.710000
14.480000 2361.870000
14.490000 2280.065000
14.500000 2220.457500
14.510000 2140.785000
14.520000 2131.427500
14.530000 2247.090000
14.540000 2190.457500
14.550000 2170.570000
14.560000 2253.020000
14.570000 2325.057500
14.580000 2503.052500
14.590000 2378.922500
14.600000 2278.267500
14.610000 2356.762500
14.620000 2322.090000
14.630000 2472.727500
14.640000 2643.047500
14.650000 2683.332500
14.660000 2681.830000
14.670000 2635.475000
14.680000 2703.597500
14.690000 2537.165000
14.700000 2686.937500
14.710000 2835.775000
14.720000 2943.945000
14.730000 3055.365000
14.740000 3327.852500
14.750000 3481.270000
14.760000 3362.085000
14.770000 3609.682500
14.780000 3711.235000
14.790000 3947.725000
14.800000 3734.235000
14.810000 3834.522500
14.820000 3989.760000
14.830000 3674.547500
14.840000 3574.392500
14.850000 3374.767500
14.860000 3225.005000
14.870000 3308.215000
14.880000 3233.552500
14.890000 3166.960000
14.900000 2992.695000
14.910000 3033.027500
14.920000 2884.660000
14.930000 2644.162500
14.940000 2789.897500
14.950000 2857.447500
14.960000 2792.650000
14.970000 2676.892500
14.980000 2552.212500
14.990000 2476.437500
15.000000 2328.095000
15.010000 2463.535000
15.020000 2303.930000
15.030000 2324.375000
15.040000 2333.112500
15.050000 2244.230000
15.060000 2314.460000
15.070000 2235.907500
15.080000 2410.735000
15.090000 2376.407500
15.100000 2342.842500
15.110000 2293.502500
15.120000 2099.302500
15.130000 2155.692500
15.140000 2334.135000
15.150000 2269.857500
15.160000 2171.065000
15.170000 2270.080000
15.180000 2441.797500
15.190000 2354.832500
15.200000 2294.570000
15.210000 2038.652500
15.220000 2143.420000
15.230000 2236.710000
15.240000 2194.442500
15.250000 2230.960000
15.260000 2233.332500
15.270000 2272.507500
15.280000 2353.227500
15.290000 2108.385000
15.300000 1966.882500
15.310000 2106.287500
15.320000 2054.465000
15.330000 1949.077500
15.340000 2096.695000
15.350000 2092.855000
15.360000 2161.215000
15.370000 2112.655000
15.380000 2085.220000
15.390000 1898.720000
15.400000 1998.540000
15.410000 1854.962500
15.420000 2056.057500
15.430000 2082.645000
15.440000 2106.232500
15.450000 1933.037500
15.460000 1931.885000
15.470000 2009.312500
15.480000 1986.322500
15.490000 2089.377500
15.500000 2145.377500
15.510000 2217.960000
15.520000 2021.432500
15.530000 2075.277500
15.540000 2241.172500
15.550000 2250.830000
15.560000 2362.392500
15.570000 2307.670000
15.580000 2150.607500
15.590000 2096.042500
15.600000 1890.612500
15.610000 1844.362500
15.620000 1938.170000
15.630000 1942.587500
15.640000 2097.070000
15.650000 2057.557500
15.660000 1931.967500
15.670000 1946.130000
15.680000 1986.770000
15.690000 1969.640000
15.700000 2113.287500
15.710000 2111.375000
15.720000 2144.872500
15.730000 2230.262500
15.740000 1928.405000
15.750000 1970.617500
15.760000 2128.580000
15.770000 1983.230000
15.780000 1871.460000
15.790000 1973.982500
15.800000 2128.782500
15.810000 2135.590000
15.820000 2075.782500
15.830000 2131.310000
15.840000 2077.125000
15.850000 2166.905000
15.860000 2026.065000
15.870000 2071.372500
15.880000 2118.962500
15.890000 2004.050000
15.900000 1905.195000
15.910000 2012.232500
15.920000 2040.415000
15.930000 2041.667500
15.940000 2091.075000
15.950000 1987.245000
15.960000 1980.737500
15.970000 2046.555000
15.980000 2009.240000
15.990000 1957.985000
16.000000 2033.892500
16.010000 1987.180000
16.020000 2023.782500
16.030000 2040.290000
16.040000 2027.772500
16.050000 2094.352500
16.060000 1990.620000
16.070000 1945.927500
16.080000 1934.765000
16.090000 1878.205000
16.100000 1976.745000
16.110000 2103.032500
16.120000 2138.715000
16.130000 2134.820000
16.140000 2071.812500
16.150000 1880.892500
16.160000 1855.295000
16.170000 2116.832500
16.180000 2263.290000
16.190000 2113.817500
16.200000 2108.847500
16.210000 2211.287500
16.220000 2037.650000
16.230000 1984.930000
16.240000 1882.445000
16.250000 1992.632500
16.260000 2192.600000
16.270000 2206.560000
16.280000 2066.355000
16.290000 1933.262500
16.300000 1921.655000
16.310000 1998.145000
16.320000 1990.112500
16.330000 1996.590000
16.340000 1980.150000
16.350000 1961.787500
16.360000 2004.500000
16.370000 2075.927500
16.380000 2025.930000
16.390000 1975.517500
16.400000 2064.950000
16.410000 2209.412500
16.420000 2156.767500
16.430000 2237.652500
16.440000 2084.407500
16.450000 2163.302500
16.460000 2329.755000
16.470000 2256.557500
16.480000 2179.735000
16.490000 2037.552500
16.500000 2032.225000
16.510000 2054.535000
16.520000 2077.605000
16.530000 2070.507500
16.540000 2117.885000
16.550000 2190.860000
16.560000 2112.615000
16.570000 2045.110000
16.580000 2084.212500
16.590000 2106.350000
16.600000 2044.945000
16.610000 1923.750000
16.620000 2125.420000
16.630000 2200.000000
16.640000 2118.145000
16.650000 1940.802500
16.660000 2079.932500
16.670000 2035.162500
16.680000 1962.472500
16.690000 1999.952500
16.700000 1997.965000
16.710000 2128.572500
16.720000 2224.700000
16.730000 2291.282500
16.740000 2252.607500
16.750000 2288.965000
16.760000 2240.455000
16.770000 2155.062500
16.780000 2164.082500
16.790000 2205.697500
16.800000 2271.830000
16.810000 2407.925000
16.820000 2468.325000
16.830000 2365.235000
16.840000 2258.035000
16.850000 2269.797500
16.860000 2350.072500
16.870000 2399.227500
16.880000 2408.332500
16.890000 2553.202500
16.900000 2529.997500
16.910000 2572.187500
16.920000 2587.990000
16.930000 2571.342500
16.940000 2680.377500
16.950000 2880.340000
16.960000 3037.097500
16.970000 3170.265000
16.980000 3226.165000
16.990000 3233.332500
17.000000 3363.650000
17.010000 3552.672500
17.020000 3814.942500
17.030000 4017.860000
17.040000 4184.322500
17.050000 4438.877500
17.060000 4671.562500
17.070000 4891.347500
17.080000 5180.340000
17.090000 5467.462500
17.100000 5590.755000
17.110000 5509.530000
17.120000 5420.252500
17.130000 5475.295000
17.140000 5479.425000
17.150000 5483.982500
17.160000 5445.572500
17.170000 5200.685000
17.180000 4772.727500
17.190000 4521.832500
17.200000 4429.227500
17.210000 4242.697500
17.220000 4052.635000
17.230000 3800.792500
17.240000 3594.700000
17.250000 3513.307500
17.260000 3352.795000
17.270000 3170.297500
17.280000 3105.382500
17.290000 3088.735000
17.300000 2976.515000
17.310000 2852.042500
17.320000 2654.202500
17.330000 2619.737500
17.340000 2541.182500
17.350000 2597.545000
17.360000 2594.372500
17.370000 2505.585000
17.380000 2486.085000
17.390000 2425.267500
17.400000 2369.572500
17.410000 2231.522500
17.420000 2172.170000
17.430000 2180.495000
17.440000 2293.017500
17.450000 2377.372500
17.460000 2320.627500
17.470000 2261.515000
17.480000 2255.445000
17.490000 2280.075000
17.500000 2210.282500
17.510000 2182.915000
17.520000 2186.260000
17.530000 2183.332500
17.540000 2172.560000
17.550000 2198.930000
17.560000 2179.095000
17.570000 2190.480000
17.580000 2186.940000
17.590000 2228.385000
17.600000 2306.292500
17.610000 2274.822500
17.620000 2252.285000
17.630000 2231.835000
17.640000 2110.860000
17.650000 2118.650000
17.660000 2147.790000
17.670000 2125.882500
17.680000 2048.390000
17.690000 2081.727500
17.700000 2130.232500
17.710000 2128.110000
17.720000 2187.565000
17.730000 2079.282500
17.740000 2100.755000
17.750000 2145.925000
17.760000 2174.740000
17.770000 2132.840000
17.780000 1988.532500
17.790000 2007.355000
17.800000 2068.610000
17.810000 2069.872500
17.820000 2025.715000
17.830000 2132.845000
17.840000 2165.667500
17.850000 2051.885000
17.860000 2000.000000
17.870000 2025.360000
17.880000 2107.477500
17.890000 2165.160000
17.900000 2124.565000
17.910000 2081.597500
17.920000 2080.025000
17.930000 2063.270000
17.940000 2090.050000
17.950000 2126.660000
17.960000 2173.232500
17.970000 2190.042500
17.980000 2208.177500
17.990000 2264.677500
18.000000 2192.660000
18.010000 2149.705000
18.020000 2127.212500
18.030000 2114.767500
18.040000 2115.172500
18.050000 2088.717500
18.060000 2035.842500
18.070000 2052.302500
18.080000 2063.827500
18.090000 2152.207500
18.100000 2200.710000
18.110000 2129.997500
18.120000 2149.740000
18.130000 2090.230000
18.140000 2074.520000
18.150000 2092.607500
18.160000 2089.407500
18.170000 2200.667500
18.180000 2203.232500
18.190000 2221.630000
18.200000 2227.337500
18.210000 2148.852500
18.220000 2187.887500
18.230000 2241.667500
18.240000 2113.960000
18.250000 2035.550000
18.260000 2181.927500
18.270000 2212.795000
18.280000 2139.560000
18.290000 2246.797500
18.300000 2360.367500
18.310000 2151.010000
18.320000 2054.177500
18.330000 2200.337500
18.340000 2215.632500
18.350000 2100.912500
18.360000 2138.717500
18.370000 2253.567500
18.380000 2255.712500
18.390000 2214.955000
18.400000 2186.242500
18.410000 2326.030000
18.420000 2459.135000
18.430000 2457.550000
18.440000 2409.052500
18.450000 2375.000000
18.460000 2388.595000
18.470000 2400.000000
18.480000 2445.142500
18.490000 2559.925000
18.500000 2674.462500
18.510000 2685.252500
18.520000 2721.037500
18.530000 2779.470000
18.540000 2792.255000
18.550000 2986.995000
18.560000 3256.642500
18.570000 3429.822500
18.580000 3464.592500
18.590000 3504.005000
18.600000 3637.197500
18.610000 3700.000000
18.620000 3818.547500
18.630000 4135.332500
18.640000 4255.030000
18.650000 4261.497500
18.660000 4294.510000
18.670000 4275.360000
18.680000 4300.685000
18.690000 4299.347500
18.700000 4209.880000
18.710000 4081.297500
18.720000 4016.392500
18.730000 3905.260000
18.740000 3666.895000
18.750000 3439.232500
18.760000 3379.880000
18.770000 3348.692500
18.780000 3300.170000
18.790000 3405.917500
18.800000 3309.465000
18.810000 2901.047500
18.820000 2704.417500
18.830000 2653.460000
18.840000 2696.725000
18.850000 2737.085000
18.860000 2566.285000
18.870000 2500.057500
18.880000 2612.475000
18.890000 2641.785000
18.900000 2633.150000
18.910000 2646.022500
18.920000 2649.717500
18.930000 2675.087500
18.940000 2580.270000
18.950000 2491.667500
18.960000 2549.027500
18.970000 2726.905000
18.980000 2850.000000
18.990000 2801.140000
19.000000 2912.527500
19.010000 3059.005000
19.020000 3069.750000
19.030000 3080.067500
19.040000 3054.030000
19.050000 3134.732500
19.060000 3236.730000
19.070000 3394.472500
19.080000 3565.640000
19.090000 3707.300000
19.100000 3928.827500
19.110000 3973.775000
19.120000 3971.727500
19.130000 4116.787500
19.140000 4219.727500
19.150000 4143.240000
19.160000 4056.905000
19.170000 4208.785000
19.180000 4236.550000
19.190000 4053.682500
19.200000 4050.097500
19.210000 4132.215000
19.220000 4060.787500
19.230000 3838.347500
19.240000 3665.240000
19.250000 3520.945000
19.260000 3300.012500
19.270000 3179.495000
19.280000 3209.462500
19.290000 3158.297500
19.300000 2954.685000
19.310000 2803.622500
19.320000 2735.555000
19.330000 2727.272500
19.340000 2697.082500
19.350000 2591.847500
19.360000 2635.750000
19.370000 2772.530000
19.380000 2676.350000
19.390000 2468.917500
19.400000 2377.615000
19.410000 2413.282500
19.420000 2447.095000
19.430000 2399.080000
19.440000 2452.710000
19.450000 2478.815000
19.460000 2334.895000
19.470000 2244.085000
19.480000 2263.345000
19.490000 2227.640000
19.500000 2285.460000
19.510000 2403.570000
19.520000 2381.602500
19.530000 2260.875000
19.540000 2275.000000
19.550000 2307.482500
19.560000 2440.025000
19.570000 2482.882500
19.580000 2318.805000
19.590000 2215.450000
19.600000 2238.062500
19.610000 2271.512500
19.620000 2226.227500
19.630000 2202.487500
19.640000 2193.945000
19.650000 2338.902500
19.660000 2432.165000
19.670000 2299.102500
19.680000 2257.475000
19.690000 2170.387500
19.700000 2086.822500
19.710000 2081.222500
19.720000 2104.872500
19.730000 2203.382500
19.740000 2335.815000
19.750000 2360.895000
19.760000 2282.425000
19.770000 2333.835000
19.780000 2354.907500
19.790000 2336.327500
19.800000 2292.797500
19.810000 2224.312500
19.820000 2232.702500
19.830000 2347.145000
19.840000 2286.930000
19.850000 2183.895000
19.860000 2328.955000
19.870000 2386.362500
19.880000 2336.750000
19.890000 2309.895000
19.900000 2254.985000
19.910000 2243.495000
19.920000 2208.075000
19.930000 2303.182500
19.940000 2326.732500
19.950000 2283.740000
19.960000 2184.057500
19.970000 2137.827500
19.980000 2150.637500
19.990000 2090.215000
20.000000 2052.222500
20.010000 2130.285000
20.020000 2363.387500
20.030000 2375.690000
20.040000 2197.095000
20.050000 2103.215000
20.060000 2185.320000
20.070000 2282.732500
20.080000 2212.935000
20.090000 2262.207500
20.100000 2388.072500
20.110000 2246.585000
20.120000 2202.327500
20.130000 2336.022500
20.140000 2302.382500
20.150000 2346.750000
20.160000 2293.737500
20.170000 2255.220000
20.180000 2167.825000
20.190000 2143.517500
20.200000 2287.985000
20.210000 2389.775000
20.220000 2287.365000
20.230000 2145.120000
20.240000 2132.897500
20.250000 2199.502500
20.260000 2226.390000
20.270000 2178.665000
20.280000 2096.062500
20.290000 2080.352500
20.300000 2234.020000
20.310000 2317.387500
20.320000 2291.190000
20.330000 2219.670000
20.340000 2278.912500
20.350000 2395.912500
20.360000 2332.007500
20.370000 2126.217500
20.380000 2175.255000
20.390000 2365.327500
20.400000 2381.780000
20.410000 2321.562500
20.420000 2279.452500
20.430000 2206.532500
20.440000 2243.885000
20.450000 2415.855000
20.460000 2368.805000
20.470000 2295.295000
20.480000 2263.260000
20.490000 2326.300000
20.500000 2250.000000
20.510000 2250.000000
20.520000 2244.277500
20.530000 2233.332500
20.540000 2270.337500
20.550000 2333.150000
20.560000 2384.630000
20.570000 2426.285000
20.580000 2221.830000
20.590000 2166.667500
20.600000 2203.097500
20.610000 2347.672500
20.620000 2477.727500
20.630000 2461.122500
20.640000 2483.332500
20.650000 2400.357500
20.660000 2277.470000
20.670000 2366.667500
20.680000 2309.042500
20.690000 2238.190000
20.700000 2407.030000
20.710000 2490.277500
20.720000 2404.300000
20.730000 2500.420000
20.740000 2463.965000
20.750000 2450.252500
20.760000 2513.912500
20.770000 2704.762500
20.780000 2731.300000
20.790000 2670.352500
20.800000 2577.172500
20.810000 2406.100000
20.820000 2398.400000
20.830000 2750.075000
20.840000 2766.340000
20.850000 2611.227500
20.860000 2742.315000
20.870000 2845.342500
20.880000 2947.330000
20.890000 3002.222500
20.900000 2997.970000
20.910000 3128.775000
20.920000 3076.860000
20.930000 3048.077500
20.940000 3084.657500
20.950000 3060.200000
20.960000 3172.330000
20.970000 3377.535000
20.980000 3375.747500
20.990000 3317.990000
21.000000 3240.087500
21.010000 3287.537500
21.020000 3361.672500
21.030000 3459.187500
21.040000 3406.860000
21.050000 3369.625000
21.060000 3467.585000
21.070000 3405.630000
21.080000 3211.512500
21.090000 2933.825000
21.100000 2855.650000
21.110000 3011.010000
21.120000 2887.507500
21.130000 2763.362500
21.140000 2604.342500
21.150000 2516.470000
21.160000 2520.637500
21.170000 2597.407500
21.180000 2532.212500
21.190000 2608.335000
21.200000 2635.755000
21.210000 2607.102500
21.220000 2610.837500
21.230000 2572.647500
21.240000 2554.935000
21.250000 2494.587500
21.260000 2430.662500
21.270000 2471.317500
21.280000 2504.202500
21.290000 2567.580000
21.300000 2534.045000
21.310000 2369.545000
21.320000 2381.445000
21.330000 2469.502500
21.340000 2355.280000
21.350000 2356.787500
21.360000 2480.147500
21.370000 2540.455000
21.380000 2427.250000
21.390000 2466.980000
21.400000 2533.735000
21.410000 2475.585000
21.420000 2515.557500
21.430000 2507.372500
21.440000 2410.845000
21.450000 2524.525000
21.460000 2442.922500
21.470000 2309.595000
21.480000 2394.242500
21.490000 2438.050000
21.500000 2446.815000
21.510000 2407.732500
21.520000 2585.327500
21.530000 2719.672500
21.540000 2524.832500
21.550000 2279.065000
21.560000 2319.855000
21.570000 2487.725000
21.580000 2512.315000
21.590000 2451.820000
21.600000 2339.220000
21.610000 2229.272500
21.620000 2320.887500
21.630000 2412.495000
21.640000 2441.590000
21.650000 2489.600000
21.660000 2450.367500
21.670000 2374.645000
21.680000 2472.517500
21.690000 2496.780000
21.700000 2354.265000
21.710000 2353.827500
21.720000 2373.482500
21.730000 2358.955000
21.740000 2481.632500
21.750000 2468.002500
21.760000 2540.950000
21.770000 2567.820000
21.780000 2497.607500
21.790000 2514.692500
21.800000 2522.105000
21.810000 2547.060000
21.820000 2506.782500
21.830000 2530.752500
21.840000 2408.797500
21.850000 2576.935000
21.860000 2587.190000
21.870000 2598.080000
21.880000 2582.095000
21.890000 2607.240000
21.900000 2756.267500
21.910000 2604.542500
21.920000 2621.880000
21.930000 2679.837500
21.940000 2519.375000
21.950000 2526.162500
21.960000 2652.047500
21.970000 2750.875000
21.980000 2629.682500
21.990000 2483.415000
22.000000 2463.560000
22.010000 2609.147500
22.020000 2647.135000
22.030000 2695.732500
22.040000 2825.342500
22.050000 2931.095000
22.060000 2979.740000
22.070000 2991.737500
22.080000 3054.785000
22.090000 2960.667500
22.100000 3026.570000
22.110000 3165.592500
22.120000 3327.217500
22.130000 3401.707500
22.140000 3561.262500
22.150000 3649.275000
22.160000 3597.195000
22.170000 3694.885000
22.180000 3870.107500
22.190000 3969.010000
22.200000 4329.020000
22.210000 4536.907500
22.220000 4913.417500
22.230000 4901.262500
22.240000 4838.900000
22.250000 5131.872500
22.260000 5283.322500
22.270000 5321.485000
22.280000 5613.302500
22.290000 5630.035000
22.300000 5613.380000
22.310000 5521.422500
22.320000 5221.200000
22.330000 5311.582500
22.340000 5308.820000
22.350000 5169.140000
22.360000 4799.240000
22.370000 4505.472500
22.380000 4440.812500
22.390000 4288.930000
22.400000 3966.235000
22.410000 3960.652500
22.420000 3732.097500
22.430000 3439.090000
22.440000 3278.667500
22.450000 3261.430000
22.460000 3275.000000
22.470000 3239.667500
22.480000 3069.565000
22.490000 2985.477500
22.500000 2878.780000
22.510000 2865.890000
22.520000 2871.405000
22.530000 2734.172500
22.540000 2702.985000
22.550000 2738.960000
22.560000 2807.625000
22.570000 2593.995000
22.580000 2367.087500
22.590000 2580.532500
22.600000 2811.107500
22.610000 2657.972500
22.620000 2595.025000
22.630000 2518.962500
22.640000 2615.670000
22.650000 2450.000000
22.660000 2462.762500
22.670000 2491.115000
22.680000 2353.115000
22.690000 2490.267500
22.700000 2476.365000
22.710000 2438.892500
22.720000 2422.237500
22.730000 2409.707500
22.740000 2431.725000
22.750000 2511.060000
22.760000 2545.350000
22.770000 2621.640000
22.780000 2465.590000
22.790000 2408.637500
22.800000 2370.662500
22.810000 2395.645000
22.820000 2425.907500
22.830000 2484.197500
22.840000 2512.410000
22.850000 2401.302500
22.860000 2412.220000
22.870000 2420.437500
22.880000 2366.685000
22.890000 2459.610000
22.900000 2481.922500
22.910000 2555.280000
22.920000 2489.147500
22.930000 2466.227500
22.940000 2406.690000
22.950000 2348.760000
22.960000 2341.667500
22.970000 2336.750000
22.980000 2320.562500
22.990000 2412.355000
23.000000 2536.965000
23.010000 2555.922500
23.020000 2545.262500
23.030000 2558.315000
23.040000 2501.212500
23.050000 2457.152500
23.060000 2444.125000
23.070000 2408.332500
23.080000 2435.082500
23.090000 2567.602500
23.100000 2370.120000
23.110000 2406.552500
23.120000 2486.330000
23.130000 2393.200000
23.140000 2362.400000
23.150000 2460.727500
23.160000 2582.217500
23.170000 2550.595000
23.180000 2377.322500
23.190000 2293.210000
23.200000 2356.150000
23.210000 2356.865000
23.220000 2473.450000
23.230000 2548.155000
23.240000 2367.735000
23.250000 2372.875000
23.260000 2368.895000
23.270000 2457.420000
23.280000 2542.647500
23.290000 2379.152500
23.300000 2412.462500
23.310000 2431.400000
23.320000 2365.477500
23.330000 2422.755000
23.340000 2464.647500
23.350000 2459.027500
23.360000 2504.057500
23.370000 2341.077500
23.380000 2300.625000
23.390000 2490.687500
23.400000 2465.802500
23.410000 2320.750000
23.420000 2250.980000
23.430000 2450.957500
23.440000 2451.680000
23.450000 2412.282500
23.460000 2488.615000
23.470000 2332.400000
23.480000 2325.927500
23.490000 2336.097500
23.500000 2363.827500
23.510000 2415.612500
23.520000 2460.535000
23.530000 2339.870000
23.540000 2332.140000
23.550000 2387.232500
23.560000 2342.952500
23.570000 2278.082500
23.580000 2245.505000
23.590000 2347.410000
23.600000 2323.285000
23.610000 2317.707500
23.620000 2396.615000
23.630000 2366.667500
23.640000 2356.647500
23.650000 2265.837500
23.660000 2265.742500
23.670000 2334.150000
23.680000 2331.922500
23.690000 2247.310000
23.700000 2302.402500
23.710000 2331.357500
23.720000 2385.355000
23.730000 2332.050000
23.740000 2396.890000
23.750000 2364.350000
23.760000 2351.627500
23.770000 2453.802500
23.780000 2473.550000
23.790000 2299.907500
23.800000 2387.050000
23.810000 2422.050000
23.820000 2377.757500
23.830000 2229.700000
23.840000 2208.245000
23.850000 2373.322500
23.860000 2252.477500
23.870000 2123.225000
23.880000 2363.830000
23.890000 2240.975000
23.900000 2236.080000
23.910000 2273.477500
23.920000 2350.000000
23.930000 2345.980000
23.940000 2307.307500
23.950000 2388.372500
23.960000 2337.592500
23.970000 2209.145000
23.980000 2412.815000
23.990000 2370.482500
24.000000 2412.882500
24.010000 2359.167500
24.020000 2275.957500
24.030000 2396.577500
24.040000 2458.942500
24.050000 2460.640000
24.060000 2395.272500
24.070000 2548.817500
24.080000 2531.575000
24.090000 2497.310000
24.100000 2372.412500
24.110000 2666.462500
24.120000 2561.270000
24.130000 2720.572500
24.140000 2787.152500
24.150000 2968.177500
24.160000 3106.167500
24.170000 3063.212500
24.180000 2895.377500
24.190000 2966.265000
24.200000 3205.217500
24.210000 3144.980000
24.220000 2951.827500
24.230000 3122.405000
24.240000 3336.200000
24.250000 3254.422500
24.260000 3325.485000
24.270000 3332.372500
24.280000 3313.817500
24.290000 3278.872500
24.300000 3471.272500
24.310000 3271.250000
24.320000 3355.887500
24.330000 3462.807500
24.340000 3545.202500
24.350000 3586.510000
24.360000 3190.372500
24.370000 3172.197500
24.380000 3264.080000
24.390000 3058.747500
24.400000 3067.075000
24.410000 3074.192500
24.420000 3045.195000
24.430000 2782.547500
24.440000 2773.250000
24.450000 2900.697500
24.460000 2736.022500
24.470000 2617.407500
24.480000 2626.025000
24.490000 2458.387500
24.500000 2283.155000
24.510000 2470.507500
24.520000 2560.052500
24.530000 2600.337500
24.540000 2600.677500
24.550000 2426.817500
24.560000 2665.340000
24.570000 2415.502500
24.580000 2178.422500
24.590000 2275.840000
24.600000 2508.557500
24.610000 2292.257500
24.620000 2307.755000
24.630000 2293.655000
24.640000 2348.047500
24.650000 2287.292500
24.660000 2158.870000
24.670000 2185.242500
24.680000 2508.745000
24.690000 2780.310000
24.700000 2673.967500
24.710000 2373.177500
24.720000 2585.537500
24.730000 2374.770000
24.740000 2367.117500
24.750000 2387.727500
24.760000 2550.000000
24.770000 2546.657500
24.780000 2416.667500
24.790000 2418.252500
24.800000 2482.370000
24.810000 2443.917500
24.820000 2543.307500
24.830000 2611.182500
24.840000 2358.162500
24.850000 2350.000000
24.860000 2349.840000
24.870000 2341.045000
24.880000 2305.177500
24.890000 2135.507500
24.900000 2260.987500
24.910000 2419.217500
24.920000 2576.805000
24.930000 2688.080000
24.940000 2451.775000
24.950000 2575.340000
24.960000 2599.570000
24.970000 2564.720000
24.980000 2410.570000
24.990000 2597.702500
25.000000 2394.785000
25.010000 2691.747500
25.020000 2700.532500
25.030000 2756.775000
25.040000 2575.197500
25.050000 2599.517500
25.060000 2533.882500
25.070000 2616.965000
25.080000 2666.355000
25.090000 2609.547500
25.100000 2867.210000
25.110000 3000.085000
25.120000 3024.812500
25.130000 2958.170000
25.140000 2883.502500
25.150000 2991.667500
25.160000 2991.655000
25.170000 2950.015000
25.180000 2866.747500
25.190000 2908.267500
25.200000 3082.945000
25.210000 3191.357500
25.220000 3100.317500
25.230000 3199.590000
25.240000 3274.645000
25.250000 3407.620000
25.260000 3540.870000
25.270000 3541.667500
25.280000 3665.762500
25.290000 3889.900000
25.300000 4222.175000
25.310000 4249.772500
25.320000 4175.730000
25.330000 4348.190000
25.340000 4753.852500
25.350000 4807.752500
25.360000 5154.057500
25.370000 5166.560000
25.380000 5281.762500
25.390000 4946.480000
25.400000 5442.525000
25.410000 5614.112500
25.420000 5698.670000
25.430000 5700.000000
25.440000 5970.272500
25.450000 5901.335000
25.460000 5695.505000
25.470000 5520.000000
25.480000 5467.650000
25.490000 5474.830000
25.500000 5621.865000
25.510000 5429.305000
25.520000 5587.977500
25.530000 5428.792500
25.540000 5245.952500
25.550000 5249.800000
25.560000 5176.845000
25.570000 5239.985000
25.580000 5566.385000
25.590000 5729.145000
25.600000 5781.980000
25.610000 6018.307500
25.620000 6195.047500
25.630000 6790.740000
25.640000 7034.775000
25.650000 7138.652500
25.660000 7876.670000
25.670000 8424.670000
25.680000 8667.535000
25.690000 8989.402500
25.700000 9628.407500
25.710000 10559.810000
25.720000 11468.715000
25.730000 11910.102500
25.740000 12463.420000
25.750000 13077.627500
25.760000 12891.325000
25.770000 13669.375000
25.780000 13740.077500
25.790000 13781.720000
25.800000 13463.110000
25.810000 13482.002500
25.820000 13387.387500
25.830000 13143.625000
25.840000 12606.307500
25.850000 12304.027500
25.860000 11589.860000
25.870000 10984.492500
25.880000 10018.470000
25.890000 9163.092500
25.900000 8552.252500
25.910000 7817.472500
25.920000 7394.042500
25.930000 6787.467500
25.940000 6456.820000
25.950000 6084.837500
25.960000 5432.710000
25.970000 5376.242500
25.980000 5375.000000
25.990000 4868.802500
26.000000 4572.922500
26.010000 4155.472500
26.020000 4291.217500
26.030000 3858.207500
26.040000 3604.695000
26.050000 3843.797500
26.060000 3661.482500
26.070000 3524.095000
26.080000 3351.522500
26.090000 3428.115000
26.100000 3134.882500
26.110000 3069.572500
26.120000 3121.575000
26.130000 3281.777500
26.140000 3213.327500
26.150000 3137.875000
26.160000 3141.157500
26.170000 2930.557500
26.180000 3041.687500
26.190000 3159.322500
26.200000 3166.667500
26.210000 2979.495000
26.220000 3200.480000
26.230000 3107.622500
26.240000 2788.647500
26.250000 2836.675000
26.260000 2802.797500
26.270000 2691.237500
26.280000 2877.427500
26.290000 2783.042500
26.300000 2720.722500
26.310000 2608.182500
26.320000 2661.950000
26.330000 2674.405000
26.340000 2620.862500
26.350000 2562.565000
26.360000 2720.535000
26.370000 2795.085000
26.380000 2730.575000
26.390000 2624.782500
26.400000 2624.370000
26.410000 2509.515000
26.420000 2676.965000
26.430000 2645.532500
26.440000 2603.245000
26.450000 2722.867500
26.460000 2671.940000
26.470000 2428.920000
26.480000 2569.285000
26.490000 2713.542500
26.500000 2633.147500
26.510000 2540.855000
26.520000 2640.357500
26.530000 2672.917500
26.540000 2583.385000
26.550000 2483.445000
26.560000 2459.750000
26.570000 2504.052500
26.580000 2416.955000
26.590000 2355.065000
26.600000 2494.495000
26.610000 2553.932500
26.620000 2672.260000
26.630000 2645.382500
26.640000 2611.325000
26.650000 2646.235000
26.660000 2687.877500
26.670000 2593.252500
26.680000 2515.245000
26.690000 2500.772500
26.700000 2469.777500
26.710000 2323.202500
26.720000 2481.887500
26.730000 2469.837500
26.740000 2496.810000
26.750000 2612.965000
26.760000 2549.740000
26.770000 2519.102500
26.780000 2471.570000
26.790000 2444.132500
26.800000 2419.147500
26.810000 2401.662500
26.820000 2549.932500
26.830000 2574.157500
26.840000 2522.592500
26.850000 2486.740000
26.860000 2468.380000
26.870000 2474.140000
26.880000 2661.680000
26.890000 2690.795000
26.900000 2542.517500
26.910000 2450.475000
26.920000 2411.875000
26.930000 2281.807500
26.940000 2378.235000
26.950000 2384.232500
26.960000 2450.185000
26.970000 2443.487500
26.980000 2515.850000
26.990000 2339.665000
27.000000 2324.075000
27.010000 2561.915000
27.020000 2562.072500
27.030000 2336.517500
27.040000 2463.502500
27.050000 2416.877500
27.060000 2386.195000
27.070000 2538.195000
27.080000 2447.792500
27.090000 2521.707500
27.100000 2695.247500
27.110000 2797.570000
27.120000 2646.635000
27.130000 2536.860000
27.140000 2539.680000
27.150000 2431.637500
27.160000 2489.972500
27.170000 2712.442500
27.180000 2741.667500
27.190000 2705.087500
27.200000 2648.822500
27.210000 2641.667500
27.220000 2634.365000
27.230000 2618.740000
27.240000 2631.250000
27.250000 2633.332500
27.260000 2655.180000
27.270000 2527.347500
27.280000 2391.980000
27.290000 2527.612500
27.300000 2528.212500
27.310000 2604.832500
27.320000 2885.017500
27.330000 2548.112500
27.340000 2375.780000
27.350000 2466.905000
27.360000 2447.167500
27.370000 2485.037500
27.380000 2404.982500
27.390000 2348.355000
27.400000 2543.655000
27.410000 2510.117500
27.420000 2399.140000
27.430000 2354.535000
27.440000 2429.140000
27.450000 2391.340000
27.460000 2354.595000
27.470000 2342.820000
27.480000 2399.067500
27.490000 2523.057500
27.500000 2391.192500
27.510000 2302.220000
27.520000 2384.692500
27.530000 2407.150000
27.540000 2351.165000
27.550000 2470.210000
27.560000 2584.440000
27.570000 2443.105000
27.580000 2359.652500
27.590000 2307.267500
27.600000 2399.640000
27.610000 2487.790000
27.620000 2592.397500
27.630000 2572.820000
27.640000 2495.687500
27.650000 2462.055000
27.660000 2394.540000
27.670000 2397.500000
27.680000 2414.157500
27.690000 2395.445000
27.700000 2448.217500
27.710000 2430.077500
27.720000 2368.527500
27.730000 2506.475000
27.740000 2702.522500
27.750000 2578.350000
27.760000 2725.997500
27.770000 2687.982500
27.780000 2646.880000
27.790000 2466.030000
27.800000 2405.250000
27.810000 2414.032500
27.820000 2304.490000
27.830000 2416.450000
27.840000 2644.705000
27.850000 2711.320000
27.860000 2639.757500
27.870000 2443.340000
27.880000 2596.850000
27.890000 2605.425000
27.900000 2544.220000
27.910000 2582.107500
27.920000 2570.777500
27.930000 2636.247500
27.940000 2809.922500
27.950000 2661.007500
27.960000 2597.225000
27.970000 2591.667500
27.980000 2633.270000
27.990000 2607.020000
28.000000 2724.637500
28.010000 2784.597500
28.020000 2757.092500
28.030000 2922.747500
28.040000 2944.522500
28.050000 2893.365000
28.060000 3000.557500
28.070000 3093.907500
28.080000 3142.762500
28.090000 3452.765000
28.100000 3386.017500
28.110000 3516.375000
28.120000 3563.732500
28.130000 3758.797500
28.140000 3902.855000
28.150000 3877.035000
28.160000 3955.682500
28.170000 4084.482500
28.180000 4067.307500
28.190000 4112.997500
28.200000 4206.937500
28.210000 4450.170000
28.220000 4309.080000
28.230000 4327.990000
28.240000 4430.182500
28.250000 4511.237500
28.260000 4436.610000
28.270000 4369.105000
28.280000 4195.380000
28.290000 4022.635000
28.300000 3835.725000
28.310000 3955.832500
28.320000 4059.372500
28.330000 3716.417500
28.340000 3457.550000
28.350000 3396.397500
28.360000 3303.900000
28.370000 3209.122500
28.380000 3050.092500
28.390000 3238.982500
28.400000 3143.562500
28.410000 3014.152500
28.420000 2964.777500
28.430000 2884.440000
28.440000 2745.835000
28.450000 2736.790000
28.460000 2788.590000
28.470000 2913.872500
28.480000 2834.567500
28.490000 2694.622500
28.500000 2586.457500
28.510000 2426.402500
28.520000 2505.132500
28.530000 2600.030000
28.540000 2723.302500
28.550000 2703.380000
28.560000 2751.562500
28.570000 2766.667500
28.580000 2700.210000
28.590000 2696.615000
28.600000 2520.830000
28.610000 2673.935000
28.620000 2705.120000
28.630000 2693.377500
28.640000 2665.200000
28.650000 2717.840000
28.660000 2634.227500
28.670000 2502.697500
28.680000 2646.535000
28.690000 2665.295000
28.700000 2605.630000
28.710000 2545.585000
28.720000 2513.597500
28.730000 2475.465000
28.740000 2368.137500
28.750000 2341.667500
28.760000 2367.902500
28.770000 2381.555000
28.780000 2383.332500
28.790000 2291.710000
28.800000 2299.365000
28.810000 2478.242500
28.820000 2400.927500
28.830000 2425.395000
28.840000 2480.790000
28.850000 2459.087500
28.860000 2456.510000
28.870000 2464.840000
28.880000 2401.655000
28.890000 2474.285000
28.900000 2512.982500
28.910000 2425.850000
28.920000 2477.785000
28.930000 2344.547500
28.940000 2261.165000
28.950000 2418.157500
28.960000 2544.220000
28.970000 2515.002500
28.980000 2461.280000
28.990000 2282.345000
29.000000 2368.647500
29.010000 2376.140000
29.020000 2559.682500
29.030000 2462.370000
29.040000 2442.362500
29.050000 2398.645000
29.060000 2376.920000
29.070000 2394.230000
29.080000 2489.670000
29.090000 2395.065000
29.100000 2435.077500
29.110000 2432.772500
29.120000 2361.145000
29.130000 2233.192500
29.140000 2340.270000
29.150000 2338.735000
29.160000 2337.732500
29.170000 2297.137500
29.180000 2321.472500
29.190000 2339.685000
29.200000 2252.810000
29.210000 2320.132500
29.220000 2337.325000
29.230000 2377.660000
29.240000 2341.045000
29.250000 2318.677500
29.260000 2417.755000
29.270000 2418.435000
29.280000 2370.482500
29.290000 2415.065000
29.300000 2471.125000
29.310000 2565.152500
29.320000 2579.087500
29.330000 2562.432500
29.340000 2539.495000
29.350000 2445.490000
29.360000 2460.555000
29.370000 2462.470000
29.380000 2427.035000
29.390000 2535.512500
29.400000 2600.000000
29.410000 2564.615000
29.420000 2400.227500
29.430000 2499.657500
29.440000 2550.000000
29.450000 2388.125000
29.460000 2152.920000
29.470000 2303.020000
29.480000 2368.787500
29.490000 2360.460000
29.500000 2383.140000
29.510000 2534.195000
29.520000 2589.525000
29.530000 2542.170000
29.540000 2574.457500
29.550000 2616.377500
29.560000 2612.655000
29.570000 2491.147500
29.580000 2530.117500
29.590000 2570.650000
29.600000 2568.847500
29.610000 2831.042500
29.620000 2845.135000
29.630000 2779.835000
29.640000 2742.132500
29.650000 2904.940000
29.660000 2966.667500
29.670000 2929.952500
29.680000 2892.210000
29.690000 2999.410000
29.700000 3188.172500
29.710000 3345.360000
29.720000 3425.995000
29.730000 3557.372500
29.740000 3654.765000
29.750000 3796.600000
29.760000 3951.020000
29.770000 3967.385000
29.780000 4000.790000
29.790000 4004.545000
29.800000 4121.112500
29.810000 4257.427500
29.820000 4515.362500
29.830000 4684.572500
29.840000 4758.920000
29.850000 4582.002500
29.860000 4610.780000
29.870000 4631.935000
29.880000 4739.312500
29.890000 4621.020000
29.900000 4462.225000
29.910000 4671.075000
29.920000 4586.760000
29.930000 4193.097500
29.940000 4084.627500
29.950000 4025.862500
29.960000 3802.750000
29.970000 3707.082500
29.980000 3717.902500
29.990000 3569.972500
30.000000 3335.560000
30.010000 3117.847500
30.020000 3099.967500
30.030000 3205.810000
30.040000 3306.985000
30.050000 3096.010000
30.060000 2911.077500
30.070000 2845.382500
30.080000 2809.660000
30.090000 2900.527500
30.100000 2764.412500
30.110000 2626.727500
30.120000 2600.000000
30.130000 2605.892500
30.140000 2608.332500
30.150000 2620.100000
30.160000 2554.452500
30.170000 2513.252500
30.180000 2525.940000
30.190000 2621.295000
30.200000 2699.347500
30.210000 2687.395000
30.220000 2727.645000
30.230000 2773.377500
30.240000 2719.100000
30.250000 2650.825000
30.260000 2627.505000
30.270000 2566.755000
30.280000 2506.750000
30.290000 2602.145000
30.300000 2644.190000
30.310000 2566.205000
30.320000 2730.527500
30.330000 2770.307500
30.340000 2865.797500
30.350000 2835.677500
30.360000 2742.200000
30.370000 2814.842500
30.380000 2956.425000
30.390000 2890.462500
30.400000 2668.862500
30.410000 2666.482500
30.420000 2717.250000
30.430000 2834.157500
30.440000 2917.775000
30.450000 2864.510000
30.460000 2988.050000
30.470000 3081.235000
30.480000 2942.940000
30.490000 3000.737500
30.500000 3035.492500
30.510000 3110.580000
30.520000 3406.515000
30.530000 3450.960000
30.540000 3251.647500
30.550000 3362.617500
30.560000 3523.845000
30.570000 3558.332500
30.580000 3552.662500
30.590000 3782.280000
30.600000 4004.872500
30.610000 4075.300000
30.620000 4309.347500
30.630000 4490.055000
30.640000 4756.252500
30.650000 5125.890000
30.660000 5486.472500
30.670000 5673.127500
30.680000 5792.637500
30.690000 5917.562500
30.700000 6205.182500
30.710000 6650.100000
30.720000 7009.940000
30.730000 7259.402500
30.740000 7584.887500
30.750000 7825.620000
30.760000 7983.775000
30.770000 8172.707500
30.780000 8308.505000
30.790000 8491.920000
30.800000 8544.427500
30.810000 8483.340000
30.820000 8508.282500
30.830000 8383.625000
30.840000 8136.602500
30.850000 7928.237500
30.860000 7573.600000
30.870000 7270.312500
30.880000 6827.382500
30.890000 6625.122500
30.900000 6269.577500
30.910000 5838.470000
30.920000 5570.852500
30.930000 5302.210000
30.940000 4925.547500
30.950000 4651.717500
30.960000 4440.882500
30.970000 4306.455000
30.980000 4269.530000
30.990000 3988.020000
31.000000 3923.545000
31.010000 3852.142500
31.020000 3693.595000
31.030000 3527.357500
31.040000 3238.260000
31.050000 3192.730000
31.060000 3249.617500
31.070000 3225.795000
31.080000 3137.902500
31.090000 3024.222500
31.100000 2956.295000
31.110000 3006.497500
31.120000 3030.872500
31.130000 2852.445000
31.140000 2898.400000
31.150000 2948.090000
31.160000 2858.055000
31.170000 2854.270000
31.180000 2880.367500
31.190000 2813.632500
31.200000 2716.080000
31.210000 2608.415000
31.220000 2449.050000
31.230000 2303.217500
31.240000 2354.380000
31.250000 2493.625000
31.260000 2536.340000
31.270000 2559.935000
31.280000 2564.370000
31.290000 2489.300000
31.300000 2487.135000
31.310000 2503.032500
31.320000 2590.010000
31.330000 2445.952500
31.340000 2317.480000
31.350000 2366.405000
31.360000 2394.725000
31.370000 2412.742500
31.380000 2567.120000
31.390000 2728.877500
31.400000 2559.610000
31.410000 2312.625000
31.420000 2236.422500
31.430000 2343.327500
31.440000 2361.240000
31.450000 2338.560000
31.460000 2456.557500
31.470000 2488.480000
31.480000 2451.030000
31.490000 2452.080000
31.500000 2390.715000
31.510000 2443.532500
31.520000 2479.235000
31.530000 2430.365000
31.540000 2330.622500
31.550000 2355.790000
31.560000 2389.660000
31.570000 2362.672500
31.580000 2360.320000
31.590000 2309.967500
31.600000 2249.252500
31.610000 2223.045000
31.620000 2293.750000
31.630000 2346.800000
31.640000 2462.825000
31.650000 2466.732500
31.660000 2286.817500
31.670000 2215.337500
31.680000 2311.825000
31.690000 2336.052500
31.700000 2362.540000
31.710000 2340.750000
31.720000 2328.680000
31.730000 2316.260000
31.740000 2305.075000
31.750000 2293.122500
31.760000 2328.920000
31.770000 2348.212500
31.780000 2377.050000
31.790000 2283.862500
31.800000 2193.200000
31.810000 2334.500000
31.820000 2438.367500
31.830000 2426.582500
31.840000 2376.482500
31.850000 2329.930000
31.860000 2276.567500
31.870000 2239.985000
31.880000 2278.350000
31.890000 2378.285000
31.900000 2360.115000
31.910000 2341.595000
31.920000 2438.022500
31.930000 2392.160000
31.940000 2320.030000
31.950000 2356.382500
31.960000 2353.577500
31.970000 2328.380000
31.980000 2369.537500
31.990000 2365.397500
32.000000 2400.922500
32.010000 2397.272500
32.020000 2346.957500
32.030000 2402.240000
32.040000 2489.332500
32.050000 2555.957500
32.060000 2504.840000
32.070000 2474.502500
32.080000 2579.780000
32.090000 2578.100000
32.100000 2738.477500
32.110000 2917.487500
32.120000 2780.837500
32.130000 2715.350000
32.140000 2881.297500
32.150000 3086.722500
32.160000 3137.555000
32.170000 3087.587500
32.180000 3153.810000
32.190000 3298.877500
32.200000 3503.247500
32.210000 3535.957500
32.220000 3589.367500
32.230000 3873.680000
32.240000 3818.217500
32.250000 3671.470000
32.260000 3938.892500
32.270000 4142.917500
32.280000 4102.127500
32.290000 4124.047500
32.300000 4123.680000
32.310000 4101.207500
32.320000 4117.865000
32.330000 4086.920000
32.340000 4153.425000
32.350000 4196.505000
32.360000 4046.922500
32.370000 3916.832500
32.380000 3825.407500
32.390000 3704.090000
32.400000 3498.902500
32.410000 3364.467500
32.420000 3335.867500
32.430000 3282.652500
32.440000 3221.800000
32.450000 3167.140000
32.460000 3085.400000
32.470000 2966.732500
32.480000 2782.027500
32.490000 2594.557500
32.500000 2604.337500
32.510000 2657.345000
32.520000 2603.440000
32.530000 2589.920000
32.540000 2631.557500
32.550000 2557.212500
32.560000 2450.895000
32.570000 2383.345000
32.580000 2442.457500
32.590000 2327.357500
32.600000 2184.222500
32.610000 2343.672500
32.620000 2439.062500
32.630000 2329.360000
32.640000 2308.820000
32.650000 2372.920000
32.660000 2428.295000
32.670000 2426.322500
32.680000 2326.922500
32.690000 2380.712500
32.700000 2497.780000
32.710000 2425.652500
32.720000 2399.995000
32.730000 2387.192500
32.740000 2291.792500
32.750000 2336.037500
32.760000 2390.242500
32.770000 2433.722500
32.780000 2528.450000
32.790000 2553.150000
32.800000 2514.665000
32.810000 2491.667500
32.820000 2397.395000
32.830000 2321.150000
32.840000 2369.780000
32.850000 2430.695000
32.860000 2441.067500
32.870000 2540.397500
32.880000 2668.977500
32.890000 2637.702500
32.900000 2681.102500
32.910000 2788.860000
32.920000 2750.707500
32.930000 2669.010000
32.940000 2752.205000
32.950000 2938.317500
32.960000 3025.487500
32.970000 3112.615000
32.980000 3249.315000
32.990000 3422.555000
33.000000 3498.675000
33.010000 3492.527500
33.020000 3530.215000
33.030000 3746.667500
33.040000 3911.905000
33.050000 3965.385000
33.060000 4177.365000
33.070000 4455.790000
33.080000 4539.915000
33.090000 4625.750000
33.100000 4936.537500
33.110000 5164.237500
33.120000 5350.860000
33.130000 5660.177500
33.140000 5932.687500
33.150000 6080.652500
33.160000 6039.080000
33.170000 5872.527500
33.180000 5843.082500
33.190000 5955.850000
33.200000 6067.942500
33.210000 6159.340000
33.220000 5957.092500
33.230000 5725.000000
33.240000 5631.500000
33.250000 5320.967500
33.260000 5019.327500
33.270000 5026.452500
33.280000 5019.450000
33.290000 4713.947500
33.300000 4335.507500
33.310000 4204.552500
33.320000 4178.612500
33.330000 3948.752500
33.340000 3695.300000
33.350000 3725.547500
33.360000 3553.220000
33.370000 3166.477500
33.380000 3175.052500
33.390000 3158.447500
33.400000 2962.662500
33.410000 2883.365000
33.420000 2800.382500
33.430000 2633.930000
33.440000 2549.935000
33.450000 2500.545000
33.460000 2375.715000
33.470000 2353.610000
33.480000 2408.220000
33.490000 2392.040000
33.500000 2391.257500
33.510000 2428.945000
33.520000 2466.187500
33.530000 2491.667500
33.540000 2422.395000
33.550000 2309.310000
33.560000 2258.540000
33.570000 2323.027500
33.580000 2286.565000
33.590000 2150.485000
33.600000 2117.175000
33.610000 2128.235000
33.620000 2162.360000
33.630000 2231.012500
33.640000 2283.937500
33.650000 2262.657500
33.660000 2246.322500
33.670000 2253.322500
33.680000 2231.090000
33.690000 2171.375000
33.700000 2214.052500
33.710000 2275.000000
33.720000 2310.712500
33.730000 2294.532500
33.740000 2170.037500
33.750000 2194.800000
33.760000 2272.392500
33.770000 2288.922500
33.780000 2349.530000
33.790000 2264.110000
33.800000 2275.932500
33.810000 2357.452500
33.820000 2237.472500
33.830000 2162.765000
33.840000 2205.085000
33.850000 2207.765000
33.860000 2025.717500
33.870000 1922.112500
33.880000 2102.177500
33.890000 2188.750000
33.900000 2131.490000
33.910000 2196.870000
33.920000 2199.345000
33.930000 2138.475000
33.940000 2140.342500
33.950000 2146.845000
33.960000 2068.340000
33.970000 2022.202500
33.980000 2027.845000
33.990000 2014.495000
34.000000 2060.660000
34.010000 2094.712500
34.020000 2149.985000
34.030000 2173.537500
34.040000 2179.410000
34.050000 2225.000000
34.060000 2232.525000
34.070000 2181.570000
34.080000 2127.082500
34.090000 2183.692500
34.100000 2142.775000
34.110000 2090.175000
34.120000 2142.550000
34.130000 2129.615000
34.140000 2002.475000
34.150000 1868.532500
34.160000 2035.987500
34.170000 2257.305000
34.180000 2238.257500
34.190000 2135.272500
34.200000 2153.425000
34.210000 2177.982500
34.220000 2106.040000
34.230000 2123.142500
34.240000 2194.760000
34.250000 2192.180000
34.260000 2235.915000
34.270000 2195.515000
34.280000 2222.902500
34.290000 2389.817500
34.300000 2373.010000
34.310000 2276.117500
34.320000 2237.857500
34.330000 2268.300000
34.340000 2448.047500
34.350000 2469.945000
34.360000 2363.122500
34.370000 2391.667500
34.380000 2413.047500
34.390000 2413.210000
34.400000 2371.450000
34.410000 2426.922500
34.420000 2547.255000
34.430000 2603.532500
34.440000 2580.127500
34.450000 2643.725000
34.460000 2793.872500
34.470000 2829.372500
34.480000 2858.332500
34.490000 2826.887500
34.500000 2908.887500
34.510000 3104.220000
34.520000 3223.680000
34.530000 3367.342500
34.540000 3305.112500
34.550000 3255.905000
34.560000 3396.277500
34.570000 3429.342500
34.580000 3406.872500
34.590000 3420.097500
34.600000 3493.477500
34.610000 3523.317500
34.620000 3445.467500
34.630000 3468.190000
34.640000 3427.750000
34.650000 3407.075000
34.660000 3431.510000
34.670000 3379.497500
34.680000 3341.862500
34.690000 3255.585000
34.700000 3088.307500
34.710000 3029.682500
34.720000 2909.840000
34.730000 2880.062500
34.740000 2834.987500
34.750000 2623.472500
34.760000 2514.975000
34.770000 2554.830000
34.780000 2590.077500
34.790000 2535.382500
34.800000 2468.410000
34.810000 2481.352500
34.820000 2470.720000
34.830000 2400.000000
34.840000 2393.462500
34.850000 2331.137500
34.860000 2243.487500
34.870000 2282.072500
34.880000 2319.420000
34.890000 2225.972500
34.900000 2165.310000
34.910000 2159.670000
34.920000 2139.620000
34.930000 2131.482500
34.940000 2224.350000
34.950000 2211.640000
34.960000 2165.950000
34.970000 2201.217500
34.980000 2273.852500
34.990000 2309.600000
35.000000 2232.485000
35.010000 2242.547500
35.020000 2210.365000
35.030000 2222.007500
35.040000 2220.685000
35.050000 2136.420000
35.060000 2056.265000
35.070000 2017.625000
35.080000 2146.545000
35.090000 2238.730000
35.100000 2145.205000
35.110000 2069.757500
35.120000 2087.335000
35.130000 2142.185000
35.140000 2203.070000
35.150000 2214.462500
35.160000 2194.427500
35.170000 2144.717500
35.180000 2110.430000
35.190000 2056.852500
35.200000 2210.612500
35.210000 2439.380000
35.220000 2401.727500
35.230000 2304.625000
35.240000 2226.267500
35.250000 2175.945000
35.260000 2299.557500
35.270000 2325.517500
35.280000 2272.620000
35.290000 2313.030000
35.300000 2384.445000
35.310000 2446.227500
35.320000 2500.000000
35.330000 2449.975000
35.340000 2358.332500
35.350000 2384.695000
35.360000 2430.410000
35.370000 2427.915000
35.380000 2436.242500
35.390000 2467.782500
35.400000 2513.772500
35.410000 2589.197500
35.420000 2715.735000
35.430000 2646.547500
35.440000 2619.802500
35.450000 2681.715000
35.460000 2775.455000
35.470000 2825.415000
35.480000 2949.212500
35.490000 3141.997500
35.500000 3169.347500
35.510000 3220.357500
35.520000 3355.730000
35.530000 3383.332500
35.540000 3475.687500
35.550000 3680.667500
35.560000 3769.555000
35.570000 3797.222500
35.580000 3830.170000
35.590000 4188.652500
35.600000 4390.855000
35.610000 4718.335000
35.620000 4944.410000
35.630000 4898.015000
35.640000 4988.162500
35.650000 5386.222500
35.660000 5304.405000
35.670000 5185.415000
35.680000 5287.587500
35.690000 5380.640000
35.700000 5482.485000
35.710000 5657.410000
35.720000 5496.537500
35.730000 5356.672500
35.740000 5345.205000
35.750000 5293.155000
35.760000 4993.515000
35.770000 5028.057500
35.780000 4885.125000
35.790000 4560.642500
35.800000 4475.000000
35.810000 4396.710000
35.820000 4235.410000
35.830000 4188.255000
35.840000 3955.682500
35.850000 3754.940000
35.860000 3617.017500
35.870000 3347.317500
35.880000 3134.585000
35.890000 3167.342500
35.900000 3073.630000
35.910000 2894.922500
35.920000 2794.735000
35.930000 2586.617500
35.940000 2627.857500
35.950000 2689.762500
35.960000 2580.032500
35.970000 2585.115000
35.980000 2415.915000
35.990000 2412.217500
36.000000 2457.942500
36.010000 2365.732500
36.020000 2309.547500
36.030000 2155.405000
36.040000 2176.547500
36.050000 2104.875000
36.060000 2114.235000
36.070000 2147.107500
36.080000 2248.915000
36.090000 2264.257500
36.100000 2241.522500
36.110000 2188.027500
36.120000 2170.270000
36.130000 2188.100000
36.140000 2113.255000
36.150000 2014.192500
36.160000 2050.000000
36.170000 2047.650000
36.180000 2027.607500
36.190000 2036.052500
36.200000 2136.027500
36.210000 2102.322500
36.220000 2122.217500
36.230000 2112.200000
36.240000 1998.565000
36.250000 1993.747500
36.260000 1983.595000
36.270000 2132.607500
36.280000 2154.570000
36.290000 2068.325000
36.300000 2005.885000
36.310000 2082.400000
36.320000 2116.037500
36.330000 2076.035000
36.340000 2053.362500
36.350000 2110.552500
36.360000 2123.297500
36.370000 2126.245000
36.380000 2070.157500
36.390000 2057.405000
36.400000 2101.010000
36.410000 2072.455000
36.420000 2159.507500
36.430000 2098.142500
36.440000 2129.572500
36.450000 2136.657500
36.460000 2026.502500
36.470000 1983.875000
36.480000 2083.785000
36.490000 2147.765000
36.500000 2087.182500
36.510000 2025.182500
36.520000 2127.182500
36.530000 2202.082500
36.540000 2156.347500
36.550000 2101.887500
36.560000 2173.030000
36.570000 2172.465000
36.580000 2231.892500
36.590000 2143.342500
36.600000 2191.877500
36.610000 2168.690000
36.620000 2158.877500
36.630000 2216.745000
36.640000 2566.332500
36.650000 2549.827500
36.660000 2428.575000
36.670000 2484.460000
36.680000 2529.850000
36.690000 2509.322500
36.700000 2594.025000
36.710000 2693.065000
36.720000 2725.000000
36.730000 2730.792500
36.740000 2724.995000
36.750000 2645.497500
36.760000 2644.977500
36.770000 2592.397500
36.780000 2591.270000
36.790000 2669.345000
36.800000 2621.842500
36.810000 2549.302500
36.820000 2635.195000
36.830000 2602.732500
36.840000 2446.357500
36.850000 2402.577500
36.860000 2503.662500
36.870000 2520.312500
36.880000 2558.745000
36.890000 2577.705000
36.900000 2345.460000
36.910000 2442.832500
36.920000 2380.987500
36.930000 2267.762500
36.940000 2322.722500
36.950000 2256.925000
36.960000 2146.065000
36.970000 2100.000000
36.980000 2094.790000
36.990000 2083.645000
37.000000 2116.667500
37.010000 2132.087500
37.020000 2157.557500
37.030000 2058.952500
37.040000 2206.875000
37.050000 2259.940000
37.060000 2218.267500
37.070000 2178.325000
37.080000 2216.882500
37.090000 2048.350000
37.100000 2048.235000
37.110000 2081.537500
37.120000 2113.212500
37.130000 2172.172500
37.140000 2310.787500
37.150000 2223.075000
37.160000 2254.782500
37.170000 2270.240000
37.180000 2262.627500
37.190000 2299.392500
37.200000 2201.565000
37.210000 2098.445000
37.220000 2114.862500
37.230000 2225.897500
37.240000 2297.272500
37.250000 2440.945000
37.260000 2464.400000
37.270000 2448.295000
37.280000 2597.660000
37.290000 2616.060000
37.300000 2575.000000
37.310000 2576.475000
37.320000 2559.882500
37.330000 2506.845000
37.340000 2773.550000
37.350000 2794.052500
37.360000 2965.130000
37.370000 3121.282500
37.380000 2930.330000
37.390000 2955.300000
37.400000 3375.212500
37.410000 3502.785000
37.420000 3534.662500
37.430000 3652.522500
37.440000 3851.855000
37.450000 4148.815000
37.460000 4110.812500
37.470000 4205.622500
37.480000 4439.040000
37.490000 4631.845000
37.500000 4831.647500
37.510000 5023.587500
37.520000 5211.200000
37.530000 5545.547500
37.540000 5485.672500
37.550000 5055.717500
37.560000 5173.945000
37.570000 5403.782500
37.580000 5386.172500
37.590000 5131.830000
37.600000 4906.145000
37.610000 4768.412500
37.620000 4865.245000
37.630000 4740.522500
37.640000 4321.222500
37.650000 4194.030000
37.660000 4133.430000
37.670000 3978.622500
37.680000 3937.140000
37.690000 3836.280000
37.700000 3644.685000
37.710000 3278.265000
37.720000 3156.430000
37.730000 3242.110000
37.740000 3159.222500
37.750000 2930.015000
37.760000 2794.490000
37.770000 2753.960000
37.780000 2726.085000
37.790000 2713.955000
37.800000 2576.925000
37.810000 2524.857500
37.820000 2444.592500
37.830000 2305.222500
37.840000 2394.830000
37.850000 2352.180000
37.860000 2291.042500
37.870000 2173.727500
37.880000 2216.000000
37.890000 2159.915000
37.900000 2225.470000
37.910000 2185.182500
37.920000 2325.965000
37.930000 2318.972500
37.940000 2192.202500
37.950000 2065.727500
37.960000 2065.787500
37.970000 2120.385000
37.980000 2076.932500
37.990000 2046.740000
38.000000 2229.485000
38.010000 2266.667500
38.020000 2238.507500
38.030000 1993.030000
38.040000 1941.097500
38.050000 1988.692500
38.060000 1833.572500
38.070000 1990.027500
38.080000 2057.452500
38.090000 2130.735000
38.100000 2167.932500
38.110000 2032.217500
38.120000 2087.310000
38.130000 1969.020000
38.140000 1969.172500
38.150000 1763.805000
38.160000 1908.340000
38.170000 1990.167500
38.180000 1968.335000
38.190000 1902.927500
38.200000 1939.117500
38.210000 1987.857500
38.220000 1856.922500
38.230000 1845.150000
38.240000 1890.900000
38.250000 1963.455000
38.260000 1837.355000
38.270000 1892.592500
38.280000 1997.390000
38.290000 1981.472500
38.300000 2143.732500
38.310000 1971.675000
38.320000 2041.972500
38.330000 2145.742500
38.340000 2079.680000
38.350000 1917.325000
38.360000 1820.737500
38.370000 1870.992500
38.380000 1829.630000
38.390000 2002.230000
38.400000 1922.125000
38.410000 1997.315000
38.420000 1949.360000
38.430000 1822.892500
38.440000 1923.295000
38.450000 2020.492500
38.460000 1937.700000
38.470000 1748.910000
38.480000 1871.880000
38.490000 1949.500000
38.500000 1799.545000
38.510000 1801.050000
38.520000 1963.602500
38.530000 1898.042500
38.540000 1718.825000
38.550000 1920.772500
38.560000 2004.015000
38.570000 2071.952500
38.580000 1840.900000
38.590000 1833.235000
38.600000 2006.507500
38.610000 1969.160000
38.620000 2022.917500
38.630000 1974.325000
38.640000 1958.662500
38.650000 1963.792500
38.660000 1890.735000
38.670000 1866.667500
38.680000 1871.045000
38.690000 1995.060000
38.700000 2088.657500
38.710000 1998.150000
38.720000 1940.390000
38.730000 1899.755000
38.740000 1891.667500
38.750000 1891.895000
38.760000 1897.817500
38.770000 1820.010000
38.780000 1950.997500
38.790000 1993.952500
38.800000 2091.122500
38.810000 2065.635000
38.820000 2014.552500
38.830000 1905.727500
38.840000 1770.552500
38.850000 1991.127500
38.860000 1959.085000
38.870000 2009.725000
38.880000 2107.267500
38.890000 2025.097500
38.900000 2033.332500
38.910000 2031.527500
38.920000 1841.875000
38.930000 1866.905000
38.940000 1900.855000
38.950000 2041.952500
38.960000 2099.937500
38.970000 2082.960000
38.980000 1941.667500
38.990000 1941.662500
39.000000 1933.340000
39.010000 2008.190000
39.020000 2033.257500
39.030000 2049.930000
39.040000 2074.867500
39.050000 2075.000000
39.060000 2083.270000
39.070000 2149.417500
39.080000 2026.235000
39.090000 2074.450000
39.100000 2025.607500
39.110000 2025.000000
39.120000 2107.127500
39.130000 1936.065000
39.140000 2039.852500
39.150000 2213.532500
39.160000 2167.620000
39.170000 2101.347500
39.180000 2067.380000
39.190000 1838.587500
39.200000 1841.470000
39.210000 2207.355000
39.220000 2159.850000
39.230000 2044.835000
39.240000 2114.542500
39.250000 2229.895000
39.260000 2217.177500
39.270000 2176.325000
39.280000 2110.530000
39.290000 2164.675000
39.300000 2303.332500
39.310000 2356.510000
39.320000 2414.472500
39.330000 2424.677500
39.340000 2376.997500
39.350000 2470.885000
39.360000 2443.077500
39.370000 2577.172500
39.380000 2543.527500
39.390000 2557.570000
39.400000 2685.397500
39.410000 2699.597500
39.420000 2898.045000
39.430000 2884.597500
39.440000 2748.997500
39.450000 2899.512500
39.460000 3160.570000
39.470000 3198.617500
39.480000 3050.610000
39.490000 3332.217500
39.500000 3553.915000
39.510000 3723.325000
39.520000 3600.342500
39.530000 3583.852500
39.540000 3864.245000
39.550000 4156.095000
39.560000 4073.817500
39.570000 4089.987500
39.580000 3874.295000
39.590000 4067.672500
39.600000 4044.617500
39.610000 4018.467500
39.620000 4016.667500
39.630000 3846.975000
39.640000 3725.487500
39.650000 3832.065000
39.660000 3772.517500
39.670000 3659.245000
39.680000 3718.967500
39.690000 3556.637500
39.700000 3258.882500
39.710000 3149.372500
39.720000 2966.347500
39.730000 2950.000000
39.740000 3086.842500
39.750000 2970.932500
39.760000 2837.020000
39.770000 2711.422500
39.780000 2669.752500
39.790000 2576.047500
39.800000 2498.795000
39.810000 2476.605000
39.820000 2369.705000
39.830000 2448.462500
39.840000 2443.332500
39.850000 2336.802500
39.860000 2399.800000
39.870000 2400.862500
39.880000 2071.780000
39.890000 2122.725000
39.900000 2155.650000
39.910000 2254.907500
39.920000 2199.900000
39.930000 2095.360000
39.940000 2105.527500
39.950000 2152.657500
39.960000 2136.202500
39.970000 2236.467500
39.980000 2198.505000
39.990000 2088.822500
40.000000 2111.677500
40.010000 2131.317500
40.020000 2272.317500
40.030000 2116.357500
40.040000 2040.607500
40.050000 2164.440000
40.060000 2212.427500
40.070000 2165.827500
40.080000 2042.295000
40.090000 1974.307500
40.100000 2002.825000
40.110000 2066.100000
40.120000 2096.632500
40.130000 2049.600000
40.140000 2135.130000
40.150000 2114.105000
40.160000 1986.470000
40.170000 1816.352500
40.180000 1927.465000
40.190000 1921.452500
40.200000 2016.432500
40.210000 2040.450000
40.220000 1977.722500
40.230000 2080.177500
40.240000 2071.665000
40.250000 2073.740000
40.260000 2067.937500
40.270000 1996.147500
40.280000 1941.085000
40.290000 2144.252500
40.300000 2302.672500
40.310000 2254.907500
40.320000 2150.685000
40.330000 2203.212500
40.340000 2230.620000
40.350000 2177.602500
40.360000 2097.110000
40.370000 2111.112500
40.380000 2123.600000
40.390000 2138.847500
40.400000 2203.882500
40.410000 2209.765000
40.420000 2146.312500
40.430000 2147.095000
40.440000 2156.870000
40.450000 2329.802500
40.460000 2387.210000
40.470000 2364.317500
40.480000 2481.207500
40.490000 2317.502500
40.500000 2281.805000
40.510000 2426.000000
40.520000 2539.727500
40.530000 2456.755000
40.540000 2406.290000
40.550000 2487.750000
40.560000 2508.332500
40.570000 2656.355000
40.580000 2772.275000
40.590000 2825.197500
40.600000 2866.810000
40.610000 2788.102500
40.620000 3020.255000
40.630000 3056.682500
40.640000 3183.027500
40.650000 3316.272500
40.660000 3401.330000
40.670000 3396.812500
40.680000 3517.205000
40.690000 3695.117500
40.700000 4016.495000
40.710000 4091.667500
40.720000 4091.667500
40.730000 4078.562500
40.740000 4388.957500
40.750000 4566.415000
40.760000 4669.890000
40.770000 4860.860000
40.780000 4817.385000
40.790000 4746.270000
40.800000 4759.230000
40.810000 4876.532500
40.820000 5024.462500
40.830000 4755.637500
40.840000 4608.805000
40.850000 4784.205000
40.860000 4687.905000
40.870000 4616.085000
40.880000 4512.570000
40.890000 4470.587500
40.900000 4167.667500
40.910000 4144.855000
40.920000 4014.527500
40.930000 3808.472500
40.940000 3480.407500
40.950000 3366.445000
40.960000 3352.040000
40.970000 3224.350000
40.980000 3177.062500
40.990000 2993.467500
41.000000 2758.377500
41.010000 2824.740000
41.020000 2841.765000
41.030000 2684.192500
41.040000 2769.795000
41.050000 2637.117500
41.060000 2667.697500
41.070000 2638.315000
41.080000 2505.840000
41.090000 2423.647500
41.100000 2248.847500
41.110000 2246.770000
41.120000 2303.332500
41.130000 2328.865000
41.140000 2223.750000
41.150000 2286.635000
41.160000 2294.675000
41.170000 2289.387500
41.180000 2182.912500
41.190000 2232.120000
41.200000 2248.610000
41.210000 2229.652500
41.220000 2230.995000
41.230000 2179.477500
41.240000 2206.110000
41.250000 2195.197500
41.260000 2105.997500
41.270000 2015.627500
41.280000 2033.145000
41.290000 2126.880000
41.300000 2093.407500
41.310000 2066.667500
41.320000 2172.485000
41.330000 2081.722500
41.340000 2118.685000
41.350000 2245.987500
41.360000 2195.855000
41.370000 2100.132500
41.380000 2104.042500
41.390000 2145.650000
41.400000 2071.562500
41.410000 1992.922500
41.420000 2072.937500
41.430000 2122.415000
41.440000 2073.362500
41.450000 2130.157500
41.460000 2269.512500
41.470000 2310.965000
41.480000 2279.882500
41.490000 2090.647500
41.500000 2030.997500
41.510000 2024.705000
41.520000 2050.520000
41.530000 2190.535000
41.540000 2266.855000
41.550000 2162.870000
41.560000 2035.605000
41.570000 2066.990000
41.580000 2200.270000
41.590000 2166.622500
41.600000 2047.350000
41.610000 2008.332500
41.620000 2052.512500
41.630000 2047.447500
41.640000 2115.807500
41.650000 2097.985000
41.660000 2039.295000
41.670000 2068.697500
41.680000 2086.217500
41.690000 2061.582500
41.700000 2087.980000
41.710000 2102.920000
41.720000 2100.000000
41.730000 2100.000000
41.740000 2116.132500
41.750000 2114.270000
41.760000 2011.985000
41.770000 2049.122500
41.780000 2046.717500
41.790000 1952.872500
41.800000 1975.010000
41.810000 1997.750000
41.820000 1944.152500
41.830000 1921.935000
41.840000 1946.020000
41.850000 1947.847500
41.860000 2009.660000
41.870000 2050.000000
41.880000 2055.205000
41.890000 2131.040000
41.900000 2112.830000
41.910000 2209.382500
41.920000 2193.700000
41.930000 2159.052500
41.940000 2108.292500
41.950000 2071.785000
41.960000 2075.000000
41.970000 2029.152500
41.980000 1923.775000
41.990000 1956.107500
42.000000 2104.412500
42.010000 2065.780000
42.020000 2015.095000
42.030000 2065.155000
42.040000 2086.660000
42.050000 2058.362500
42.060000 2096.467500
42.070000 2118.425000
42.080000 2033.982500
42.090000 2027.830000
42.100000 2018.880000
42.110000 1952.315000
42.120000 2047.660000
42.130000 2152.907500
42.140000 2117.855000
42.150000 2020.042500
42.160000 1994.425000
42.170000 2056.765000
42.180000 2086.835000
42.190000 2184.510000
42.200000 2181.450000
42.210000 2072.282500
42.220000 2028.552500
42.230000 2039.302500
42.240000 2092.790000
42.250000 2181.900000
42.260000 2234.457500
42.270000 2213.370000
42.280000 2186.962500
42.290000 2155.190000
42.300000 2077.200000
42.310000 2065.987500
42.320000 2184.710000
42.330000 2304.727500
42.340000 2175.112500
42.350000 2060.120000
42.360000 2084.202500
42.370000 2224.715000
42.380000 2328.757500
42.390000 2224.635000
42.400000 2255.395000
42.410000 2345.465000
42.420000 2296.435000
42.430000 2217.740000
42.440000 2138.360000
42.450000 2068.610000
42.460000 2050.610000
42.470000 2116.292500
42.480000 2286.692500
42.490000 2422.692500
42.500000 2379.290000
42.510000 2254.977500
42.520000 2200.000000
42.530000 2226.280000
42.540000 2319.875000
42.550000 2392.042500
42.560000 2352.250000
42.570000 2304.005000
42.580000 2278.427500
42.590000 2219.620000
42.600000 2264.812500
42.610000 2367.317500
42.620000 2314.950000
42.630000 2271.410000
42.640000 2367.770000
42.650000 2475.557500
42.660000 2605.062500
42.670000 2628.725000
42.680000 2487.192500
42.690000 2491.725000
42.700000 2608.250000
42.710000 2579.522500
42.720000 2367.997500
42.730000 2381.322500
42.740000 2508.970000
42.750000 2483.025000
42.760000 2532.612500
42.770000 2513.847500
42.780000 2421.885000
42.790000 2371.225000
42.800000 2434.770000
42.810000 2504.637500
42.820000 2615.547500
42.830000 2706.190000
42.840000 2582.917500
42.850000 2535.602500
42.860000 2488.267500
42.870000 2336.662500
42.880000 2443.365000
42.890000 2648.940000
42.900000 2577.232500
42.910000 2463.375000
42.920000 2465.445000
42.930000 2437.157500
42.940000 2352.657500
42.950000 2316.667500
42.960000 2347.125000
42.970000 2444.030000
42.980000 2550.687500
42.990000 2663.227500
43.000000 2708.720000
43.010000 2654.595000
43.020000 2650.000000
43.030000 2553.492500
43.040000 2488.805000
43.050000 2617.285000
43.060000 2706.350000
43.070000 2735.970000
43.080000 2720.852500
43.090000 2730.517500
43.100000 2892.910000
43.110000 3053.817500
43.120000 3095.255000
43.130000 3135.745000
43.140000 3122.800000
43.150000 3087.777500
43.160000 3252.460000
43.170000 3507.805000
43.180000 3677.182500
43.190000 3670.717500
43.200000 3839.897500
43.210000 4133.985000
43.220000 4210.082500
43.230000 4328.002500
43.240000 4443.000000
43.250000 4622.322500
43.260000 4910.770000
43.270000 5152.277500
43.280000 5280.627500
43.290000 5488.980000
43.300000 5718.425000
43.310000 5901.417500
43.320000 6107.875000
43.330000 6241.297500
43.340000 6498.452500
43.350000 6865.690000
43.360000 6935.157500
43.370000 7035.165000
43.380000 7369.635000
43.390000 7698.875000
43.400000 7810.270000
43.410000 7745.877500
43.420000 7620.297500
43.430000 7652.995000
43.440000 7783.202500
43.450000 7747.920000
43.460000 7711.640000
43.470000 7661.222500
43.480000 7702.165000
43.490000 7725.440000
43.500000 7725.270000
43.510000 7661.500000
43.520000 7676.560000
43.530000 7513.322500
43.540000 7357.007500
43.550000 7274.262500
43.560000 7236.800000
43.570000 7374.717500
43.580000 7391.167500
43.590000 7259.915000
43.600000 7041.890000
43.610000 6650.000000
43.620000 6481.737500
43.630000 6503.312500
43.640000 6680.012500
43.650000 6522.347500
43.660000 6370.807500
43.670000 6404.082500
43.680000 6130.297500
43.690000 6005.455000
43.700000 5947.067500
43.710000 5986.585000
43.720000 5702.405000
43.730000 5298.222500
43.740000 5148.297500
43.750000 5055.637500
43.760000 4867.662500
43.770000 4427.330000
43.780000 4393.205000
43.790000 4495.870000
43.800000 4269.917500
43.810000 4048.272500
43.820000 3806.842500
43.830000 3792.457500
43.840000 3847.435000
43.850000 3706.530000
43.860000 3303.667500
43.870000 3118.617500
43.880000 3210.022500
43.890000 3238.315000
43.900000 3207.905000
43.910000 3061.567500
43.920000 2947.552500
43.930000 2883.302500
43.940000 2724.747500
43.950000 2721.770000
43.960000 2783.242500
43.970000 2697.627500
43.980000 2665.732500
43.990000 2588.285000
44.000000 2628.175000
44.010000 2808.332500
44.020000 2757.772500
44.030000 2593.032500
44.040000 2531.017500
44.050000 2645.750000
44.060000 2771.520000
44.070000 2689.985000
44.080000 2583.537500
44.090000 2491.667500
44.100000 2476.417500
44.110000 2487.422500
44.120000 2678.192500
44.130000 2740.662500
44.140000 2574.297500
44.150000 2450.000000
44.160000 2408.232500
44.170000 2299.920000
44.180000 2389.105000
44.190000 2534.892500
44.200000 2584.220000
44.210000 2475.282500
44.220000 2495.945000
44.230000 2677.350000
44.240000 2740.520000
44.250000 2596.472500
44.260000 2631.805000
44.270000 2583.922500
44.280000 2806.427500
44.290000 2798.110000
44.300000 2772.907500
44.310000 2741.822500
44.320000 2889.702500
44.330000 3043.920000
44.340000 3152.817500
44.350000 2967.140000
44.360000 2967.205000
44.370000 3202.787500
44.380000 3292.532500
44.390000 3391.352500
44.400000 3528.725000
44.410000 3598.900000
44.420000 3679.825000
44.430000 3633.332500
44.440000 3649.942500
44.450000 3803.870000
44.460000 4132.255000
44.470000 4091.190000
44.480000 4384.255000
44.490000 4464.667500
44.500000 4485.395000
44.510000 4486.275000
44.520000 4611.407500
44.530000 4621.957500
44.540000 4623.390000
44.550000 4690.177500
44.560000 4658.267500
44.570000 4509.572500
44.580000 4369.877500
44.590000 4392.167500
44.600000 4227.685000
44.610000 4174.870000
44.620000 4038.955000
44.630000 3977.875000
44.640000 3928.415000
44.650000 3790.000000
44.660000 3648.682500
44.670000 3672.910000
44.680000 3787.650000
44.690000 3454.827500
44.700000 3241.217500
44.710000 3176.802500
44.720000 3130.800000
44.730000 3329.365000
44.740000 3167.862500
44.750000 3187.390000
44.760000 2918.912500
44.770000 2688.722500
44.780000 2753.575000
44.790000 2592.207500
44.800000 2432.237500
44.810000 2415.280000
44.820000 2364.895000
44.830000 2475.050000
44.840000 2543.652500
44.850000 2588.220000
44.860000 2378.332500
44.870000 2338.715000
44.880000 2335.057500
44.890000 2473.097500
44.900000 2451.782500
44.910000 2401.840000
44.920000 2404.920000
44.930000 2318.095000
44.940000 2406.100000
44.950000 2457.477500
44.960000 2447.482500
44.970000 2424.177500
44.980000 2409.405000
44.990000 2353.525000
45.000000 2475.185000
45.010000 2563.640000
45.020000 2612.957500
45.030000 2564.840000
45.040000 2480.327500
45.050000 2728.450000
45.060000 2854.272500
45.070000 2798.425000
45.080000 2691.065000
45.090000 2793.380000
45.100000 2910.550000
45.110000 2842.262500
45.120000 2957.755000
45.130000 2963.500000
45.140000 3140.170000
45.150000 3003.707500
45.160000 3063.467500
45.170000 3152.597500
45.180000 3317.792500
45.190000 3199.072500
45.200000 3189.150000
45.210000 3295.977500
45.220000 3373.342500
45.230000 3339.677500
45.240000 3293.897500
45.250000 3169.220000
45.260000 3226.392500
45.270000 3258.332500
45.280000 3249.822500
45.290000 3040.500000
45.300000 3240.100000
45.310000 3430.945000
45.320000 3360.075000
45.330000 3415.042500
45.340000 3357.687500
45.350000 3331.942500
45.360000 3269.722500
45.370000 3030.690000
45.380000 2904.900000
45.390000 3171.442500
45.400000 2951.150000
45.410000 3036.182500
45.420000 3273.370000
45.430000 3106.975000
45.440000 2933.285000
45.450000 2924.597500
45.460000 2816.482500
45.470000 2708.367500
45.480000 2907.865000
45.490000 3041.085000
45.500000 2851.225000
45.510000 2742.580000
45.520000 2741.667500
45.530000 2379.580000
45.540000 2457.122500
45.550000 2630.435000
45.560000 2461.587500
45.570000 2384.880000
45.580000 2546.220000
45.590000 2322.435000
45.600000 2316.667500
45.610000 2243.827500
45.620000 2249.742500
45.630000 2451.477500
45.640000 2257.282500
45.650000 2161.727500
45.660000 2206.380000
45.670000 2008.567500
45.680000 2191.362500
45.690000 2072.700000
45.700000 1955.520000
45.710000 2029.220000
45.720000 1993.810000
45.730000 2007.442500
45.740000 2024.075000
45.750000 2095.677500
45.760000 2170.522500
45.770000 1885.717500
45.780000 2014.887500
45.790000 1877.107500
45.800000 1990.930000
45.810000 2061.992500
45.820000 2082.130000
45.830000 2191.335000
45.840000 2030.665000
45.850000 2108.822500
45.860000 2170.302500
45.870000 2052.682500
45.880000 2003.530000
45.890000 2007.610000
45.900000 1970.370000
45.910000 1883.342500
45.920000 1935.460000
45.930000 1821.027500
45.940000 1770.720000
45.950000 1924.270000
45.960000 1994.077500
45.970000 1940.242500
45.980000 1918.430000
45.990000 1805.147500
46.000000 1687.827500
46.010000 1785.990000
46.020000 1955.017500
46.030000 1908.722500
46.040000 1841.227500
46.050000 1804.017500
46.060000 1697.645000
46.070000 1734.387500
46.080000 1770.770000
46.090000 1825.805000
46.100000 1818.852500
46.110000 1802.222500
46.120000 1691.932500
46.130000 1739.680000
46.140000 1785.845000
46.150000 1820.270000
46.160000 1839.267500
46.170000 1827.435000
46.180000 1903.072500
46.190000 1831.712500
46.200000 1915.530000
46.210000 1813.590000
46.220000 1707.357500
46.230000 1656.627500
46.240000 1831.737500
46.250000 1831.807500
46.260000 1769.367500
46.270000 1786.077500
46.280000 1819.337500
46.290000 1825.000000
46.300000 1804.355000
46.310000 1758.817500
46.320000 1838.995000
46.330000 1865.160000
46.340000 1921.142500
46.350000 1865.420000
46.360000 1761.947500
46.370000 1870.012500
46.380000 1906.737500
46.390000 1847.865000
46.400000 1766.327500
46.410000 1669.812500
46.420000 1809.937500
46.430000 1796.832500
46.440000 1763.450000
46.450000 1764.942500
46.460000 1825.985000
46.470000 1802.230000
46.480000 1758.895000
46.490000 1678.102500
46.500000 1625.745000
46.510000 1675.160000
46.520000 1704.627500
46.530000 1663.095000
46.540000 1740.217500
46.550000 1760.240000
46.560000 1809.592500
46.570000 1863.332500
46.580000 1785.815000
46.590000 1726.575000
46.600000 1862.335000
46.610000 1920.962500
46.620000 1824.257500
46.630000 1754.000000
46.640000 1679.075000
46.650000 1677.055000
46.660000 1789.107500
46.670000 1905.645000
46.680000 1939.517500
46.690000 1799.842500
46.700000 1762.295000
46.710000 1729.892500
46.720000 1783.880000
46.730000 1850.975000
46.740000 1654.117500
46.750000 1629.487500
46.760000 1710.352500
46.770000 1793.500000
46.780000 1732.697500
46.790000 1765.770000
46.800000 1898.950000
46.810000 1870.370000
46.820000 1847.590000
46.830000 1914.942500
46.840000 1971.090000
46.850000 1901.210000
46.860000 1796.500000
46.870000 1755.010000
46.880000 1784.855000
46.890000 1811.580000
46.900000 1851.295000
46.910000 1883.925000
46.920000 1805.665000
46.930000 1783.810000
46.940000 1842.925000
46.950000 1690.697500
46.960000 1698.852500
46.970000 1871.347500
46.980000 1860.282500
46.990000 1886.602500
47.000000 1894.342500
47.010000 1777.657500
47.020000 1730.542500
47.030000 1777.522500
47.040000 1761.467500
47.050000 1823.945000
47.060000 1861.200000
47.070000 1929.142500
47.080000 1912.390000
47.090000 1796.800000
47.100000 1755.390000
47.110000 1747.592500
47.120000 1757.717500
47.130000 1787.992500
47.140000 1773.440000
47.150000 1843.015000
47.160000 1833.660000
47.170000 1878.807500
47.180000 1961.642500
47.190000 1811.235000
47.200000 1765.485000
47.210000 1737.885000
47.220000 1777.352500
47.230000 1737.665000
47.240000 1683.332500
47.250000 1759.810000
47.260000 1782.940000
47.270000 1797.022500
47.280000 1851.945000
47.290000 1854.920000
47.300000 1856.670000
47.310000 1891.572500
47.320000 1809.102500
47.330000 1736.725000
47.340000 1782.555000
47.350000 1860.790000
47.360000 1901.432500
47.370000 1976.420000
47.380000 1928.127500
47.390000 1766.680000
47.400000 1666.370000
47.410000 1665.590000
47.420000 1716.685000
47.430000 1732.177500
47.440000 1795.877500
47.450000 1882.937500
47.460000 1847.420000
47.470000 1762.675000
47.480000 1742.625000
47.490000 1791.635000
47.500000 1866.455000
47.510000 1872.482500
47.520000 1854.567500
47.530000 1790.135000
47.540000 1701.647500
47.550000 1598.387500
47.560000 1551.280000
47.570000 1602.400000
47.580000 1686.695000
47.590000 1720.052500
47.600000 1677.485000
47.610000 1663.160000
47.620000 1666.267500
47.630000 1671.372500
47.640000 1679.007500
47.650000 1627.627500
47.660000 1613.337500
47.670000 1697.127500
47.680000 1711.785000
47.690000 1658.095000
47.700000 1683.725000
47.710000 1783.600000
47.720000 1887.487500
47.730000 1945.770000
47.740000 1896.455000
47.750000 1796.387500
47.760000 1827.775000
47.770000 1847.160000
47.780000 1787.622500
47.790000 1803.452500
47.800000 1820.995000
47.810000 1816.667500
47.820000 1773.072500
47.830000 1788.087500
47.840000 1897.560000
47.850000 1887.035000
47.860000 1825.000000
47.870000 1875.200000
47.880000 1929.492500
47.890000 1852.405000
47.900000 1755.265000
47.910000 1749.227500
47.920000 1844.802500
47.930000 1964.957500
47.940000 1923.835000
47.950000 1861.095000
47.960000 1856.610000
47.970000 1800.417500
47.980000 1834.705000
47.990000 1987.577500
48.000000 2061.930000
48.010000 2013.037500
48.020000 2005.652500
48.030000 2098.735000
48.040000 2066.170000
48.050000 2011.827500
48.060000 1954.162500
48.070000 1866.667500
48.080000 1870.097500
48.090000 1932.980000
48.100000 1982.767500
48.110000 1967.027500
48.120000 1966.435000
48.130000 1951.572500
48.140000 2048.282500
48.150000 2022.180000
48.160000 1934.007500
48.170000 1912.540000
48.180000 1909.965000
48.190000 1858.965000
48.200000 1900.000000
48.210000 1877.862500
48.220000 1863.657500
48.230000 1875.032500
48.240000 1833.332500
48.250000 1864.127500
48.260000 1935.017500
48.270000 1939.327500
48.280000 1882.615000
48.290000 1878.650000
48.300000 1864.297500
48.310000 1788.182500
48.320000 1743.197500
48.330000 1781.552500
48.340000 1907.307500
48.350000 1884.170000
48.360000 1939.032500
48.370000 1964.145000
48.380000 1952.352500
48.390000 1900.085000
48.400000 1966.597500
48.410000 2010.982500
48.420000 1981.570000
48.430000 1902.035000
48.440000 2014.665000
48.450000 2093.412500
48.460000 1989.850000
48.470000 1955.240000
48.480000 2005.642500
48.490000 2068.470000
48.500000 2016.667500
48.510000 2067.375000
48.520000 2223.562500
48.530000 2284.255000
48.540000 2218.222500
48.550000 2185.290000
48.560000 2067.010000
48.570000 2146.877500
48.580000 2272.710000
48.590000 2323.965000
48.600000 2244.260000
48.610000 2210.657500
48.620000 2235.095000
48.630000 2292.462500
48.640000 2296.317500
48.650000 2275.265000
48.660000 2397.730000
48.670000 2481.135000
48.680000 2442.352500
48.690000 2341.380000
48.700000 2310.265000
48.710000 2302.230000
48.720000 2341.700000
48.730000 2372.877500
48.740000 2360.927500
48.750000 2238.275000
48.760000 2164.047500
48.770000 2168.622500
48.780000 2037.737500
48.790000 2044.430000
48.800000 2089.117500
48.810000 2000.295000
48.820000 1912.907500
48.830000 1931.582500
48.840000 2050.850000
48.850000 2059.735000
48.860000 1978.587500
48.870000 1988.122500
48.880000 1946.980000
48.890000 1874.535000
48.900000 2000.000000
48.910000 1964.567500
48.920000 1833.330000
48.930000 1860.087500
48.940000 1831.710000
48.950000 1820.195000
48.960000 1815.805000
48.970000 1856.830000
48.980000 1741.667500
48.990000 1756.830000
49.000000 1820.515000
49.010000 1797.052500
49.020000 1770.265000
49.030000 1729.792500
49.040000 1810.787500
49.050000 1690.285000
49.060000 1660.795000
49.070000 1761.022500
49.080000 1753.827500
49.090000 1636.460000
49.100000 1610.895000
49.110000 1637.590000
49.120000 1729.370000
49.130000 1846.352500
49.140000 1811.860000
49.150000 1729.815000
49.160000 1716.395000
49.170000 1770.057500
49.180000 1789.450000
49.190000 1776.087500
49.200000 1774.810000
49.210000 1726.062500
49.220000 1805.980000
49.230000 1906.332500
49.240000 1887.750000
49.250000 1860.250000
49.260000 1857.212500
49.270000 1715.752500
49.280000 1709.227500
49.290000 1726.255000
49.300000 1819.382500
49.310000 1914.182500
49.320000 1891.667500
49.330000 1883.815000
49.340000 1809.097500
49.350000 1818.150000
49.360000 1823.247500
49.370000 1734.837500
49.380000 1927.915000
49.390000 1870.600000
49.400000 1914.765000
49.410000 1887.380000
49.420000 1837.470000
49.430000 1894.512500
49.440000 1944.832500
49.450000 2110.962500
49.460000 2141.427500
49.470000 2010.265000
49.480000 2044.432500
49.490000 2084.197500
49.500000 1963.367500
49.510000 2218.647500
49.520000 2256.087500
49.530000 2203.747500
49.540000 2094.702500
49.550000 1978.115000
49.560000 2278.452500
49.570000 2378.725000
49.580000 2486.045000
49.590000 2305.345000
49.600000 2496.582500
49.610000 2357.615000
49.620000 2327.995000
49.630000 2485.372500
49.640000 2607.532500
49.650000 2549.537500
49.660000 2510.460000
49.670000 2758.285000
49.680000 2749.697500
49.690000 2658.380000
49.700000 2724.872500
49.710000 2907.505000
49.720000 2726.305000
49.730000 2625.972500
49.740000 2625.000000
49.750000 2846.637500
49.760000 2784.502500
49.770000 2873.152500
49.780000 2834.282500
49.790000 2605.920000
49.800000 2656.700000
49.810000 2521.000000
49.820000 2452.212500
49.830000 2683.015000
49.840000 2739.745000
49.850000 2605.812500
49.860000 2552.182500
49.870000 2510.260000
49.880000 2357.735000
49.890000 2405.332500
49.900000 2518.692500
49.910000 2383.502500
49.920000 2265.250000
49.930000 2430.317500
49.940000 2348.117500
49.950000 2357.215000
49.960000 2335.077500
49.970000 2426.100000
49.980000 2279.160000
49.990000 2358.910000
