2.000000 6387.102500
2.010000 6485.522500
2.020000 6532.725000
2.030000 6555.212500
2.040000 6321.590000
2.050000 6185.252500
2.060000 6264.520000
2.070000 6346.212500
2.080000 6404.600000
2.090000 6308.255000
2.100000 6308.290000
2.110000 6314.292500
2.120000 6293.487500
2.130000 6347.970000
2.140000 6281.957500
2.150000 6211.977500
2.160000 6219.330000
2.170000 6289.847500
2.180000 6249.132500
2.190000 6153.957500
2.200000 6061.577500
2.210000 6207.727500
2.220000 6321.532500
2.230000 6210.232500
2.240000 6258.232500
2.250000 6643.180000
2.260000 6723.565000
2.270000 7055.675000
2.280000 7361.610000
2.290000 7819.215000
2.300000 8140.157500
2.310000 8231.447500
2.320000 8066.830000
2.330000 8126.075000
2.340000 8371.897500
2.350000 8273.340000
2.360000 8125.842500
2.370000 8016.667500
2.380000 8014.820000
2.390000 7992.015000
2.400000 8025.912500
2.410000 8391.135000
2.420000 8449.032500
2.430000 8316.667500
2.440000 8239.127500
2.450000 7957.342500
2.460000 8067.897500
2.470000 7921.657500
2.480000 7706.765000
2.490000 7605.670000
2.500000 7507.940000
2.510000 7469.510000
2.520000 7486.112500
2.530000 7493.215000
2.540000 7498.077500
2.550000 7688.947500
2.560000 7536.712500
2.570000 7304.465000
2.580000 7491.735000
2.590000 7587.015000
2.600000 7541.372500
2.610000 7433.332500
2.620000 7445.062500
2.630000 7512.590000
2.640000 7394.942500
2.650000 7185.667500
2.660000 7299.482500
2.670000 7567.387500
2.680000 7608.480000
2.690000 7295.555000
2.700000 7059.227500
2.710000 7293.782500
2.720000 7207.255000
2.730000 6958.067500
2.740000 7143.550000
2.750000 7249.245000
2.760000 7125.000000
2.770000 6920.765000
2.780000 6983.855000
2.790000 7101.032500
2.800000 7001.460000
2.810000 7156.960000
2.820000 7114.162500
2.830000 6772.132500
2.840000 7033.325000
2.850000 6670.635000
2.860000 6764.275000
2.870000 6702.672500
2.880000 6783.332500
2.890000 6787.412500
2.900000 6941.040000
2.910000 6517.792500
2.920000 6585.297500
2.930000 6735.502500
2.940000 6965.335000
2.950000 6724.985000
2.960000 6716.685000
2.970000 6658.675000
2.980000 6691.345000
2.990000 6395.682500
3.000000 6244.240000
3.010000 6437.480000
3.020000 6547.325000
3.030000 6436.655000
3.040000 6175.260000
3.050000 6230.935000
3.060000 6049.285000
3.070000 6025.725000
3.080000 6096.457500
3.090000 6360.975000
3.100000 6414.385000
3.110000 6228.365000
3.120000 6294.815000
3.130000 6058.710000
3.140000 6468.050000
3.150000 6407.345000
3.160000 6069.322500
3.170000 6026.347500
3.180000 6078.397500
3.190000 6182.095000
3.200000 5979.820000
3.210000 6063.822500
3.220000 6150.040000
3.230000 6113.495000
3.240000 5944.607500
3.250000 6184.392500
3.260000 6135.482500
3.270000 5875.120000
3.280000 5856.305000
3.290000 6157.130000
3.300000 6279.825000
3.310000 6233.857500
3.320000 6347.320000
3.330000 5994.107500
3.340000 6154.482500
3.350000 6149.047500
3.360000 6141.667500
3.370000 5909.287500
3.380000 6027.922500
3.390000 6009.470000
3.400000 5993.050000
3.410000 6088.537500
3.420000 5770.785000
3.430000 5645.135000
3.440000 5892.785000
3.450000 6072.350000
3.460000 6127.067500
3.470000 6032.290000
3.480000 5914.452500
3.490000 5938.395000
3.500000 6036.385000
3.510000 6117.865000
3.520000 5935.807500
3.530000 5811.240000
3.540000 5615.532500
3.550000 5716.010000
3.560000 5687.240000
3.570000 5763.157500
3.580000 5778.862500
3.590000 5825.977500
3.600000 5765.562500
3.610000 5785.850000
3.620000 5818.845000
3.630000 5818.747500
3.640000 5860.217500
3.650000 5844.042500
3.660000 5821.010000
3.670000 5877.977500
3.680000 5777.977500
3.690000 5696.907500
3.700000 5798.115000
3.710000 5757.510000
3.720000 5730.980000
3.730000 5495.282500
3.740000 5684.225000
3.750000 5782.325000
3.760000 5903.955000
3.770000 5865.025000
3.780000 5703.160000
3.790000 5684.632500
3.800000 5705.742500
3.810000 5634.070000
3.820000 5617.047500
3.830000 5675.877500
3.840000 5739.362500
3.850000 5864.612500
3.860000 5877.720000
3.870000 5736.577500
3.880000 5796.102500
3.890000 5924.035000
3.900000 5882.097500
3.910000 5673.772500
3.920000 5615.652500
3.930000 5713.685000
3.940000 5784.970000
3.950000 5874.170000
3.960000 5779.690000
3.970000 5757.627500
3.980000 5609.335000
3.990000 5670.942500
4.000000 5738.945000
4.010000 5670.575000
4.020000 5723.137500
4.030000 5815.500000
4.040000 5897.032500
4.050000 5903.310000
4.060000 5798.762500
4.070000 5726.830000
4.080000 5751.080000
4.090000 5701.695000
4.100000 5640.285000
4.110000 5614.017500
4.120000 5566.402500
4.130000 5598.912500
4.140000 5670.115000
4.150000 5620.982500
4.160000 5608.815000
4.170000 5543.930000
4.180000 5577.667500
4.190000 5753.992500
4.200000 5797.597500
4.210000 5784.075000
4.220000 5705.992500
4.230000 5803.580000
4.240000 5967.805000
4.250000 5863.930000
4.260000 5710.005000
4.270000 5705.947500
4.280000 5555.227500
4.290000 5482.395000
4.300000 5788.910000
4.310000 5796.192500
4.320000 5625.215000
4.330000 5557.827500
4.340000 5462.510000
4.350000 5586.440000
4.360000 5757.847500
4.370000 5771.280000
4.380000 5721.660000
4.390000 5703.727500
4.400000 5864.347500
4.410000 5878.377500
4.420000 5637.982500
4.430000 5425.017500
4.440000 5453.930000
4.450000 5684.637500
4.460000 5713.540000
4.470000 5578.665000
4.480000 5470.967500
4.490000 5669.797500
4.500000 5913.930000
4.510000 5975.977500
4.520000 5922.870000
4.530000 5892.017500
4.540000 5878.290000
4.550000 5741.805000
4.560000 5673.495000
4.570000 5604.402500
4.580000 5540.480000
4.590000 5697.732500
4.600000 5693.737500
4.610000 5750.630000
4.620000 5946.802500
4.630000 6040.127500
4.640000 5994.385000
4.650000 5738.635000
4.660000 5633.472500
4.670000 5584.427500
4.680000 5630.892500
4.690000 5412.847500
4.700000 5282.662500
4.710000 5481.992500
4.720000 5645.680000
4.730000 5648.315000
4.740000 5607.575000
4.750000 5654.727500
4.760000 5692.292500
4.770000 5720.425000
4.780000 5894.057500
4.790000 5655.100000
4.800000 5673.425000
4.810000 5750.000000
4.820000 5741.575000
4.830000 5838.992500
4.840000 5918.027500
4.850000 5608.492500
4.860000 5540.420000
4.870000 5513.417500
4.880000 5757.305000
4.890000 5900.982500
4.900000 5830.455000
4.910000 5775.590000
4.920000 5871.305000
4.930000 5928.287500
4.940000 5821.190000
4.950000 5718.640000
4.960000 5671.227500
4.970000 5699.117500
4.980000 5848.765000
4.990000 5826.905000
5.000000 5718.065000
5.010000 5661.172500
5.020000 5580.900000
5.030000 5688.482500
5.040000 5726.387500
5.050000 5538.062500
5.060000 5712.372500
5.070000 5748.760000
5.080000 5772.382500
5.090000 5429.060000
5.100000 5558.387500
5.110000 5827.590000
5.120000 5717.867500
5.130000 5518.117500
5.140000 5598.237500
5.150000 5792.575000
5.160000 5846.450000
5.170000 5620.397500
5.180000 5618.705000
5.190000 5749.885000
5.200000 5693.672500
5.210000 5849.360000
5.220000 5838.892500
5.230000 5529.335000
5.240000 5811.960000
5.250000 5555.070000
5.260000 5548.087500
5.270000 5638.127500
5.280000 5860.242500
5.290000 5657.622500
5.300000 5660.217500
5.310000 5526.962500
5.320000 5608.210000
5.330000 5711.400000
5.340000 5455.570000
5.350000 5534.545000
5.360000 5573.975000
5.370000 5523.690000
5.380000 5575.705000
5.390000 5893.717500
5.400000 5902.615000
5.410000 6119.822500
5.420000 5856.362500
5.430000 5631.315000
5.440000 5577.902500
5.450000 5644.515000
5.460000 5614.757500
5.470000 5647.892500
5.480000 5545.495000
5.490000 5366.035000
5.500000 5573.612500
5.510000 5350.545000
5.520000 5695.185000
5.530000 5740.327500
5.540000 5312.627500
5.550000 5377.470000
5.560000 5630.642500
5.570000 5670.857500
5.580000 5556.780000
5.590000 5594.462500
5.600000 5290.417500
5.610000 5451.587500
5.620000 5391.207500
5.630000 5581.467500
5.640000 5562.505000
5.650000 5597.870000
5.660000 5354.165000
5.670000 5536.437500
5.680000 5573.510000
5.690000 5426.432500
5.700000 5591.667500
5.710000 5585.475000
5.720000 5460.090000
5.730000 5323.917500
5.740000 5313.390000
5.750000 5636.730000
5.760000 5715.105000
5.770000 5435.387500
5.780000 5500.462500
5.790000 5519.125000
5.800000 5613.802500
5.810000 5482.875000
5.820000 5455.025000
5.830000 5247.240000
5.840000 5697.810000
5.850000 5460.320000
5.860000 5790.855000
5.870000 5508.397500
5.880000 5416.970000
5.890000 5383.547500
5.900000 5424.605000
5.910000 5350.942500
5.920000 5473.042500
5.930000 5483.177500
5.940000 5467.030000
5.950000 5499.170000
5.960000 5256.992500
5.970000 5435.717500
5.980000 5586.550000
5.990000 5294.797500
6.000000 5291.332500
6.010000 5403.280000
6.020000 5265.290000
6.030000 5432.605000
6.040000 5512.730000
6.050000 5516.667500
6.060000 5406.835000
6.070000 5423.460000
6.080000 5292.497500
6.090000 5337.715000
6.100000 5310.692500
6.110000 5262.025000
6.120000 5612.205000
6.130000 5664.670000
6.140000 5590.245000
6.150000 5651.887500
6.160000 5316.705000
6.170000 5510.330000
6.180000 5638.912500
6.190000 5544.775000
6.200000 5248.677500
6.210000 5268.927500
6.220000 5394.050000
6.230000 5475.072500
6.240000 5372.477500
6.250000 5498.275000
6.260000 5516.667500
6.270000 5619.080000
6.280000 5502.110000
6.290000 5410.682500
6.300000 5218.995000
6.310000 5732.807500
6.320000 5579.387500
6.330000 5412.690000
6.340000 5527.335000
6.350000 5550.000000
6.360000 5486.185000
6.370000 5263.027500
6.380000 5386.940000
6.390000 5409.650000
6.400000 5317.447500
6.410000 5272.135000
6.420000 5454.092500
6.430000 5616.172500
6.440000 5538.282500
6.450000 5530.402500
6.460000 5553.862500
6.470000 5517.425000
6.480000 5501.540000
6.490000 5763.982500
6.500000 5737.325000
6.510000 5656.190000
6.520000 5547.937500
6.530000 5931.892500
6.540000 6020.042500
6.550000 5831.272500
6.560000 5915.267500
6.570000 5877.705000
6.580000 5877.977500
6.590000 6144.265000
6.600000 6190.672500
6.610000 6202.757500
6.620000 6234.132500
6.630000 6254.517500
6.640000 6328.747500
6.650000 6636.957500
6.660000 6921.927500
6.670000 6736.535000
6.680000 6368.355000
6.690000 6494.785000
6.700000 6397.772500
6.710000 6223.277500
6.720000 6170.920000
6.730000 6339.780000
6.740000 6042.812500
6.750000 6076.155000
6.760000 6176.102500
6.770000 5954.317500
6.780000 5933.345000
6.790000 6085.125000
6.800000 6073.197500
6.810000 6073.957500
6.820000 6172.815000
6.830000 6137.037500
6.840000 6279.937500
6.850000 6414.827500
6.860000 6382.972500
6.870000 6434.322500
6.880000 6268.737500
6.890000 6287.687500
6.900000 6344.880000
6.910000 6367.250000
6.920000 6781.532500
6.930000 6886.840000
6.940000 6605.840000
6.950000 7062.750000
6.960000 7519.140000
6.970000 7513.020000
6.980000 7606.240000
6.990000 7791.742500
7.000000 7938.567500
7.010000 8016.402500
7.020000 8093.700000
7.030000 8272.535000
7.040000 8513.220000
7.050000 8767.927500
7.060000 9500.142500
7.070000 9994.982500
7.080000 10390.422500
7.090000 11045.695000
7.100000 11666.400000
7.110000 11998.552500
7.120000 12516.160000
7.130000 13344.895000
7.140000 14281.897500
7.150000 15144.265000
7.160000 16445.487500
7.170000 18003.087500
7.180000 19276.555000
7.190000 20863.240000
7.200000 23200.322500
7.210000 25831.310000
7.220000 28064.167500
7.230000 31282.200000
7.240000 34926.530000
7.250000 38557.680000
7.260000 43077.712500
7.270000 47961.255000
7.280000 53834.175000
7.290000 61431.700000
7.300000 69383.522500
7.310000 78306.992500
7.320000 87084.197500
7.330000 96879.680000
7.340000 108434.672500
7.350000 118955.465000
7.360000 127813.332500
7.370000 135069.407500
7.380000 140150.722500
7.390000 143156.665000
7.400000 142487.332500
7.410000 137267.740000
7.420000 128391.405000
7.430000 116638.090000
7.440000 102406.687500
7.450000 87232.342500
7.460000 73175.467500
7.470000 60521.842500
7.480000 49379.472500
7.490000 40077.315000
7.500000 33164.500000
7.510000 28381.132500
7.520000 24449.087500
7.530000 21093.135000
7.540000 18687.127500
7.550000 17076.910000
7.560000 15756.315000
7.570000 14712.310000
7.580000 13788.972500
7.590000 12908.420000
7.600000 12160.512500
7.610000 11803.842500
7.620000 11448.155000
7.630000 10732.150000
7.640000 10485.100000
7.650000 10313.065000
7.660000 9824.960000
7.670000 9436.632500
7.680000 9016.650000
7.690000 8824.850000
7.700000 8841.745000
7.710000 8696.567500
7.720000 8639.897500
7.730000 8358.707500
7.740000 7877.535000
7.750000 7554.517500
7.760000 7353.012500
7.770000 7415.542500
7.780000 7366.615000
7.790000 7032.722500
7.800000 6916.267500
7.810000 7098.015000
7.820000 6843.067500
7.830000 6527.922500
7.840000 6650.670000
7.850000 6864.595000
7.860000 6959.725000
7.870000 6805.527500
7.880000 6629.712500
7.890000 6480.950000
7.900000 6377.102500
7.910000 6326.437500
7.920000 6385.180000
7.930000 6466.315000
7.940000 6336.842500
7.950000 6257.240000
7.960000 6316.607500
7.970000 6125.635000
7.980000 5917.067500
7.990000 6026.950000
8.000000 6213.267500
8.010000 6006.945000
8.020000 5855.770000
8.030000 5910.765000
8.040000 5865.797500
8.050000 5650.627500
8.060000 5549.877500
8.070000 5633.332500
8.080000 5608.745000
8.090000 5578.872500
8.100000 5569.702500
8.110000 5606.907500
8.120000 5862.225000
8.130000 5896.972500
8.140000 5597.032500
8.150000 5567.180000
8.160000 5685.867500
8.170000 5680.755000
8.180000 5823.025000
8.190000 5879.457500
8.200000 5556.245000
8.210000 5814.567500
8.220000 6163.712500
8.230000 6280.495000
8.240000 6253.507500
8.250000 6250.715000
8.260000 6558.552500
8.270000 6877.660000
8.280000 6928.202500
8.290000 7111.390000
8.300000 7302.597500
8.310000 7336.657500
8.320000 7532.775000
8.330000 7894.097500
8.340000 8244.210000
8.350000 8939.920000
8.360000 9592.795000
8.370000 10143.330000
8.380000 10709.592500
8.390000 11433.132500
8.400000 12365.645000
8.410000 13803.665000
8.420000 15503.835000
8.430000 16872.075000
8.440000 18682.127500
8.450000 20327.287500
8.460000 22495.745000
8.470000 24505.162500
8.480000 26813.042500
8.490000 29404.872500
8.500000 32220.810000
8.510000 34403.620000
8.520000 35743.745000
8.530000 36527.085000
8.540000 37024.945000
8.550000 36372.800000
8.560000 34533.687500
8.570000 32189.427500
8.580000 29294.782500
8.590000 25977.767500
8.600000 22312.382500
8.610000 18531.962500
8.620000 15795.037500
8.630000 13926.512500
8.640000 12035.705000
8.650000 10516.332500
8.660000 9071.742500
8.670000 8153.970000
8.680000 7559.835000
8.690000 7178.760000
8.700000 7070.265000
8.710000 6849.450000
8.720000 6380.402500
8.730000 6077.172500
8.740000 5731.647500
8.750000 5898.247500
8.760000 5873.022500
8.770000 5594.190000
8.780000 5294.925000
8.790000 5222.902500
8.800000 5438.920000
8.810000 5248.232500
8.820000 4991.170000
8.830000 5204.830000
8.840000 5088.730000
8.850000 4837.392500
8.860000 4992.567500
8.870000 4863.825000
8.880000 4787.687500
8.890000 4688.757500
8.900000 4707.320000
8.910000 4679.370000
8.920000 4742.482500
8.930000 4454.620000
8.940000 4366.732500
8.950000 4504.635000
8.960000 4459.085000
8.970000 4333.355000
8.980000 4440.362500
8.990000 4471.820000
9.000000 4367.205000
9.010000 4148.340000
9.020000 4110.587500
9.030000 4314.132500
9.040000 4441.477500
9.050000 4264.607500
9.060000 4246.972500
9.070000 4229.942500
9.080000 4276.350000
9.090000 4348.102500
9.100000 4311.062500
9.110000 4122.440000
9.120000 4063.510000
9.130000 4316.667500
9.140000 4292.097500
9.150000 4091.542500
9.160000 4232.790000
9.170000 4137.410000
9.180000 4035.837500
9.190000 4216.785000
9.200000 4114.440000
9.210000 3946.345000
9.220000 4279.712500
9.230000 4387.005000
9.240000 3953.232500
9.250000 3995.425000
9.260000 4036.207500
9.270000 3957.280000
9.280000 3840.700000
9.290000 3945.495000
9.300000 4003.687500
9.310000 4052.755000
9.320000 3979.332500
9.330000 4179.595000
9.340000 4117.562500
9.350000 4145.735000
9.360000 4361.132500
9.370000 4080.025000
9.380000 3847.190000
9.390000 3965.272500
9.400000 3929.387500
9.410000 3830.242500
9.420000 3744.212500
9.430000 3586.030000
9.440000 3675.665000
9.450000 3965.515000
9.460000 3927.737500
9.470000 4032.377500
9.480000 3985.495000
9.490000 3691.667500
9.500000 3694.442500
9.510000 3870.947500
9.520000 4180.820000
9.530000 3958.922500
9.540000 4023.487500
9.550000 3791.840000
9.560000 3833.650000
9.570000 4008.240000
9.580000 3800.597500
9.590000 3692.230000
9.600000 3865.347500
9.610000 3916.172500
9.620000 3743.800000
9.630000 3585.632500
9.640000 3763.577500
9.650000 3676.757500
9.660000 3732.080000
9.670000 3619.445000
9.680000 3551.742500
9.690000 3590.482500
9.700000 3591.667500
9.710000 3720.592500
9.720000 3877.732500
9.730000 3650.772500
9.740000 3577.665000
9.750000 3710.675000
9.760000 3637.050000
9.770000 3458.597500
9.780000 3743.165000
9.790000 3908.515000
9.800000 3743.192500
9.810000 3670.405000
9.820000 3760.830000
9.830000 3758.840000
9.840000 3727.097500
9.850000 3732.790000
9.860000 3702.250000
9.870000 3606.980000
9.880000 3600.000000
9.890000 3623.140000
9.900000 3625.000000
9.910000 3448.457500
9.920000 3548.187500
9.930000 3596.522500
9.940000 3584.762500
9.950000 3530.132500
9.960000 3585.650000
9.970000 3417.732500
9.980000 3490.522500
9.990000 3688.117500
10.000000 3745.862500
10.010000 3592.770000
10.020000 3604.872500
10.030000 3615.782500
10.040000 3564.652500
10.050000 3617.630000
10.060000 3654.572500
10.070000 3466.595000
10.080000 3478.445000
10.090000 3483.332500
10.100000 3432.102500
10.110000 3541.797500
10.120000 3543.770000
10.130000 3490.827500
10.140000 3425.380000
10.150000 3380.540000
10.160000 3526.345000
10.170000 3334.350000
10.180000 3515.092500
10.190000 3678.722500
10.200000 3607.275000
10.210000 3506.295000
10.220000 3562.625000
10.230000 3518.382500
10.240000 3515.392500
10.250000 3411.062500
10.260000 3335.490000
10.270000 3500.087500
10.280000 3687.005000
10.290000 3556.432500
10.300000 3511.102500
10.310000 3335.082500
10.320000 3300.000000
10.330000 3313.787500
10.340000 3247.915000
10.350000 3384.182500
10.360000 3512.405000
10.370000 3396.927500
10.380000 3196.617500
10.390000 3232.955000
10.400000 3331.187500
10.410000 3255.537500
10.420000 3361.187500
10.430000 3472.197500
10.440000 3418.045000
10.450000 3393.325000
10.460000 3491.515000
10.470000 3357.345000
10.480000 3356.387500
10.490000 3379.870000
10.500000 3304.322500
10.510000 3125.745000
10.520000 3148.815000
10.530000 3127.487500
10.540000 3364.125000
10.550000 3283.970000
10.560000 3293.475000
10.570000 3224.377500
10.580000 3238.640000
10.590000 3153.667500
10.600000 3176.235000
10.610000 3134.190000
10.620000 3135.772500
10.630000 3262.327500
10.640000 3148.012500
10.650000 3087.370000
10.660000 3114.820000
10.670000 3307.100000
10.680000 3397.975000
10.690000 3345.897500
10.700000 3262.740000
10.710000 3278.915000
10.720000 3353.570000
10.730000 3189.820000
10.740000 3149.620000
10.750000 3103.097500
10.760000 3199.605000
10.770000 3339.297500
10.780000 3247.230000
10.790000 3290.997500
10.800000 3143.532500
10.810000 3207.690000
10.820000 3252.320000
10.830000 3232.012500
10.840000 3320.657500
10.850000 3298.722500
10.860000 3120.470000
10.870000 3135.370000
10.880000 3308.470000
10.890000 3319.540000
10.900000 3341.115000
10.910000 3288.062500
10.920000 3217.462500
10.930000 3421.202500
10.940000 3394.790000
10.950000 3301.162500
10.960000 3260.257500
10.970000 3284.510000
10.980000 3202.520000
10.990000 3346.985000
11.000000 3416.235000
11.010000 3311.737500
11.020000 3255.337500
11.030000 3159.640000
11.040000 3212.380000
11.050000 3219.042500
11.060000 3160.830000
11.070000 3197.450000
11.080000 3152.705000
11.090000 3172.107500
11.100000 3111.572500
11.110000 3050.137500
11.120000 3167.992500
11.130000 3216.907500
11.140000 3230.165000
11.150000 3165.492500
11.160000 2989.402500
11.170000 3100.497500
11.180000 3264.677500
11.190000 3106.585000
11.200000 3107.112500
11.210000 3118.620000
11.220000 3096.987500
11.230000 3100.000000
11.240000 3100.000000
11.250000 3142.165000
11.260000 3250.725000
11.270000 3179.557500
11.280000 3056.137500
11.290000 3040.607500
11.300000 3179.645000
11.310000 3335.867500
11.320000 3280.292500
11.330000 3165.315000
11.340000 3025.847500
11.350000 3060.362500
11.360000 3160.592500
11.370000 3107.315000
11.380000 2916.905000
11.390000 2855.205000
11.400000 3025.525000
11.410000 3165.005000
11.420000 3241.507500
11.430000 3215.392500
11.440000 3056.187500
11.450000 2989.802500
11.460000 3019.667500
11.470000 2999.030000
11.480000 3087.327500
11.490000 3117.995000
11.500000 3049.380000
11.510000 3034.667500
11.520000 3022.397500
11.530000 3070.742500
11.540000 2987.495000
11.550000 2843.990000
11.560000 2955.615000
11.570000 3109.277500
11.580000 3080.332500
11.590000 3099.155000
11.600000 3117.205000
11.610000 3002.965000
11.620000 3035.677500
11.630000 3051.767500
11.640000 3032.335000
11.650000 3095.155000
11.660000 3083.722500
11.670000 2967.742500
11.680000 2927.322500
11.690000 2931.852500
11.700000 2966.395000
11.710000 3044.370000
11.720000 2953.820000
11.730000 3002.042500
11.740000 3204.622500
11.750000 3244.470000
11.760000 3339.997500
11.770000 3340.312500
11.780000 3113.895000
11.790000 3039.782500
11.800000 3078.975000
11.810000 3118.417500
11.820000 3119.402500
11.830000 3182.450000
11.840000 3296.467500
11.850000 3359.437500
11.860000 3421.305000
11.870000 3445.912500
11.880000 3471.145000
11.890000 3491.667500
11.900000 3563.010000
11.910000 3716.945000
11.920000 3945.757500
11.930000 4087.517500
11.940000 4017.215000
11.950000 4201.102500
11.960000 4663.355000
11.970000 5107.812500
11.980000 5451.712500
11.990000 5728.537500
12.000000 6041.540000
12.010000 6617.562500
12.020000 7103.357500
12.030000 7571.747500
12.040000 8125.872500
12.050000 8544.262500
12.060000 9165.412500
12.070000 9629.600000
12.080000 9681.892500
12.090000 9444.942500
12.100000 9213.285000
12.110000 8560.332500
12.120000 7845.505000
12.130000 7356.192500
12.140000 6618.932500
12.150000 5891.790000
12.160000 5459.302500
12.170000 5012.642500
12.180000 4526.150000
12.190000 4201.137500
12.200000 4059.075000
12.210000 3930.532500
12.220000 3707.900000
12.230000 3469.182500
12.240000 3366.667500
12.250000 3395.805000
12.260000 3295.517500
12.270000 3138.332500
12.280000 3202.622500
12.290000 3181.980000
12.300000 3109.490000
12.310000 3087.197500
12.320000 3035.600000
12.330000 3078.142500
12.340000 3092.150000
12.350000 3107.150000
12.360000 3077.797500
12.370000 2945.122500
12.380000 3022.252500
12.390000 3066.772500
12.400000 3010.612500
12.410000 2934.590000
12.420000 2830.867500
12.430000 2928.362500
12.440000 2842.930000
12.450000 2824.987500
12.460000 2946.917500
12.470000 2810.527500
12.480000 2820.322500
12.490000 2999.385000
12.500000 2962.075000
12.510000 2805.552500
12.520000 2713.707500
12.530000 2668.037500
12.540000 2781.955000
12.550000 2811.072500
12.560000 2771.835000
12.570000 2788.715000
12.580000 2831.270000
12.590000 2854.145000
12.600000 2840.852500
12.610000 2894.547500
12.620000 2988.035000
12.630000 2803.587500
12.640000 2791.017500
12.650000 2830.305000
12.660000 2770.752500
12.670000 2716.982500
12.680000 2729.010000
12.690000 2661.197500
12.700000 2812.555000
12.710000 2882.892500
12.720000 2807.160000
12.730000 2840.487500
12.740000 2730.897500
12.750000 2659.847500
12.760000 2767.440000
12.770000 2813.817500
12.780000 2808.332500
12.790000 2768.865000
12.800000 2702.882500
12.810000 2808.680000
12.820000 2908.412500
12.830000 2717.047500
12.840000 2649.405000
12.850000 2771.840000
12.860000 2813.952500
12.870000 2746.225000
12.880000 2670.377500
12.890000 2796.687500
12.900000 2755.942500
12.910000 2621.540000
12.920000 2655.252500
12.930000 2656.220000
12.940000 2661.902500
12.950000 2737.912500
12.960000 2697.337500
12.970000 2556.985000
12.980000 2634.820000
12.990000 2745.952500
13.000000 2757.435000
13.010000 2684.237500
13.020000 2628.172500
13.030000 2707.050000
13.040000 2768.627500
13.050000 2662.682500
13.060000 2566.737500
13.070000 2721.115000
13.080000 2654.785000
13.090000 2661.910000
13.100000 2642.910000
13.110000 2629.697500
13.120000 2653.340000
13.130000 2704.215000
13.140000 2758.332500
13.150000 2726.255000
13.160000 2639.390000
13.170000 2642.382500
13.180000 2675.657500
13.190000 2650.860000
13.200000 2543.297500
13.210000 2625.485000
13.220000 2678.477500
13.230000 2736.572500
13.240000 2681.485000
13.250000 2693.557500
13.260000 2634.467500
13.270000 2542.095000
13.280000 2656.655000
13.290000 2770.820000
13.300000 2754.180000
13.310000 2751.975000
13.320000 2760.810000
13.330000 2659.130000
13.340000 2602.757500
13.350000 2751.692500
13.360000 2743.515000
13.370000 2646.317500
13.380000 2786.805000
13.390000 2923.590000
13.400000 2874.257500
13.410000 2778.262500
13.420000 2634.750000
13.430000 2609.822500
13.440000 2688.732500
13.450000 2629.497500
13.460000 2552.785000
13.470000 2496.617500
13.480000 2404.922500
13.490000 2547.090000
13.500000 2625.860000
13.510000 2807.852500
13.520000 2649.785000
13.530000 2503.977500
13.540000 2464.970000
13.550000 2575.292500
13.560000 2444.025000
13.570000 2551.695000
13.580000 2549.922500
13.590000 2511.662500
13.600000 2499.937500
13.610000 2531.692500
13.620000 2534.760000
13.630000 2575.000000
13.640000 2610.177500
13.650000 2774.185000
13.660000 2789.812500
13.670000 2554.207500
13.680000 2500.000000
13.690000 2484.700000
13.700000 2440.925000
13.710000 2575.542500
13.720000 2684.222500
13.730000 2651.475000
13.740000 2643.720000
13.750000 2603.952500
13.760000 2720.157500
13.770000 2609.565000
13.780000 2587.660000
13.790000 2630.500000
13.800000 2537.470000
13.810000 2544.677500
13.820000 2466.887500
13.830000 2426.337500
13.840000 2434.657500
13.850000 2454.780000
13.860000 2505.535000
13.870000 2406.420000
13.880000 2483.597500
13.890000 2720.437500
13.900000 2741.667500
13.910000 2749.047500
13.920000 2781.935000
13.930000 2693.720000
13.940000 2540.452500
13.950000 2761.560000
13.960000 2913.567500
13.970000 2779.025000
13.980000 2693.185000
13.990000 2681.427500
14.000000 2873.352500
14.010000 2818.195000
14.020000 2910.390000
14.030000 3079.907500
14.040000 3011.612500
14.050000 3114.595000
14.060000 3293.520000
14.070000 3427.030000
14.080000 3461.712500
14.090000 3609.322500
14.100000 3664.477500
14.110000 4074.085000
14.120000 4463.290000
14.130000 4573.217500
14.140000 4662.832500
14.150000 4988.495000
14.160000 5174.732500
14.170000 5250.497500
14.180000 5291.942500
14.190000 4984.345000
14.200000 4766.565000
14.210000 4660.940000
14.220000 4361.267500
14.230000 4133.405000
14.240000 3893.672500
14.250000 3801.437500
14.260000 3484.017500
14.270000 3399.312500
14.280000 3284.695000
14.290000 3028.605000
14.300000 2885.965000
14.310000 2808.910000
14.320000 2615.482500
14.330000 2444.282500
14.340000 2757.012500
14.350000 2732.600000
14.360000 2625.635000
14.370000 2610.955000
14.380000 2350.375000
14.390000 2575.007500
14.400000 2672.260000
14.410000 2536.967500
14.420000 2705.012500
14.430000 2767.382500
14.440000 2656.740000
14.450000 2641.627500
14.460000 2764.645000
14.470000 2728.900000
14.480000 2654.975000
14.490000 2608.872500
14.500000 2753.792500
14.510000 2670.145000
14.520000 2595.762500
14.530000 2818.347500
14.540000 2685.217500
14.550000 2563.407500
14.560000 2667.800000
14.570000 2702.245000
14.580000 2936.502500
14.590000 3011.727500
14.600000 3092.320000
14.610000 3104.880000
14.620000 3015.762500
14.630000 2998.017500
14.640000 3181.072500
14.650000 3362.547500
14.660000 3497.182500
14.670000 3681.190000
14.680000 3895.950000
14.690000 4056.812500
14.700000 4330.087500
14.710000 4882.885000
14.720000 5226.752500
14.730000 5319.880000
14.740000 5906.452500
14.750000 6264.660000
14.760000 6649.167500
14.770000 7150.217500
14.780000 7776.300000
14.790000 7878.780000
14.800000 7451.652500
14.810000 7634.585000
14.820000 7798.695000
14.830000 7581.975000
14.840000 7281.612500
14.850000 6715.315000
14.860000 5841.647500
14.870000 5517.132500
14.880000 5026.432500
14.890000 4510.607500
14.900000 4218.382500
14.910000 3803.067500
14.920000 3461.355000
14.930000 3194.420000
14.940000 2936.382500
14.950000 2851.107500
14.960000 2751.475000
14.970000 2831.980000
14.980000 2669.617500
14.990000 2699.360000
15.000000 2618.387500
15.010000 2787.797500
15.020000 2807.940000
15.030000 2653.965000
15.040000 2447.190000
15.050000 2660.372500
15.060000 2755.635000
15.070000 2637.195000
15.080000 2633.332500
15.090000 2496.457500
15.100000 2596.180000
15.110000 2616.055000
15.120000 2448.347500
15.130000 2401.650000
15.140000 2511.875000
15.150000 2516.667500
15.160000 2524.632500
15.170000 2525.000000
15.180000 2366.145000
15.190000 2366.265000
15.200000 2327.072500
15.210000 2411.972500
15.220000 2432.455000
15.230000 2354.507500
15.240000 2397.225000
15.250000 2376.425000
15.260000 2335.767500
15.270000 2254.985000
15.280000 2351.697500
15.290000 2366.145000
15.300000 2382.265000
15.310000 2336.610000
15.320000 2411.085000
15.330000 2385.612500
15.340000 2491.852500
15.350000 2492.260000
15.360000 2445.300000
15.370000 2595.985000
15.380000 2538.997500
15.390000 2448.720000
15.400000 2480.067500
15.410000 2260.945000
15.420000 2318.235000
15.430000 2470.255000
15.440000 2460.432500
15.450000 2412.605000
15.460000 2240.917500
15.470000 2528.920000
15.480000 2527.987500
15.490000 2229.592500
15.500000 2147.060000
15.510000 2315.345000
15.520000 2408.727500
15.530000 2394.082500
15.540000 2331.537500
15.550000 2400.045000
15.560000 2483.262500
15.570000 2327.080000
15.580000 2368.090000
15.590000 2292.962500
15.600000 2238.655000
15.610000 2300.247500
15.620000 2352.872500
15.630000 2291.627500
15.640000 2401.735000
15.650000 2172.842500
15.660000 2193.305000
15.670000 2170.537500
15.680000 2387.287500
15.690000 2600.230000
15.700000 2493.042500
15.710000 2372.527500
15.720000 2175.632500
15.730000 2186.482500
15.740000 2264.517500
15.750000 2304.095000
15.760000 2330.120000
15.770000 2362.337500
15.780000 2381.145000
15.790000 2441.157500
15.800000 2370.617500
15.810000 2300.690000
15.820000 2392.382500
15.830000 2415.515000
15.840000 2452.522500
15.850000 2522.772500
15.860000 2376.065000
15.870000 2278.627500
15.880000 2259.540000
15.890000 2336.595000
15.900000 2385.517500
15.910000 2327.837500
15.920000 2295.425000
15.930000 2213.900000
15.940000 2305.875000
15.950000 2346.142500
15.960000 2399.252500
15.970000 2253.790000
15.980000 2246.040000
15.990000 2285.012500
16.000000 2368.570000
16.010000 2369.372500
16.020000 2366.667500
16.030000 2373.625000
16.040000 2395.840000
16.050000 2434.677500
16.060000 2379.347500
16.070000 2235.317500
16.080000 2132.410000
16.090000 2261.377500
16.100000 2339.825000
16.110000 2370.607500
16.120000 2491.582500
16.130000 2400.272500
16.140000 2265.630000
16.150000 2412.282500
16.160000 2313.727500
16.170000 2194.900000
16.180000 2249.707500
16.190000 2314.130000
16.200000 2318.230000
16.210000 2215.287500
16.220000 2245.647500
16.230000 2339.175000
16.240000 2418.865000
16.250000 2305.750000
16.260000 2315.225000
16.270000 2385.237500
16.280000 2353.225000
16.290000 2174.885000
16.300000 2093.370000
16.310000 2236.272500
16.320000 2275.000000
16.330000 2261.745000
16.340000 2251.717500
16.350000 2283.030000
16.360000 2271.880000
16.370000 2260.082500
16.380000 2297.775000
16.390000 2288.645000
16.400000 2322.647500
16.410000 2346.415000
16.420000 2402.245000
16.430000 2344.947500
16.440000 2311.982500
16.450000 2353.822500
16.460000 2334.227500
16.470000 2201.935000
16.480000 2173.132500
16.490000 2278.290000
16.500000 2392.117500
16.510000 2365.192500
16.520000 2362.847500
16.530000 2507.752500
16.540000 2447.562500
16.550000 2352.750000
16.560000 2371.620000
16.570000 2491.632500
16.580000 2467.760000
16.590000 2475.397500
16.600000 2438.962500
16.610000 2399.687500
16.620000 2448.525000
16.630000 2536.045000
16.640000 2690.560000
16.650000 2645.330000
16.660000 2616.667500
16.670000 2641.727500
16.680000 2506.147500
16.690000 2458.332500
16.700000 2464.567500
16.710000 2379.545000
16.720000 2449.400000
16.730000 2576.365000
16.740000 2564.992500
16.750000 2463.462500
16.760000 2353.112500
16.770000 2522.132500
16.780000 2665.467500
16.790000 2575.015000
16.800000 2521.075000
16.810000 2687.995000
16.820000 2798.867500
16.830000 2871.550000
16.840000 2873.402500
16.850000 2763.350000
16.860000 2797.805000
16.870000 2770.490000
16.880000 2822.557500
16.890000 2856.035000
16.900000 3045.135000
16.910000 3110.650000
16.920000 3396.590000
16.930000 3424.402500
16.940000 3457.500000
16.950000 3871.682500
16.960000 3971.320000
16.970000 4080.990000
16.980000 4448.360000
16.990000 4919.155000
17.000000 5330.815000
17.010000 5873.340000
17.020000 6563.575000
17.030000 7169.830000
17.040000 7762.780000
17.050000 8446.717500
17.060000 9326.662500
17.070000 10029.707500
17.080000 10541.345000
17.090000 11021.600000
17.100000 11428.660000
17.110000 11448.675000
17.120000 11060.220000
17.130000 10659.285000
17.140000 10324.510000
17.150000 9682.457500
17.160000 8583.177500
17.170000 7774.380000
17.180000 7290.512500
17.190000 6619.562500
17.200000 5757.070000
17.210000 5000.937500
17.220000 4560.970000
17.230000 4276.202500
17.240000 3947.355000
17.250000 3549.750000
17.260000 3388.357500
17.270000 3352.392500
17.280000 3149.842500
17.290000 3148.445000
17.300000 2983.652500
17.310000 2827.212500
17.320000 2777.590000
17.330000 2738.705000
17.340000 2635.680000
17.350000 2742.125000
17.360000 2772.165000
17.370000 2633.390000
17.380000 2624.887500
17.390000 2755.130000
17.400000 2802.810000
17.410000 2777.945000
17.420000 2739.147500
17.430000 2725.000000
17.440000 2829.200000
17.450000 2724.577500
17.460000 2636.202500
17.470000 2600.605000
17.480000 2599.667500
17.490000 2700.735000
17.500000 2684.892500
17.510000 2579.592500
17.520000 2465.980000
17.530000 2354.845000
17.540000 2510.590000
17.550000 2589.780000
17.560000 2515.957500
17.570000 2435.112500
17.580000 2467.162500
17.590000 2574.737500
17.600000 2595.352500
17.610000 2567.375000
17.620000 2414.975000
17.630000 2296.235000
17.640000 2296.160000
17.650000 2355.860000
17.660000 2446.587500
17.670000 2467.547500
17.680000 2390.057500
17.690000 2465.332500
17.700000 2580.430000
17.710000 2597.887500
17.720000 2555.170000
17.730000 2465.677500
17.740000 2435.390000
17.750000 2374.260000
17.760000 2328.157500
17.770000 2407.660000
17.780000 2442.862500
17.790000 2407.597500
17.800000 2453.320000
17.810000 2476.282500
17.820000 2389.882500
17.830000 2265.025000
17.840000 2395.167500
17.850000 2554.147500
17.860000 2496.952500
17.870000 2401.092500
17.880000 2425.622500
17.890000 2463.387500
17.900000 2527.190000
17.910000 2531.427500
17.920000 2463.110000
17.930000 2358.100000
17.940000 2403.450000
17.950000 2411.702500
17.960000 2295.200000
17.970000 2291.447500
17.980000 2374.690000
17.990000 2423.212500
18.000000 2383.830000
18.010000 2340.117500
18.020000 2422.105000
18.030000 2488.255000
18.040000 2467.100000
18.050000 2386.247500
18.060000 2473.825000
18.070000 2571.552500
18.080000 2482.350000
18.090000 2455.602500
18.100000 2434.755000
18.110000 2453.335000
18.120000 2544.900000
18.130000 2539.860000
18.140000 2503.512500
18.150000 2567.367500
18.160000 2559.032500
18.170000 2492.697500
18.180000 2441.507500
18.190000 2440.542500
18.200000 2544.125000
18.210000 2584.547500
18.220000 2533.430000
18.230000 2494.117500
18.240000 2478.602500
18.250000 2555.252500
18.260000 2578.972500
18.270000 2437.137500
18.280000 2274.902500
18.290000 2216.667500
18.300000 2333.555000
18.310000 2513.662500
18.320000 2574.017500
18.330000 2515.535000
18.340000 2572.427500
18.350000 2645.370000
18.360000 2613.937500
18.370000 2628.567500
18.380000 2626.110000
18.390000 2600.000000
18.400000 2668.785000
18.410000 2825.685000
18.420000 2871.792500
18.430000 2910.047500
18.440000 2843.820000
18.450000 2732.585000
18.460000 2815.640000
18.470000 2982.130000
18.480000 3121.532500
18.490000 3170.495000
18.500000 3130.695000
18.510000 3216.677500
18.520000 3504.775000
18.530000 3823.115000
18.540000 4194.772500
18.550000 4395.547500
18.560000 4498.310000
18.570000 4915.395000
18.580000 5452.272500
18.590000 5935.605000
18.600000 6400.302500
18.610000 6617.132500
18.620000 6875.270000
18.630000 7253.367500
18.640000 7706.535000
18.650000 7882.557500
18.660000 7783.332500
18.670000 7805.067500
18.680000 7642.795000
18.690000 7267.185000
18.700000 6880.565000
18.710000 6286.040000
18.720000 5516.997500
18.730000 4926.420000
18.740000 4661.187500
18.750000 4347.192500
18.760000 3963.605000
18.770000 3735.165000
18.780000 3599.322500
18.790000 3346.042500
18.800000 3154.505000
18.810000 3225.705000
18.820000 3224.397500
18.830000 3006.667500
18.840000 2833.267500
18.850000 2984.262500
18.860000 2995.277500
18.870000 2820.782500
18.880000 2762.510000
18.890000 2828.940000
18.900000 2945.742500
18.910000 2888.012500
18.920000 2899.220000
18.930000 2991.667500
18.940000 3045.150000
18.950000 3161.585000
18.960000 3212.707500
18.970000 3191.822500
18.980000 3330.220000
18.990000 3524.050000
19.000000 3696.690000
19.010000 3999.577500
19.020000 4203.325000
19.030000 4209.107500
19.040000 4441.215000
19.050000 4736.772500
19.060000 5047.237500
19.070000 5774.762500
19.080000 6368.845000
19.090000 6792.150000
19.100000 7222.595000
19.110000 7506.027500
19.120000 7848.107500
19.130000 8157.602500
19.140000 8242.552500
19.150000 8284.055000
19.160000 8188.922500
19.170000 7741.747500
19.180000 7242.152500
19.190000 6704.370000
19.200000 6287.672500
19.210000 5827.957500
19.220000 5224.302500
19.230000 4879.105000
19.240000 4467.657500
19.250000 4011.782500
19.260000 3679.500000
19.270000 3508.447500
19.280000 3319.810000
19.290000 3132.277500
19.300000 3167.920000
19.310000 3098.547500
19.320000 2889.352500
19.330000 2889.395000
19.340000 2931.785000
19.350000 2931.142500
19.360000 2855.647500
19.370000 2746.605000
19.380000 2680.425000
19.390000 2700.315000
19.400000 2805.087500
19.410000 2820.050000
19.420000 2682.237500
19.430000 2637.982500
19.440000 2582.547500
19.450000 2529.395000
19.460000 2670.925000
19.470000 2676.527500
19.480000 2568.670000
19.490000 2670.697500
19.500000 2846.897500
19.510000 2762.120000
19.520000 2514.937500
19.530000 2426.835000
19.540000 2512.270000
19.550000 2596.917500
19.560000 2633.127500
19.570000 2553.292500
19.580000 2448.647500
19.590000 2395.242500
19.600000 2389.292500
19.610000 2399.925000
19.620000 2525.707500
19.630000 2664.180000
19.640000 2609.060000
19.650000 2504.805000
19.660000 2524.647500
19.670000 2523.205000
19.680000 2489.020000
19.690000 2529.315000
19.700000 2579.267500
19.710000 2632.702500
19.720000 2611.095000
19.730000 2443.235000
19.740000 2347.782500
19.750000 2391.667500
19.760000 2498.355000
19.770000 2629.397500
19.780000 2483.525000
19.790000 2364.517500
19.800000 2446.972500
19.810000 2524.502500
19.820000 2574.390000
19.830000 2477.590000
19.840000 2357.655000
19.850000 2344.007500
19.860000 2416.520000
19.870000 2408.442500
19.880000 2403.207500
19.890000 2411.765000
19.900000 2425.032500
19.910000 2354.915000
19.920000 2406.632500
19.930000 2413.357500
19.940000 2414.935000
19.950000 2444.757500
19.960000 2511.135000
19.970000 2520.785000
19.980000 2469.617500
19.990000 2535.880000
20.000000 2581.905000
20.010000 2582.897500
20.020000 2579.187500
20.030000 2497.795000
20.040000 2470.675000
20.050000 2500.590000
20.060000 2455.752500
20.070000 2405.800000
20.080000 2448.425000
20.090000 2617.622500
20.100000 2674.582500
20.110000 2611.147500
20.120000 2521.250000
20.130000 2430.180000
20.140000 2491.075000
20.150000 2590.582500
20.160000 2596.917500
20.170000 2589.602500
20.180000 2473.042500
20.190000 2424.867500
20.200000 2510.077500
20.210000 2586.427500
20.220000 2588.580000
20.230000 2503.305000
20.240000 2400.442500
20.250000 2464.460000
20.260000 2536.107500
20.270000 2568.520000
20.280000 2481.190000
20.290000 2543.935000
20.300000 2566.610000
20.310000 2585.770000
20.320000 2492.585000
20.330000 2395.952500
20.340000 2401.835000
20.350000 2547.482500
20.360000 2432.670000
20.370000 2418.955000
20.380000 2558.332500
20.390000 2561.290000
20.400000 2581.417500
20.410000 2561.247500
20.420000 2516.095000
20.430000 2588.737500
20.440000 2527.845000
20.450000 2457.042500
20.460000 2539.912500
20.470000 2513.775000
20.480000 2438.260000
20.490000 2596.452500
20.500000 2679.867500
20.510000 2598.637500
20.520000 2602.505000
20.530000 2666.782500
20.540000 2483.540000
20.550000 2539.747500
20.560000 2554.367500
20.570000 2447.455000
20.580000 2528.525000
20.590000 2630.522500
20.600000 2596.975000
20.610000 2524.895000
20.620000 2497.242500
20.630000 2513.895000
20.640000 2538.865000
20.650000 2635.812500
20.660000 2750.172500
20.670000 2716.507500
20.680000 2714.327500
20.690000 2649.877500
20.700000 2639.372500
20.710000 2624.167500
20.720000 2716.477500
20.730000 2657.517500
20.740000 2529.705000
20.750000 2599.747500
20.760000 2643.527500
20.770000 2745.540000
20.780000 2774.877500
20.790000 2667.970000
20.800000 2805.437500
20.810000 2946.967500
20.820000 2916.050000
20.830000 2851.355000
20.840000 2931.990000
20.850000 3030.515000
20.860000 3109.807500
20.870000 3063.547500
20.880000 3132.195000
20.890000 3403.520000
20.900000 3745.682500
20.910000 3734.942500
20.920000 3685.470000
20.930000 3950.640000
20.940000 4242.712500
20.950000 4512.380000
20.960000 4712.007500
20.970000 4743.120000
20.980000 4693.162500
20.990000 4675.982500
21.000000 4691.522500
21.010000 4563.127500
21.020000 4337.492500
21.030000 4194.160000
21.040000 4130.387500
21.050000 3892.292500
21.060000 3677.112500
21.070000 3575.937500
21.080000 3519.005000
21.090000 3356.372500
21.100000 3089.020000
21.110000 2897.717500
21.120000 2972.585000
21.130000 2774.117500
21.140000 2664.495000
21.150000 2712.045000
21.160000 2758.480000
21.170000 2783.235000
21.180000 2708.235000
21.190000 2615.475000
21.200000 2591.667500
21.210000 2643.745000
21.220000 2746.677500
21.230000 2665.587500
21.240000 2667.477500
21.250000 2815.212500
21.260000 2969.020000
21.270000 2769.187500
21.280000 2611.087500
21.290000 2581.935000
21.300000 2590.780000
21.310000 2580.455000
21.320000 2628.122500
21.330000 2685.742500
21.340000 2740.115000
21.350000 2628.095000
21.360000 2478.705000
21.370000 2580.725000
21.380000 2688.085000
21.390000 2543.612500
21.400000 2338.015000
21.410000 2463.960000
21.420000 2520.555000
21.430000 2510.550000
21.440000 2549.800000
21.450000 2613.040000
21.460000 2515.770000
21.470000 2510.437500
21.480000 2637.697500
21.490000 2673.925000
21.500000 2793.702500
21.510000 2891.955000
21.520000 2739.227500
21.530000 2691.150000
21.540000 2615.975000
21.550000 2543.800000
21.560000 2539.362500
21.570000 2533.782500
21.580000 2627.360000
21.590000 2717.050000
21.600000 2829.270000
21.610000 2774.535000
21.620000 2479.127500
21.630000 2474.920000
21.640000 2633.410000
21.650000 2639.145000
21.660000 2802.152500
21.670000 2719.667500
21.680000 2541.375000
21.690000 2599.827500
21.700000 2651.437500
21.710000 2719.145000
21.720000 2672.980000
21.730000 2688.817500
21.740000 2746.290000
21.750000 2686.330000
21.760000 2650.560000
21.770000 2746.410000
21.780000 2730.120000
21.790000 2748.677500
21.800000 2551.857500
21.810000 2495.095000
21.820000 2661.207500
21.830000 2746.422500
21.840000 2793.375000
21.850000 2747.615000
21.860000 2821.085000
21.870000 2715.395000
21.880000 2713.967500
21.890000 2841.470000
21.900000 2915.492500
21.910000 2847.330000
21.920000 2692.897500
21.930000 2620.970000
21.940000 2772.502500
21.950000 2827.575000
21.960000 2776.070000
21.970000 2851.820000
21.980000 2824.040000
21.990000 2915.705000
22.000000 2974.717500
22.010000 3093.497500
22.020000 3120.055000
22.030000 3115.367500
22.040000 2876.060000
22.050000 2985.570000
22.060000 2980.060000
22.070000 3184.025000
22.080000 3306.550000
22.090000 3321.335000
22.100000 3438.970000
22.110000 3620.397500
22.120000 3802.295000
22.130000 4017.475000
22.140000 4243.245000
22.150000 4401.087500
22.160000 4565.845000
22.170000 4984.122500
22.180000 5609.520000
22.190000 5805.315000
22.200000 6837.760000
22.210000 7055.782500
22.220000 7377.767500
22.230000 8131.127500
22.240000 8575.820000
22.250000 8943.342500
22.260000 9053.467500
22.270000 9486.615000
22.280000 9530.232500
22.290000 9376.735000
22.300000 9233.320000
22.310000 8629.007500
22.320000 8026.617500
22.330000 7598.300000
22.340000 6984.390000
22.350000 6530.970000
22.360000 6068.665000
22.370000 5400.180000
22.380000 4962.397500
22.390000 4525.035000
22.400000 4211.642500
22.410000 4028.247500
22.420000 3728.962500
22.430000 3427.107500
22.440000 3296.332500
22.450000 3316.667500
22.460000 3295.072500
22.470000 3172.347500
22.480000 3005.632500
22.490000 2844.902500
22.500000 2997.712500
22.510000 2937.910000
22.520000 2866.780000
22.530000 2808.152500
22.540000 2872.885000
22.550000 2807.165000
22.560000 2744.240000
22.570000 2825.965000
22.580000 2788.732500
22.590000 2756.002500
22.600000 2689.950000
22.610000 2802.897500
22.620000 2803.682500
22.630000 2728.737500
22.640000 2670.957500
22.650000 2683.120000
22.660000 2661.520000
22.670000 2786.572500
22.680000 2901.102500
22.690000 2788.932500
22.700000 2815.272500
22.710000 2790.297500
22.720000 2738.672500
22.730000 2911.332500
22.740000 2775.360000
22.750000 2659.540000
22.760000 2724.612500
22.770000 2812.385000
22.780000 2823.922500
22.790000 2773.662500
22.800000 2766.667500
22.810000 2748.102500
22.820000 2650.000000
22.830000 2642.117500
22.840000 2583.000000
22.850000 2509.890000
22.860000 2622.585000
22.870000 2698.710000
22.880000 2681.400000
22.890000 2593.065000
22.900000 2430.650000
22.910000 2518.455000
22.920000 2554.852500
22.930000 2455.452500
22.940000 2562.017500
22.950000 2737.410000
22.960000 2773.752500
22.970000 2552.877500
22.980000 2432.337500
22.990000 2487.170000
23.000000 2578.920000
23.010000 2685.540000
23.020000 2584.415000
23.030000 2504.790000
23.040000 2583.332500
23.050000 2556.172500
23.060000 2389.317500
23.070000 2410.070000
23.080000 2608.717500
23.090000 2546.515000
23.100000 2772.975000
23.110000 2702.607500
23.120000 2647.302500
23.130000 2541.997500
23.140000 2638.727500
23.150000 2580.122500
23.160000 2685.627500
23.170000 2805.005000
23.180000 2774.505000
23.190000 2725.447500
23.200000 2771.325000
23.210000 2725.322500
23.220000 2950.000000
23.230000 2952.147500
23.240000 2935.697500
23.250000 2701.637500
23.260000 2573.350000
23.270000 2800.067500
23.280000 2823.872500
23.290000 2577.102500
23.300000 2525.072500
23.310000 2476.932500
23.320000 2556.125000
23.330000 2595.940000
23.340000 2557.585000
23.350000 2491.667500
23.360000 2497.650000
23.370000 2555.547500
23.380000 2651.435000
23.390000 2593.142500
23.400000 2557.250000
23.410000 2672.095000
23.420000 2630.755000
23.430000 2492.897500
23.440000 2556.210000
23.450000 2478.780000
23.460000 2497.067500
23.470000 2437.260000
23.480000 2630.502500
23.490000 2345.352500
23.500000 2382.325000
23.510000 2462.595000
23.520000 2637.852500
23.530000 2638.170000
23.540000 2338.687500
23.550000 2388.652500
23.560000 2428.927500
23.570000 2408.295000
23.580000 2535.220000
23.590000 2397.970000
23.600000 2337.500000
23.610000 2578.032500
23.620000 2453.255000
23.630000 2430.190000
23.640000 2628.340000
23.650000 2651.700000
23.660000 2582.610000
23.670000 2487.735000
23.680000 2398.545000
23.690000 2602.155000
23.700000 2468.267500
23.710000 2499.227500
23.720000 2652.367500
23.730000 2678.917500
23.740000 2693.337500
23.750000 2472.070000
23.760000 2527.297500
23.770000 2546.197500
23.780000 2510.597500
23.790000 2547.567500
23.800000 2683.487500
23.810000 2597.050000
23.820000 2569.595000
23.830000 2592.010000
23.840000 2512.657500
23.850000 2555.472500
23.860000 2512.230000
23.870000 2372.887500
23.880000 2361.867500
23.890000 2490.975000
23.900000 2481.272500
23.910000 2474.682500
23.920000 2650.227500
23.930000 2548.955000
23.940000 2462.922500
23.950000 2693.842500
23.960000 2508.675000
23.970000 2331.557500
23.980000 2516.035000
23.990000 2603.245000
24.000000 2549.232500
24.010000 2646.042500
24.020000 2685.135000
24.030000 2501.840000
24.040000 2528.040000
24.050000 2571.487500
24.060000 2637.512500
24.070000 2696.990000
24.080000 2773.697500
24.090000 2870.147500
24.100000 2930.457500
24.110000 3105.855000
24.120000 2972.422500
24.130000 3178.382500
24.140000 3332.827500
24.150000 3224.192500
24.160000 3470.570000
24.170000 3773.632500
24.180000 3878.712500
24.190000 3931.760000
24.200000 3932.212500
24.210000 4307.587500
24.220000 4561.685000
24.230000 4763.777500
24.240000 5104.357500
24.250000 5038.227500
24.260000 4986.735000
24.270000 5043.587500
24.280000 5067.875000
24.290000 4954.225000
24.300000 5037.990000
24.310000 5234.037500
24.320000 4808.515000
24.330000 4657.717500
24.340000 4461.992500
24.350000 3786.825000
24.360000 3835.347500
24.370000 3559.007500
24.380000 3406.167500
24.390000 3203.360000
24.400000 3105.880000
24.410000 3051.472500
24.420000 2918.657500
24.430000 2950.087500
24.440000 2778.300000
24.450000 2680.345000
24.460000 2791.290000
24.470000 2782.220000
24.480000 2755.045000
24.490000 2676.852500
24.500000 2540.070000
24.510000 2683.637500
24.520000 2499.657500
24.530000 2496.740000
24.540000 2619.330000
24.550000 2683.332500
24.560000 2677.537500
24.570000 2545.997500
24.580000 2860.132500
24.590000 2688.610000
24.600000 2611.337500
24.610000 2691.667500
24.620000 2693.982500
24.630000 2761.460000
24.640000 2845.817500
24.650000 2725.820000
24.660000 2746.515000
24.670000 2634.840000
24.680000 2434.775000
24.690000 2747.962500
24.700000 2942.360000
24.710000 2692.630000
24.720000 2720.520000
24.730000 2566.667500
24.740000 2568.917500
24.750000 2651.977500
24.760000 2721.357500
24.770000 2588.557500
24.780000 2795.737500
24.790000 2954.765000
24.800000 2805.632500
24.810000 2692.230000
24.820000 2716.485000
24.830000 2708.510000
24.840000 2715.980000
24.850000 2685.827500
24.860000 2805.597500
24.870000 2664.645000
24.880000 2561.940000
24.890000 2758.912500
24.900000 2792.922500
24.910000 2868.682500
24.920000 2989.602500
24.930000 2854.497500
24.940000 2603.432500
24.950000 2843.250000
24.960000 2956.070000
24.970000 2783.025000
24.980000 2757.945000
24.990000 2726.102500
25.000000 2827.600000
25.010000 3074.022500
25.020000 2976.522500
25.030000 3140.392500
25.040000 2991.600000
25.050000 2983.695000
25.060000 3032.287500
25.070000 2875.297500
25.080000 2925.132500
25.090000 2950.117500
25.100000 2975.475000
25.110000 3091.295000
25.120000 2983.310000
25.130000 2975.345000
25.140000 3133.502500
25.150000 3241.560000
25.160000 3125.027500
25.170000 3216.635000
25.180000 3624.607500
25.190000 3367.077500
25.200000 3674.315000
25.210000 3400.782500
25.220000 3599.305000
25.230000 3741.085000
25.240000 4048.542500
25.250000 4141.175000
25.260000 4357.037500
25.270000 4432.837500
25.280000 4557.430000
25.290000 4880.780000
25.300000 5618.712500
25.310000 6070.905000
25.320000 6314.315000
25.330000 7034.162500
25.340000 7379.585000
25.350000 7877.535000
25.360000 8492.465000
25.370000 8582.262500
25.380000 9051.937500
25.390000 9822.417500
25.400000 9981.127500
25.410000 9769.987500
25.420000 9709.262500
25.430000 9528.037500
25.440000 8918.935000
25.450000 8761.005000
25.460000 8079.415000
25.470000 7739.682500
25.480000 7439.235000
25.490000 6878.162500
25.500000 6475.030000
25.510000 6164.970000
25.520000 5783.487500
25.530000 5660.987500
25.540000 5682.750000
25.550000 5748.400000
25.560000 5904.437500
25.570000 6095.165000
25.580000 6189.297500
25.590000 6540.517500
25.600000 7222.940000
25.610000 7573.872500
25.620000 8498.345000
25.630000 9625.555000
25.640000 10483.227500
25.650000 10969.012500
25.660000 12606.802500
25.670000 13933.685000
25.680000 15443.145000
25.690000 17321.655000
25.700000 19719.722500
25.710000 21080.175000
25.720000 22694.030000
25.730000 24631.642500
25.740000 25808.982500
25.750000 27673.040000
25.760000 29322.772500
25.770000 29736.250000
25.780000 29052.630000
25.790000 28384.147500
25.800000 26941.350000
25.810000 24963.220000
25.820000 22740.567500
25.830000 21027.967500
25.840000 18770.380000
25.850000 16815.622500
25.860000 15537.070000
25.870000 13084.360000
25.880000 10999.692500
25.890000 10176.025000
25.900000 8837.077500
25.910000 7582.537500
25.920000 7000.650000
25.930000 6308.070000
25.940000 5687.842500
25.950000 5317.365000
25.960000 4903.777500
25.970000 4732.865000
25.980000 4725.000000
25.990000 4487.720000
26.000000 4261.585000
26.010000 4178.907500
26.020000 3930.280000
26.030000 3885.110000
26.040000 3780.840000
26.050000 3688.330000
26.060000 3832.940000
26.070000 3818.060000
26.080000 3431.330000
26.090000 3526.217500
26.100000 3682.557500
26.110000 3534.687500
26.120000 3454.405000
26.130000 3512.710000
26.140000 3399.160000
26.150000 3360.352500
26.160000 3186.210000
26.170000 3214.095000
26.180000 3169.785000
26.190000 3119.815000
26.200000 3179.097500
26.210000 3152.137500
26.220000 3087.650000
26.230000 3114.487500
26.240000 2992.125000
26.250000 3208.917500
26.260000 3022.882500
26.270000 2985.027500
26.280000 2758.182500
26.290000 3005.467500
26.300000 3040.507500
26.310000 3033.917500
26.320000 3010.102500
26.330000 2930.945000
26.340000 2855.395000
26.350000 2757.252500
26.360000 2649.590000
26.370000 2788.327500
26.380000 2884.855000
26.390000 2883.957500
26.400000 2698.437500
26.410000 2845.015000
26.420000 2950.662500
26.430000 3019.847500
26.440000 2902.052500
26.450000 2891.667500
26.460000 2669.112500
26.470000 2603.985000
26.480000 2661.315000
26.490000 2812.195000
26.500000 2825.000000
26.510000 2748.505000
26.520000 2756.955000
26.530000 2926.402500
26.540000 2926.397500
26.550000 2680.850000
26.560000 2711.707500
26.570000 2891.922500
26.580000 2946.407500
26.590000 2843.462500
26.600000 2909.382500
26.610000 2886.267500
26.620000 2777.002500
26.630000 2842.567500
26.640000 2751.392500
26.650000 2734.087500
26.660000 2672.730000
26.670000 2757.512500
26.680000 2728.840000
26.690000 2717.440000
26.700000 2830.000000
26.710000 2788.812500
26.720000 2655.055000
26.730000 2724.615000
26.740000 2808.692500
26.750000 2786.542500
26.760000 2745.702500
26.770000 2756.710000
26.780000 2765.850000
26.790000 2736.620000
26.800000 2778.372500
26.810000 2798.337500
26.820000 2635.075000
26.830000 2706.567500
26.840000 2918.810000
26.850000 2889.292500
26.860000 2711.362500
26.870000 2983.080000
26.880000 2979.330000
26.890000 2840.677500
26.900000 2832.457500
26.910000 2863.142500
26.920000 2814.532500
26.930000 2622.265000
26.940000 2540.497500
26.950000 2763.755000
26.960000 2799.095000
26.970000 2636.690000
26.980000 2557.320000
26.990000 2727.920000
27.000000 2764.817500
27.010000 2781.475000
27.020000 2916.510000
27.030000 2955.515000
27.040000 2973.110000
27.050000 2709.172500
27.060000 2534.795000
27.070000 2730.522500
27.080000 2817.290000
27.090000 2847.092500
27.100000 2666.007500
27.110000 2906.440000
27.120000 3051.915000
27.130000 2809.590000
27.140000 2723.617500
27.150000 2973.402500
27.160000 2971.680000
27.170000 2732.247500
27.180000 2919.622500
27.190000 3052.422500
27.200000 2730.360000
27.210000 2734.477500
27.220000 2829.282500
27.230000 2768.702500
27.240000 2780.207500
27.250000 2790.620000
27.260000 2660.595000
27.270000 2845.422500
27.280000 2758.645000
27.290000 2712.597500
27.300000 2642.972500
27.310000 2705.910000
27.320000 2694.907500
27.330000 2800.385000
27.340000 2708.022500
27.350000 2698.905000
27.360000 2671.067500
27.370000 2876.292500
27.380000 2828.875000
27.390000 2693.947500
27.400000 2696.642500
27.410000 2613.492500
27.420000 2657.632500
27.430000 2760.257500
27.440000 2875.722500
27.450000 2812.580000
27.460000 2879.032500
27.470000 2884.487500
27.480000 2947.910000
27.490000 2829.267500
27.500000 2836.995000
27.510000 2612.527500
27.520000 2589.312500
27.530000 2563.062500
27.540000 2601.210000
27.550000 2544.062500
27.560000 2626.107500
27.570000 2748.640000
27.580000 2709.652500
27.590000 2586.047500
27.600000 2552.432500
27.610000 2699.357500
27.620000 2703.677500
27.630000 2785.232500
27.640000 2913.565000
27.650000 2919.147500
27.660000 3037.165000
27.670000 2803.332500
27.680000 2659.235000
27.690000 2669.962500
27.700000 2851.722500
27.710000 2805.630000
27.720000 2622.245000
27.730000 2676.320000
27.740000 2698.715000
27.750000 2777.492500
27.760000 2784.627500
27.770000 2797.402500
27.780000 2645.335000
27.790000 2771.227500
27.800000 2764.897500
27.810000 2709.222500
27.820000 2735.055000
27.830000 2573.517500
27.840000 2751.707500
27.850000 2959.582500
27.860000 2921.750000
27.870000 2957.242500
27.880000 2834.007500
27.890000 2829.265000
27.900000 2805.442500
27.910000 2883.612500
27.920000 2837.335000
27.930000 2936.327500
27.940000 2993.100000
27.950000 2923.567500
27.960000 3026.375000
27.970000 2994.490000
27.980000 2934.795000
27.990000 3035.865000
28.000000 3079.107500
28.010000 3145.610000
28.020000 3255.140000
28.030000 3192.082500
28.040000 3320.007500
28.050000 3460.405000
28.060000 3614.347500
28.070000 3944.855000
28.080000 4111.620000
28.090000 4126.452500
28.100000 4317.535000
28.110000 4715.647500
28.120000 4736.732500
28.130000 4972.025000
28.140000 5347.280000
28.150000 5848.355000
28.160000 6201.867500
28.170000 6682.572500
28.180000 6802.350000
28.190000 6869.830000
28.200000 7026.725000
28.210000 7167.507500
28.220000 7307.582500
28.230000 7088.037500
28.240000 6672.460000
28.250000 6557.645000
28.260000 6216.832500
28.270000 5693.227500
28.280000 5401.555000
28.290000 5358.332500
28.300000 4917.627500
28.310000 4586.307500
28.320000 4228.660000
28.330000 4083.910000
28.340000 3938.210000
28.350000 3651.602500
28.360000 3551.160000
28.370000 3359.512500
28.380000 3208.800000
28.390000 3203.545000
28.400000 3114.085000
28.410000 3024.395000
28.420000 2927.665000
28.430000 3089.710000
28.440000 3133.332500
28.450000 3213.830000
28.460000 3139.487500
28.470000 3022.887500
28.480000 3133.872500
28.490000 3240.242500
28.500000 3271.702500
28.510000 3201.527500
28.520000 3076.542500
28.530000 3070.010000
28.540000 3075.000000
28.550000 3128.280000
28.560000 3095.080000
28.570000 2983.577500
28.580000 3038.080000
28.590000 3111.460000
28.600000 3111.727500
28.610000 3015.497500
28.620000 3077.810000
28.630000 2868.245000
28.640000 2768.632500
28.650000 2976.527500
28.660000 3020.120000
28.670000 2950.642500
28.680000 2742.005000
28.690000 2500.477500
28.700000 2614.697500
28.710000 2770.245000
28.720000 2806.577500
28.730000 2696.585000
28.740000 2765.197500
28.750000 2666.952500
28.760000 2607.097500
28.770000 2645.880000
28.780000 2730.377500
28.790000 2723.822500
28.800000 2847.462500
28.810000 2876.797500
28.820000 2757.457500
28.830000 2803.305000
28.840000 2681.547500
28.850000 2713.340000
28.860000 2752.865000
28.870000 2901.467500
28.880000 2870.152500
28.890000 2726.567500
28.900000 2620.257500
28.910000 2671.355000
28.920000 2639.810000
28.930000 2670.340000
28.940000 2650.972500
28.950000 2693.407500
28.960000 2714.795000
28.970000 2807.077500
28.980000 2684.912500
28.990000 2648.115000
29.000000 2495.357500
29.010000 2707.547500
29.020000 2661.090000
29.030000 2567.140000
29.040000 2427.940000
29.050000 2539.312500
29.060000 2743.697500
29.070000 2625.012500
29.080000 2549.380000
29.090000 2554.467500
29.100000 2539.147500
29.110000 2610.017500
29.120000 2652.490000
29.130000 2709.380000
29.140000 2661.240000
29.150000 2711.750000
29.160000 2777.897500
29.170000 2588.100000
29.180000 2518.642500
29.190000 2548.425000
29.200000 2685.272500
29.210000 2642.552500
29.220000 2642.015000
29.230000 2770.317500
29.240000 2732.402500
29.250000 2556.585000
29.260000 2596.785000
29.270000 2599.747500
29.280000 2572.742500
29.290000 2654.915000
29.300000 2670.735000
29.310000 2647.785000
29.320000 2761.157500
29.330000 2699.455000
29.340000 2716.900000
29.350000 2840.000000
29.360000 2893.810000
29.370000 2737.117500
29.380000 2576.915000
29.390000 2535.412500
29.400000 2789.592500
29.410000 2912.472500
29.420000 2825.152500
29.430000 2691.895000
29.440000 2627.180000
29.450000 2591.762500
29.460000 2701.535000
29.470000 2797.612500
29.480000 2860.147500
29.490000 2937.065000
29.500000 2896.315000
29.510000 2769.652500
29.520000 2789.062500
29.530000 2752.650000
29.540000 2727.150000
29.550000 2978.275000
29.560000 3011.112500
29.570000 2855.977500
29.580000 2937.752500
29.590000 2884.805000
29.600000 2831.540000
29.610000 2966.410000
29.620000 3207.112500
29.630000 3225.892500
29.640000 3220.600000
29.650000 3335.317500
29.660000 3472.982500
29.670000 3447.142500
29.680000 3522.827500
29.690000 3729.395000
29.700000 3987.007500
29.710000 4107.130000
29.720000 4417.545000
29.730000 4799.042500
29.740000 5100.802500
29.750000 5466.842500
29.760000 5811.932500
29.770000 6233.865000
29.780000 6673.735000
29.790000 6906.817500
29.800000 7301.227500
29.810000 7687.465000
29.820000 7728.920000
29.830000 7871.440000
29.840000 7716.035000
29.850000 7337.805000
29.860000 7363.605000
29.870000 7139.682500
29.880000 7015.285000
29.890000 6599.542500
29.900000 6093.277500
29.910000 5694.252500
29.920000 5531.697500
29.930000 5262.660000
29.940000 4969.092500
29.950000 4622.467500
29.960000 4319.415000
29.970000 4104.302500
29.980000 3685.982500
29.990000 3470.115000
30.000000 3262.937500
30.010000 3114.280000
30.020000 3041.697500
30.030000 2929.912500
30.040000 2951.047500
30.050000 3052.130000
30.060000 3136.687500
30.070000 3063.560000
30.080000 2936.225000
30.090000 2988.702500
30.100000 3007.275000
30.110000 2958.675000
30.120000 2959.362500
30.130000 3013.817500
30.140000 3062.777500
30.150000 2939.670000
30.160000 2718.722500
30.170000 2702.865000
30.180000 2789.560000
30.190000 2840.122500
30.200000 2932.027500
30.210000 2913.977500
30.220000 2938.460000
30.230000 3010.932500
30.240000 2980.777500
30.250000 2899.987500
30.260000 2717.602500
30.270000 2848.035000
30.280000 2974.070000
30.290000 2956.777500
30.300000 3057.860000
30.310000 3207.015000
30.320000 3041.207500
30.330000 2892.052500
30.340000 2889.825000
30.350000 2952.065000
30.360000 3032.800000
30.370000 3150.732500
30.380000 3145.507500
30.390000 3142.295000
30.400000 3150.000000
30.410000 3052.162500
30.420000 3163.587500
30.430000 3181.627500
30.440000 3278.877500
30.450000 3287.452500
30.460000 3238.015000
30.470000 3156.297500
30.480000 3165.042500
30.490000 3463.382500
30.500000 3437.487500
30.510000 3366.667500
30.520000 3400.867500
30.530000 3752.692500
30.540000 3965.237500
30.550000 3974.610000
30.560000 4080.275000
30.570000 4366.022500
30.580000 4452.317500
30.590000 4770.257500
30.600000 5140.092500
30.610000 5281.255000
30.620000 5695.522500
30.630000 6086.565000
30.640000 6397.665000
30.650000 7255.130000
30.660000 8072.720000
30.670000 8910.447500
30.680000 9697.295000
30.690000 10590.315000
30.700000 11682.542500
30.710000 12635.667500
30.720000 13891.092500
30.730000 15222.720000
30.740000 16278.937500
30.750000 16848.580000
30.760000 17069.860000
30.770000 17250.467500
30.780000 17311.097500
30.790000 17046.782500
30.800000 16660.912500
30.810000 16027.845000
30.820000 14931.432500
30.830000 13632.265000
30.840000 12754.032500
30.850000 12262.137500
30.860000 11090.970000
30.870000 9903.725000
30.880000 8799.462500
30.890000 8237.387500
30.900000 7532.955000
30.910000 6913.932500
30.920000 6054.435000
30.930000 5208.182500
30.940000 4689.370000
30.950000 4511.612500
30.960000 4305.382500
30.970000 3989.380000
30.980000 3902.345000
30.990000 3818.320000
31.000000 3783.042500
31.010000 3677.142500
31.020000 3649.357500
31.030000 3574.130000
31.040000 3476.055000
31.050000 3558.662500
31.060000 3654.662500
31.070000 3691.270000
31.080000 3705.417500
31.090000 3600.077500
31.100000 3417.290000
31.110000 3322.987500
31.120000 3286.742500
31.130000 3188.722500
31.140000 3190.152500
31.150000 3329.690000
31.160000 3208.850000
31.170000 3054.615000
31.180000 3089.400000
31.190000 3076.745000
31.200000 3039.287500
31.210000 2969.117500
31.220000 2885.217500
31.230000 2831.627500
31.240000 2902.042500
31.250000 2843.385000
31.260000 2740.727500
31.270000 2594.295000
31.280000 2519.685000
31.290000 2452.945000
31.300000 2692.530000
31.310000 2786.402500
31.320000 2596.452500
31.330000 2545.360000
31.340000 2519.107500
31.350000 2591.972500
31.360000 2718.562500
31.370000 2647.685000
31.380000 2409.630000
31.390000 2360.920000
31.400000 2538.762500
31.410000 2583.015000
31.420000 2547.847500
31.430000 2536.430000
31.440000 2460.075000
31.450000 2432.350000
31.460000 2598.335000
31.470000 2681.232500
31.480000 2497.795000
31.490000 2454.147500
31.500000 2429.250000
31.510000 2396.862500
31.520000 2514.202500
31.530000 2526.290000
31.540000 2413.957500
31.550000 2330.437500
31.560000 2406.567500
31.570000 2575.132500
31.580000 2466.235000
31.590000 2239.777500
31.600000 2269.652500
31.610000 2410.495000
31.620000 2509.722500
31.630000 2510.865000
31.640000 2501.922500
31.650000 2487.840000
31.660000 2469.882500
31.670000 2487.117500
31.680000 2500.000000
31.690000 2459.182500
31.700000 2382.365000
31.710000 2512.932500
31.720000 2677.702500
31.730000 2589.637500
31.740000 2493.105000
31.750000 2493.475000
31.760000 2570.915000
31.770000 2631.847500
31.780000 2565.845000
31.790000 2546.962500
31.800000 2491.002500
31.810000 2461.822500
31.820000 2449.832500
31.830000 2453.447500
31.840000 2567.127500
31.850000 2578.137500
31.860000 2511.592500
31.870000 2441.595000
31.880000 2378.322500
31.890000 2393.310000
31.900000 2521.482500
31.910000 2621.582500
31.920000 2621.745000
31.930000 2568.530000
31.940000 2621.185000
31.950000 2635.282500
31.960000 2528.985000
31.970000 2554.262500
31.980000 2563.795000
31.990000 2558.050000
32.000000 2575.000000
32.010000 2708.180000
32.020000 2760.582500
32.030000 2713.645000
32.040000 2695.082500
32.050000 2706.400000
32.060000 2780.442500
32.070000 2849.502500
32.080000 2847.085000
32.090000 2955.577500
32.100000 3168.660000
32.110000 3253.455000
32.120000 3269.495000
32.130000 3356.357500
32.140000 3379.155000
32.150000 3581.777500
32.160000 3814.447500
32.170000 4031.455000
32.180000 4324.287500
32.190000 4643.437500
32.200000 4821.977500
32.210000 4946.502500
32.220000 5219.095000
32.230000 5578.495000
32.240000 5978.585000
32.250000 6211.172500
32.260000 6437.122500
32.270000 6752.327500
32.280000 6730.142500
32.290000 6497.122500
32.300000 6370.122500
32.310000 6231.937500
32.320000 6107.110000
32.330000 6055.960000
32.340000 5770.657500
32.350000 5419.445000
32.360000 5241.922500
32.370000 5035.307500
32.380000 4713.160000
32.390000 4430.697500
32.400000 4177.515000
32.410000 4030.035000
32.420000 3772.790000
32.430000 3511.675000
32.440000 3186.805000
32.450000 3072.527500
32.460000 3085.400000
32.470000 2910.530000
32.480000 2850.435000
32.490000 2789.885000
32.500000 2590.660000
32.510000 2528.957500
32.520000 2535.052500
32.530000 2558.520000
32.540000 2549.862500
32.550000 2576.980000
32.560000 2625.000000
32.570000 2546.317500
32.580000 2506.447500
32.590000 2585.025000
32.600000 2490.367500
32.610000 2467.125000
32.620000 2472.657500
32.630000 2407.477500
32.640000 2400.000000
32.650000 2413.752500
32.660000 2434.157500
32.670000 2533.125000
32.680000 2503.285000
32.690000 2480.532500
32.700000 2556.115000
32.710000 2511.290000
32.720000 2512.875000
32.730000 2576.492500
32.740000 2668.742500
32.750000 2719.747500
32.760000 2531.945000
32.770000 2374.300000
32.780000 2465.920000
32.790000 2554.505000
32.800000 2630.340000
32.810000 2592.782500
32.820000 2472.420000
32.830000 2535.820000
32.840000 2648.012500
32.850000 2558.720000
32.860000 2587.865000
32.870000 2789.220000
32.880000 2804.292500
32.890000 2785.597500
32.900000 2909.992500
32.910000 2987.227500
32.920000 3063.122500
32.930000 3097.915000
32.940000 3040.137500
32.950000 3166.805000
32.960000 3397.022500
32.970000 3544.995000
32.980000 3705.572500
32.990000 3857.110000
33.000000 4048.732500
33.010000 4210.055000
33.020000 4477.975000
33.030000 4910.187500
33.040000 5317.840000
33.050000 5787.310000
33.060000 6220.152500
33.070000 6783.312500
33.080000 7575.505000
33.090000 8166.130000
33.100000 8523.217500
33.110000 9232.575000
33.120000 10234.032500
33.130000 10790.872500
33.140000 10930.715000
33.150000 11095.450000
33.160000 11448.912500
33.170000 11451.905000
33.180000 10946.032500
33.190000 10345.755000
33.200000 9845.107500
33.210000 9457.770000
33.220000 9113.252500
33.230000 8596.415000
33.240000 7757.170000
33.250000 7058.235000
33.260000 6604.457500
33.270000 6087.050000
33.280000 5521.027500
33.290000 4979.852500
33.300000 4480.612500
33.310000 4090.040000
33.320000 3824.037500
33.330000 3557.150000
33.340000 3349.695000
33.350000 3212.090000
33.360000 3053.932500
33.370000 2954.112500
33.380000 2883.312500
33.390000 2745.920000
33.400000 2620.900000
33.410000 2761.865000
33.420000 2875.297500
33.430000 2667.645000
33.440000 2545.602500
33.450000 2661.682500
33.460000 2725.267500
33.470000 2584.750000
33.480000 2392.682500
33.490000 2292.040000
33.500000 2385.520000
33.510000 2569.722500
33.520000 2600.640000
33.530000 2464.647500
33.540000 2305.360000
33.550000 2298.827500
33.560000 2362.190000
33.570000 2395.285000
33.580000 2440.975000
33.590000 2414.077500
33.600000 2402.767500
33.610000 2445.967500
33.620000 2361.115000
33.630000 2307.172500
33.640000 2409.932500
33.650000 2439.227500
33.660000 2439.712500
33.670000 2399.717500
33.680000 2288.025000
33.690000 2239.127500
33.700000 2223.880000
33.710000 2321.530000
33.720000 2352.385000
33.730000 2367.352500
33.740000 2433.755000
33.750000 2353.900000
33.760000 2275.000000
33.770000 2318.317500
33.780000 2307.687500
33.790000 2304.482500
33.800000 2422.040000
33.810000 2451.515000
33.820000 2413.275000
33.830000 2415.607500
33.840000 2476.187500
33.850000 2427.752500
33.860000 2242.875000
33.870000 2212.622500
33.880000 2244.025000
33.890000 2235.392500
33.900000 2282.105000
33.910000 2261.465000
33.920000 2108.937500
33.930000 2090.892500
33.940000 2274.197500
33.950000 2303.375000
33.960000 2281.272500
33.970000 2197.637500
33.980000 2039.990000
33.990000 2076.822500
34.000000 2150.735000
34.010000 2206.142500
34.020000 2253.040000
34.030000 2201.545000
34.040000 2187.107500
34.050000 2180.362500
34.060000 2189.240000
34.070000 2164.082500
34.080000 2159.997500
34.090000 2308.207500
34.100000 2411.212500
34.110000 2447.387500
34.120000 2374.420000
34.130000 2261.157500
34.140000 2275.000000
34.150000 2271.292500
34.160000 2225.960000
34.170000 2171.305000
34.180000 2240.430000
34.190000 2307.560000
34.200000 2311.757500
34.210000 2339.985000
34.220000 2327.657500
34.230000 2403.837500
34.240000 2410.315000
34.250000 2345.825000
34.260000 2401.525000
34.270000 2399.575000
34.280000 2388.422500
34.290000 2507.162500
34.300000 2635.840000
34.310000 2548.995000
34.320000 2467.082500
34.330000 2518.955000
34.340000 2614.832500
34.350000 2662.782500
34.360000 2553.607500
34.370000 2605.945000
34.380000 2682.015000
34.390000 2722.762500
34.400000 2671.450000
34.410000 2815.537500
34.420000 3080.355000
34.430000 3194.922500
34.440000 3293.267500
34.450000 3470.020000
34.460000 3603.512500
34.470000 3657.425000
34.480000 3903.515000
34.490000 4254.817500
34.500000 4504.627500
34.510000 4785.770000
34.520000 4908.977500
34.530000 4993.562500
34.540000 5407.852500
34.550000 5610.565000
34.560000 5525.272500
34.570000 5504.540000
34.580000 5561.770000
34.590000 5600.970000
34.600000 5605.490000
34.610000 5486.987500
34.620000 5418.567500
34.630000 5201.815000
34.640000 4747.727500
34.650000 4541.082500
34.660000 4407.032500
34.670000 4171.827500
34.680000 3903.785000
34.690000 3662.482500
34.700000 3472.860000
34.710000 3252.560000
34.720000 3038.252500
34.730000 3018.355000
34.740000 3023.332500
34.750000 2935.132500
34.760000 2805.075000
34.770000 2642.425000
34.780000 2491.285000
34.790000 2596.380000
34.800000 2608.717500
34.810000 2505.720000
34.820000 2490.637500
34.830000 2581.840000
34.840000 2517.635000
34.850000 2428.617500
34.860000 2359.497500
34.870000 2299.580000
34.880000 2318.515000
34.890000 2337.457500
34.900000 2373.645000
34.910000 2471.140000
34.920000 2559.940000
34.930000 2326.790000
34.940000 2189.740000
34.950000 2212.787500
34.960000 2214.192500
34.970000 2221.535000
34.980000 2289.687500
34.990000 2274.637500
35.000000 2268.135000
35.010000 2296.585000
35.020000 2212.192500
35.030000 2184.582500
35.040000 2263.627500
35.050000 2312.522500
35.060000 2298.970000
35.070000 2244.785000
35.080000 2222.002500
35.090000 2224.665000
35.100000 2289.750000
35.110000 2208.882500
35.120000 2186.680000
35.130000 2282.435000
35.140000 2248.242500
35.150000 2247.307500
35.160000 2296.942500
35.170000 2279.465000
35.180000 2352.692500
35.190000 2440.737500
35.200000 2278.030000
35.210000 2285.475000
35.220000 2355.462500
35.230000 2303.707500
35.240000 2364.045000
35.250000 2439.327500
35.260000 2464.950000
35.270000 2497.632500
35.280000 2517.262500
35.290000 2586.787500
35.300000 2665.555000
35.310000 2615.597500
35.320000 2612.827500
35.330000 2601.930000
35.340000 2594.892500
35.350000 2782.425000
35.360000 2688.635000
35.370000 2607.070000
35.380000 2634.672500
35.390000 2638.837500
35.400000 2793.072500
35.410000 2843.892500
35.420000 2842.597500
35.430000 2934.782500
35.440000 3039.607500
35.450000 3077.612500
35.460000 3155.132500
35.470000 3350.622500
35.480000 3363.080000
35.490000 3407.825000
35.500000 3619.202500
35.510000 3653.692500
35.520000 3952.182500
35.530000 4328.055000
35.540000 4430.910000
35.550000 4605.957500
35.560000 4894.765000
35.570000 5380.560000
35.580000 5891.542500
35.590000 6276.352500
35.600000 6976.822500
35.610000 7513.835000
35.620000 8338.437500
35.630000 8855.597500
35.640000 9090.162500
35.650000 9727.607500
35.660000 10068.442500
35.670000 10231.452500
35.680000 10250.977500
35.690000 9910.340000
35.700000 9632.580000
35.710000 9121.602500
35.720000 8640.250000
35.730000 8398.702500
35.740000 7874.147500
35.750000 7402.630000
35.760000 7007.570000
35.770000 6569.902500
35.780000 6122.425000
35.790000 5599.372500
35.800000 5170.695000
35.810000 4523.730000
35.820000 4314.565000
35.830000 4297.682500
35.840000 3921.972500
35.850000 3482.520000
35.860000 3352.925000
35.870000 3160.862500
35.880000 3002.070000
35.890000 2759.155000
35.900000 2722.670000
35.910000 2832.230000
35.920000 2753.695000
35.930000 2646.472500
35.940000 2592.450000
35.950000 2517.272500
35.960000 2380.830000
35.970000 2397.460000
35.980000 2420.140000
35.990000 2307.820000
36.000000 2233.072500
36.010000 2321.267500
36.020000 2367.070000
36.030000 2269.095000
36.040000 2199.452500
36.050000 2265.647500
36.060000 2224.997500
36.070000 2083.332500
36.080000 2088.165000
36.090000 2143.360000
36.100000 2262.007500
36.110000 2294.060000
36.120000 2307.162500
36.130000 2334.520000
36.140000 2301.392500
36.150000 2172.525000
36.160000 2224.840000
36.170000 2217.302500
36.180000 2075.262500
36.190000 2030.997500
36.200000 2036.642500
36.210000 2089.880000
36.220000 2189.340000
36.230000 2252.452500
36.240000 2152.300000
36.250000 2229.385000
36.260000 2416.667500
36.270000 2377.952500
36.280000 2252.300000
36.290000 2178.092500
36.300000 2146.177500
36.310000 2153.837500
36.320000 2117.022500
36.330000 2094.657500
36.340000 2256.725000
36.350000 2360.012500
36.360000 2299.665000
36.370000 2181.130000
36.380000 2196.957500
36.390000 2221.132500
36.400000 2088.315000
36.410000 2006.160000
36.420000 2054.150000
36.430000 2178.115000
36.440000 2102.422500
36.450000 2146.195000
36.460000 2206.830000
36.470000 2292.027500
36.480000 2322.577500
36.490000 2253.985000
36.500000 2220.877500
36.510000 2281.597500
36.520000 2431.272500
36.530000 2441.667500
36.540000 2385.530000
36.550000 2283.392500
36.560000 2266.575000
36.570000 2347.102500
36.580000 2514.620000
36.590000 2551.132500
36.600000 2699.577500
36.610000 2727.750000
36.620000 2662.365000
36.630000 2717.160000
36.640000 2908.000000
36.650000 3115.575000
36.660000 3239.300000
36.670000 3371.895000
36.680000 3324.090000
36.690000 3492.707500
36.700000 3894.542500
36.710000 3892.152500
36.720000 3702.142500
36.730000 3857.325000
36.740000 4103.852500
36.750000 4173.180000
36.760000 4056.620000
36.770000 3972.367500
36.780000 3919.745000
36.790000 3644.840000
36.800000 3526.650000
36.810000 3488.087500
36.820000 3501.685000
36.830000 3319.360000
36.840000 3059.282500
36.850000 3020.465000
36.860000 2987.815000
36.870000 3000.520000
36.880000 2857.920000
36.890000 2735.942500
36.900000 2612.402500
36.910000 2563.082500
36.920000 2498.265000
36.930000 2326.095000
36.940000 2407.582500
36.950000 2445.540000
36.960000 2335.120000
36.970000 2232.370000
36.980000 2324.667500
36.990000 2434.437500
37.000000 2328.527500
37.010000 2148.287500
37.020000 2138.255000
37.030000 2133.487500
37.040000 2178.495000
37.050000 2214.910000
37.060000 2203.455000
37.070000 2311.670000
37.080000 2291.667500
37.090000 2281.765000
37.100000 2256.445000
37.110000 2292.152500
37.120000 2188.415000
37.130000 2175.000000
37.140000 2149.235000
37.150000 2064.100000
37.160000 2164.710000
37.170000 2185.320000
37.180000 2166.225000
37.190000 2217.275000
37.200000 2302.602500
37.210000 2388.860000
37.220000 2496.480000
37.230000 2263.457500
37.240000 2433.332500
37.250000 2445.510000
37.260000 2527.255000
37.270000 2651.505000
37.280000 2631.370000
37.290000 2490.455000
37.300000 2470.572500
37.310000 2793.705000
37.320000 2952.470000
37.330000 2930.830000
37.340000 3004.715000
37.350000 3237.972500
37.360000 3330.097500
37.370000 3526.302500
37.380000 3840.180000
37.390000 4216.092500
37.400000 4546.220000
37.410000 4812.597500
37.420000 5044.297500
37.430000 5368.497500
37.440000 5957.200000
37.450000 6442.110000
37.460000 7118.935000
37.470000 7789.752500
37.480000 8164.775000
37.490000 8725.680000
37.500000 9393.775000
37.510000 9221.335000
37.520000 9453.647500
37.530000 9550.107500
37.540000 9206.335000
37.550000 9043.005000
37.560000 8874.575000
37.570000 8369.250000
37.580000 8081.112500
37.590000 7635.677500
37.600000 7288.240000
37.610000 7063.622500
37.620000 6597.382500
37.630000 5900.352500
37.640000 5553.015000
37.650000 5229.777500
37.660000 5188.367500
37.670000 4707.790000
37.680000 4340.647500
37.690000 4222.972500
37.700000 3782.010000
37.710000 3325.157500
37.720000 3122.345000
37.730000 3124.517500
37.740000 2884.840000
37.750000 2725.560000
37.760000 2671.695000
37.770000 2636.877500
37.780000 2554.340000
37.790000 2602.712500
37.800000 2705.562500
37.810000 2503.950000
37.820000 2427.177500
37.830000 2498.957500
37.840000 2473.052500
37.850000 2330.385000
37.860000 2260.172500
37.870000 2332.325000
37.880000 2321.000000
37.890000 2281.750000
37.900000 2211.282500
37.910000 2220.665000
37.920000 2131.762500
37.930000 2183.332500
37.940000 2194.720000
37.950000 2278.632500
37.960000 2233.282500
37.970000 2177.742500
37.980000 2275.810000
37.990000 2329.165000
38.000000 2159.230000
38.010000 2170.220000
38.020000 2208.800000
38.030000 2278.977500
38.040000 2253.742500
38.050000 2348.940000
38.060000 2251.450000
38.070000 2127.542500
38.080000 2206.785000
38.090000 2025.282500
38.100000 1896.885000
38.110000 2103.207500
38.120000 2126.195000
38.130000 2053.627500
38.140000 2009.885000
38.150000 2015.797500
38.160000 1939.405000
38.170000 2084.832500
38.180000 2079.260000
38.190000 1874.717500
38.200000 1967.010000
38.210000 2058.332500
38.220000 2066.800000
38.230000 2150.670000
38.240000 2061.162500
38.250000 2004.075000
38.260000 2043.967500
38.270000 1979.630000
38.280000 2038.555000
38.290000 2106.437500
38.300000 2176.985000
38.310000 2091.862500
38.320000 1997.837500
38.330000 2072.567500
38.340000 2047.660000
38.350000 2107.287500
38.360000 1882.560000
38.370000 1980.470000
38.380000 1950.122500
38.390000 2062.227500
38.400000 1997.270000
38.410000 1961.017500
38.420000 2004.222500
38.430000 2071.337500
38.440000 2135.547500
38.450000 2047.677500
38.460000 2139.700000
38.470000 2108.332500
38.480000 2107.385000
38.490000 2088.412500
38.500000 2041.082500
38.510000 2178.127500
38.520000 2226.765000
38.530000 2105.332500
38.540000 2047.062500
38.550000 1997.825000
38.560000 2120.280000
38.570000 2194.022500
38.580000 2232.850000
38.590000 2042.140000
38.600000 1881.207500
38.610000 2014.530000
38.620000 1966.320000
38.630000 1960.360000
38.640000 2008.332500
38.650000 2013.445000
38.660000 2137.942500
38.670000 2040.160000
38.680000 2001.167500
38.690000 2030.222500
38.700000 1940.572500
38.710000 1912.562500
38.720000 2041.922500
38.730000 2047.787500
38.740000 1977.130000
38.750000 2050.455000
38.760000 2071.467500
38.770000 2246.865000
38.780000 2120.007500
38.790000 1920.855000
38.800000 2101.267500
38.810000 2156.615000
38.820000 2074.837500
38.830000 2067.432500
38.840000 2106.607500
38.850000 2009.947500
38.860000 2108.710000
38.870000 2132.985000
38.880000 2108.547500
38.890000 2124.902500
38.900000 2117.105000
38.910000 2157.862500
38.920000 2109.162500
38.930000 2207.975000
38.940000 2158.232500
38.950000 2141.462500
38.960000 2100.157500
38.970000 2142.085000
38.980000 2299.900000
38.990000 2233.290000
39.000000 2116.755000
39.010000 2008.537500
39.020000 2108.030000
39.030000 2216.215000
39.040000 2084.040000
39.050000 2050.215000
39.060000 2083.080000
39.070000 2149.417500
39.080000 2108.745000
39.090000 2281.405000
39.100000 2266.870000
39.110000 2176.220000
39.120000 2142.147500
39.130000 2248.310000
39.140000 2012.382500
39.150000 2139.280000
39.160000 2329.680000
39.170000 2202.695000
39.180000 2118.447500
39.190000 2141.102500
39.200000 2076.577500
39.210000 2213.147500
39.220000 2241.017500
39.230000 2314.630000
39.240000 2268.082500
39.250000 2185.790000
39.260000 2102.552500
39.270000 2245.230000
39.280000 2443.407500
39.290000 2345.365000
39.300000 2188.922500
39.310000 2127.127500
39.320000 2221.237500
39.330000 2425.250000
39.340000 2545.337500
39.350000 2550.000000
39.360000 2741.537500
39.370000 2813.767500
39.380000 2975.887500
39.390000 2935.625000
39.400000 2853.917500
39.410000 3246.582500
39.420000 3607.305000
39.430000 3751.592500
39.440000 3774.137500
39.450000 4114.367500
39.460000 4377.687500
39.470000 4777.420000
39.480000 4972.977500
39.490000 5305.295000
39.500000 5450.485000
39.510000 5755.985000
39.520000 5962.752500
39.530000 6396.905000
39.540000 6963.415000
39.550000 7187.037500
39.560000 6733.007500
39.570000 6591.175000
39.580000 6342.672500
39.590000 5991.610000
39.600000 6253.167500
39.610000 5811.002500
39.620000 5249.817500
39.630000 5223.760000
39.640000 5263.515000
39.650000 4943.555000
39.660000 4716.905000
39.670000 4661.635000
39.680000 4336.487500
39.690000 4124.665000
39.700000 3733.835000
39.710000 3524.447500
39.720000 3226.297500
39.730000 2918.337500
39.740000 2739.620000
39.750000 2573.155000
39.760000 2664.482500
39.770000 2621.997500
39.780000 2533.487500
39.790000 2426.830000
39.800000 2499.622500
39.810000 2350.177500
39.820000 2303.250000
39.830000 2300.000000
39.840000 2322.502500
39.850000 2295.037500
39.860000 2239.305000
39.870000 2255.742500
39.880000 2258.332500
39.890000 2139.145000
39.900000 2199.390000
39.910000 2364.337500
39.920000 2316.567500
39.930000 2375.007500
39.940000 2375.935000
39.950000 2315.900000
39.960000 2249.315000
39.970000 2256.400000
39.980000 2434.887500
39.990000 2282.027500
40.000000 2214.320000
40.010000 2354.840000
40.020000 2375.000000
40.030000 2199.692500
40.040000 2153.117500
40.050000 2142.717500
40.060000 2061.660000
40.070000 2064.525000
40.080000 2044.910000
40.090000 2085.117500
40.100000 2257.990000
40.110000 2276.112500
40.120000 2188.475000
40.130000 2124.600000
40.140000 2073.530000
40.150000 2159.992500
40.160000 2175.000000
40.170000 2103.422500
40.180000 2105.962500
40.190000 2208.247500
40.200000 2253.505000
40.210000 2130.252500
40.220000 2150.962500
40.230000 2264.750000
40.240000 2354.172500
40.250000 2147.397500
40.260000 2087.145000
40.270000 2146.800000
40.280000 2285.077500
40.290000 2181.782500
40.300000 2123.232500
40.310000 2186.760000
40.320000 2262.987500
40.330000 2309.940000
40.340000 2246.895000
40.350000 2296.032500
40.360000 2176.175000
40.370000 2052.770000
40.380000 2241.362500
40.390000 2276.410000
40.400000 2323.390000
40.410000 2464.470000
40.420000 2408.972500
40.430000 2315.982500
40.440000 2293.130000
40.450000 2264.232500
40.460000 2347.357500
40.470000 2537.595000
40.480000 2493.085000
40.490000 2304.615000
40.500000 2423.172500
40.510000 2478.715000
40.520000 2564.727500
40.530000 2508.842500
40.540000 2457.862500
40.550000 2531.000000
40.560000 2651.087500
40.570000 2849.935000
40.580000 3012.577500
40.590000 3108.730000
40.600000 3319.165000
40.610000 3587.252500
40.620000 3554.912500
40.630000 3559.982500
40.640000 3992.357500
40.650000 4133.202500
40.660000 4386.952500
40.670000 5058.885000
40.680000 5183.630000
40.690000 5564.177500
40.700000 5772.030000
40.710000 6102.407500
40.720000 6833.070000
40.730000 7283.512500
40.740000 7999.330000
40.750000 8240.297500
40.760000 8551.667500
40.770000 8769.990000
40.780000 8743.370000
40.790000 8523.962500
40.800000 8168.865000
40.810000 7863.600000
40.820000 7761.290000
40.830000 7421.542500
40.840000 6707.802500
40.850000 6544.255000
40.860000 6364.205000
40.870000 5982.165000
40.880000 5787.570000
40.890000 5643.620000
40.900000 5277.527500
40.910000 5016.240000
40.920000 4605.337500
40.930000 4365.110000
40.940000 4186.037500
40.950000 3996.647500
40.960000 3685.660000
40.970000 3279.592500
40.980000 2955.510000
40.990000 2783.177500
41.000000 2768.745000
41.010000 2687.682500
41.020000 2577.400000
41.030000 2518.930000
41.040000 2557.955000
41.050000 2451.172500
41.060000 2470.132500
41.070000 2374.465000
41.080000 2419.532500
41.090000 2351.672500
41.100000 2304.397500
41.110000 2348.980000
41.120000 2275.000000
41.130000 2284.362500
41.140000 2336.527500
41.150000 2301.387500
41.160000 2216.620000
41.170000 2240.095000
41.180000 2246.250000
41.190000 2163.272500
41.200000 2103.240000
41.210000 2085.660000
41.220000 2191.252500
41.230000 2257.270000
41.240000 2177.082500
41.250000 2111.862500
41.260000 2177.335000
41.270000 2267.705000
41.280000 2309.442500
41.290000 2145.162500
41.300000 2104.510000
41.310000 2022.417500
41.320000 2012.727500
41.330000 2189.277500
41.340000 2240.767500
41.350000 2157.367500
41.360000 2090.010000
41.370000 1993.517500
41.380000 2080.307500
41.390000 2168.112500
41.400000 2165.980000
41.410000 2071.740000
41.420000 2108.227500
41.430000 2285.397500
41.440000 2286.887500
41.450000 2166.725000
41.460000 2187.850000
41.470000 2193.860000
41.480000 2046.775000
41.490000 2085.537500
41.500000 2240.990000
41.510000 2308.630000
41.520000 2192.535000
41.530000 2257.202500
41.540000 2260.482500
41.550000 2205.300000
41.560000 2186.072500
41.570000 2272.652500
41.580000 2288.815000
41.590000 2280.557500
41.600000 2205.682500
41.610000 2111.322500
41.620000 2166.170000
41.630000 2208.332500
41.640000 2208.332500
41.650000 2010.827500
41.660000 2083.507500
41.670000 2278.780000
41.680000 2273.382500
41.690000 2257.980000
41.700000 2277.517500
41.710000 2207.542500
41.720000 2134.257500
41.730000 2122.055000
41.740000 2184.147500
41.750000 2082.542500
41.760000 2067.212500
41.770000 2094.660000
41.780000 2065.025000
41.790000 2034.052500
41.800000 1956.050000
41.810000 1927.250000
41.820000 1896.377500
41.830000 1964.540000
41.840000 2058.705000
41.850000 2036.150000
41.860000 2039.715000
41.870000 2094.857500
41.880000 2121.872500
41.890000 2156.160000
41.900000 2133.552500
41.910000 2191.030000
41.920000 2190.105000
41.930000 2106.895000
41.940000 2151.970000
41.950000 2159.047500
41.960000 2194.612500
41.970000 2172.202500
41.980000 2031.700000
41.990000 2032.567500
42.000000 2135.682500
42.010000 2084.202500
42.020000 2025.000000
42.030000 2085.232500
42.040000 2155.040000
42.050000 2145.035000
42.060000 2105.072500
42.070000 2022.097500
42.080000 1950.217500
42.090000 1908.612500
42.100000 2074.135000
42.110000 2160.647500
42.120000 2103.895000
42.130000 2073.545000
42.140000 2154.527500
42.150000 2182.587500
42.160000 2182.612500
42.170000 2117.665000
42.180000 2101.810000
42.190000 2118.880000
42.200000 2122.750000
42.210000 2190.845000
42.220000 2190.315000
42.230000 2186.935000
42.240000 2222.597500
42.250000 2290.232500
42.260000 2366.435000
42.270000 2386.950000
42.280000 2308.080000
42.290000 2235.927500
42.300000 2187.577500
42.310000 2130.342500
42.320000 2140.897500
42.330000 2134.192500
42.340000 2112.960000
42.350000 2125.895000
42.360000 2128.732500
42.370000 2138.762500
42.380000 2099.675000
42.390000 2085.705000
42.400000 2126.530000
42.410000 2191.565000
42.420000 2301.182500
42.430000 2358.332500
42.440000 2295.370000
42.450000 2273.057500
42.460000 2317.885000
42.470000 2275.375000
42.480000 2251.672500
42.490000 2301.595000
42.500000 2294.065000
42.510000 2297.510000
42.520000 2346.967500
42.530000 2357.907500
42.540000 2393.672500
42.550000 2411.562500
42.560000 2565.305000
42.570000 2742.312500
42.580000 2771.277500
42.590000 2667.190000
42.600000 2605.505000
42.610000 2671.377500
42.620000 2708.715000
42.630000 2835.472500
42.640000 2852.717500
42.650000 2817.337500
42.660000 2959.270000
42.670000 3171.685000
42.680000 3237.290000
42.690000 3179.165000
42.700000 3079.405000
42.710000 2933.617500
42.720000 2833.777500
42.730000 2799.800000
42.740000 2746.915000
42.750000 2703.627500
42.760000 2806.710000
42.770000 2858.955000
42.780000 2861.682500
42.790000 2915.885000
42.800000 2808.907500
42.810000 2630.580000
42.820000 2555.700000
42.830000 2492.770000
42.840000 2474.605000
42.850000 2514.980000
42.860000 2593.367500
42.870000 2574.875000
42.880000 2468.677500
42.890000 2452.842500
42.900000 2498.330000
42.910000 2474.625000
42.920000 2463.005000
42.930000 2524.362500
42.940000 2464.315000
42.950000 2455.927500
42.960000 2541.667500
42.970000 2530.285000
42.980000 2535.567500
42.990000 2524.435000
43.000000 2554.635000
43.010000 2622.970000
43.020000 2670.785000
43.030000 2776.892500
43.040000 2777.810000
43.050000 2764.737500
43.060000 2816.370000
43.070000 2825.420000
43.080000 2867.130000
43.090000 2996.777500
43.100000 3028.615000
43.110000 3065.752500
43.120000 3137.040000
43.130000 3153.552500
43.140000 3210.457500
43.150000 3481.065000
43.160000 3723.465000
43.170000 3696.280000
43.180000 3782.285000
43.190000 4172.997500
43.200000 4366.667500
43.210000 4480.975000
43.220000 4986.662500
43.230000 5505.925000
43.240000 5707.420000
43.250000 6171.910000
43.260000 6805.180000
43.270000 7454.862500
43.280000 7912.855000
43.290000 8396.732500
43.300000 9340.745000
43.310000 10264.490000
43.320000 10811.520000
43.330000 11636.860000
43.340000 12728.215000
43.350000 13465.365000
43.360000 13429.990000
43.370000 13375.432500
43.380000 13489.507500
43.390000 13188.277500
43.400000 12970.055000
43.410000 12898.972500
43.420000 12665.202500
43.430000 12067.070000
43.440000 11798.130000
43.450000 11492.682500
43.460000 11400.097500
43.470000 11330.445000
43.480000 11391.290000
43.490000 11393.855000
43.500000 11025.270000
43.510000 11001.045000
43.520000 11057.645000
43.530000 10997.317500
43.540000 11226.962500
43.550000 11378.487500
43.560000 11286.385000
43.570000 11266.917500
43.580000 11384.807500
43.590000 11421.625000
43.600000 11175.705000
43.610000 10613.405000
43.620000 10249.372500
43.630000 10095.087500
43.640000 9859.220000
43.650000 9216.855000
43.660000 8790.985000
43.670000 8357.820000
43.680000 8258.215000
43.690000 8049.665000
43.700000 7688.925000
43.710000 7493.157500
43.720000 6936.197500
43.730000 6445.815000
43.740000 6188.867500
43.750000 5750.742500
43.760000 5295.215000
43.770000 5081.990000
43.780000 4541.995000
43.790000 4097.247500
43.800000 3933.495000
43.810000 3710.230000
43.820000 3401.270000
43.830000 3282.737500
43.840000 3279.485000
43.850000 3195.087500
43.860000 3128.615000
43.870000 3137.195000
43.880000 3022.437500
43.890000 2913.497500
43.900000 2825.667500
43.910000 2790.362500
43.920000 2586.312500
43.930000 2516.310000
43.940000 2491.920000
43.950000 2557.355000
43.960000 2650.090000
43.970000 2702.490000
43.980000 2662.725000
43.990000 2706.790000
44.000000 2561.032500
44.010000 2541.192500
44.020000 2576.437500
44.030000 2501.250000
44.040000 2359.072500
44.050000 2378.827500
44.060000 2375.620000
44.070000 2411.117500
44.080000 2470.377500
44.090000 2530.257500
44.100000 2490.250000
44.110000 2479.242500
44.120000 2344.337500
44.130000 2449.070000
44.140000 2612.852500
44.150000 2649.760000
44.160000 2552.027500
44.170000 2485.407500
44.180000 2504.015000
44.190000 2529.407500
44.200000 2511.945000
44.210000 2540.782500
44.220000 2481.275000
44.230000 2667.035000
44.240000 2798.607500
44.250000 2834.007500
44.260000 2682.567500
44.270000 2676.882500
44.280000 2872.877500
44.290000 2963.237500
44.300000 3038.347500
44.310000 3128.642500
44.320000 3107.322500
44.330000 3228.267500
44.340000 3438.180000
44.350000 3744.792500
44.360000 3829.155000
44.370000 3912.142500
44.380000 4107.857500
44.390000 4358.020000
44.400000 4514.337500
44.410000 4691.375000
44.420000 5097.677500
44.430000 5845.210000
44.440000 6014.917500
44.450000 6235.025000
44.460000 6803.785000
44.470000 7167.065000
44.480000 7755.135000
44.490000 7757.500000
44.500000 7818.727500
44.510000 7766.830000
44.520000 7676.775000
44.530000 7715.740000
44.540000 7431.652500
44.550000 6966.612500
44.560000 6785.320000
44.570000 6722.465000
44.580000 6146.602500
44.590000 5885.957500
44.600000 5810.330000
44.610000 5528.927500
44.620000 5265.487500
44.630000 5101.220000
44.640000 5125.717500
44.650000 4949.332500
44.660000 4662.252500
44.670000 4453.662500
44.680000 3899.895000
44.690000 3700.152500
44.700000 3551.880000
44.710000 3211.037500
44.720000 3095.562500
44.730000 3125.627500
44.740000 2848.787500
44.750000 2627.562500
44.760000 2549.782500
44.770000 2604.575000
44.780000 2617.545000
44.790000 2496.655000
44.800000 2387.487500
44.810000 2534.720000
44.820000 2588.297500
44.830000 2526.147500
44.840000 2625.232500
44.850000 2425.617500
44.860000 2261.000000
44.870000 2353.475000
44.880000 2415.532500
44.890000 2212.860000
44.900000 2213.280000
44.910000 2439.882500
44.920000 2371.887500
44.930000 2467.357500
44.940000 2353.375000
44.950000 2521.580000
44.960000 2478.240000
44.970000 2377.262500
44.980000 2560.487500
44.990000 2645.682500
45.000000 2528.097500
45.010000 2589.420000
45.020000 2895.547500
45.030000 2851.452500
45.040000 2870.922500
45.050000 2937.462500
45.060000 3173.435000
45.070000 3271.140000
45.080000 3507.647500
45.090000 3401.885000
45.100000 3437.232500
45.110000 3629.765000
45.120000 4134.262500
45.130000 4262.270000
45.140000 4324.312500
45.150000 4448.695000
45.160000 4689.885000
45.170000 4915.175000
45.180000 4885.420000
45.190000 4783.797500
45.200000 4792.562500
45.210000 4802.730000
45.220000 4681.762500
45.230000 4327.762500
45.240000 4214.760000
45.250000 4180.107500
45.260000 4289.227500
45.270000 4229.685000
45.280000 4143.242500
45.290000 4188.707500
45.300000 4327.412500
45.310000 4158.597500
45.320000 4168.905000
45.330000 4247.467500
45.340000 4443.325000
45.350000 4189.282500
45.360000 4093.667500
45.370000 4183.665000
45.380000 4198.217500
45.390000 4102.900000
45.400000 4282.642500
45.410000 4228.322500
45.420000 3808.740000
45.430000 3848.965000
45.440000 3715.662500
45.450000 3541.387500
45.460000 3466.297500
45.470000 3250.070000
45.480000 3067.097500
45.490000 3249.200000
45.500000 3200.320000
45.510000 3224.790000
45.520000 3084.815000
45.530000 3091.562500
45.540000 2837.085000
45.550000 2800.552500
45.560000 2783.642500
45.570000 2726.205000
45.580000 2643.557500
45.590000 2235.300000
45.600000 2208.780000
45.610000 2321.637500
45.620000 2260.390000
45.630000 2250.275000
45.640000 2322.377500
45.650000 2308.950000
45.660000 2236.262500
45.670000 2105.482500
45.680000 2036.212500
45.690000 1921.945000
45.700000 1837.275000
45.710000 1928.397500
45.720000 1917.525000
45.730000 1987.655000
45.740000 2125.460000
45.750000 2023.392500
45.760000 1985.322500
45.770000 2061.517500
45.780000 2019.860000
45.790000 2117.857500
45.800000 2117.232500
45.810000 2085.670000
45.820000 1951.892500
45.830000 1918.522500
45.840000 1878.180000
45.850000 1828.922500
45.860000 1802.012500
45.870000 1914.672500
45.880000 1909.745000
45.890000 1984.432500
45.900000 1930.927500
45.910000 1947.725000
45.920000 2048.247500
45.930000 1817.052500
45.940000 1942.115000
45.950000 1838.255000
45.960000 2079.570000
45.970000 1981.347500
45.980000 1847.430000
45.990000 1877.940000
46.000000 2076.175000
46.010000 2048.205000
46.020000 1901.412500
46.030000 1993.795000
46.040000 2023.025000
46.050000 1944.385000
46.060000 1977.200000
46.070000 1968.747500
46.080000 1850.257500
46.090000 1768.012500
46.100000 1859.695000
46.110000 1947.222500
46.120000 1843.060000
46.130000 1925.615000
46.140000 1999.017500
46.150000 1893.915000
46.160000 1860.732500
46.170000 2014.872500
46.180000 2013.277500
46.190000 1803.025000
46.200000 1738.420000
46.210000 1712.202500
46.220000 1869.927500
46.230000 2012.127500
46.240000 2096.242500
46.250000 2052.557500
46.260000 1909.540000
46.270000 1869.462500
46.280000 1887.420000
46.290000 1926.165000
46.300000 1981.507500
46.310000 1799.480000
46.320000 1628.265000
46.330000 1729.725000
46.340000 1860.475000
46.350000 1862.960000
46.360000 1926.065000
46.370000 1887.625000
46.380000 1875.000000
46.390000 1848.125000
46.400000 1774.662500
46.410000 1771.697500
46.420000 1848.305000
46.430000 1966.355000
46.440000 1971.785000
46.450000 1887.355000
46.460000 1906.212500
46.470000 1883.802500
46.480000 1875.000000
46.490000 1737.742500
46.500000 1804.282500
46.510000 1872.330000
46.520000 1915.737500
46.530000 1873.300000
46.540000 1851.890000
46.550000 1882.127500
46.560000 1904.482500
46.570000 1818.890000
46.580000 1861.740000
46.590000 2080.242500
46.600000 2040.332500
46.610000 1875.720000
46.620000 1852.222500
46.630000 1808.110000
46.640000 1797.925000
46.650000 1862.407500
46.660000 1814.890000
46.670000 1878.515000
46.680000 1877.410000
46.690000 1854.335000
46.700000 1893.032500
46.710000 1865.430000
46.720000 1947.762500
46.730000 1977.242500
46.740000 1896.052500
46.750000 1715.315000
46.760000 1773.005000
46.770000 2039.280000
46.780000 1969.055000
46.790000 1824.627500
46.800000 1755.905000
46.810000 1706.017500
46.820000 1608.750000
46.830000 1675.365000
46.840000 1822.595000
46.850000 1872.532500
46.860000 1875.000000
46.870000 1764.265000
46.880000 1739.905000
46.890000 1761.580000
46.900000 1812.837500
46.910000 1816.075000
46.920000 1768.200000
46.930000 1801.430000
46.940000 1790.827500
46.950000 1826.087500
46.960000 1872.630000
46.970000 1928.440000
46.980000 2023.050000
46.990000 2019.132500
47.000000 1888.380000
47.010000 1772.152500
47.020000 1802.637500
47.030000 1800.192500
47.040000 1926.450000
47.050000 1972.572500
47.060000 1838.080000
47.070000 1802.235000
47.080000 1930.647500
47.090000 2072.792500
47.100000 2014.272500
47.110000 1931.485000
47.120000 1932.717500
47.130000 1888.355000
47.140000 1890.205000
47.150000 1934.797500
47.160000 1907.815000
47.170000 1962.142500
47.180000 1997.865000
47.190000 1923.870000
47.200000 1992.442500
47.210000 2084.215000
47.220000 2120.627500
47.230000 2004.900000
47.240000 1909.647500
47.250000 1818.425000
47.260000 1726.035000
47.270000 1856.840000
47.280000 1973.452500
47.290000 1953.212500
47.300000 1918.330000
47.310000 1858.522500
47.320000 1805.155000
47.330000 1875.680000
47.340000 1839.810000
47.350000 1784.805000
47.360000 1811.197500
47.370000 1786.092500
47.380000 1743.802500
47.390000 1733.332500
47.400000 1757.355000
47.410000 1813.275000
47.420000 1794.020000
47.430000 1886.447500
47.440000 1926.632500
47.450000 1920.975000
47.460000 1982.800000
47.470000 1840.367500
47.480000 1675.812500
47.490000 1816.537500
47.500000 1903.937500
47.510000 1765.767500
47.520000 1728.997500
47.530000 1793.945000
47.540000 1784.980000
47.550000 1695.240000
47.560000 1650.640000
47.570000 1649.400000
47.580000 1672.795000
47.590000 1797.387500
47.600000 1870.112500
47.610000 1836.400000
47.620000 1851.600000
47.630000 1883.332500
47.640000 1926.600000
47.650000 1897.762500
47.660000 1824.760000
47.670000 1769.737500
47.680000 1771.707500
47.690000 1842.022500
47.700000 1786.755000
47.710000 1825.535000
47.720000 1854.190000
47.730000 1791.540000
47.740000 1816.667500
47.750000 1841.297500
47.760000 1858.497500
47.770000 1813.420000
47.780000 1803.310000
47.790000 1821.260000
47.800000 1844.367500
47.810000 1859.432500
47.820000 1785.775000
47.830000 1835.847500
47.840000 1969.612500
47.850000 2046.297500
47.860000 2112.215000
47.870000 2000.820000
47.880000 1897.395000
47.890000 1975.362500
47.900000 1986.995000
47.910000 1975.687500
47.920000 2118.175000
47.930000 2260.362500
47.940000 2331.675000
47.950000 2387.967500
47.960000 2401.722500
47.970000 2421.342500
47.980000 2478.492500
47.990000 2572.797500
48.000000 2526.942500
48.010000 2509.597500
48.020000 2571.562500
48.030000 2462.650000
48.040000 2352.612500
48.050000 2315.867500
48.060000 2277.777500
48.070000 2213.460000
48.080000 2156.862500
48.090000 2142.792500
48.100000 2125.282500
48.110000 2193.802500
48.120000 2221.497500
48.130000 2183.307500
48.140000 2211.640000
48.150000 2196.947500
48.160000 2150.337500
48.170000 2027.640000
48.180000 1907.245000
48.190000 1983.965000
48.200000 2021.817500
48.210000 1985.042500
48.220000 1917.625000
48.230000 1897.907500
48.240000 1877.332500
48.250000 1797.287500
48.260000 1857.047500
48.270000 1990.025000
48.280000 1827.595000
48.290000 1771.905000
48.300000 1902.975000
48.310000 1849.245000
48.320000 1732.865000
48.330000 1725.405000
48.340000 1782.150000
48.350000 1872.687500
48.360000 1880.050000
48.370000 1858.640000
48.380000 1911.322500
48.390000 1952.787500
48.400000 1963.865000
48.410000 1958.527500
48.420000 1938.622500
48.430000 1982.887500
48.440000 2064.950000
48.450000 2126.745000
48.460000 2054.870000
48.470000 2143.580000
48.480000 2293.190000
48.490000 2289.517500
48.500000 2181.440000
48.510000 2236.930000
48.520000 2469.467500
48.530000 2566.735000
48.540000 2552.832500
48.550000 2663.235000
48.560000 2662.850000
48.570000 2732.102500
48.580000 3049.025000
48.590000 3247.535000
48.600000 3313.827500
48.610000 3393.990000
48.620000 3406.910000
48.630000 3456.952500
48.640000 3534.882500
48.650000 3548.025000
48.660000 3584.520000
48.670000 3388.467500
48.680000 3210.137500
48.690000 3191.667500
48.700000 3157.522500
48.710000 3125.945000
48.720000 3241.332500
48.730000 3004.090000
48.740000 3027.322500
48.750000 2944.802500
48.760000 2786.872500
48.770000 2630.927500
48.780000 2489.167500
48.790000 2394.170000
48.800000 2407.670000
48.810000 2491.960000
48.820000 2344.442500
48.830000 2126.857500
48.840000 2135.170000
48.850000 2128.960000
48.860000 2092.302500
48.870000 2082.457500
48.880000 1916.242500
48.890000 1895.442500
48.900000 1934.832500
48.910000 1898.210000
48.920000 1878.325000
48.930000 1953.400000
48.940000 1923.595000
48.950000 1872.120000
48.960000 1828.160000
48.970000 1819.840000
48.980000 1751.140000
48.990000 1877.280000
49.000000 1933.970000
49.010000 1947.005000
49.020000 1828.282500
49.030000 1854.722500
49.040000 1711.030000
49.050000 1723.577500
49.060000 1925.000000
49.070000 1923.655000
49.080000 1924.607500
49.090000 1953.647500
49.100000 1882.052500
49.110000 1862.410000
49.120000 1778.055000
49.130000 1737.695000
49.140000 1926.082500
49.150000 1750.927500
49.160000 1847.970000
49.170000 1794.632500
49.180000 1872.210000
49.190000 1903.985000
49.200000 1881.392500
49.210000 1912.472500
49.220000 1822.955000
49.230000 1806.332500
49.240000 1790.687500
49.250000 1787.165000
49.260000 1824.157500
49.270000 1871.442500
49.280000 1779.465000
49.290000 1818.410000
49.300000 1842.682500
49.310000 1920.857500
49.320000 1894.630000
49.330000 2003.927500
49.340000 2034.030000
49.350000 1956.107500
49.360000 1936.215000
49.370000 1949.195000
49.380000 1752.237500
49.390000 1699.070000
49.400000 1889.040000
49.410000 1955.270000
49.420000 1927.302500
49.430000 2060.975000
49.440000 1977.857500
49.450000 1913.675000
49.460000 2117.170000
49.470000 2120.655000
49.480000 2065.215000
49.490000 2332.910000
49.500000 2475.835000
49.510000 2484.537500
49.520000 2339.795000
49.530000 2304.937500
49.540000 2416.005000
49.550000 2410.830000
49.560000 2694.545000
49.570000 2771.540000
49.580000 2670.087500
49.590000 2791.575000
49.600000 3097.697500
49.610000 3343.997500
49.620000 3453.310000
49.630000 3627.040000
49.640000 3751.485000
49.650000 3859.352500
49.660000 3951.205000
49.670000 4092.257500
49.680000 4191.722500
49.690000 4208.107500
49.700000 3883.955000
49.710000 3750.602500
49.720000 3700.355000
49.730000 3534.955000
49.740000 3187.650000
49.750000 3322.882500
49.760000 3374.122500
49.770000 3170.865000
49.780000 3166.667500
49.790000 3199.155000
49.800000 3037.997500
49.810000 3009.097500
49.820000 3072.787500
49.830000 3131.245000
49.840000 2924.990000
49.850000 2820.770000
49.860000 2697.120000
49.870000 2906.262500
49.880000 2773.995000
49.890000 2521.627500
49.900000 2382.210000
49.910000 2296.390000
49.920000 2275.987500
49.930000 2353.175000
49.940000 2498.657500
49.950000 2461.690000
49.960000 2256.775000
49.970000 2179.822500
49.980000 2236.670000
49.990000 2295.475000
