5.035236 3393.000000
5.051936 3426.000000
5.068635 3339.000000
5.085335 3222.000000
5.102035 3316.000000
5.118735 3368.000000
5.135435 3317.000000
5.152135 3411.000000
5.168835 3349.000000
5.185634 3396.000000
5.202334 3294.000000
5.219034 3358.000000
5.235734 3286.000000
5.252434 3255.000000
5.269134 3325.000000
5.285834 3265.000000
5.302534 3196.000000
5.319233 3253.000000
5.336033 3182.000000
5.352733 3326.000000
5.369433 3263.000000
5.386133 3246.000000
5.402833 3243.000000
5.419533 3219.000000
5.436232 3297.000000
5.452932 3231.000000
5.469632 3215.000000
5.486432 3269.000000
5.503132 3300.000000
5.519832 3258.000000
5.536532 3362.000000
5.553231 3254.000000
5.569931 3234.000000
5.586631 3305.000000
5.603331 3226.000000
5.620131 3255.000000
5.636831 3193.000000
5.653530 3234.000000
5.670230 3351.000000
5.686930 3202.000000
5.703630 3297.000000
5.720330 3117.000000
5.737030 3222.000000
5.753730 3170.000000
5.770529 3224.000000
5.787229 3200.000000
5.803929 3104.000000
5.820629 3191.000000
5.837329 3206.000000
5.854029 3119.000000
5.870728 3202.000000
5.887428 3184.000000
5.904128 3106.000000
5.920928 3096.000000
5.937628 3178.000000
5.954328 3113.000000
5.971028 3248.000000
5.987727 3113.000000
6.004427 3166.000000
6.021127 3113.000000
6.037827 3203.000000
6.054527 3205.000000
6.071327 3156.000000
6.088026 3133.000000
6.104726 3072.000000
6.121426 3236.000000
6.138126 2982.000000
6.154826 3225.000000
6.171526 3090.000000
6.188225 3014.000000
6.204925 3023.000000
6.221725 3168.000000
6.238425 3125.000000
6.255125 3115.000000
6.271825 3114.000000
6.288524 3159.000000
6.305224 3098.000000
6.321924 2996.000000
6.338624 3029.000000
6.355324 3012.000000
6.372124 2971.000000
6.388823 2983.000000
6.405523 3039.000000
6.422223 3027.000000
6.438923 3174.000000
6.455623 2895.000000
6.472323 3039.000000
6.489022 2881.000000
6.505722 3001.000000
6.522522 3089.000000
6.539222 3099.000000
6.555922 3006.000000
6.572622 2956.000000
6.589321 3070.000000
6.606021 3092.000000
6.622721 3050.000000
6.639421 2977.000000
6.656121 2902.000000
6.672921 2932.000000
6.689620 2991.000000
6.706320 3045.000000
6.723020 3097.000000
6.739720 2974.000000
6.756420 2914.000000
6.773119 2911.000000
6.789819 3002.000000
6.806619 2920.000000
6.823319 2984.000000
6.840019 2902.000000
6.856719 2930.000000
6.873418 2875.000000
6.890118 2970.000000
6.906818 2807.000000
6.923518 2918.000000
6.940218 2950.000000
6.957017 2901.000000
6.973717 2837.000000
6.990417 2871.000000
7.007117 2934.000000
7.023817 2774.000000
7.040517 2871.000000
7.057216 2865.000000
7.073916 2796.000000
7.090616 2947.000000
7.107416 2734.000000
7.124116 2835.000000
7.140815 2736.000000
7.157515 2818.000000
7.174215 2851.000000
7.190915 2927.000000
7.207615 2842.000000
7.224314 2874.000000
7.241014 2861.000000
7.257814 2791.000000
7.274514 2820.000000
7.291214 2918.000000
7.307914 2822.000000
7.324613 2885.000000
7.341313 2834.000000
7.358013 2852.000000
7.374713 2903.000000
7.391413 2817.000000
7.408212 2887.000000
7.424912 2994.000000
7.441612 2934.000000
7.458312 2968.000000
7.475012 3041.000000
7.491711 3143.000000
7.508411 3117.000000
7.525111 3295.000000
7.541811 3505.000000
7.558611 3524.000000
7.575310 3530.000000
7.592010 3318.000000
7.608710 3072.000000
7.625410 2799.000000
7.642110 2854.000000
7.658809 2776.000000
7.675509 2716.000000
7.692209 2728.000000
7.709009 2775.000000
7.725709 2655.000000
7.742408 2778.000000
7.759108 2735.000000
7.775808 2812.000000
7.792508 2693.000000
7.809208 2586.000000
7.825907 2654.000000
7.842607 2721.000000
7.859407 2749.000000
7.876107 2735.000000
7.892806 2717.000000
7.909506 2617.000000
7.926206 2757.000000
7.942906 2612.000000
7.959606 2682.000000
7.976305 2645.000000
7.993105 2712.000000
8.009805 2700.000000
8.026505 2633.000000
8.043205 2598.000000
8.059904 2612.000000
8.076604 2563.000000
8.093304 2646.000000
8.110004 2594.000000
8.126704 2537.000000
8.143503 2689.000000
8.160203 2666.000000
8.176903 2579.000000
8.193603 2612.000000
8.210302 2616.000000
8.227002 2521.000000
8.243702 2572.000000
8.260402 2612.000000
8.277102 2604.000000
8.293901 2662.000000
8.310601 2678.000000
8.327301 2581.000000
8.344001 2569.000000
8.360700 2562.000000
8.377400 2522.000000
8.394100 2674.000000
8.410800 2596.000000
8.427500 2563.000000
8.444299 2657.000000
8.460999 2569.000000
8.477699 2586.000000
8.494399 2456.000000
8.511098 2592.000000
8.527798 2555.000000
8.544498 2573.000000
8.561198 2523.000000
8.577898 2414.000000
8.594697 2492.000000
8.611397 2497.000000
8.628097 2470.000000
8.644797 2453.000000
8.661496 2546.000000
8.678196 2425.000000
8.694896 2477.000000
8.711596 2519.000000
8.728295 2514.000000
8.745095 2497.000000
8.761795 2494.000000
8.778495 2430.000000
8.795195 2429.000000
8.811894 2460.000000
8.828594 2415.000000
8.845294 2494.000000
8.861994 2483.000000
8.878693 2356.000000
8.895493 2432.000000
8.912193 2500.000000
8.928893 2435.000000
8.945592 2494.000000
8.962292 2431.000000
8.978992 2373.000000
8.995692 2392.000000
9.012391 2411.000000
9.029091 2404.000000
9.045891 2370.000000
9.062591 2331.000000
9.079291 2523.000000
9.095990 2462.000000
9.112690 2433.000000
9.129390 2424.000000
9.146090 2393.000000
9.162789 2346.000000
9.179589 2342.000000
9.196289 2337.000000
9.212989 2364.000000
9.229688 2332.000000
9.246388 2360.000000
9.263088 2303.000000
9.279788 2441.000000
9.296487 2389.000000
9.313187 2348.000000
9.329987 2268.000000
9.346687 2278.000000
9.363386 2428.000000
9.380086 2235.000000
9.396786 2316.000000
9.413486 2379.000000
9.430185 2285.000000
9.446885 2403.000000
9.463585 2349.000000
9.480385 2321.000000
9.497084 2301.000000
9.513784 2276.000000
9.530484 2223.000000
9.547184 2325.000000
9.563883 2326.000000
9.580583 2288.000000
9.597283 2356.000000
9.613983 2323.000000
9.630782 2277.000000
9.647482 2280.000000
9.664182 2262.000000
9.680882 2233.000000
9.697581 2327.000000
9.714281 2246.000000
9.730981 2296.000000
9.747681 2312.000000
9.764380 2308.000000
9.781180 2214.000000
9.797880 2246.000000
9.814580 2225.000000
9.831279 2193.000000
9.847979 2264.000000
9.864679 2275.000000
9.881378 2270.000000
9.898078 2273.000000
9.914778 2218.000000
9.931578 2210.000000
9.948277 2194.000000
9.964977 2153.000000
9.981677 2190.000000
9.998377 2165.000000
10.015076 2246.000000
10.031776 2280.000000
10.048476 2217.000000
10.065176 2173.000000
10.081975 2148.000000
10.098675 2249.000000
10.115375 2134.000000
10.132075 2159.000000
10.148774 2209.000000
10.165474 2035.000000
10.182174 2167.000000
10.198873 2125.000000
10.215573 2223.000000
10.232373 2219.000000
10.249073 2144.000000
10.265772 2196.000000
10.282472 2243.000000
10.299172 2143.000000
10.315872 2167.000000
10.332571 2126.000000
10.349271 2220.000000
10.366071 2194.000000
10.382770 2044.000000
10.399470 2101.000000
10.416170 2231.000000
10.432870 2133.000000
10.449569 2179.000000
10.466269 2111.000000
10.482969 2165.000000
10.499669 2136.000000
10.516468 2057.000000
10.533168 2044.000000
10.549868 2106.000000
10.566567 2052.000000
10.583267 2019.000000
10.599967 2057.000000
10.616667 2117.000000
10.633366 2001.000000
10.650066 2080.000000
10.666866 2090.000000
10.683565 2007.000000
10.700265 2053.000000
10.716965 1929.000000
10.733665 2067.000000
10.750364 2110.000000
10.767064 2079.000000
10.783764 2008.000000
10.800463 2084.000000
10.817263 2055.000000
10.833963 1963.000000
10.850663 2024.000000
10.867362 2064.000000
10.884062 1979.000000
10.900762 2002.000000
10.917461 1966.000000
10.934161 2025.000000
10.950861 2018.000000
10.967661 1971.000000
10.984360 1959.000000
11.001060 1944.000000
11.017760 1958.000000
11.034459 1967.000000
11.051159 1928.000000
11.067859 2008.000000
11.084559 1922.000000
11.101258 1995.000000
11.118058 1929.000000
11.134758 1902.000000
11.151457 1961.000000
11.168157 1890.000000
11.184857 2003.000000
11.201556 1918.000000
11.218256 1941.000000
11.234956 1992.000000
11.251656 1917.000000
11.268455 1937.000000
11.285155 1939.000000
11.301855 1864.000000
11.318554 1951.000000
11.335254 1892.000000
11.351954 1866.000000
11.368653 1882.000000
11.385353 1872.000000
11.402053 1920.000000
11.418853 1911.000000
11.435552 1896.000000
11.452252 1938.000000
11.468952 1888.000000
11.485651 1903.000000
11.502351 1872.000000
11.519051 1841.000000
11.535750 1782.000000
11.552550 1839.000000
11.569250 1887.000000
11.585950 1942.000000
11.602649 1927.000000
11.619349 1839.000000
11.636049 1810.000000
11.652748 1854.000000
11.669448 1818.000000
11.686148 1846.000000
11.702947 1801.000000
11.719647 1776.000000
11.736347 1788.000000
11.753046 1793.000000
11.769746 1830.000000
11.786446 1913.000000
11.803146 1860.000000
11.819845 1861.000000
11.836545 1780.000000
11.853345 1841.000000
11.870044 1826.000000
11.886744 1767.000000
11.903444 1797.000000
11.920143 1801.000000
11.936843 1790.000000
11.953543 1830.000000
11.970242 1797.000000
11.986942 1844.000000
12.003742 1890.000000
12.020441 1787.000000
12.037141 1738.000000
12.053841 1721.000000
12.070540 1714.000000
12.087240 1796.000000
12.103940 1703.000000
12.120640 1698.000000
12.137339 1814.000000
12.154139 1726.000000
12.170839 1796.000000
12.187538 1768.000000
12.204238 1672.000000
12.220938 1679.000000
12.237637 1680.000000
12.254337 1758.000000
12.271037 1609.000000
12.287736 1735.000000
12.304536 1751.000000
12.321236 1638.000000
12.337935 1711.000000
12.354635 1739.000000
12.371335 1698.000000
12.388034 1667.000000
12.404734 1674.000000
12.421434 1635.000000
12.438133 1700.000000
12.454933 1676.000000
12.471633 1731.000000
12.488332 1659.000000
12.505032 1600.000000
12.521732 1679.000000
12.538431 1652.000000
12.555131 1674.000000
12.571831 1698.000000
12.588530 1610.000000
12.605330 1651.000000
12.622030 1686.000000
12.638729 1586.000000
12.655429 1567.000000
12.672129 1578.000000
12.688828 1692.000000
12.705528 1607.000000
12.722228 1597.000000
12.739027 1554.000000
12.755727 1666.000000
12.772427 1582.000000
12.789126 1529.000000
12.805826 1671.000000
12.822526 1515.000000
12.839225 1552.000000
12.855925 1592.000000
12.872625 1703.000000
12.889424 1648.000000
12.906124 1595.000000
12.922824 1639.000000
12.939523 1556.000000
12.956223 1572.000000
12.972923 1562.000000
12.989622 1529.000000
13.006322 1541.000000
13.023022 1552.000000
13.039821 1611.000000
13.056521 1538.000000
13.073221 1492.000000
13.089920 1573.000000
13.106620 1533.000000
13.123319 1524.000000
13.140019 1500.000000
13.156719 1550.000000
13.173418 1545.000000
13.190218 1500.000000
13.206918 1538.000000
13.223617 1537.000000
13.240317 1433.000000
13.257017 1506.000000
13.273716 1465.000000
13.290416 1509.000000
13.307116 1437.000000
13.323815 1441.000000
13.340615 1474.000000
13.357315 1440.000000
13.374014 1474.000000
13.390714 1494.000000
13.407414 1469.000000
13.424113 1507.000000
13.440813 1451.000000
13.457512 1488.000000
13.474212 1392.000000
13.491012 1404.000000
13.507711 1531.000000
13.524411 1389.000000
13.541111 1506.000000
13.557810 1453.000000
13.574510 1467.000000
13.591210 1425.000000
13.607909 1485.000000
13.624609 1452.000000
13.641409 1366.000000
13.658108 1392.000000
13.674808 1439.000000
13.691507 1376.000000
13.708207 1465.000000
13.724907 1410.000000
13.741606 1415.000000
13.758306 1486.000000
13.775006 1387.000000
13.791805 1370.000000
13.808505 1324.000000
13.825205 1347.000000
13.841904 1370.000000
13.858604 1358.000000
13.875303 1421.000000
13.892003 1306.000000
13.908703 1366.000000
13.925502 1356.000000
13.942202 1327.000000
13.958902 1393.000000
13.975601 1395.000000
13.992301 1404.000000
14.009000 1335.000000
14.025700 1371.000000
14.042400 1310.000000
14.059099 1373.000000
14.075899 1333.000000
14.092599 1316.000000
14.109298 1333.000000
14.125998 1296.000000
14.142697 1310.000000
14.159397 1338.000000
14.176097 1319.000000
14.192796 1362.000000
14.209496 1356.000000
14.226296 1335.000000
14.242995 1274.000000
14.259695 1291.000000
14.276394 1310.000000
14.293094 1329.000000
14.309794 1297.000000
14.326493 1422.000000
14.343193 1239.000000
14.359893 1340.000000
14.376692 1285.000000
14.393392 1343.000000
14.410091 1308.000000
14.426791 1357.000000
14.443491 1235.000000
14.460190 1281.000000
14.476890 1319.000000
14.493590 1318.000000
14.510289 1275.000000
14.527089 1206.000000
14.543788 1309.000000
14.560488 1249.000000
14.577188 1249.000000
14.593887 1197.000000
14.610587 1215.000000
14.627286 1203.000000
14.643986 1269.000000
14.660686 1179.000000
14.677485 1316.000000
14.694185 1207.000000
14.710885 1224.000000
14.727584 1247.000000
14.744284 1206.000000
14.760983 1186.000000
14.777683 1226.000000
14.794383 1177.000000
14.811082 1245.000000
14.827882 1318.000000
14.844581 1241.000000
14.861281 1278.000000
14.877981 1198.000000
14.894680 1244.000000
14.911380 1271.000000
14.928079 1238.000000
14.944779 1194.000000
14.961479 1246.000000
14.978278 1287.000000
14.994978 1287.000000
15.011677 1386.000000
15.028377 1317.000000
15.045077 1397.000000
15.061776 1552.000000
15.078476 1602.000000
15.095175 1880.000000
15.111975 2035.000000
15.128675 2353.000000
15.145374 2762.000000
15.162074 2880.000000
15.178773 2846.000000
15.195473 2521.000000
15.212173 2258.000000
15.228872 1997.000000
15.245572 1642.000000
15.262371 1395.000000
15.279071 1279.000000
15.295771 1234.000000
15.312470 1269.000000
15.329170 1172.000000
15.345869 1156.000000
15.362569 1105.000000
15.379269 1166.000000
15.395968 1100.000000
15.412768 1151.000000
15.429467 1159.000000
15.446167 1098.000000
15.462867 1151.000000
15.479566 1206.000000
15.496266 1145.000000
15.512965 1124.000000
15.529665 1162.000000
15.546365 1116.000000
15.563164 1065.000000
15.579864 1115.000000
15.596563 1099.000000
15.613263 1118.000000
15.629962 1164.000000
15.646662 1118.000000
15.663362 1148.000000
15.680061 1095.000000
15.696761 1116.000000
15.713560 1086.000000
15.730260 1076.000000
15.746960 1115.000000
15.763659 1095.000000
15.780359 1101.000000
15.797058 1147.000000
15.813758 1094.000000
15.830457 1134.000000
15.847157 1084.000000
15.863957 1118.000000
15.880656 1067.000000
15.897356 1037.000000
15.914055 1115.000000
15.930755 1054.000000
15.947455 1132.000000
15.964154 1118.000000
15.980854 1129.000000
15.997553 1077.000000
16.014353 1056.000000
16.031052 1047.000000
16.047752 1062.000000
16.064452 1073.000000
16.081151 1076.000000
16.097851 1092.000000
16.114550 1097.000000
16.131250 1023.000000
16.147949 1085.000000
16.164749 988.000000
16.181449 1113.000000
16.198148 1093.000000
16.214848 1124.000000
16.231547 1029.000000
16.248247 1117.000000
16.264946 1091.000000
16.281646 1022.000000
16.298446 984.000000
16.315145 1138.000000
16.331845 1073.000000
16.348544 1106.000000
16.365244 1054.000000
16.381943 1007.000000
16.398643 984.000000
16.415343 1097.000000
16.432042 1027.000000
16.448842 1047.000000
16.465541 1052.000000
16.482241 1071.000000
16.498940 1031.000000
16.515640 1046.000000
16.532340 1017.000000
16.549039 1037.000000
16.565739 1028.000000
16.582438 1041.000000
16.599238 1046.000000
16.615937 1028.000000
16.632637 1041.000000
16.649336 997.000000
16.666036 1049.000000
16.682736 1106.000000
16.699435 1020.000000
16.716135 996.000000
16.732834 1047.000000
16.749634 1004.000000
16.766333 1037.000000
16.783033 1004.000000
16.799732 1059.000000
16.816432 1012.000000
16.833132 977.000000
16.849831 1030.000000
16.866531 972.000000
16.883230 988.000000
16.900030 977.000000
16.916729 1003.000000
16.933429 975.000000
16.950128 1013.000000
16.966828 994.000000
16.983528 1055.000000
17.000227 1017.000000
17.016927 1022.000000
17.033626 1092.000000
17.050426 979.000000
17.067125 961.000000
17.083825 1000.000000
17.100524 974.000000
17.117224 1011.000000
17.133924 1028.000000
17.150623 1002.000000
17.167323 1062.000000
17.184022 995.000000
17.200822 964.000000
17.217521 909.000000
17.234221 922.000000
17.250920 1014.000000
17.267620 1069.000000
17.284319 989.000000
17.301019 990.000000
17.317719 945.000000
17.334518 1047.000000
17.351218 966.000000
17.367917 997.000000
17.384617 1037.000000
17.401316 999.000000
17.418016 928.000000
17.434715 966.000000
17.451415 941.000000
17.468114 1046.000000
17.484914 985.000000
17.501613 1013.000000
17.518313 993.000000
17.535013 1023.000000
17.551712 1004.000000
17.568412 926.000000
17.585111 973.000000
17.601811 965.000000
17.618510 1034.000000
17.635310 982.000000
17.652009 973.000000
17.668709 953.000000
17.685408 971.000000
17.702108 980.000000
17.718807 971.000000
17.735507 931.000000
17.752206 941.000000
17.768906 943.000000
17.785706 973.000000
17.802405 992.000000
17.819105 1011.000000
17.835804 983.000000
17.852504 964.000000
17.869203 923.000000
17.885903 991.000000
17.902602 1031.000000
17.919302 984.000000
17.936101 939.000000
17.952801 1011.000000
17.969500 959.000000
17.986200 982.000000
18.002899 964.000000
18.019599 1014.000000
18.036298 948.000000
18.052998 972.000000
18.069697 995.000000
18.086497 962.000000
18.103197 1018.000000
18.119896 915.000000
18.136596 972.000000
18.153295 961.000000
18.169995 886.000000
18.186694 919.000000
18.203394 929.000000
18.220093 891.000000
18.236893 976.000000
18.253592 944.000000
18.270292 887.000000
18.286991 991.000000
18.303691 866.000000
18.320390 936.000000
18.337090 930.000000
18.353789 932.000000
18.370489 923.000000
18.387288 913.000000
18.403988 902.000000
18.420687 936.000000
18.437387 895.000000
18.454086 915.000000
18.470786 956.000000
18.487485 943.000000
18.504185 853.000000
18.520884 930.000000
18.537684 962.000000
18.554383 883.000000
18.571083 916.000000
18.587782 891.000000
18.604482 896.000000
18.621182 913.000000
18.637881 890.000000
18.654581 871.000000
18.671380 916.000000
18.688080 934.000000
18.704779 912.000000
18.721479 923.000000
18.738178 915.000000
18.754878 949.000000
18.771577 942.000000
18.788277 910.000000
18.804976 870.000000
18.821776 882.000000
18.838475 973.000000
18.855175 934.000000
18.871874 928.000000
18.888574 883.000000
18.905273 886.000000
18.921973 886.000000
18.938672 870.000000
18.955372 930.000000
18.972171 889.000000
18.988871 868.000000
19.005570 918.000000
19.022270 895.000000
19.038969 894.000000
19.055669 923.000000
19.072368 905.000000
19.089068 962.000000
19.105767 862.000000
19.122567 938.000000
19.139266 894.000000
19.155966 883.000000
19.172665 805.000000
19.189365 934.000000
19.206064 928.000000
19.222764 886.000000
19.239463 909.000000
19.256163 869.000000
19.272962 889.000000
19.289662 937.000000
19.306361 883.000000
19.323060 959.000000
19.339760 884.000000
19.356459 918.000000
19.373159 903.000000
19.389858 925.000000
19.406558 904.000000
19.423357 928.000000
19.440057 936.000000
19.456756 962.000000
19.473456 919.000000
19.490155 916.000000
19.506855 887.000000
19.523554 865.000000
19.540254 945.000000
19.556953 936.000000
19.573753 931.000000
19.590452 918.000000
19.607152 915.000000
19.623851 965.000000
19.640551 877.000000
19.657250 870.000000
19.673950 871.000000
19.690649 851.000000
19.707349 920.000000
19.724148 899.000000
19.740848 858.000000
19.757547 917.000000
19.774247 906.000000
19.790946 877.000000
19.807646 873.000000
19.824345 891.000000
19.841044 933.000000
19.857844 893.000000
19.874543 863.000000
19.891243 882.000000
19.907942 892.000000
19.924642 903.000000
19.941341 875.000000
19.958041 895.000000
19.974740 863.000000
19.991440 851.000000
20.008239 832.000000
20.024939 903.000000
20.041638 843.000000
20.058338 818.000000
20.075037 910.000000
20.091737 844.000000
20.108436 863.000000
20.125136 824.000000
20.141835 824.000000
20.158634 863.000000
20.175334 932.000000
20.192033 880.000000
20.208733 895.000000
20.225432 856.000000
20.242132 823.000000
20.258831 846.000000
20.275531 806.000000
20.292230 866.000000
20.309030 896.000000
20.325729 827.000000
20.342429 906.000000
20.359128 919.000000
20.375827 871.000000
20.392527 878.000000
20.409226 887.000000
20.425926 888.000000
20.442625 907.000000
20.459425 891.000000
20.476124 891.000000
20.492824 845.000000
20.509523 866.000000
20.526223 924.000000
20.542922 917.000000
20.559622 935.000000
20.576321 936.000000
20.593020 932.000000
20.609820 904.000000
20.626519 924.000000
20.643219 897.000000
20.659918 872.000000
20.676618 878.000000
20.693317 879.000000
20.710017 868.000000
20.726716 843.000000
20.743416 854.000000
20.760215 867.000000
20.776914 821.000000
20.793614 857.000000
20.810313 883.000000
20.827013 849.000000
20.843712 801.000000
20.860412 851.000000
20.877111 834.000000
20.893911 831.000000
20.910610 893.000000
20.927310 870.000000
20.944009 878.000000
20.960708 892.000000
20.977408 898.000000
20.994107 811.000000
21.010807 804.000000
21.027506 812.000000
21.044306 829.000000
21.061005 905.000000
21.077705 865.000000
21.094404 899.000000
21.111103 868.000000
21.127803 827.000000
21.144502 859.000000
21.161202 889.000000
21.177901 834.000000
21.194701 881.000000
21.211400 869.000000
21.228100 873.000000
21.244799 906.000000
21.261498 881.000000
21.278198 835.000000
21.294897 863.000000
21.311597 829.000000
21.328296 841.000000
21.345096 875.000000
21.361795 870.000000
21.378494 857.000000
21.395194 887.000000
21.411893 860.000000
21.428593 871.000000
21.445292 890.000000
21.461992 925.000000
21.478691 834.000000
21.495491 811.000000
21.512190 832.000000
21.528889 830.000000
21.545589 815.000000
21.562288 887.000000
21.578988 862.000000
21.595687 909.000000
21.612387 910.000000
21.629086 931.000000
21.645885 880.000000
21.662585 897.000000
21.679284 844.000000
21.695984 848.000000
21.712683 860.000000
21.729383 874.000000
21.746082 859.000000
21.762781 864.000000
21.779481 865.000000
21.796280 835.000000
21.812980 811.000000
21.829679 892.000000
21.846379 824.000000
21.863078 833.000000
21.879777 865.000000
21.896477 834.000000
21.913176 872.000000
21.929876 846.000000
21.946675 822.000000
21.963374 852.000000
21.980074 925.000000
21.996773 915.000000
22.013473 853.000000
22.030172 816.000000
22.046872 903.000000
22.063571 882.000000
22.080270 920.000000
22.097070 827.000000
22.113769 844.000000
22.130469 857.000000
22.147168 920.000000
22.163867 911.000000
22.180567 883.000000
22.197266 833.000000
22.213966 915.000000
22.230765 858.000000
22.247465 856.000000
22.264164 915.000000
22.280863 881.000000
22.297563 882.000000
22.314262 865.000000
22.330962 870.000000
22.347661 798.000000
22.364360 833.000000
22.381160 856.000000
22.397859 876.000000
22.414559 891.000000
22.431258 842.000000
22.447957 886.000000
22.464657 920.000000
22.481356 872.000000
22.498056 883.000000
22.514755 876.000000
22.531555 971.000000
22.548254 906.000000
22.564953 904.000000
22.581653 910.000000
22.598352 969.000000
22.615052 1046.000000
22.631751 1077.000000
22.648450 1000.000000
22.665150 1111.000000
22.681949 1277.000000
22.698649 1380.000000
22.715348 1535.000000
22.732047 1869.000000
22.748747 2243.000000
22.765446 2874.000000
22.782146 3682.000000
22.798845 4623.000000
22.815544 5532.000000
22.832344 5981.000000
22.849043 6196.000000
22.865743 5921.000000
22.882442 5389.000000
22.899141 4511.000000
22.915841 3768.000000
22.932540 2934.000000
22.949240 2413.000000
22.965939 1945.000000
22.982738 1642.000000
22.999438 1351.000000
23.016137 1303.000000
23.032837 1280.000000
23.049536 1290.000000
23.066235 1228.000000
23.082935 1314.000000
23.099634 1334.000000
23.116333 1430.000000
23.133133 1454.000000
23.149832 1438.000000
23.166532 1452.000000
23.183231 1406.000000
23.199930 1290.000000
23.216630 1289.000000
23.233329 1176.000000
23.250029 1092.000000
23.266828 1033.000000
23.283527 985.000000
23.300227 953.000000
23.316926 924.000000
23.333626 895.000000
23.350325 867.000000
23.367024 869.000000
23.383724 917.000000
23.400423 919.000000
23.417222 899.000000
23.433922 845.000000
23.450621 813.000000
23.467321 861.000000
23.484020 886.000000
23.500719 792.000000
23.517419 839.000000
23.534118 835.000000
23.550818 817.000000
23.567617 836.000000
23.584316 900.000000
23.601016 837.000000
23.617715 832.000000
23.634414 873.000000
23.651114 935.000000
23.667813 898.000000
23.684513 947.000000
23.701212 994.000000
23.718011 926.000000
23.734711 1006.000000
23.751410 1029.000000
23.768109 1085.000000
23.784809 1064.000000
23.801508 1156.000000
23.818208 1110.000000
23.834907 1220.000000
23.851606 1276.000000
23.868406 1251.000000
23.885105 1221.000000
23.901804 1191.000000
23.918504 1138.000000
23.935203 1097.000000
23.951903 1092.000000
23.968602 1056.000000
23.985301 1032.000000
24.002001 996.000000
24.018800 1055.000000
24.035499 1001.000000
24.052199 1025.000000
24.068898 1037.000000
24.085597 990.000000
24.102297 991.000000
24.118996 1015.000000
24.135696 954.000000
24.152395 1028.000000
24.169194 958.000000
24.185894 971.000000
24.202593 987.000000
24.219292 929.000000
24.235992 1067.000000
24.252691 1005.000000
24.269390 1065.000000
24.286090 1029.000000
24.302789 965.000000
24.319589 928.000000
24.336288 945.000000
24.352987 873.000000
24.369687 862.000000
24.386386 930.000000
24.403085 910.000000
24.419785 874.000000
24.436484 881.000000
24.453183 848.000000
24.469983 857.000000
24.486682 798.000000
24.503381 847.000000
24.520081 926.000000
24.536780 845.000000
24.553480 869.000000
24.570179 824.000000
24.586878 837.000000
24.603678 811.000000
24.620377 814.000000
24.637076 887.000000
24.653776 846.000000
24.670475 884.000000
24.687174 818.000000
24.703874 789.000000
24.720573 849.000000
24.737272 841.000000
24.754072 833.000000
24.770771 828.000000
24.787470 803.000000
24.804170 811.000000
24.820869 829.000000
24.837568 825.000000
24.854268 839.000000
24.870967 891.000000
24.887667 834.000000
24.904466 828.000000
24.921165 881.000000
24.937865 811.000000
24.954564 853.000000
24.971263 821.000000
24.987963 822.000000
25.004662 710.000000
25.021361 871.000000
25.038061 828.000000
25.054860 824.000000
25.071559 805.000000
25.088259 856.000000
25.104958 846.000000
25.121657 856.000000
25.138357 811.000000
25.155056 851.000000
25.171755 805.000000
25.188455 861.000000
25.205254 789.000000
25.221953 787.000000
25.238653 798.000000
25.255352 820.000000
25.272051 832.000000
25.288751 817.000000
25.305450 823.000000
25.322149 829.000000
25.338849 851.000000
25.355648 851.000000
25.372347 858.000000
25.389047 829.000000
25.405746 799.000000
25.422445 781.000000
25.439145 835.000000
25.455844 773.000000
25.472543 814.000000
25.489243 796.000000
25.506042 763.000000
25.522741 831.000000
25.539441 794.000000
25.556140 797.000000
25.572839 803.000000
25.589539 843.000000
25.606238 794.000000
25.622937 779.000000
25.639637 818.000000
25.656436 788.000000
25.673135 862.000000
25.689835 816.000000
25.706534 813.000000
25.723233 823.000000
25.739933 795.000000
25.756632 784.000000
25.773331 763.000000
25.790131 843.000000
25.806830 796.000000
25.823529 798.000000
25.840228 812.000000
25.856928 792.000000
25.873627 790.000000
25.890326 817.000000
25.907026 817.000000
25.923725 815.000000
25.940524 830.000000
25.957224 901.000000
25.973923 856.000000
25.990622 887.000000
26.007322 864.000000
26.024021 869.000000
26.040720 878.000000
26.057420 828.000000
26.074119 820.000000
26.090918 768.000000
26.107618 775.000000
26.124317 799.000000
26.141016 778.000000
26.157715 805.000000
26.174415 785.000000
26.191114 797.000000
26.207813 823.000000
26.224513 836.000000
26.241312 826.000000
26.258011 815.000000
26.274711 805.000000
26.291410 744.000000
26.308109 818.000000
26.324809 722.000000
26.341508 808.000000
26.358207 783.000000
26.374907 806.000000
26.391706 756.000000
26.408405 824.000000
26.425104 792.000000
26.441804 828.000000
26.458503 723.000000
26.475202 824.000000
26.491902 862.000000
26.508601 811.000000
26.525300 763.000000
26.542100 841.000000
26.558799 815.000000
26.575498 878.000000
26.592197 840.000000
26.608897 865.000000
26.625596 851.000000
26.642295 837.000000
26.658995 882.000000
26.675694 872.000000
26.692493 899.000000
26.709193 872.000000
26.725892 806.000000
26.742591 793.000000
26.759290 796.000000
26.775990 845.000000
26.792689 773.000000
26.809388 766.000000
26.826088 827.000000
26.842887 833.000000
26.859586 744.000000
26.876286 823.000000
26.892985 770.000000
26.909684 760.000000
26.926383 787.000000
26.943083 808.000000
26.959782 789.000000
26.976581 735.000000
26.993281 789.000000
27.009980 863.000000
27.026679 811.000000
27.043378 777.000000
27.060078 792.000000
27.076777 802.000000
27.093476 840.000000
27.110176 792.000000
27.126975 840.000000
27.143674 804.000000
27.160373 852.000000
27.177073 766.000000
27.193772 841.000000
27.210471 895.000000
27.227171 832.000000
27.243870 839.000000
27.260569 860.000000
27.277368 810.000000
27.294068 854.000000
27.310767 845.000000
27.327466 774.000000
27.344166 868.000000
27.360865 813.000000
27.377564 861.000000
27.394263 925.000000
27.410963 996.000000
27.427762 914.000000
27.444461 1034.000000
27.461161 1102.000000
27.477860 1194.000000
27.494559 1352.000000
27.511258 1516.000000
27.527958 1536.000000
27.544657 1434.000000
27.561356 1424.000000
27.578155 1466.000000
27.594855 1392.000000
27.611554 1311.000000
27.628253 1215.000000
27.644953 1224.000000
27.661652 1220.000000
27.678351 1259.000000
27.695050 1227.000000
27.711750 1320.000000
27.728549 1319.000000
27.745248 1348.000000
27.761947 1477.000000
27.778647 1647.000000
27.795346 1634.000000
27.812045 1756.000000
27.828745 1544.000000
27.845444 1481.000000
27.862143 1434.000000
27.878942 1399.000000
27.895642 1287.000000
27.912341 1149.000000
27.929040 1061.000000
27.945739 1005.000000
27.962439 935.000000
27.979138 876.000000
27.995837 904.000000
28.012636 797.000000
28.029336 816.000000
28.046035 853.000000
28.062734 807.000000
28.079434 814.000000
28.096133 825.000000
28.112832 823.000000
28.129531 823.000000
28.146231 831.000000
28.163030 840.000000
28.179729 860.000000
28.196428 805.000000
28.213128 814.000000
28.229827 854.000000
28.246526 919.000000
28.263225 1006.000000
28.279925 974.000000
28.296624 981.000000
28.313423 1067.000000
28.330122 1177.000000
28.346822 1243.000000
28.363521 1328.000000
28.380220 1402.000000
28.396919 1463.000000
28.413619 1458.000000
28.430318 1350.000000
28.447017 1235.000000
28.463816 1127.000000
28.480516 1094.000000
28.497215 978.000000
28.513914 928.000000
28.530613 900.000000
28.547313 798.000000
28.564012 799.000000
28.580711 883.000000
28.597410 828.000000
28.614210 767.000000
28.630909 767.000000
28.647608 864.000000
28.664307 787.000000
28.681007 841.000000
28.697706 828.000000
28.714405 821.000000
28.731104 799.000000
28.747804 841.000000
28.764603 755.000000
28.781302 805.000000
28.798001 792.000000
28.814701 845.000000
28.831400 795.000000
28.848099 796.000000
28.864798 819.000000
28.881498 820.000000
28.898197 808.000000
28.914996 823.000000
28.931695 841.000000
28.948395 895.000000
28.965094 862.000000
28.981793 880.000000
28.998492 877.000000
29.015192 832.000000
29.031891 896.000000
29.048690 904.000000
29.065389 959.000000
29.082089 938.000000
29.098788 1019.000000
29.115487 1002.000000
29.132186 1064.000000
29.148885 1201.000000
29.165585 1314.000000
29.182284 1366.000000
29.199083 1477.000000
29.215782 1672.000000
29.232482 1745.000000
29.249181 1751.000000
29.265880 1581.000000
29.282579 1526.000000
29.299279 1452.000000
29.315978 1342.000000
29.332677 1243.000000
29.349476 1075.000000
29.366176 1052.000000
29.382875 910.000000
29.399574 943.000000
29.416273 916.000000
29.432972 874.000000
29.449672 808.000000
29.466371 871.000000
29.483070 908.000000
29.499869 855.000000
29.516569 909.000000
29.533268 850.000000
29.549967 867.000000
29.566666 935.000000
29.583365 820.000000
29.600065 902.000000
29.616764 860.000000
29.633463 870.000000
29.650262 895.000000
29.666962 932.000000
29.683661 970.000000
29.700360 1048.000000
29.717059 1159.000000
29.733758 1279.000000
29.750458 1569.000000
29.767157 1892.000000
29.783856 2051.000000
29.800655 2048.000000
29.817355 1790.000000
29.834054 1627.000000
29.850753 1621.000000
29.867452 1569.000000
29.884151 1361.000000
29.900851 1280.000000
29.917550 1136.000000
29.934249 1059.000000
29.951048 1041.000000
29.967747 1095.000000
29.984447 1097.000000
30.001146 1162.000000
30.017845 1256.000000
30.034544 1351.000000
30.051244 1430.000000
30.067943 1330.000000
30.084642 1279.000000
30.101441 1217.000000
30.118140 1198.000000
30.134840 1112.000000
30.151539 1034.000000
30.168238 980.000000
30.184937 936.000000
30.201636 845.000000
30.218336 879.000000
30.235035 845.000000
30.251834 781.000000
30.268533 845.000000
30.285232 837.000000
30.301932 851.000000
30.318631 865.000000
30.335330 836.000000
30.352029 848.000000
30.368729 884.000000
30.385528 962.000000
30.402227 990.000000
30.418926 1183.000000
30.435625 1290.000000
30.452325 1576.000000
30.469024 1574.000000
30.485723 1590.000000
30.502422 1440.000000
30.519121 1483.000000
30.535921 1458.000000
30.552620 1421.000000
30.569319 1316.000000
30.586018 1316.000000
30.602717 1221.000000
30.619417 1217.000000
30.636116 1237.000000
30.652815 1194.000000
30.669514 1170.000000
30.686313 1170.000000
30.703012 1107.000000
30.719712 1076.000000
30.736411 1004.000000
30.753110 1006.000000
30.769809 900.000000
30.786508 938.000000
30.803208 876.000000
30.819907 876.000000
30.836706 899.000000
30.853405 876.000000
30.870104 882.000000
30.886804 828.000000
30.903503 843.000000
30.920202 862.000000
30.936901 845.000000
30.953600 818.000000
30.970300 817.000000
30.987099 831.000000
31.003798 820.000000
31.020497 771.000000
31.037196 774.000000
31.053896 774.000000
31.070595 799.000000
31.087294 793.000000
31.103993 788.000000
31.120692 751.000000
31.137491 843.000000
31.154191 825.000000
31.170890 764.000000
31.187589 764.000000
31.204288 816.000000
31.220987 788.000000
31.237687 810.000000
31.254386 788.000000
31.271085 822.000000
31.287884 807.000000
31.304583 803.000000
31.321282 811.000000
31.337982 827.000000
31.354681 814.000000
31.371380 781.000000
31.388079 832.000000
31.404778 885.000000
31.421478 875.000000
31.438277 854.000000
31.454976 894.000000
31.471675 941.000000
31.488374 932.000000
31.505073 981.000000
31.521773 1101.000000
31.538472 1298.000000
31.555171 1445.000000
31.571970 1519.000000
31.588669 1379.000000
31.605368 1185.000000
31.622068 1330.000000
31.638767 1293.000000
31.655466 1183.000000
31.672165 1073.000000
31.688864 1084.000000
31.705563 1053.000000
31.722363 986.000000
31.739062 1008.000000
31.755761 976.000000
31.772460 917.000000
31.789159 950.000000
31.805858 1003.000000
31.822558 907.000000
31.839257 1024.000000
31.855956 1044.000000
31.872755 1095.000000
31.889454 1131.000000
31.906153 1204.000000
31.922853 1157.000000
31.939552 1103.000000
31.956251 1125.000000
31.972950 1080.000000
31.989649 1111.000000
32.006348 1069.000000
32.023148 972.000000
32.039847 931.000000
32.056546 999.000000
32.073245 995.000000
32.089944 958.000000
32.106643 1008.000000
32.123343 972.000000
32.140042 978.000000
32.156741 1041.000000
32.173540 1049.000000
32.190239 1048.000000
32.206938 1108.000000
32.223638 1122.000000
32.240337 1100.000000
32.257036 1211.000000
32.273735 1185.000000
32.290434 1296.000000
32.307133 1229.000000
32.323932 1438.000000
32.340632 1486.000000
32.357331 1746.000000
32.374030 1912.000000
32.390729 2282.000000
32.407428 2764.000000
32.424127 3314.000000
32.440827 4182.000000
32.457526 5531.000000
32.474325 7416.000000
32.491024 9303.000000
32.507723 10659.000000
32.524422 11438.000000
32.541121 11444.000000
32.557821 11150.000000
32.574520 11078.000000
32.591219 10927.000000
32.607918 10631.000000
32.624717 10185.000000
32.641416 10242.000000
32.658115 10587.000000
32.674815 11527.000000
32.691514 13517.000000
32.708213 16445.000000
32.724912 18770.000000
32.741611 20534.000000
32.758310 21164.000000
32.775109 20842.000000
32.791809 19411.000000
32.808508 16898.000000
32.825207 14293.000000
32.841906 12558.000000
32.858605 10824.000000
32.875304 8576.000000
32.892003 6259.000000
32.908803 4618.000000
32.925502 3428.000000
32.942201 2663.000000
32.958900 2186.000000
32.975599 2017.000000
32.992298 1779.000000
33.008997 1597.000000
33.025697 1585.000000
33.042396 1441.000000
33.059195 1516.000000
33.075894 1528.000000
33.092593 1443.000000
33.109292 1301.000000
33.125991 1294.000000
33.142690 1260.000000
33.159390 1240.000000
33.176089 1239.000000
33.192788 1147.000000
33.209587 1137.000000
33.226286 1002.000000
33.242985 997.000000
33.259684 1042.000000
33.276384 989.000000
33.293083 999.000000
33.309782 942.000000
33.326481 938.000000
33.343180 985.000000
33.359979 959.000000
33.376678 979.000000
33.393377 971.000000
33.410077 935.000000
33.426776 922.000000
33.443475 961.000000
33.460174 910.000000
33.476873 956.000000
33.493572 962.000000
33.510371 894.000000
33.527070 943.000000
33.543770 964.000000
33.560469 899.000000
33.577168 918.000000
33.593867 1014.000000
33.610566 1015.000000
33.627265 1072.000000
33.643964 1045.000000
33.660763 1088.000000
33.677463 1075.000000
33.694162 982.000000
33.710861 1033.000000
33.727560 1053.000000
33.744259 1115.000000
33.760958 1044.000000
33.777657 1035.000000
33.794356 1068.000000
33.811155 1055.000000
33.827855 1089.000000
33.844554 1075.000000
33.861253 1043.000000
33.877952 1061.000000
33.894651 1062.000000
33.911350 1074.000000
33.928049 1039.000000
33.944848 1018.000000
33.961547 1019.000000
33.978247 980.000000
33.994946 1021.000000
34.011645 986.000000
34.028344 1015.000000
34.045043 1008.000000
34.061742 934.000000
34.078441 898.000000
34.095240 933.000000
34.111939 937.000000
34.128639 902.000000
34.145338 862.000000
34.162037 949.000000
34.178736 856.000000
34.195435 835.000000
34.212134 877.000000
34.228833 868.000000
34.245632 905.000000
34.262331 880.000000
34.279031 943.000000
34.295730 830.000000
34.312429 869.000000
34.329128 873.000000
34.345827 840.000000
34.362526 884.000000
34.379225 896.000000
34.396024 870.000000
34.412723 897.000000
34.429422 811.000000
34.446122 911.000000
34.462821 924.000000
34.479520 864.000000
34.496219 849.000000
34.512918 916.000000
34.529617 903.000000
34.546416 918.000000
34.563115 909.000000
34.579814 964.000000
34.596513 959.000000
34.613213 963.000000
34.629912 956.000000
34.646611 949.000000
34.663310 945.000000
34.680009 974.000000
34.696808 951.000000
34.713507 877.000000
34.730206 949.000000
34.746905 901.000000
34.763604 855.000000
34.780303 874.000000
34.797003 868.000000
34.813702 925.000000
34.830401 838.000000
34.847200 848.000000
34.863899 878.000000
34.880598 937.000000
34.897297 820.000000
34.913996 891.000000
34.930695 869.000000
34.947394 856.000000
34.964093 833.000000
34.980793 864.000000
34.997592 798.000000
35.014291 860.000000
35.030990 846.000000
35.047689 789.000000
35.064388 875.000000
35.081087 882.000000
35.097786 779.000000
35.114485 832.000000
35.131284 798.000000
35.147983 827.000000
35.164682 854.000000
35.181382 875.000000
35.198081 841.000000
35.214780 812.000000
35.231479 876.000000
35.248178 874.000000
35.264877 822.000000
35.281676 959.000000
35.298375 849.000000
35.315074 861.000000
35.331773 928.000000
35.348472 908.000000
35.365171 914.000000
35.381870 982.000000
35.398570 988.000000
35.415269 908.000000
35.432068 993.000000
35.448767 873.000000
35.465466 907.000000
35.482165 990.000000
35.498864 1020.000000
35.515563 980.000000
35.532262 989.000000
35.548961 939.000000
35.565660 899.000000
35.582459 966.000000
35.599158 866.000000
35.615858 900.000000
35.632557 952.000000
35.649256 918.000000
35.665955 892.000000
35.682654 962.000000
35.699353 989.000000
35.716052 1012.000000
35.732851 971.000000
35.749550 945.000000
35.766249 873.000000
35.782948 873.000000
35.799647 925.000000
35.816346 943.000000
35.833045 841.000000
35.849744 859.000000
35.866444 867.000000
35.883243 827.000000
35.899942 803.000000
35.916641 823.000000
35.933340 841.000000
35.950039 794.000000
35.966738 805.000000
35.983437 891.000000
36.000136 869.000000
36.016835 905.000000
36.033634 876.000000
36.050333 870.000000
36.067032 856.000000
36.083731 845.000000
36.100430 827.000000
36.117129 890.000000
36.133828 854.000000
36.150528 795.000000
36.167327 834.000000
36.184026 912.000000
36.200725 890.000000
36.217424 1016.000000
36.234123 1073.000000
36.250822 1224.000000
36.267521 1298.000000
36.284220 1359.000000
36.300919 1234.000000
36.317718 1201.000000
36.334417 1174.000000
36.351116 1148.000000
36.367815 1090.000000
36.384514 1124.000000
36.401213 1059.000000
36.417912 892.000000
36.434611 870.000000
36.451311 908.000000
36.468110 832.000000
36.484809 808.000000
36.501508 752.000000
36.518207 798.000000
36.534906 767.000000
36.551605 820.000000
36.568304 802.000000
36.585003 814.000000
36.601702 820.000000
36.618501 808.000000
36.635200 789.000000
36.651899 849.000000
36.668598 805.000000
36.685297 790.000000
36.701996 806.000000
36.718695 790.000000
36.735394 764.000000
36.752093 778.000000
36.768892 788.000000
36.785591 826.000000
36.802290 756.000000
36.818989 793.000000
36.835689 777.000000
36.852388 820.000000
36.869087 835.000000
36.885786 778.000000
36.902485 786.000000
36.919284 799.000000
36.935983 796.000000
36.952682 774.000000
36.969381 779.000000
36.986080 781.000000
37.002779 758.000000
37.019478 838.000000
37.036177 851.000000
37.052876 895.000000
37.069675 888.000000
37.086374 848.000000
37.103073 821.000000
37.119772 867.000000
37.136471 885.000000
37.153170 868.000000
37.169869 852.000000
37.186568 844.000000
37.203267 841.000000
37.220066 848.000000
37.236765 833.000000
37.253464 886.000000
37.270163 814.000000
37.286862 821.000000
37.303561 830.000000
37.320260 796.000000
37.336960 837.000000
37.353659 880.000000
37.370458 793.000000
37.387157 819.000000
37.403856 826.000000
37.420555 806.000000
37.437254 818.000000
37.453953 797.000000
37.470652 845.000000
37.487351 839.000000
37.504150 792.000000
37.520849 765.000000
37.537548 783.000000
37.554247 826.000000
37.570946 801.000000
37.587645 875.000000
37.604344 769.000000
37.621043 698.000000
37.637742 716.000000
37.654541 835.000000
37.671240 784.000000
37.687939 846.000000
37.704638 802.000000
37.721337 795.000000
37.738036 796.000000
37.754735 797.000000
37.771434 809.000000
37.788133 731.000000
37.804932 791.000000
37.821631 757.000000
37.838330 729.000000
37.855029 831.000000
37.871728 755.000000
37.888427 840.000000
37.905126 793.000000
37.921825 851.000000
37.938524 777.000000
37.955323 725.000000
37.972022 774.000000
37.988721 830.000000
38.005420 791.000000
38.022119 794.000000
38.038818 787.000000
38.055517 770.000000
38.072216 812.000000
38.088915 815.000000
38.105714 788.000000
38.122413 799.000000
38.139112 853.000000
38.155811 839.000000
38.172510 816.000000
38.189209 867.000000
38.205908 864.000000
38.222607 783.000000
38.239306 830.000000
38.256105 882.000000
38.272804 875.000000
38.289503 866.000000
38.306202 920.000000
38.322901 947.000000
38.339600 937.000000
38.356299 994.000000
38.372998 1017.000000
38.389697 1024.000000
38.406496 1264.000000
38.423195 1419.000000
38.439894 1601.000000
38.456593 1983.000000
38.473292 2477.000000
38.489991 3333.000000
38.506690 4201.000000
38.523389 4861.000000
38.540088 4954.000000
38.556887 5123.000000
38.573586 5416.000000
38.590285 5556.000000
38.606984 5674.000000
38.623683 5463.000000
38.640382 5011.000000
38.657081 4533.000000
38.673780 4232.000000
38.690579 3915.000000
38.707278 3497.000000
38.723977 3201.000000
38.740676 2921.000000
38.757375 2595.000000
38.774074 2346.000000
38.790773 2068.000000
38.807472 1829.000000
38.824171 1573.000000
38.840970 1541.000000
38.857669 1411.000000
38.874368 1344.000000
38.891067 1249.000000
38.907766 1209.000000
38.924465 1065.000000
38.941164 1111.000000
38.957863 1018.000000
38.974562 1020.000000
38.991361 958.000000
39.008060 1038.000000
39.024759 1046.000000
39.041458 990.000000
39.058157 942.000000
39.074856 905.000000
39.091555 962.000000
39.108254 976.000000
39.124953 897.000000
39.141752 908.000000
39.158451 881.000000
39.175150 874.000000
39.191849 862.000000
39.208548 857.000000
39.225247 857.000000
39.241946 803.000000
39.258645 821.000000
39.275344 899.000000
39.292143 845.000000
39.308842 870.000000
39.325541 856.000000
39.342240 873.000000
39.358939 879.000000
39.375638 857.000000
39.392337 856.000000
39.409036 878.000000
39.425735 851.000000
39.442534 834.000000
39.459233 848.000000
39.475932 812.000000
39.492631 825.000000
39.509329 804.000000
39.526028 815.000000
39.542727 837.000000
39.559426 830.000000
39.576225 812.000000
39.592924 796.000000
39.609623 840.000000
39.626322 821.000000
39.643021 770.000000
39.659720 745.000000
39.676419 772.000000
39.693118 789.000000
39.709817 771.000000
39.726616 800.000000
39.743315 841.000000
39.760014 860.000000
39.776713 813.000000
39.793412 853.000000
39.810111 782.000000
39.826810 832.000000
39.843509 858.000000
39.860208 868.000000
39.877007 898.000000
39.893706 857.000000
39.910405 866.000000
39.927104 970.000000
39.943803 1013.000000
39.960502 974.000000
39.977201 1080.000000
39.993900 978.000000
40.010598 1028.000000
40.027397 967.000000
40.044096 977.000000
40.060795 957.000000
40.077494 943.000000
40.094193 1008.000000
40.110892 1012.000000
40.127591 990.000000
40.144290 951.000000
40.160989 969.000000
40.177788 1040.000000
40.194487 1109.000000
40.211186 1263.000000
40.227885 1391.000000
40.244584 1720.000000
40.261283 2191.000000
40.277982 2820.000000
40.294681 3592.000000
40.311380 4199.000000
40.328179 4308.000000
40.344878 3774.000000
40.361577 3107.000000
40.378275 2753.000000
40.394974 2635.000000
40.411673 2631.000000
40.428372 2666.000000
40.445071 2339.000000
40.461770 1942.000000
40.478569 1501.000000
40.495268 1323.000000
40.511967 1070.000000
40.528666 1013.000000
40.545365 992.000000
40.562064 966.000000
40.578763 938.000000
40.595462 990.000000
40.612161 936.000000
40.628960 1012.000000
40.645659 1012.000000
40.662358 1109.000000
40.679057 1103.000000
40.695755 1084.000000
40.712454 1039.000000
40.729153 895.000000
40.745852 988.000000
40.762551 920.000000
40.779350 933.000000
40.796049 996.000000
40.812748 941.000000
40.829447 842.000000
40.846146 798.000000
40.862845 858.000000
40.879544 838.000000
40.896243 802.000000
40.913042 792.000000
40.929741 810.000000
40.946440 761.000000
40.963139 779.000000
40.979837 813.000000
40.996536 820.000000
41.013235 787.000000
41.029934 832.000000
41.046633 776.000000
41.063432 782.000000
41.080131 804.000000
41.096830 817.000000
41.113529 814.000000
41.130228 870.000000
41.146927 864.000000
41.163626 803.000000
41.180325 833.000000
41.197024 797.000000
41.213823 806.000000
41.230521 799.000000
41.247220 845.000000
41.263919 853.000000
41.280618 828.000000
41.297317 853.000000
41.314016 889.000000
41.330715 903.000000
41.347414 941.000000
41.364213 823.000000
41.380912 813.000000
41.397611 840.000000
41.414310 879.000000
41.431009 872.000000
41.447707 889.000000
41.464406 837.000000
41.481105 805.000000
41.497804 808.000000
41.514603 786.000000
41.531302 803.000000
41.548001 792.000000
41.564700 761.000000
41.581399 799.000000
41.598098 856.000000
41.614797 779.000000
41.631496 828.000000
41.648195 816.000000
41.664993 851.000000
41.681692 869.000000
41.698391 872.000000
41.715090 866.000000
41.731789 803.000000
41.748488 915.000000
41.765187 967.000000
41.781886 1004.000000
41.798585 991.000000
41.815384 1065.000000
41.832083 972.000000
41.848782 1076.000000
41.865480 1002.000000
41.882179 971.000000
41.898878 1034.000000
41.915577 1016.000000
41.932276 1041.000000
41.949075 1025.000000
41.965774 1006.000000
41.982473 989.000000
41.999172 940.000000
42.015871 868.000000
42.032570 901.000000
42.049268 864.000000
42.065967 923.000000
42.082666 857.000000
42.099465 917.000000
42.116164 890.000000
42.132863 882.000000
42.149562 870.000000
42.166261 823.000000
42.182960 844.000000
42.199659 800.000000
42.216358 841.000000
42.233056 864.000000
42.249855 876.000000
42.266554 880.000000
42.283253 807.000000
42.299952 837.000000
42.316651 816.000000
42.333350 823.000000
42.350049 863.000000
42.366748 850.000000
42.383447 891.000000
42.400245 861.000000
42.416944 849.000000
42.433643 908.000000
42.450342 860.000000
42.467041 918.000000
42.483740 848.000000
42.500439 895.000000
42.517138 828.000000
42.533837 854.000000
42.550636 782.000000
42.567334 853.000000
42.584033 843.000000
42.600732 824.000000
42.617431 804.000000
42.634130 781.000000
42.650829 803.000000
42.667528 815.000000
42.684227 770.000000
42.701026 775.000000
42.717725 810.000000
42.734423 756.000000
42.751122 802.000000
42.767821 752.000000
42.784520 818.000000
42.801219 867.000000
42.817918 820.000000
42.834617 800.000000
42.851416 769.000000
42.868115 811.000000
42.884813 791.000000
42.901512 799.000000
42.918211 818.000000
42.934910 821.000000
42.951609 831.000000
42.968308 806.000000
42.985007 884.000000
43.001806 850.000000
43.018505 863.000000
43.035203 875.000000
43.051902 882.000000
43.068601 874.000000
43.085300 863.000000
43.101999 831.000000
43.118698 896.000000
43.135397 830.000000
43.152196 870.000000
43.168894 805.000000
43.185593 819.000000
43.202292 745.000000
43.218991 806.000000
43.235690 814.000000
43.252389 837.000000
43.269088 805.000000
43.285887 773.000000
43.302586 860.000000
43.319284 794.000000
43.335983 796.000000
43.352682 777.000000
43.369381 797.000000
43.386080 828.000000
43.402779 809.000000
43.419478 881.000000
43.436277 772.000000
43.452975 826.000000
43.469674 810.000000
43.486373 814.000000
43.503072 852.000000
43.519771 837.000000
43.536470 842.000000
43.553169 853.000000
43.569868 887.000000
43.586666 930.000000
43.603365 907.000000
43.620064 930.000000
43.636763 920.000000
43.653462 856.000000
43.670161 818.000000
43.686860 871.000000
43.703558 857.000000
43.720257 847.000000
43.737056 894.000000
43.753755 872.000000
43.770454 846.000000
43.787153 843.000000
43.803852 825.000000
43.820551 840.000000
43.837249 891.000000
43.853948 806.000000
43.870647 820.000000
43.887446 875.000000
43.904145 847.000000
43.920844 839.000000
43.937543 828.000000
43.954241 830.000000
43.970940 860.000000
43.987639 792.000000
44.004338 877.000000
44.021037 827.000000
44.037836 817.000000
44.054535 757.000000
44.071233 797.000000
44.087932 784.000000
44.104631 836.000000
44.121330 775.000000
44.138029 847.000000
44.154728 825.000000
44.171427 814.000000
44.188225 893.000000
44.204924 812.000000
44.221623 845.000000
44.238322 821.000000
44.255021 869.000000
44.271720 855.000000
44.288419 825.000000
44.305117 787.000000
44.321816 826.000000
44.338615 835.000000
44.355314 836.000000
44.372013 844.000000
44.388712 805.000000
44.405411 834.000000
44.422109 831.000000
44.438808 839.000000
44.455507 845.000000
44.472306 805.000000
44.489005 826.000000
44.505704 840.000000
44.522403 824.000000
44.539101 853.000000
44.555800 868.000000
44.572499 922.000000
44.589198 937.000000
44.605897 929.000000
44.622696 915.000000
44.639394 889.000000
44.656093 830.000000
44.672792 891.000000
44.689491 844.000000
44.706190 927.000000
44.722889 920.000000
44.739588 884.000000
44.756286 913.000000
44.773085 932.000000
44.789784 890.000000
44.806483 871.000000
44.823182 863.000000
44.839881 852.000000
44.856579 833.000000
44.873278 869.000000
44.889977 834.000000
44.906676 893.000000
44.923475 847.000000
44.940174 874.000000
44.956872 854.000000
44.973571 862.000000
44.990270 853.000000
45.006969 825.000000
45.023668 847.000000
45.040367 839.000000
45.057065 834.000000
45.073864 833.000000
45.090563 815.000000
45.107262 865.000000
45.123961 840.000000
45.140660 852.000000
45.157358 820.000000
45.174057 828.000000
45.190756 870.000000
45.207455 813.000000
45.224254 867.000000
45.240953 826.000000
45.257651 911.000000
45.274350 882.000000
45.291049 969.000000
45.307748 885.000000
45.324447 977.000000
45.341146 894.000000
45.357844 918.000000
45.374643 966.000000
45.391342 943.000000
45.408041 993.000000
45.424740 1124.000000
45.441439 1107.000000
45.458137 1059.000000
45.474836 1182.000000
45.491535 1279.000000
45.508234 1313.000000
45.525033 1251.000000
45.541732 1119.000000
45.558430 1171.000000
45.575129 1048.000000
45.591828 1058.000000
45.608527 1047.000000
45.625226 1058.000000
45.641924 1050.000000
45.658723 1036.000000
45.675422 939.000000
45.692121 929.000000
45.708820 905.000000
45.725519 848.000000
45.742217 884.000000
45.758916 893.000000
45.775615 865.000000
45.792314 823.000000
45.809113 865.000000
45.825811 767.000000
45.842510 837.000000
45.859209 864.000000
45.875908 839.000000
45.892607 859.000000
45.909306 851.000000
45.926004 862.000000
45.942703 889.000000
45.959502 957.000000
45.976201 851.000000
45.992900 826.000000
46.009598 803.000000
46.026297 859.000000
46.042996 839.000000
46.059695 861.000000
46.076394 901.000000
46.093092 825.000000
46.109891 867.000000
46.126590 793.000000
46.143289 841.000000
46.159988 888.000000
46.176687 842.000000
46.193385 820.000000
46.210084 817.000000
46.226783 838.000000
46.243482 865.000000
46.260281 886.000000
46.276979 835.000000
46.293678 855.000000
46.310377 872.000000
46.327076 874.000000
46.343775 912.000000
46.360473 885.000000
46.377172 999.000000
46.393871 999.000000
46.410670 991.000000
46.427369 1089.000000
46.444067 1148.000000
46.460766 1127.000000
46.477465 1260.000000
46.494164 1382.000000
46.510863 1434.000000
46.527561 1659.000000
46.544260 1924.000000
46.561059 2347.000000
46.577758 3097.000000
46.594457 3968.000000
46.611155 5247.000000
46.627854 6364.000000
46.644553 6895.000000
46.661252 6529.000000
46.677951 6327.000000
46.694749 6214.000000
46.711448 6470.000000
46.728147 6724.000000
46.744846 6989.000000
46.761545 6889.000000
46.778243 6301.000000
46.794942 5718.000000
46.811641 5017.000000
46.828340 4510.000000
46.845039 4054.000000
46.861837 3720.000000
46.878536 3293.000000
46.895235 2876.000000
46.911934 2470.000000
46.928632 2249.000000
46.945331 2000.000000
46.962030 1781.000000
46.978729 1654.000000
46.995528 1525.000000
47.012226 1380.000000
47.028925 1359.000000
47.045624 1429.000000
47.062323 1341.000000
47.079022 1369.000000
47.095720 1195.000000
47.112419 1260.000000
47.129118 1288.000000
47.145917 1264.000000
47.162615 1267.000000
47.179314 1308.000000
47.196013 1461.000000
47.212712 1440.000000
47.229411 1491.000000
47.246109 1494.000000
47.262808 1601.000000
47.279507 1664.000000
47.296306 1816.000000
47.313005 1829.000000
47.329703 1928.000000
47.346402 1960.000000
47.363101 2061.000000
47.379800 1974.000000
47.396498 1934.000000
47.413197 1981.000000
47.429896 2043.000000
47.446695 2072.000000
47.463394 2074.000000
47.480092 2001.000000
47.496791 1896.000000
47.513490 1833.000000
47.530189 1629.000000
47.546887 1527.000000
47.563586 1457.000000
47.580285 1353.000000
47.597084 1258.000000
47.613782 1251.000000
47.630481 1152.000000
47.647180 1080.000000
47.663879 1044.000000
47.680578 977.000000
47.697276 954.000000
47.713975 908.000000
47.730674 920.000000
47.747473 838.000000
47.764171 807.000000
47.780870 864.000000
47.797569 856.000000
47.814268 828.000000
47.830966 812.000000
47.847665 812.000000
47.864364 779.000000
47.881063 802.000000
47.897862 862.000000
47.914560 812.000000
47.931259 827.000000
47.947958 857.000000
47.964657 837.000000
47.981355 810.000000
47.998054 887.000000
48.014753 814.000000
48.031552 730.000000
48.048250 804.000000
48.064949 833.000000
48.081648 780.000000
48.098347 809.000000
48.115045 825.000000
48.131744 820.000000
48.148443 852.000000
48.165142 818.000000
48.181941 810.000000
48.198639 805.000000
48.215338 840.000000
48.232037 799.000000
48.248736 804.000000
48.265434 788.000000
48.282133 817.000000
48.298832 781.000000
48.315531 786.000000
48.332329 797.000000
48.349028 752.000000
48.365727 784.000000
48.382426 759.000000
48.399124 793.000000
48.415823 833.000000
48.432522 748.000000
48.449221 751.000000
48.465919 862.000000
48.482718 879.000000
48.499417 865.000000
48.516116 925.000000
48.532814 879.000000
48.549513 837.000000
48.566212 802.000000
48.582911 827.000000
48.599609 790.000000
48.616308 800.000000
48.633107 923.000000
48.649806 878.000000
48.666504 861.000000
48.683203 798.000000
48.699902 826.000000
48.716601 805.000000
48.733299 810.000000
48.749998 758.000000
48.766697 791.000000
48.783496 728.000000
48.800194 798.000000
48.816893 818.000000
48.833592 838.000000
48.850291 802.000000
48.866989 825.000000
48.883688 803.000000
48.900387 812.000000
48.917086 784.000000
48.933884 818.000000
48.950583 817.000000
48.967282 764.000000
48.983980 802.000000
49.000679 767.000000
49.017378 821.000000
49.034077 800.000000
49.050775 817.000000
49.067474 810.000000
49.084273 855.000000
49.100972 788.000000
49.117670 845.000000
49.134369 857.000000
49.151068 807.000000
49.167767 885.000000
49.184465 861.000000
49.201164 854.000000
49.217963 933.000000
49.234662 959.000000
49.251360 992.000000
49.268059 1025.000000
49.284758 878.000000
49.301456 1001.000000
49.318155 924.000000
49.334854 958.000000
49.351553 906.000000
49.368351 885.000000
49.385050 870.000000
49.401749 829.000000
49.418448 800.000000
49.435146 805.000000
49.451845 789.000000
49.468544 801.000000
49.485242 768.000000
49.501941 779.000000
49.518740 815.000000
49.535439 760.000000
49.552137 811.000000
49.568836 745.000000
49.585535 774.000000
49.602234 804.000000
49.618932 781.000000
49.635631 701.000000
49.652330 761.000000
49.669128 778.000000
49.685827 798.000000
49.702526 719.000000
49.719225 777.000000
49.735923 804.000000
49.752622 790.000000
49.769321 777.000000
49.786020 815.000000
49.802718 758.000000
49.819517 740.000000
49.836216 725.000000
49.852914 798.000000
49.869613 752.000000
49.886312 763.000000
49.903011 733.000000
49.919709 793.000000
49.936408 785.000000
49.953107 715.000000
49.969905 782.000000
49.986604 785.000000
50.003303 779.000000
50.020002 729.000000
50.036700 758.000000
50.053399 760.000000
50.070098 842.000000
50.086796 809.000000
50.103495 837.000000
50.120294 759.000000
50.136993 797.000000
50.153691 759.000000
50.170390 724.000000
50.187089 773.000000
50.203787 734.000000
50.220486 793.000000
50.237185 770.000000
50.253884 734.000000
50.270682 801.000000
50.287381 814.000000
50.304080 779.000000
50.320778 776.000000
50.337477 764.000000
50.354176 823.000000
50.370874 764.000000
50.387573 810.000000
50.404272 765.000000
50.421071 757.000000
50.437769 819.000000
50.454468 753.000000
50.471167 726.000000
50.487865 766.000000
50.504564 753.000000
50.521263 772.000000
50.537962 788.000000
50.554760 753.000000
50.571459 747.000000
50.588158 763.000000
50.604856 770.000000
50.621555 773.000000
50.638254 727.000000
50.654952 775.000000
50.671651 754.000000
50.688350 771.000000
50.705149 703.000000
50.721847 748.000000
50.738546 743.000000
50.755245 783.000000
50.771943 791.000000
50.788642 758.000000
50.805341 762.000000
50.822039 774.000000
50.838738 765.000000
50.855537 804.000000
50.872235 785.000000
50.888934 754.000000
50.905633 797.000000
50.922332 753.000000
50.939030 769.000000
50.955729 748.000000
50.972428 791.000000
50.989126 806.000000
51.005925 835.000000
51.022624 799.000000
51.039322 831.000000
51.056021 871.000000
51.072720 859.000000
51.089418 797.000000
51.106117 782.000000
51.122816 812.000000
51.139515 890.000000
51.156313 797.000000
51.173012 899.000000
51.189711 845.000000
51.206409 775.000000
51.223108 826.000000
51.239807 822.000000
51.256505 835.000000
51.273204 834.000000
51.289903 932.000000
51.306701 939.000000
51.323400 954.000000
51.340099 1001.000000
51.356797 980.000000
51.373496 971.000000
51.390195 1015.000000
51.406893 992.000000
51.423592 1070.000000
51.440291 1237.000000
51.457090 1319.000000
51.473788 1422.000000
51.490487 1503.000000
51.507186 1402.000000
51.523884 1279.000000
51.540583 1182.000000
51.557282 1156.000000
51.573980 1086.000000
51.590679 1125.000000
51.607478 1160.000000
51.624176 1099.000000
51.640875 1094.000000
51.657574 999.000000
51.674272 1023.000000
51.690971 959.000000
51.707670 884.000000
51.724368 900.000000
51.741167 888.000000
51.757866 865.000000
51.774564 834.000000
51.791263 895.000000
51.807962 839.000000
51.824660 813.000000
51.841359 825.000000
51.858058 868.000000
51.874756 806.000000
51.891555 857.000000
51.908254 824.000000
51.924952 827.000000
51.941651 782.000000
51.958350 786.000000
51.975048 795.000000
51.991747 747.000000
52.008446 775.000000
52.025144 753.000000
52.041943 773.000000
52.058642 751.000000
52.075340 751.000000
52.092039 811.000000
52.108738 789.000000
52.125436 759.000000
52.142135 792.000000
52.158834 768.000000
52.175532 762.000000
52.192331 782.000000
52.209030 787.000000
52.225728 783.000000
52.242427 773.000000
52.259126 785.000000
52.275824 761.000000
52.292523 788.000000
52.309222 796.000000
52.325920 854.000000
52.342719 813.000000
52.359418 924.000000
52.376116 974.000000
52.392815 1030.000000
52.409514 971.000000
52.426212 1014.000000
52.442911 980.000000
52.459610 906.000000
52.476308 902.000000
52.493107 974.000000
52.509806 1126.000000
52.526504 1166.000000
52.543203 1194.000000
52.559902 1184.000000
52.576600 1316.000000
52.593299 1206.000000
52.609998 1198.000000
52.626696 1184.000000
52.643495 1153.000000
52.660193 1258.000000
52.676892 1277.000000
52.693591 1336.000000
52.710289 1270.000000
52.726988 1348.000000
52.743687 1251.000000
52.760385 1232.000000
52.777084 1281.000000
52.793883 1170.000000
52.810581 1200.000000
52.827280 1148.000000
52.843979 1110.000000
52.860677 1075.000000
52.877376 1005.000000
52.894075 958.000000
52.910773 968.000000
52.927572 996.000000
52.944270 971.000000
52.960969 905.000000
52.977668 911.000000
52.994366 938.000000
53.011065 861.000000
53.027764 873.000000
53.044462 858.000000
53.061161 844.000000
53.077960 876.000000
53.094658 876.000000
53.111357 872.000000
53.128056 863.000000
53.144754 898.000000
53.161453 898.000000
53.178151 946.000000
53.194850 974.000000
53.211549 967.000000
53.228347 992.000000
53.245046 1006.000000
53.261745 961.000000
53.278443 955.000000
53.295142 940.000000
53.311841 923.000000
53.328539 931.000000
53.345238 935.000000
53.361936 901.000000
53.378735 920.000000
53.395434 937.000000
53.412132 873.000000
53.428831 895.000000
53.445530 902.000000
53.462228 833.000000
53.478927 810.000000
53.495626 846.000000
53.512324 805.000000
53.529123 778.000000
53.545821 857.000000
53.562520 858.000000
53.579219 816.000000
53.595917 825.000000
53.612616 810.000000
53.629315 758.000000
53.646013 752.000000
53.662712 790.000000
53.679510 808.000000
53.696209 805.000000
53.712908 772.000000
53.729606 754.000000
53.746305 751.000000
53.763004 750.000000
53.779702 770.000000
53.796401 754.000000
53.813099 780.000000
53.829898 776.000000
53.846597 799.000000
53.863295 735.000000
53.879994 702.000000
53.896693 741.000000
53.913391 765.000000
53.930090 780.000000
53.946788 735.000000
53.963587 763.000000
53.980286 800.000000
53.996984 734.000000
54.013683 762.000000
54.030382 773.000000
54.047080 721.000000
54.063779 786.000000
54.080477 754.000000
54.097176 780.000000
54.113975 796.000000
54.130673 784.000000
54.147372 771.000000
54.164070 711.000000
54.180769 773.000000
54.197468 811.000000
54.214166 785.000000
54.230865 821.000000
54.247564 772.000000
54.264362 805.000000
54.281061 807.000000
54.297759 827.000000
54.314458 809.000000
54.331157 782.000000
54.347855 765.000000
54.364554 792.000000
54.381252 853.000000
54.397951 830.000000
54.414750 844.000000
54.431448 808.000000
54.448147 795.000000
54.464846 786.000000
54.481544 791.000000
54.498243 770.000000
54.514941 773.000000
54.531640 822.000000
54.548339 755.000000
54.565137 799.000000
54.581836 849.000000
54.598534 775.000000
54.615233 760.000000
54.631932 784.000000
54.648630 763.000000
54.665329 770.000000
54.682027 735.000000
54.698726 758.000000
54.715525 788.000000
54.732223 795.000000
54.748922 737.000000
54.765620 822.000000
54.782319 781.000000
54.799018 778.000000
54.815716 760.000000
54.832415 738.000000
54.849113 795.000000
54.865912 784.000000
54.882611 807.000000
54.899309 801.000000
54.916008 860.000000
54.932706 806.000000
54.949405 830.000000
54.966104 952.000000
54.982802 1030.000000
54.999501 1056.000000
55.016299 1170.000000
55.032998 1229.000000
55.049697 1222.000000
55.066395 1204.000000
55.083094 1219.000000
55.099792 1364.000000
55.116491 1401.000000
55.133190 1442.000000
55.149888 1490.000000
55.166687 1603.000000
55.183385 1520.000000
55.200084 1455.000000
55.216783 1368.000000
55.233481 1278.000000
55.250180 1243.000000
55.266878 1222.000000
55.283577 1204.000000
55.300375 1181.000000
55.317074 1141.000000
55.333773 1078.000000
55.350471 980.000000
55.367170 958.000000
55.383868 958.000000
55.400567 944.000000
55.417266 941.000000
55.433964 902.000000
55.450763 849.000000
55.467461 832.000000
55.484160 864.000000
55.500858 856.000000
55.517557 931.000000
55.534256 879.000000
55.550954 873.000000
55.567653 812.000000
55.584351 951.000000
55.601150 903.000000
55.617849 919.000000
55.634547 830.000000
55.651246 847.000000
55.667944 903.000000
55.684643 864.000000
55.701341 944.000000
55.718040 879.000000
55.734739 916.000000
55.751537 808.000000
55.768236 854.000000
55.784934 832.000000
55.801633 847.000000
55.818332 862.000000
55.835030 782.000000
55.851729 806.000000
55.868427 755.000000
55.885126 731.000000
55.901924 799.000000
55.918623 827.000000
55.935322 772.000000
55.952020 745.000000
55.968719 831.000000
55.985417 773.000000
56.002116 788.000000
56.018814 734.000000
56.035513 771.000000
56.052312 725.000000
56.069010 750.000000
56.085709 751.000000
56.102407 777.000000
56.119106 734.000000
56.135804 750.000000
56.152503 725.000000
56.169202 756.000000
56.186000 755.000000
56.202699 790.000000
56.219397 742.000000
56.236096 757.000000
56.252794 756.000000
56.269493 766.000000
56.286192 796.000000
56.302890 767.000000
56.319589 770.000000
56.336387 790.000000
56.353086 792.000000
56.369784 807.000000
56.386483 809.000000
56.403181 771.000000
56.419880 793.000000
56.436579 802.000000
56.453277 712.000000
56.469976 739.000000
56.486774 778.000000
56.503473 747.000000
56.520171 775.000000
56.536870 792.000000
56.553569 752.000000
56.570267 746.000000
56.586966 785.000000
56.603664 788.000000
56.620363 784.000000
56.637161 807.000000
56.653860 734.000000
56.670558 780.000000
56.687257 769.000000
56.703956 764.000000
56.720654 816.000000
56.737353 796.000000
56.754051 780.000000
56.770750 763.000000
56.787548 844.000000
56.804247 818.000000
56.820945 794.000000
56.837644 856.000000
56.854343 817.000000
56.871041 844.000000
56.887740 825.000000
56.904438 778.000000
56.921137 773.000000
56.937935 797.000000
56.954634 778.000000
56.971332 775.000000
56.988031 745.000000
57.004729 706.000000
57.021428 768.000000
57.038127 782.000000
57.054825 833.000000
57.071524 738.000000
57.088322 737.000000
57.105021 724.000000
57.121719 805.000000
57.138418 757.000000
57.155116 771.000000
57.171815 809.000000
57.188514 767.000000
57.205212 772.000000
57.221911 783.000000
57.238709 783.000000
57.255408 731.000000
57.272106 821.000000
57.288805 826.000000
57.305503 790.000000
57.322202 805.000000
57.338900 747.000000
57.355599 778.000000
57.372297 809.000000
57.389096 787.000000
57.405795 819.000000
57.422493 778.000000
57.439192 737.000000
57.455890 843.000000
57.472589 809.000000
57.489287 770.000000
57.505986 772.000000
57.522784 777.000000
57.539483 773.000000
57.556181 822.000000
57.572880 820.000000
57.589578 792.000000
57.606277 769.000000
57.622976 795.000000
57.639674 811.000000
57.656373 830.000000
57.673171 749.000000
57.689870 790.000000
57.706568 796.000000
57.723267 806.000000
57.739965 789.000000
57.756664 776.000000
57.773362 821.000000
57.790061 916.000000
57.806759 873.000000
57.823558 803.000000
57.840256 900.000000
57.856955 837.000000
57.873654 970.000000
57.890352 915.000000
57.907051 969.000000
57.923749 943.000000
57.940448 972.000000
57.957146 1013.000000
57.973945 1048.000000
57.990643 1034.000000
58.007342 1040.000000
58.024040 1151.000000
58.040739 1276.000000
58.057437 1402.000000
58.074136 1522.000000
58.090834 1829.000000
58.107533 1979.000000
58.124331 2402.000000
58.141030 3079.000000
58.157728 3996.000000
58.174427 4667.000000
58.191125 5396.000000
58.207824 5527.000000
58.224523 5582.000000
58.241221 5086.000000
58.257920 4850.000000
58.274718 4473.000000
58.291417 4204.000000
58.308115 4105.000000
58.324814 4142.000000
58.341512 4257.000000
58.358211 4105.000000
58.374909 3973.000000
58.391608 3762.000000
58.408406 3320.000000
58.425105 3003.000000
58.441803 2697.000000
58.458502 2550.000000
58.475200 2185.000000
58.491899 2040.000000
58.508597 2006.000000
58.525296 1886.000000
58.541994 1976.000000
58.558793 2076.000000
58.575491 2082.000000
58.592190 2178.000000
58.608888 2314.000000
58.625587 2269.000000
58.642285 2483.000000
58.658984 2342.000000
58.675682 2309.000000
58.692381 2214.000000
58.709179 2164.000000
58.725878 2250.000000
58.742576 2167.000000
58.759275 2079.000000
58.775974 1982.000000
58.792672 1983.000000
58.809371 1735.000000
58.826069 1687.000000
58.842768 1500.000000
58.859566 1448.000000
58.876265 1458.000000
58.892963 1380.000000
58.909662 1279.000000
58.926360 1238.000000
58.943059 1089.000000
58.959757 1116.000000
58.976456 1106.000000
58.993154 1076.000000
59.009953 1001.000000
59.026651 939.000000
59.043350 981.000000
59.060048 1036.000000
59.076747 935.000000
59.093445 911.000000
59.110144 883.000000
59.126842 870.000000
59.143541 847.000000
59.160339 889.000000
59.177038 864.000000
59.193736 841.000000
59.210435 866.000000
59.227133 871.000000
59.243832 859.000000
59.260530 884.000000
59.277229 884.000000
59.293927 884.000000
59.310726 843.000000
59.327424 828.000000
59.344123 770.000000
59.360821 789.000000
59.377520 800.000000
59.394218 775.000000
59.410917 766.000000
59.427615 810.000000
59.444314 791.000000
59.461112 734.000000
59.477811 757.000000
59.494509 764.000000
59.511207 717.000000
59.527906 712.000000
59.544604 740.000000
59.561303 796.000000
59.578001 725.000000
59.594700 735.000000
59.611498 728.000000
59.628197 765.000000
59.644895 746.000000
59.661594 762.000000
59.678292 741.000000
59.694991 713.000000
59.711689 717.000000
59.728388 707.000000
59.745186 738.000000
59.761885 794.000000
59.778583 749.000000
59.795282 758.000000
59.811980 760.000000
59.828679 757.000000
59.845377 767.000000
59.862076 740.000000
59.878774 738.000000
59.895573 736.000000
59.912271 771.000000
59.928970 764.000000
59.945668 750.000000
59.962367 746.000000
59.979065 809.000000
59.995764 845.000000
60.012462 816.000000
60.029161 766.000000
60.045959 719.000000
60.062657 766.000000
60.079356 719.000000
60.096054 734.000000
60.112753 788.000000
60.129451 815.000000
60.146150 740.000000
60.162848 741.000000
60.179547 781.000000
60.196345 786.000000
60.213044 758.000000
60.229742 740.000000
60.246441 727.000000
60.263139 727.000000
60.279838 752.000000
60.296536 733.000000
60.313235 787.000000
60.329933 798.000000
60.346732 798.000000
60.363430 882.000000
60.380128 793.000000
60.396827 801.000000
60.413525 866.000000
60.430224 858.000000
60.446922 837.000000
60.463621 881.000000
60.480319 892.000000
60.497118 871.000000
60.513816 900.000000
60.530515 914.000000
60.547213 938.000000
60.563912 925.000000
60.580610 865.000000
60.597309 911.000000
60.614007 890.000000
60.630706 935.000000
60.647504 879.000000
60.664202 890.000000
60.680901 942.000000
60.697599 868.000000
60.714298 956.000000
60.730996 856.000000
60.747695 845.000000
60.764393 893.000000
60.781192 854.000000
60.797890 832.000000
60.814589 811.000000
60.831287 837.000000
60.847986 786.000000
60.864684 801.000000
60.881382 827.000000
60.898081 748.000000
60.914779 739.000000
60.931578 776.000000
60.948276 778.000000
60.964975 757.000000
60.981673 752.000000
60.998372 780.000000
61.015070 747.000000
61.031769 779.000000
61.048467 825.000000
61.065165 775.000000
61.081964 761.000000
61.098662 754.000000
61.115361 768.000000
61.132059 727.000000
61.148758 767.000000
61.165456 757.000000
61.182155 792.000000
61.198853 702.000000
61.215552 796.000000
61.232350 748.000000
61.249048 799.000000
61.265747 778.000000
61.282445 806.000000
61.299144 707.000000
61.315842 812.000000
61.332541 787.000000
61.349239 770.000000
61.365938 810.000000
61.382736 783.000000
61.399435 865.000000
61.416133 824.000000
61.432831 875.000000
61.449530 844.000000
61.466228 819.000000
61.482927 844.000000
61.499625 835.000000
61.516324 808.000000
61.533122 819.000000
61.549821 841.000000
61.566519 865.000000
61.583217 884.000000
61.599916 844.000000
61.616614 833.000000
61.633313 851.000000
61.650011 835.000000
61.666710 845.000000
61.683508 796.000000
61.700207 769.000000
61.716905 771.000000
61.733603 739.000000
61.750302 842.000000
61.767000 811.000000
61.783699 782.000000
61.800397 747.000000
61.817096 746.000000
61.833894 766.000000
61.850592 769.000000
61.867291 829.000000
61.883989 868.000000
61.900688 844.000000
61.917386 878.000000
61.934085 837.000000
61.950783 850.000000
61.967482 847.000000
61.984280 888.000000
62.000978 916.000000
62.017677 920.000000
62.034375 1018.000000
62.051074 1112.000000
62.067772 1143.000000
62.084471 1130.000000
62.101169 1126.000000
62.117967 1091.000000
62.134666 1168.000000
62.151364 1081.000000
62.168063 1077.000000
62.184761 1114.000000
62.201460 1131.000000
62.218158 1205.000000
62.234856 1148.000000
62.251555 1141.000000
62.268253 1163.000000
62.285052 1089.000000
62.301750 1115.000000
62.318449 1006.000000
62.335147 1032.000000
62.351845 949.000000
62.368544 982.000000
62.385242 1016.000000
62.401941 965.000000
62.418739 969.000000
62.435438 966.000000
62.452136 956.000000
62.468834 949.000000
62.485533 933.000000
62.502231 1049.000000
62.518930 956.000000
62.535628 967.000000
62.552326 969.000000
62.569125 982.000000
62.585823 930.000000
62.602522 989.000000
62.619220 1029.000000
62.635919 1147.000000
62.652617 1212.000000
62.669315 1191.000000
62.686014 1199.000000
62.702712 1213.000000
62.719511 1202.000000
62.736209 1144.000000
62.752908 1040.000000
62.769606 1045.000000
62.786304 1091.000000
62.803003 1033.000000
62.819701 1057.000000
62.836400 1030.000000
62.853098 986.000000
62.869896 1017.000000
62.886595 993.000000
62.903293 928.000000
62.919992 924.000000
62.936690 869.000000
62.953388 905.000000
62.970087 826.000000
62.986785 798.000000
63.003484 863.000000
63.020282 789.000000
63.036981 814.000000
63.053679 761.000000
63.070377 789.000000
63.087076 750.000000
63.103774 757.000000
63.120473 787.000000
63.137171 778.000000
63.153869 774.000000
63.170668 854.000000
63.187366 810.000000
63.204065 832.000000
63.220763 806.000000
63.237461 785.000000
63.254160 777.000000
63.270858 732.000000
63.287557 725.000000
63.304255 782.000000
63.321053 746.000000
63.337752 747.000000
63.354450 749.000000
63.371149 697.000000
63.387847 789.000000
63.404545 702.000000
63.421244 702.000000
63.437942 708.000000
63.454741 813.000000
63.471439 727.000000
63.488137 736.000000
63.504836 716.000000
63.521534 737.000000
63.538233 723.000000
63.554931 743.000000
63.571629 793.000000
63.588328 762.000000
63.605126 675.000000
63.621825 678.000000
63.638523 763.000000
63.655221 729.000000
63.671920 742.000000
63.688618 747.000000
63.705317 757.000000
63.722015 736.000000
63.738713 748.000000
63.755512 742.000000
63.772210 702.000000
63.788909 751.000000
63.805607 764.000000
63.822305 770.000000
63.839004 777.000000
63.855702 742.000000
63.872401 790.000000
63.889099 792.000000
63.905897 784.000000
63.922596 786.000000
63.939294 778.000000
63.955993 726.000000
63.972691 759.000000
63.989389 751.000000
64.006088 724.000000
64.022786 763.000000
64.039485 711.000000
64.056283 743.000000
64.072981 746.000000
64.089680 785.000000
64.106378 709.000000
64.123076 792.000000
64.139775 753.000000
64.156473 736.000000
64.173172 728.000000
64.189870 775.000000
64.206668 705.000000
64.223367 728.000000
64.240065 720.000000
64.256764 711.000000
64.273462 756.000000
64.290160 719.000000
64.306859 725.000000
64.323557 666.000000
64.340255 659.000000
64.357054 692.000000
64.373752 745.000000
64.390451 740.000000
64.407149 736.000000
64.423847 734.000000
64.440546 674.000000
64.457244 705.000000
64.473942 686.000000
64.490741 724.000000
64.507439 692.000000
64.524138 706.000000
64.540836 744.000000
64.557534 728.000000
64.574233 802.000000
64.590931 699.000000
64.607629 733.000000
64.624328 705.000000
64.641126 757.000000
64.657825 699.000000
64.674523 714.000000
64.691221 763.000000
64.707920 714.000000
64.724618 698.000000
64.741316 705.000000
64.758015 754.000000
64.774713 744.000000
64.791412 826.000000
64.808210 774.000000
64.824908 733.000000
64.841607 762.000000
64.858305 759.000000
64.875003 795.000000
64.891702 747.000000
64.908400 761.000000
64.925099 753.000000
64.941897 736.000000
64.958595 740.000000
64.975294 757.000000
64.991992 752.000000
65.008690 753.000000
65.025389 710.000000
65.042087 693.000000
65.058785 772.000000
65.075484 741.000000
65.092282 724.000000
65.108981 714.000000
65.125679 711.000000
65.142377 778.000000
65.159076 764.000000
65.175774 727.000000
65.192472 783.000000
65.209171 755.000000
65.225869 757.000000
65.242667 725.000000
65.259366 703.000000
65.276064 768.000000
65.292763 723.000000
65.309461 724.000000
65.326159 764.000000
65.342858 782.000000
65.359556 719.000000
65.376354 755.000000
65.393053 708.000000
65.409751 754.000000
65.426449 764.000000
65.443148 735.000000
65.459846 767.000000
65.476544 746.000000
65.493243 791.000000
65.509941 798.000000
65.526640 859.000000
65.543438 859.000000
65.560136 971.000000
65.576835 1004.000000
65.593533 951.000000
65.610231 988.000000
65.626930 986.000000
65.643628 974.000000
65.660326 962.000000
65.677025 961.000000
65.693823 960.000000
65.710521 940.000000
65.727220 934.000000
65.743918 938.000000
65.760616 932.000000
65.777315 916.000000
65.794013 864.000000
65.810712 862.000000
65.827410 901.000000
65.844208 845.000000
65.860907 867.000000
65.877605 822.000000
65.894303 830.000000
65.911002 823.000000
65.927700 820.000000
65.944398 863.000000
65.961097 861.000000
65.977895 855.000000
65.994593 880.000000
66.011292 816.000000
66.027990 765.000000
66.044688 760.000000
66.061387 772.000000
66.078085 760.000000
66.094783 817.000000
66.111482 756.000000
66.128280 732.000000
66.144978 801.000000
66.161677 796.000000
66.178375 825.000000
66.195073 802.000000
66.211772 744.000000
66.228470 769.000000
66.245168 780.000000
66.261867 775.000000
66.278665 783.000000
66.295363 778.000000
66.312062 720.000000
66.328760 771.000000
66.345458 757.000000
66.362157 727.000000
66.378855 775.000000
66.395553 750.000000
66.412252 727.000000
66.429050 769.000000
66.445748 763.000000
66.462447 760.000000
66.479145 764.000000
66.495843 728.000000
66.512542 818.000000
66.529240 747.000000
66.545938 743.000000
66.562637 759.000000
66.579435 767.000000
66.596133 740.000000
66.612832 773.000000
66.629530 733.000000
66.646228 721.000000
66.662927 783.000000
66.679625 776.000000
66.696323 802.000000
66.713122 753.000000
66.729820 729.000000
66.746518 751.000000
66.763217 774.000000
66.779915 777.000000
66.796613 734.000000
66.813312 696.000000
66.830010 686.000000
66.846708 741.000000
66.863407 740.000000
66.880205 697.000000
66.896903 712.000000
66.913602 758.000000
66.930300 752.000000
66.946998 755.000000
66.963697 722.000000
66.980395 734.000000
66.997093 764.000000
67.013892 708.000000
67.030590 773.000000
67.047288 780.000000
67.063987 716.000000
67.080685 697.000000
67.097383 780.000000
67.114082 767.000000
67.130780 759.000000
67.147478 798.000000
67.164276 799.000000
67.180975 771.000000
67.197673 822.000000
67.214371 760.000000
67.231070 768.000000
67.247768 744.000000
67.264466 791.000000
67.281165 779.000000
67.297863 705.000000
67.314661 760.000000
67.331360 766.000000
67.348058 761.000000
67.364756 800.000000
67.381455 748.000000
67.398153 828.000000
67.414851 755.000000
67.431550 761.000000
67.448248 809.000000
67.465046 746.000000
67.481744 809.000000
67.498443 797.000000
67.515141 811.000000
67.531839 760.000000
67.548538 776.000000
67.565236 754.000000
67.581934 800.000000
67.598633 756.000000
67.615431 817.000000
67.632129 802.000000
67.648828 748.000000
67.665526 801.000000
67.682224 793.000000
67.698922 786.000000
67.715621 807.000000
67.732319 785.000000
67.749017 745.000000
67.765816 736.000000
67.782514 780.000000
67.799212 775.000000
67.815911 785.000000
67.832609 831.000000
67.849307 847.000000
67.866006 802.000000
67.882704 826.000000
67.899502 795.000000
67.916200 847.000000
67.932899 833.000000
67.949597 855.000000
67.966295 861.000000
67.982994 916.000000
67.999692 824.000000
68.016390 920.000000
68.033089 899.000000
68.049887 953.000000
68.066585 983.000000
68.083283 1101.000000
68.099982 1136.000000
68.116680 1330.000000
68.133378 1302.000000
68.150077 1404.000000
68.166775 1379.000000
68.183473 1343.000000
68.200271 1324.000000
68.216970 1288.000000
68.233668 1367.000000
68.250366 1224.000000
68.267065 1267.000000
68.283763 1238.000000
68.300461 1303.000000
68.317160 1343.000000
68.333858 1226.000000
68.350656 1257.000000
68.367354 1253.000000
68.384053 1241.000000
68.400751 1267.000000
68.417449 1150.000000
68.434148 1159.000000
68.450846 1125.000000
68.467544 1140.000000
68.484242 1121.000000
68.501041 1127.000000
68.517739 1133.000000
68.534437 1218.000000
68.551136 1277.000000
68.567834 1416.000000
68.584532 1556.000000
68.601230 1755.000000
68.617929 1944.000000
68.634627 2089.000000
68.651425 2089.000000
68.668124 2183.000000
68.684822 2291.000000
68.701520 2230.000000
68.718218 2347.000000
68.734917 2324.000000
68.751615 2405.000000
68.768313 2507.000000
68.785012 2521.000000
68.801810 2455.000000
68.818508 2477.000000
68.835206 2493.000000
68.851905 2323.000000
68.868603 2264.000000
68.885301 2162.000000
68.902000 2019.000000
68.918698 1954.000000
68.935396 1954.000000
68.952194 1972.000000
68.968893 1935.000000
68.985591 1783.000000
69.002289 1667.000000
69.018988 1535.000000
69.035686 1492.000000
69.052384 1335.000000
69.069082 1289.000000
69.085781 1241.000000
69.102579 1155.000000
69.119277 1087.000000
69.135975 1031.000000
69.152674 961.000000
69.169372 939.000000
69.186070 930.000000
69.202769 904.000000
69.219467 899.000000
69.236265 893.000000
69.252963 893.000000
69.269662 924.000000
69.286360 835.000000
69.303058 784.000000
69.319756 834.000000
69.336455 796.000000
69.353153 742.000000
69.369851 849.000000
69.386650 816.000000
69.403348 779.000000
69.420046 788.000000
69.436744 845.000000
69.453443 758.000000
69.470141 751.000000
69.486839 717.000000
69.503537 776.000000
69.520236 763.000000
69.537034 783.000000
69.553732 814.000000
69.570430 730.000000
69.587129 760.000000
69.603827 767.000000
69.620525 758.000000
69.637224 742.000000
69.653922 734.000000
69.670620 737.000000
69.687418 748.000000
69.704117 751.000000
69.720815 746.000000
69.737513 761.000000
69.754211 754.000000
69.770910 709.000000
69.787608 743.000000
69.804306 757.000000
69.821004 728.000000
69.837803 731.000000
69.854501 711.000000
69.871199 736.000000
69.887897 753.000000
69.904596 757.000000
69.921294 741.000000
69.937992 734.000000
69.954690 757.000000
69.971389 724.000000
69.988187 712.000000
70.004885 765.000000
70.021583 716.000000
70.038282 730.000000
70.054980 806.000000
70.071678 833.000000
70.088377 761.000000
70.105075 721.000000
70.121773 717.000000
70.138571 698.000000
70.155270 735.000000
70.171968 698.000000
70.188666 798.000000
70.205364 758.000000
70.222063 738.000000
70.238761 730.000000
70.255459 749.000000
70.272157 691.000000
70.288956 735.000000
70.305654 749.000000
70.322352 756.000000
70.339050 756.000000
70.355749 810.000000
70.372447 685.000000
70.389145 737.000000
70.405843 775.000000
70.422642 671.000000
70.439340 732.000000
70.456038 707.000000
70.472736 695.000000
70.489435 707.000000
70.506133 683.000000
70.522831 732.000000
70.539529 760.000000
70.556227 771.000000
70.573026 658.000000
70.589724 736.000000
70.606422 806.000000
70.623120 741.000000
70.639819 743.000000
70.656517 726.000000
70.673215 751.000000
70.689913 743.000000
70.706612 682.000000
70.723410 744.000000
70.740108 769.000000
70.756806 681.000000
70.773505 701.000000
70.790203 767.000000
70.806901 722.000000
70.823599 718.000000
70.840298 736.000000
70.856996 743.000000
70.873794 748.000000
70.890492 722.000000
70.907191 708.000000
70.923889 785.000000
70.940587 747.000000
70.957285 714.000000
70.973983 737.000000
70.990682 737.000000
71.007380 779.000000
71.024178 721.000000
71.040876 750.000000
71.057575 774.000000
71.074273 765.000000
71.090971 702.000000
71.107669 770.000000
71.124368 671.000000
71.141066 744.000000
71.157864 705.000000
71.174562 751.000000
71.191260 766.000000
71.207959 703.000000
71.224657 751.000000
71.241355 704.000000
71.258053 672.000000
71.274752 685.000000
71.291450 707.000000
71.308148 717.000000
71.324946 682.000000
71.341645 732.000000
71.358343 697.000000
71.375041 718.000000
71.391739 713.000000
71.408437 743.000000
71.425136 714.000000
71.441834 706.000000
71.458532 738.000000
71.475330 676.000000
71.492029 704.000000
71.508727 784.000000
71.525425 800.000000
71.542123 728.000000
71.558821 749.000000
71.575520 690.000000
71.592218 741.000000
71.608916 745.000000
71.625714 720.000000
71.642413 741.000000
71.659111 759.000000
71.675809 694.000000
71.692507 745.000000
71.709205 735.000000
71.725904 708.000000
71.742602 691.000000
71.759300 721.000000
71.776098 760.000000
71.792797 738.000000
71.809495 748.000000
71.826193 766.000000
71.842891 732.000000
71.859589 755.000000
71.876288 751.000000
71.892986 783.000000
71.909784 706.000000
71.926482 749.000000
71.943180 735.000000
71.959879 764.000000
71.976577 753.000000
71.993275 753.000000
72.009973 754.000000
72.026672 763.000000
72.043370 799.000000
72.060168 768.000000
72.076866 773.000000
72.093564 806.000000
72.110263 701.000000
72.126961 786.000000
72.143659 726.000000
72.160357 690.000000
72.177055 711.000000
72.193754 698.000000
72.210552 758.000000
72.227250 773.000000
72.243948 743.000000
72.260646 780.000000
72.277345 737.000000
72.294043 713.000000
72.310741 729.000000
72.327439 729.000000
72.344138 741.000000
72.360936 752.000000
72.377634 747.000000
72.394332 777.000000
72.411030 750.000000
72.427729 746.000000
72.444427 722.000000
72.461125 733.000000
72.477823 755.000000
72.494521 767.000000
72.511320 700.000000
72.528018 742.000000
72.544716 705.000000
72.561414 715.000000
72.578112 768.000000
72.594811 700.000000
72.611509 691.000000
72.628207 726.000000
72.644905 713.000000
72.661703 755.000000
72.678402 726.000000
72.695100 778.000000
72.711798 737.000000
72.728496 730.000000
72.745194 707.000000
72.761893 700.000000
72.778591 763.000000
72.795389 749.000000
72.812087 729.000000
72.828785 797.000000
72.845483 809.000000
72.862182 821.000000
72.878880 822.000000
72.895578 853.000000
72.912276 847.000000
72.928974 772.000000
72.945773 854.000000
72.962471 864.000000
72.979169 879.000000
72.995867 852.000000
73.012565 893.000000
73.029264 921.000000
73.045962 923.000000
73.062660 894.000000
73.079358 967.000000
73.096156 932.000000
73.112855 924.000000
73.129553 966.000000
73.146251 935.000000
73.162949 863.000000
73.179647 887.000000
73.196346 868.000000
73.213044 909.000000
73.229742 877.000000
73.246540 874.000000
73.263238 807.000000
73.279936 894.000000
73.296635 864.000000
73.313333 843.000000
73.330031 842.000000
73.346729 933.000000
73.363427 899.000000
73.380126 873.000000
73.396924 897.000000
73.413622 932.000000
73.430320 944.000000
73.447018 837.000000
73.463716 835.000000
73.480415 926.000000
73.497113 973.000000
73.513811 944.000000
73.530509 954.000000
73.547307 896.000000
73.564006 940.000000
73.580704 910.000000
73.597402 901.000000
73.614100 916.000000
73.630798 943.000000
73.647496 828.000000
73.664195 851.000000
73.680893 890.000000
73.697691 866.000000
73.714389 840.000000
73.731087 803.000000
73.747785 836.000000
73.764484 843.000000
73.781182 841.000000
73.797880 822.000000
73.814578 826.000000
73.831376 780.000000
73.848075 780.000000
73.864773 802.000000
73.881471 771.000000
73.898169 734.000000
73.914867 715.000000
73.931565 733.000000
73.948264 726.000000
73.964962 692.000000
73.981760 759.000000
73.998458 756.000000
74.015156 774.000000
74.031854 732.000000
74.048553 728.000000
74.065251 756.000000
74.081949 692.000000
74.098647 760.000000
74.115345 798.000000
74.132143 719.000000
74.148842 712.000000
74.165540 699.000000
74.182238 699.000000
74.198936 723.000000
74.215634 789.000000
74.232332 752.000000
74.249031 752.000000
74.265729 774.000000
74.282527 726.000000
74.299225 755.000000
74.315923 708.000000
74.332621 769.000000
74.349320 700.000000
74.366018 748.000000
74.382716 721.000000
74.399414 738.000000
74.416112 738.000000
74.432910 701.000000
74.449609 692.000000
74.466307 765.000000
74.483005 736.000000
74.499703 715.000000
74.516401 734.000000
74.533099 721.000000
74.549797 680.000000
74.566496 729.000000
74.583294 686.000000
74.599992 729.000000
74.616690 738.000000
74.633388 710.000000
74.650086 759.000000
74.666785 736.000000
74.683483 729.000000
74.700181 732.000000
74.716879 734.000000
74.733677 708.000000
74.750375 755.000000
74.767074 670.000000
74.783772 730.000000
74.800470 697.000000
74.817168 699.000000
74.833866 744.000000
74.850564 761.000000
74.867262 748.000000
74.884061 730.000000
74.900759 776.000000
74.917457 750.000000
74.934155 822.000000
74.950853 813.000000
74.967551 903.000000
74.984249 834.000000
75.000948 846.000000
75.017746 869.000000
75.034444 833.000000
75.051142 831.000000
75.067840 783.000000
75.084538 745.000000
75.101237 824.000000
75.117935 800.000000
75.134633 840.000000
75.151331 848.000000
75.168029 813.000000
75.184827 824.000000
75.201525 849.000000
75.218224 821.000000
75.234922 849.000000
75.251620 839.000000
75.268318 767.000000
75.285016 736.000000
75.301714 781.000000
75.318512 774.000000
75.335211 789.000000
75.351909 746.000000
75.368607 724.000000
75.385305 757.000000
75.402003 782.000000
75.418701 762.000000
75.435399 814.000000
75.452098 804.000000
75.468896 796.000000
75.485594 745.000000
75.502292 844.000000
75.518990 865.000000
75.535688 780.000000
75.552386 839.000000
75.569084 855.000000
75.585783 876.000000
75.602481 841.000000
75.619279 876.000000
75.635977 847.000000
75.652675 804.000000
75.669373 775.000000
75.686071 765.000000
75.702770 740.000000
75.719468 780.000000
75.736166 807.000000
75.752864 739.000000
75.769662 799.000000
75.786360 808.000000
75.803058 773.000000
75.819757 821.000000
75.836455 746.000000
75.853153 758.000000
75.869851 741.000000
75.886549 716.000000
75.903247 723.000000
75.920045 755.000000
75.936743 736.000000
75.953442 789.000000
75.970140 736.000000
75.986838 759.000000
76.003536 725.000000
76.020234 715.000000
76.036932 772.000000
76.053630 708.000000
76.070428 725.000000
76.087127 737.000000
76.103825 750.000000
76.120523 724.000000
76.137221 706.000000
76.153919 760.000000
76.170617 707.000000
76.187315 704.000000
76.204013 702.000000
76.220812 725.000000
76.237510 699.000000
76.254208 662.000000
76.270906 678.000000
76.287604 720.000000
76.304302 705.000000
76.321000 763.000000
76.337698 718.000000
76.354497 728.000000
76.371195 720.000000
76.387893 723.000000
76.404591 767.000000
76.421289 760.000000
76.437987 775.000000
76.454685 734.000000
76.471383 731.000000
76.488081 714.000000
76.504880 671.000000
76.521578 751.000000
76.538276 731.000000
76.554974 701.000000
76.571672 705.000000
76.588370 720.000000
76.605068 704.000000
76.621766 679.000000
76.638465 715.000000
76.655263 703.000000
76.671961 668.000000
76.688659 740.000000
76.705357 730.000000
76.722055 726.000000
76.738753 720.000000
76.755451 765.000000
76.772149 701.000000
76.788848 747.000000
76.805646 739.000000
76.822344 713.000000
76.839042 716.000000
76.855740 678.000000
76.872438 724.000000
76.889136 733.000000
76.905834 701.000000
76.922532 701.000000
76.939231 696.000000
76.956029 690.000000
76.972727 721.000000
76.989425 731.000000
77.006123 741.000000
77.022821 708.000000
77.039519 778.000000
77.056217 683.000000
77.072915 684.000000
77.089713 806.000000
77.106412 725.000000
77.123110 689.000000
77.139808 714.000000
77.156506 741.000000
77.173204 748.000000
77.189902 779.000000
77.206600 705.000000
77.223298 761.000000
77.239996 697.000000
77.256795 750.000000
77.273493 800.000000
77.290191 757.000000
77.306889 811.000000
77.323587 807.000000
77.340285 801.000000
77.356983 799.000000
77.373681 810.000000
77.390379 801.000000
77.407177 837.000000
77.423876 870.000000
77.440574 854.000000
77.457272 864.000000
77.473970 1037.000000
77.490668 1054.000000
77.507366 1132.000000
77.524064 1285.000000
77.540762 1263.000000
77.557560 1272.000000
77.574258 1399.000000
77.590956 1392.000000
77.607655 1382.000000
77.624353 1377.000000
77.641051 1461.000000
77.657749 1470.000000
77.674447 1495.000000
77.691245 1547.000000
77.707943 1531.000000
77.724641 1612.000000
77.741339 1528.000000
77.758037 1506.000000
77.774736 1548.000000
77.791434 1561.000000
77.808132 1490.000000
77.824830 1421.000000
77.841628 1351.000000
77.858326 1443.000000
77.875024 1341.000000
77.891722 1321.000000
77.908420 1352.000000
77.925118 1303.000000
77.941816 1283.000000
77.958515 1184.000000
77.975213 1211.000000
77.992011 1127.000000
78.008709 1108.000000
78.025407 1062.000000
78.042105 996.000000
78.058803 977.000000
78.075501 971.000000
78.092199 912.000000
78.108897 903.000000
78.125595 911.000000
78.142393 883.000000
78.159092 942.000000
78.175790 882.000000
78.192488 841.000000
78.209186 839.000000
78.225884 788.000000
78.242582 812.000000
78.259280 762.000000
78.276078 764.000000
78.292776 783.000000
78.309474 779.000000
78.326172 790.000000
78.342870 839.000000
78.359568 753.000000
78.376267 776.000000
78.392965 782.000000
78.409663 787.000000
78.426361 811.000000
78.443159 786.000000
78.459857 863.000000
78.476555 852.000000
78.493253 827.000000
78.509951 926.000000
78.526649 937.000000
78.543347 915.000000
78.560045 900.000000
78.576843 877.000000
78.593542 966.000000
78.610240 953.000000
78.626938 1018.000000
78.643636 971.000000
78.660334 957.000000
78.677032 1074.000000
78.693730 1082.000000
78.710428 1003.000000
78.727226 1073.000000
78.743924 1078.000000
78.760622 1118.000000
78.777320 1102.000000
78.794018 1080.000000
78.810716 1059.000000
78.827415 1036.000000
78.844113 1136.000000
78.860811 1095.000000
78.877609 1073.000000
78.894307 1094.000000
78.911005 1104.000000
78.927703 1088.000000
78.944401 1045.000000
78.961099 1064.000000
78.977797 1101.000000
78.994495 1052.000000
79.011193 1009.000000
79.027991 1019.000000
79.044689 933.000000
79.061387 924.000000
79.078086 925.000000
79.094784 937.000000
79.111482 882.000000
79.128180 927.000000
79.144878 886.000000
79.161576 870.000000
79.178374 869.000000
79.195072 788.000000
79.211770 828.000000
79.228468 846.000000
79.245166 807.000000
79.261864 867.000000
79.278562 813.000000
79.295260 822.000000
79.311958 783.000000
79.328756 756.000000
79.345455 787.000000
79.362153 810.000000
79.378851 805.000000
79.395549 771.000000
79.412247 791.000000
79.428945 785.000000
79.445643 774.000000
79.462441 756.000000
79.479139 768.000000
79.495837 740.000000
79.512535 786.000000
79.529233 751.000000
79.545931 730.000000
79.562629 789.000000
79.579327 792.000000
79.596025 760.000000
79.612723 805.000000
79.629521 764.000000
79.646220 791.000000
79.662918 744.000000
79.679616 752.000000
79.696314 761.000000
79.713012 703.000000
79.729710 817.000000
79.746408 763.000000
79.763206 824.000000
79.779904 798.000000
79.796602 791.000000
79.813300 819.000000
79.829998 753.000000
79.846696 753.000000
79.863394 774.000000
79.880092 719.000000
79.896790 749.000000
79.913588 691.000000
79.930286 741.000000
79.946984 763.000000
79.963682 749.000000
79.980381 744.000000
79.997079 768.000000
80.013777 754.000000
80.030475 740.000000
80.047173 806.000000
80.063971 759.000000
80.080669 736.000000
80.097367 754.000000
80.114065 767.000000
80.130763 730.000000
80.147461 790.000000
80.164159 757.000000
80.180857 818.000000
80.197555 806.000000
80.214353 780.000000
80.231051 822.000000
80.247749 798.000000
80.264447 707.000000
80.281145 708.000000
80.297843 724.000000
80.314541 705.000000
80.331239 755.000000
80.347937 724.000000
80.364735 743.000000
80.381434 756.000000
80.398132 774.000000
80.414830 754.000000
80.431528 769.000000
80.448226 776.000000
80.464924 772.000000
80.481622 783.000000
80.498320 825.000000
80.515118 789.000000
80.531816 789.000000
80.548514 752.000000
80.565212 760.000000
80.581910 752.000000
80.598608 727.000000
80.615306 733.000000
80.632004 752.000000
80.648702 768.000000
80.665500 692.000000
80.682198 703.000000
80.698896 701.000000
80.715594 681.000000
80.732292 741.000000
80.748990 761.000000
80.765688 764.000000
80.782386 755.000000
80.799184 740.000000
80.815882 709.000000
80.832580 671.000000
80.849278 738.000000
80.865976 729.000000
80.882675 660.000000
80.899373 730.000000
80.916071 739.000000
80.932769 735.000000
80.949567 751.000000
80.966265 729.000000
80.982963 741.000000
80.999661 672.000000
81.016359 693.000000
81.033057 715.000000
81.049755 763.000000
81.066453 718.000000
81.083151 738.000000
81.099949 752.000000
81.116647 747.000000
81.133345 730.000000
81.150043 754.000000
81.166741 754.000000
81.183439 770.000000
81.200137 744.000000
81.216835 735.000000
81.233533 693.000000
81.250331 707.000000
81.267029 742.000000
81.283727 736.000000
81.300425 778.000000
81.317123 734.000000
81.333821 769.000000
81.350519 712.000000
81.367217 792.000000
81.383915 758.000000
81.400713 717.000000
81.417411 705.000000
81.434109 682.000000
81.450807 726.000000
81.467505 706.000000
81.484203 738.000000
81.500901 719.000000
81.517599 702.000000
81.534297 695.000000
81.551095 793.000000
81.567793 800.000000
81.584491 764.000000
81.601189 772.000000
81.617887 851.000000
81.634585 874.000000
81.651283 862.000000
81.667981 865.000000
81.684679 929.000000
81.701477 874.000000
81.718175 874.000000
81.734873 813.000000
81.751571 837.000000
81.768269 836.000000
81.784967 824.000000
81.801666 793.000000
81.818364 760.000000
81.835062 820.000000
81.851860 847.000000
81.868558 801.000000
81.885256 774.000000
81.901954 851.000000
81.918652 820.000000
81.935350 828.000000
81.952048 793.000000
81.968746 828.000000
81.985444 748.000000
82.002242 817.000000
82.018940 771.000000
82.035638 784.000000
82.052336 758.000000
82.069034 767.000000
82.085732 744.000000
82.102430 762.000000
82.119128 754.000000
82.135826 823.000000
82.152624 774.000000
82.169322 817.000000
82.186020 812.000000
82.202718 792.000000
82.219416 932.000000
82.236114 997.000000
82.252812 932.000000
82.269510 921.000000
82.286208 951.000000
82.303006 893.000000
82.319704 914.000000
82.336402 862.000000
82.353100 888.000000
82.369798 868.000000
82.386496 817.000000
82.403194 817.000000
82.419892 848.000000
82.436590 819.000000
82.453388 886.000000
82.470086 858.000000
82.486784 862.000000
82.503482 897.000000
82.520180 924.000000
82.536878 869.000000
82.553576 903.000000
82.570274 847.000000
82.587072 900.000000
82.603770 819.000000
82.620468 877.000000
82.637166 836.000000
82.653864 868.000000
82.670562 763.000000
82.687260 901.000000
82.703958 837.000000
82.720655 821.000000
82.737453 819.000000
82.754151 808.000000
82.770849 831.000000
82.787547 799.000000
82.804245 818.000000
82.820943 838.000000
82.837641 809.000000
82.854339 808.000000
82.871037 808.000000
82.887835 841.000000
82.904533 817.000000
82.921231 783.000000
82.937929 804.000000
82.954627 769.000000
82.971325 693.000000
82.988023 760.000000
83.004721 715.000000
83.021419 777.000000
83.038217 780.000000
83.054915 760.000000
83.071613 771.000000
83.088311 796.000000
83.105009 756.000000
83.121707 782.000000
83.138405 789.000000
83.155103 754.000000
83.171901 764.000000
83.188599 780.000000
83.205297 786.000000
83.221995 786.000000
83.238693 775.000000
83.255391 763.000000
83.272089 742.000000
83.288787 749.000000
83.305485 763.000000
83.322183 780.000000
83.338981 828.000000
83.355679 742.000000
83.372377 745.000000
83.389075 739.000000
83.405773 743.000000
83.422471 755.000000
83.439169 792.000000
83.455867 809.000000
83.472665 786.000000
83.489363 783.000000
83.506061 737.000000
83.522759 762.000000
83.539457 730.000000
83.556155 761.000000
83.572853 762.000000
83.589551 788.000000
83.606249 750.000000
83.623046 768.000000
83.639744 702.000000
83.656442 755.000000
83.673140 701.000000
83.689838 742.000000
83.706536 725.000000
83.723234 769.000000
83.739932 672.000000
83.756630 702.000000
83.773428 697.000000
83.790126 706.000000
83.806824 718.000000
83.823522 716.000000
83.840220 701.000000
83.856918 728.000000
83.873616 713.000000
83.890314 694.000000
83.907012 661.000000
83.923810 689.000000
83.940508 766.000000
83.957206 678.000000
83.973904 664.000000
83.990602 698.000000
84.007300 669.000000
84.023998 697.000000
84.040696 701.000000
84.057394 675.000000
84.074192 689.000000
84.090890 672.000000
84.107588 650.000000
84.124286 687.000000
84.140983 708.000000
84.157681 671.000000
84.174379 688.000000
84.191077 696.000000
84.207775 704.000000
84.224573 708.000000
84.241271 711.000000
84.257969 726.000000
84.274667 636.000000
84.291365 714.000000
84.308063 668.000000
84.324761 735.000000
84.341459 688.000000
84.358257 703.000000
84.374955 682.000000
84.391653 697.000000
84.408351 687.000000
84.425049 742.000000
84.441747 693.000000
84.458445 692.000000
84.475143 677.000000
84.491841 653.000000
84.508639 712.000000
84.525337 700.000000
84.542034 693.000000
84.558732 668.000000
84.575430 729.000000
84.592128 722.000000
84.608826 664.000000
84.625524 720.000000
84.642222 699.000000
84.659020 734.000000
84.675718 694.000000
84.692416 709.000000
84.709114 726.000000
84.725812 676.000000
84.742510 703.000000
84.759208 698.000000
84.775906 717.000000
84.792604 656.000000
84.809402 679.000000
84.826100 672.000000
84.842798 691.000000
84.859496 669.000000
84.876194 722.000000
84.892891 666.000000
84.909589 727.000000
84.926287 611.000000
84.942985 688.000000
84.959783 690.000000
84.976481 672.000000
84.993179 681.000000
85.009877 649.000000
85.026575 709.000000
85.043273 757.000000
85.059971 686.000000
85.076669 659.000000
85.093367 676.000000
85.110165 715.000000
85.126863 727.000000
85.143561 726.000000
85.160259 682.000000
85.176957 709.000000
85.193654 661.000000
85.210352 639.000000
85.227050 726.000000
85.243748 683.000000
85.260546 688.000000
85.277244 762.000000
85.293942 719.000000
85.310640 727.000000
85.327338 711.000000
85.344036 693.000000
85.360734 671.000000
85.377432 687.000000
85.394130 746.000000
85.410928 729.000000
85.427626 714.000000
85.444324 661.000000
85.461021 674.000000
85.477719 687.000000
85.494417 676.000000
85.511115 737.000000
85.527813 709.000000
85.544511 701.000000
85.561309 715.000000
85.578007 689.000000
85.594705 699.000000
85.611403 715.000000
85.628101 692.000000
85.644799 694.000000
85.661497 682.000000
85.678195 669.000000
85.694893 664.000000
85.711690 686.000000
85.728388 673.000000
85.745086 694.000000
85.761784 683.000000
85.778482 704.000000
85.795180 707.000000
85.811878 750.000000
85.828576 733.000000
85.845374 675.000000
85.862072 708.000000
85.878770 700.000000
85.895468 654.000000
85.912166 642.000000
85.928864 711.000000
85.945562 670.000000
85.962259 690.000000
85.978957 760.000000
85.995755 676.000000
86.012453 735.000000
86.029151 726.000000
86.045849 734.000000
86.062547 660.000000
86.079245 719.000000
86.095943 706.000000
86.112641 737.000000
86.129339 700.000000
86.146137 679.000000
86.162835 672.000000
86.179532 723.000000
86.196230 723.000000
86.212928 661.000000
86.229626 703.000000
86.246324 721.000000
86.263022 684.000000
86.279720 679.000000
86.296518 692.000000
86.313216 713.000000
86.329914 664.000000
86.346612 735.000000
86.363310 708.000000
86.380008 681.000000
86.396705 713.000000
86.413403 695.000000
86.430101 680.000000
86.446899 704.000000
86.463597 684.000000
86.480295 678.000000
86.496993 657.000000
86.513691 705.000000
86.530389 732.000000
86.547087 635.000000
86.563785 659.000000
86.580483 672.000000
86.597280 718.000000
86.613978 711.000000
86.630676 717.000000
86.647374 702.000000
86.664072 692.000000
86.680770 680.000000
86.697468 755.000000
86.714166 735.000000
86.730864 684.000000
86.747662 750.000000
86.764360 706.000000
86.781057 744.000000
86.797755 739.000000
86.814453 682.000000
86.831151 756.000000
86.847849 630.000000
86.864547 732.000000
86.881345 744.000000
86.898043 713.000000
86.914741 727.000000
86.931439 732.000000
86.948137 726.000000
86.964834 759.000000
86.981532 792.000000
86.998230 775.000000
87.014928 811.000000
87.031726 822.000000
87.048424 861.000000
87.065122 847.000000
87.081820 885.000000
87.098518 964.000000
87.115216 1025.000000
87.131914 1044.000000
87.148611 1084.000000
87.165309 1195.000000
87.182107 1251.000000
87.198805 1356.000000
87.215503 1346.000000
87.232201 1429.000000
87.248899 1489.000000
87.265597 1468.000000
87.282295 1396.000000
87.298993 1348.000000
87.315690 1260.000000
87.332488 1279.000000
87.349186 1236.000000
87.365884 1235.000000
87.382582 1315.000000
87.399280 1246.000000
87.415978 1285.000000
87.432676 1299.000000
87.449374 1306.000000
87.466072 1285.000000
87.482869 1394.000000
87.499567 1296.000000
87.516265 1326.000000
87.532963 1274.000000
87.549661 1316.000000
87.566359 1195.000000
87.583057 1160.000000
87.599755 1175.000000
87.616453 1092.000000
87.633250 1094.000000
87.649948 1065.000000
87.666646 1055.000000
87.683344 1032.000000
87.700042 1113.000000
87.716740 1064.000000
87.733438 1072.000000
87.750136 1073.000000
87.766834 1061.000000
87.783632 962.000000
87.800329 988.000000
87.817027 969.000000
87.833725 936.000000
87.850423 886.000000
87.867121 861.000000
87.883819 871.000000
87.900517 833.000000
87.917215 808.000000
87.934013 827.000000
87.950710 782.000000
87.967408 775.000000
87.984106 826.000000
88.000804 826.000000
88.017502 879.000000
88.034200 781.000000
88.050898 790.000000
88.067596 844.000000
88.084394 751.000000
88.101091 744.000000
88.117789 723.000000
88.134487 773.000000
88.151185 725.000000
88.167883 699.000000
88.184581 699.000000
88.201279 721.000000
88.218077 723.000000
88.234774 740.000000
88.251472 727.000000
88.268170 689.000000
88.284868 664.000000
88.301566 699.000000
88.318264 704.000000
88.334962 727.000000
88.351660 686.000000
88.368458 760.000000
88.385155 702.000000
88.401853 792.000000
88.418551 687.000000
88.435249 680.000000
88.451947 732.000000
88.468645 671.000000
88.485343 670.000000
88.502041 749.000000
88.518838 692.000000
88.535536 662.000000
88.552234 632.000000
88.568932 730.000000
88.585630 673.000000
88.602328 700.000000
88.619026 679.000000
88.635724 643.000000
88.652421 630.000000
88.669219 650.000000
88.685917 698.000000
88.702615 682.000000
88.719313 683.000000
88.736011 662.000000
88.752709 717.000000
88.769407 660.000000
88.786104 658.000000
88.802802 618.000000
88.819600 681.000000
88.836298 673.000000
88.852996 669.000000
88.869694 690.000000
88.886392 679.000000
88.903090 655.000000
88.919787 707.000000
88.936485 677.000000
88.953183 695.000000
88.969981 650.000000
88.986679 663.000000
89.003377 683.000000
89.020075 699.000000
89.036773 643.000000
89.053470 653.000000
89.070168 715.000000
89.086866 638.000000
89.103564 679.000000
89.120362 673.000000
89.137060 662.000000
89.153758 638.000000
89.170455 677.000000
89.187153 684.000000
89.203851 702.000000
89.220549 658.000000
89.237247 721.000000
89.253945 704.000000
89.270743 687.000000
89.287440 637.000000
89.304138 689.000000
89.320836 709.000000
89.337534 714.000000
89.354232 704.000000
89.370930 692.000000
89.387628 678.000000
89.404426 719.000000
89.421123 705.000000
89.437821 677.000000
89.454519 645.000000
89.471217 639.000000
89.487915 733.000000
89.504613 712.000000
89.521311 738.000000
89.538008 682.000000
89.554806 686.000000
89.571504 680.000000
89.588202 699.000000
89.604900 679.000000
89.621598 725.000000
89.638296 708.000000
89.654993 695.000000
89.671691 679.000000
89.688389 671.000000
89.705187 665.000000
89.721885 637.000000
89.738583 659.000000
89.755281 661.000000
89.771978 680.000000
89.788676 675.000000
89.805374 660.000000
89.822072 649.000000
89.838770 611.000000
89.855568 698.000000
89.872266 705.000000
89.888963 664.000000
89.905661 633.000000
89.922359 695.000000
89.939057 668.000000
89.955755 675.000000
89.972453 657.000000
89.989250 664.000000
90.005948 699.000000
