5.035236 2895.910000
5.051936 2955.380000
5.068635 3010.690000
5.085335 3062.010000
5.102035 3109.530000
5.118735 3153.420000
5.135435 3193.860000
5.152135 3231.000000
5.168835 3264.970000
5.185634 3295.980000
5.202334 3324.140000
5.219034 3349.600000
5.235734 3372.480000
5.252434 3392.930000
5.269134 3411.040000
5.285834 3426.960000
5.302534 3440.780000
5.319233 3452.630000
5.336033 3462.590000
5.352733 3470.760000
5.369433 3477.270000
5.386133 3482.190000
5.402833 3485.600000
5.419533 3487.590000
5.436232 3488.250000
5.452932 3487.650000
5.469632 3485.850000
5.486432 3482.950000
5.503132 3479.000000
5.519832 3474.080000
5.536532 3468.210000
5.553231 3461.510000
5.569931 3454.000000
5.586631 3445.740000
5.603331 3436.790000
5.620131 3427.190000
5.636831 3417.000000
5.653530 3406.250000
5.670230 3394.990000
5.686930 3383.280000
5.703630 3371.120000
5.720330 3358.560000
5.737030 3345.680000
5.753730 3332.460000
5.770529 3318.960000
5.787229 3305.210000
5.803929 3291.230000
5.820629 3277.060000
5.837329 3262.710000
5.854029 3248.220000
5.870728 3233.620000
5.887428 3218.910000
5.904128 3204.120000
5.920928 3189.250000
5.937628 3174.370000
5.954328 3159.480000
5.971028 3144.600000
5.987727 3129.730000
6.004427 3114.900000
6.021127 3100.110000
6.037827 3085.390000
6.054527 3070.750000
6.071327 3056.200000
6.088026 3041.750000
6.104726 3027.410000
6.121426 3013.120000
6.138126 2999.050000
6.154826 2985.110000
6.171526 2971.330000
6.188225 2957.710000
6.204925 2944.260000
6.221725 2930.970000
6.238425 2917.890000
6.255125 2904.980000
6.271825 2892.280000
6.288524 2879.780000
6.305224 2867.490000
6.321924 2855.420000
6.338624 2843.420000
6.355324 2831.790000
6.372124 2820.370000
6.388823 2809.200000
6.405523 2798.260000
6.422223 2787.570000
6.438923 2777.120000
6.455623 2766.930000
6.472323 2757.000000
6.489022 2747.320000
6.505722 2737.930000
6.522522 2728.800000
6.539222 2719.960000
6.555922 2711.100000
6.572622 2702.840000
6.589321 2694.890000
6.606021 2687.260000
6.622721 2679.950000
6.639421 2673.000000
6.656121 2666.410000
6.672921 2660.190000
6.689620 2654.360000
6.706320 2648.950000
6.723020 2643.970000
6.739720 2639.420000
6.756420 2635.300000
6.773119 2631.570000
6.789819 2627.410000
6.806619 2624.070000
6.823319 2620.700000
6.840019 2617.200000
6.856719 2613.660000
6.873418 2610.370000
6.890118 2607.650000
6.906818 2605.730000
6.923518 2604.750000
6.940218 2604.730000
6.957017 2605.720000
6.973717 2607.730000
6.990417 2610.830000
7.007117 2615.040000
7.023817 2614.560000
7.040517 2620.590000
7.057216 2627.980000
7.073916 2636.840000
7.090616 2647.300000
7.107416 2659.500000
7.124116 2673.570000
7.140815 2689.670000
7.157515 2707.940000
7.174215 2728.640000
7.190915 2752.010000
7.207615 2778.380000
7.224314 2808.180000
7.241014 2841.960000
7.257814 2869.880000
7.274514 2913.590000
7.291214 2964.050000
7.307914 3022.480000
7.324613 3090.170000
7.341313 3168.440000
7.358013 3258.590000
7.374713 3361.910000
7.391413 3479.670000
7.408212 3613.460000
7.424912 3764.820000
7.441612 3934.780000
7.458312 4122.920000
7.475012 4325.970000
7.491711 4535.710000
7.508411 4749.460000
7.525111 4918.900000
7.541811 5017.780000
7.558611 5011.870000
7.575310 4885.210000
7.592010 4653.800000
7.608710 4361.220000
7.625410 4057.350000
7.642110 3778.210000
7.658809 3540.360000
7.675509 3346.010000
7.692209 3190.140000
7.709009 3065.760000
7.725709 2966.190000
7.742408 2885.910000
7.759108 2820.580000
7.775808 2769.260000
7.792508 2724.360000
7.809208 2686.760000
7.825907 2655.010000
7.842607 2627.950000
7.859407 2604.720000
7.876107 2584.640000
7.892806 2567.160000
7.909506 2551.840000
7.926206 2538.340000
7.942906 2526.400000
7.959606 2515.770000
7.976305 2506.280000
7.993105 2497.760000
8.009805 2490.080000
8.026505 2483.130000
8.043205 2477.160000
8.059904 2471.390000
8.076604 2466.120000
8.093304 2461.290000
8.110004 2456.850000
8.126704 2452.760000
8.143503 2448.970000
8.160203 2445.450000
8.176903 2442.190000
8.193603 2439.130000
8.210302 2436.280000
8.227002 2433.600000
8.243702 2431.080000
8.260402 2428.720000
8.277102 2426.470000
8.293901 2424.340000
8.310601 2422.330000
8.327301 2420.500000
8.344001 2418.660000
8.360700 2416.890000
8.377400 2415.190000
8.394100 2413.560000
8.410800 2411.980000
8.427500 2410.450000
8.444299 2408.960000
8.460999 2407.510000
8.477699 2406.100000
8.494399 2404.720000
8.511098 2403.350000
8.527798 2402.010000
8.544498 2400.700000
8.561198 2399.390000
8.577898 2398.110000
8.594697 2396.820000
8.611397 2395.600000
8.628097 2394.330000
8.644797 2393.070000
8.661496 2391.800000
8.678196 2390.540000
8.694896 2389.270000
8.711596 2388.000000
8.728295 2386.710000
8.745095 2385.420000
8.761795 2384.120000
8.778495 2382.820000
8.795195 2381.500000
8.811894 2380.170000
8.828594 2378.820000
8.845294 2377.460000
8.861994 2376.070000
8.878693 2374.680000
8.895493 2373.270000
8.912193 2371.940000
8.928893 2370.480000
8.945592 2369.010000
8.962292 2367.510000
8.978992 2365.990000
8.995692 2364.450000
9.012391 2362.890000
9.029091 2361.290000
9.045891 2359.680000
9.062591 2358.040000
9.079291 2356.370000
9.095990 2354.680000
9.112690 2352.960000
9.129390 2351.210000
9.146090 2349.440000
9.162789 2347.630000
9.179589 2345.820000
9.196289 2343.950000
9.212989 2342.080000
9.229688 2340.170000
9.246388 2338.240000
9.263088 2336.270000
9.279788 2334.280000
9.296487 2332.260000
9.313187 2330.210000
9.329987 2328.130000
9.346687 2326.020000
9.363386 2323.880000
9.380086 2321.720000
9.396786 2319.530000
9.413486 2317.310000
9.430185 2315.060000
9.446885 2312.780000
9.463585 2310.460000
9.480385 2308.130000
9.497084 2305.770000
9.513784 2303.370000
9.530484 2300.950000
9.547184 2298.500000
9.563883 2296.020000
9.580583 2293.510000
9.597283 2290.970000
9.613983 2288.410000
9.630782 2285.810000
9.647482 2283.190000
9.664182 2280.530000
9.680882 2277.860000
9.697581 2275.150000
9.714281 2272.420000
9.730981 2269.650000
9.747681 2266.860000
9.764380 2264.050000
9.781180 2261.210000
9.797880 2258.330000
9.814580 2255.430000
9.831279 2252.510000
9.847979 2249.560000
9.864679 2246.590000
9.881378 2243.590000
9.898078 2240.550000
9.914778 2237.500000
9.931578 2234.420000
9.948277 2231.330000
9.964977 2228.190000
9.981677 2225.050000
9.998377 2221.860000
10.015076 2218.660000
10.031776 2215.440000
10.048476 2212.190000
10.065176 2208.920000
10.081975 2205.620000
10.098675 2202.300000
10.115375 2198.950000
10.132075 2195.590000
10.148774 2192.210000
10.165474 2188.790000
10.182174 2185.360000
10.198873 2181.910000
10.215573 2178.440000
10.232373 2174.950000
10.249073 2171.430000
10.265772 2167.890000
10.282472 2164.340000
10.299172 2160.770000
10.315872 2157.170000
10.332571 2153.560000
10.349271 2149.920000
10.366071 2146.270000
10.382770 2142.600000
10.399470 2138.910000
10.416170 2135.200000
10.432870 2131.480000
10.449569 2127.740000
10.466269 2123.980000
10.482969 2120.200000
10.499669 2116.410000
10.516468 2112.600000
10.533168 2108.780000
10.549868 2104.930000
10.566567 2101.080000
10.583267 2097.200000
10.599967 2093.320000
10.616667 2089.430000
10.633366 2085.510000
10.650066 2081.580000
10.666866 2077.640000
10.683565 2073.670000
10.700265 2069.710000
10.716965 2065.720000
10.733665 2061.730000
10.750364 2057.720000
10.767064 2053.700000
10.783764 2049.670000
10.800463 2045.620000
10.817263 2041.580000
10.833963 2037.510000
10.850663 2033.430000
10.867362 2029.340000
10.884062 2025.250000
10.900762 2021.140000
10.917461 2017.030000
10.934161 2012.900000
10.950861 2008.770000
10.967661 2004.620000
10.984360 2000.470000
11.001060 1996.300000
11.017760 1992.130000
11.034459 1987.960000
11.051159 1983.770000
11.067859 1979.580000
11.084559 1975.380000
11.101258 1971.180000
11.118058 1966.960000
11.134758 1962.750000
11.151457 1958.520000
11.168157 1954.290000
11.184857 1950.060000
11.201556 1945.810000
11.218256 1941.570000
11.234956 1937.310000
11.251656 1933.060000
11.268455 1928.790000
11.285155 1924.540000
11.301855 1920.270000
11.318554 1915.990000
11.335254 1911.720000
11.351954 1907.440000
11.368653 1903.160000
11.385353 1898.880000
11.402053 1894.590000
11.418853 1890.300000
11.435552 1886.010000
11.452252 1881.720000
11.468952 1877.430000
11.485651 1873.130000
11.502351 1868.840000
11.519051 1864.540000
11.535750 1860.240000
11.552550 1855.940000
11.569250 1851.650000
11.585950 1847.350000
11.602649 1843.060000
11.619349 1838.760000
11.636049 1834.450000
11.652748 1830.160000
11.669448 1825.860000
11.686148 1821.570000
11.702947 1817.270000
11.719647 1812.990000
11.736347 1808.700000
11.753046 1804.410000
11.769746 1800.130000
11.786446 1795.840000
11.803146 1791.570000
11.819845 1787.290000
11.836545 1783.010000
11.853345 1778.750000
11.870044 1774.480000
11.886744 1770.210000
11.903444 1765.960000
11.920143 1761.700000
11.936843 1757.450000
11.953543 1753.200000
11.970242 1748.960000
11.986942 1744.720000
12.003742 1740.490000
12.020441 1736.260000
12.037141 1732.040000
12.053841 1727.820000
12.070540 1723.610000
12.087240 1719.400000
12.103940 1715.190000
12.120640 1711.000000
12.137339 1706.810000
12.154139 1702.630000
12.170839 1698.450000
12.187538 1694.280000
12.204238 1690.110000
12.220938 1685.960000
12.237637 1681.810000
12.254337 1677.670000
12.271037 1673.530000
12.287736 1669.390000
12.304536 1665.280000
12.321236 1661.170000
12.337935 1657.060000
12.354635 1652.960000
12.371335 1648.880000
12.388034 1644.800000
12.404734 1640.730000
12.421434 1636.660000
12.438133 1632.610000
12.454933 1628.560000
12.471633 1624.520000
12.488332 1620.490000
12.505032 1616.470000
12.521732 1612.460000
12.538431 1608.460000
12.555131 1604.470000
12.571831 1600.490000
12.588530 1596.510000
12.605330 1592.550000
12.622030 1588.600000
12.638729 1584.660000
12.655429 1580.730000
12.672129 1576.810000
12.688828 1572.890000
12.705528 1568.990000
12.722228 1565.100000
12.739027 1561.230000
12.755727 1557.360000
12.772427 1553.500000
12.789126 1549.660000
12.805826 1545.820000
12.822526 1542.000000
12.839225 1538.190000
12.855925 1534.390000
12.872625 1530.600000
12.889424 1526.820000
12.906124 1523.060000
12.922824 1519.300000
12.939523 1515.570000
12.956223 1511.830000
12.972923 1508.120000
12.989622 1504.420000
13.006322 1500.730000
13.023022 1497.050000
13.039821 1493.380000
13.056521 1489.730000
13.073221 1486.090000
13.089920 1482.460000
13.106620 1478.850000
13.123319 1475.250000
13.140019 1471.660000
13.156719 1468.090000
13.173418 1464.530000
13.190218 1460.990000
13.206918 1457.460000
13.223617 1453.940000
13.240317 1450.430000
13.257017 1446.950000
13.273716 1443.480000
13.290416 1440.020000
13.307116 1436.570000
13.323815 1433.130000
13.340615 1429.720000
13.357315 1426.320000
13.374014 1422.940000
13.390714 1419.590000
13.407414 1416.240000
13.424113 1412.940000
13.440813 1409.680000
13.457512 1406.450000
13.474212 1403.280000
13.491012 1400.160000
13.507711 1397.110000
13.524411 1394.110000
13.541111 1391.200000
13.557810 1388.390000
13.574510 1385.680000
13.591210 1383.080000
13.607909 1380.610000
13.624609 1378.260000
13.641409 1375.990000
13.658108 1373.700000
13.674808 1371.310000
13.691507 1368.600000
13.708207 1365.460000
13.724907 1361.900000
13.741606 1358.080000
13.758306 1354.180000
13.775006 1350.370000
13.791805 1346.700000
13.808505 1343.200000
13.825205 1339.830000
13.841904 1336.580000
13.858604 1333.400000
13.875303 1330.320000
13.892003 1327.310000
13.908703 1324.350000
13.925502 1321.440000
13.942202 1318.590000
13.958902 1315.780000
13.975601 1313.000000
13.992301 1310.250000
14.009000 1307.550000
14.025700 1304.890000
14.042400 1302.250000
14.059099 1299.660000
14.075899 1297.100000
14.092599 1294.580000
14.109298 1292.100000
14.125998 1289.650000
14.142697 1287.240000
14.159397 1284.880000
14.176097 1282.550000
14.192796 1280.270000
14.209496 1278.040000
14.226296 1275.850000
14.242995 1273.720000
14.259695 1271.640000
14.276394 1269.610000
14.293094 1267.640000
14.309794 1265.740000
14.326493 1263.910000
14.343193 1262.050000
14.359893 1260.360000
14.376692 1258.740000
14.393392 1257.220000
14.410091 1255.790000
14.426791 1254.460000
14.443491 1253.230000
14.460190 1252.140000
14.476890 1251.170000
14.493590 1250.340000
14.510289 1249.680000
14.527089 1249.170000
14.543788 1248.870000
14.560488 1248.770000
14.577188 1248.920000
14.593887 1249.320000
14.610587 1250.010000
14.627286 1251.050000
14.643986 1252.450000
14.660686 1254.300000
14.677485 1256.620000
14.694185 1259.500000
14.710885 1263.040000
14.727584 1267.330000
14.744284 1272.490000
14.760983 1278.680000
14.777683 1286.070000
14.794383 1294.910000
14.811082 1305.450000
14.827882 1318.030000
14.844581 1330.790000
14.861281 1348.370000
14.877981 1369.450000
14.894680 1394.730000
14.911380 1425.120000
14.928079 1461.630000
14.944779 1505.520000
14.961479 1558.190000
14.978278 1621.290000
14.994978 1696.620000
15.011677 1786.200000
15.028377 1892.070000
15.045077 2016.040000
15.061776 2159.010000
15.078476 2320.110000
15.095175 2495.080000
15.111975 2674.300000
15.128675 2840.540000
15.145374 2968.740000
15.162074 3031.070000
15.178773 3008.070000
15.195473 2899.300000
15.212173 2724.460000
15.228872 2514.150000
15.245572 2298.570000
15.262371 2099.750000
15.279071 1928.700000
15.295771 1787.540000
15.312470 1673.430000
15.329170 1581.780000
15.345869 1510.130000
15.362569 1449.970000
15.379269 1400.780000
15.395968 1360.140000
15.412768 1326.210000
15.429467 1297.600000
15.446167 1273.230000
15.462867 1252.260000
15.479566 1234.070000
15.496266 1218.160000
15.512965 1204.140000
15.529665 1191.680000
15.546365 1180.540000
15.563164 1170.510000
15.579864 1161.430000
15.596563 1153.170000
15.613263 1145.600000
15.629962 1138.650000
15.646662 1132.210000
15.663362 1126.240000
15.680061 1120.670000
15.696761 1115.470000
15.713560 1110.590000
15.730260 1105.980000
15.746960 1101.630000
15.763659 1097.510000
15.780359 1093.590000
15.797058 1089.860000
15.813758 1086.290000
15.830457 1082.870000
15.847157 1079.600000
15.863957 1076.450000
15.880656 1073.470000
15.897356 1070.540000
15.914055 1067.710000
15.930755 1064.980000
15.947455 1062.320000
15.964154 1059.740000
15.980854 1057.240000
15.997553 1054.800000
16.014353 1052.420000
16.031052 1050.120000
16.047752 1047.860000
16.064452 1045.650000
16.081151 1043.490000
16.097851 1041.390000
16.114550 1039.320000
16.131250 1037.290000
16.147949 1035.300000
16.164749 1033.360000
16.181449 1031.450000
16.198148 1029.570000
16.214848 1027.730000
16.231547 1025.920000
16.248247 1024.130000
16.264946 1022.370000
16.281646 1020.650000
16.298446 1018.950000
16.315145 1017.270000
16.331845 1015.620000
16.348544 1013.990000
16.365244 1012.380000
16.381943 1010.800000
16.398643 1009.240000
16.415343 1007.700000
16.432042 1006.190000
16.448842 1004.690000
16.465541 1003.210000
16.482241 1001.740000
16.498940 1000.290000
16.515640 998.860000
16.532340 997.460000
16.549039 996.060000
16.565739 994.680000
16.582438 993.310000
16.599238 991.970000
16.615937 990.640000
16.632637 989.310000
16.649336 988.010000
16.666036 986.720000
16.682736 985.440000
16.699435 984.190000
16.716135 982.940000
16.732834 981.690000
16.749634 980.480000
16.766333 979.270000
16.783033 978.070000
16.799732 976.880000
16.816432 975.720000
16.833132 974.560000
16.849831 973.400000
16.866531 972.270000
16.883230 971.140000
16.900030 970.030000
16.916729 968.930000
16.933429 967.830000
16.950128 966.750000
16.966828 965.680000
16.983528 964.630000
17.000227 963.580000
17.016927 962.540000
17.033626 961.500000
17.050426 960.490000
17.067125 959.480000
17.083825 958.480000
17.100524 957.490000
17.117224 956.500000
17.133924 955.530000
17.150623 954.570000
17.167323 953.620000
17.184022 952.680000
17.200822 951.740000
17.217521 950.810000
17.234221 949.890000
17.250920 948.980000
17.267620 948.080000
17.284319 947.190000
17.301019 946.300000
17.317719 945.420000
17.334518 944.550000
17.351218 943.700000
17.367917 942.840000
17.384617 941.990000
17.401316 941.160000
17.418016 940.340000
17.434715 939.510000
17.451415 938.700000
17.468114 937.890000
17.484914 937.090000
17.501613 936.310000
17.518313 935.530000
17.535013 934.750000
17.551712 933.990000
17.568412 933.240000
17.585111 932.480000
17.601811 931.740000
17.618510 931.000000
17.635310 930.270000
17.652009 929.550000
17.668709 928.840000
17.685408 928.130000
17.702108 927.430000
17.718807 926.740000
17.735507 926.040000
17.752206 925.370000
17.768906 924.690000
17.785706 924.030000
17.802405 923.370000
17.819105 922.720000
17.835804 922.070000
17.852504 921.430000
17.869203 920.790000
17.885903 920.170000
17.902602 919.540000
17.919302 918.930000
17.936101 918.320000
17.952801 917.720000
17.969500 917.130000
17.986200 916.530000
18.002899 915.960000
18.019599 915.370000
18.036298 914.810000
18.052998 914.240000
18.069697 913.680000
18.086497 913.120000
18.103197 912.580000
18.119896 912.040000
18.136596 911.490000
18.153295 910.960000
18.169995 910.440000
18.186694 909.920000
18.203394 909.410000
18.220093 908.900000
18.236893 908.400000
18.253592 907.900000
18.270292 907.400000
18.286991 906.920000
18.303691 906.430000
18.320390 905.960000
18.337090 905.490000
18.353789 905.020000
18.370489 904.570000
18.387288 904.110000
18.403988 903.650000
18.420687 903.210000
18.437387 902.770000
18.454086 902.340000
18.470786 901.900000
18.487485 901.480000
18.504185 901.070000
18.520884 900.640000
18.537684 900.240000
18.554383 899.830000
18.571083 899.420000
18.587782 899.030000
18.604482 898.640000
18.621182 898.250000
18.637881 897.870000
18.654581 897.490000
18.671380 897.120000
18.688080 896.750000
18.704779 896.390000
18.721479 896.030000
18.738178 895.670000
18.754878 895.320000
18.771577 894.970000
18.788277 894.620000
18.804976 894.280000
18.821776 893.950000
18.838475 893.620000
18.855175 893.300000
18.871874 892.970000
18.888574 892.660000
18.905273 892.340000
18.921973 892.040000
18.938672 891.730000
18.955372 891.420000
18.972171 891.130000
18.988871 890.830000
19.005570 890.550000
19.022270 890.260000
19.038969 889.980000
19.055669 889.700000
19.072368 889.430000
19.089068 889.150000
19.105767 888.890000
19.122567 888.630000
19.139266 888.370000
19.155966 888.120000
19.172665 887.870000
19.189365 887.610000
19.206064 887.360000
19.222764 887.120000
19.239463 886.890000
19.256163 886.650000
19.272962 886.430000
19.289662 886.200000
19.306361 885.980000
19.323060 885.760000
19.339760 885.540000
19.356459 885.330000
19.373159 885.120000
19.389858 884.910000
19.406558 884.710000
19.423357 884.510000
19.440057 884.310000
19.456756 884.120000
19.473456 883.920000
19.490155 883.740000
19.506855 883.560000
19.523554 883.370000
19.540254 883.200000
19.556953 883.030000
19.573753 882.850000
19.590452 882.680000
19.607152 882.520000
19.623851 882.360000
19.640551 882.200000
19.657250 882.050000
19.673950 881.890000
19.690649 881.740000
19.707349 881.590000
19.724148 881.450000
19.740848 881.310000
19.757547 881.180000
19.774247 881.040000
19.790946 880.900000
19.807646 880.780000
19.824345 880.650000
19.841044 880.530000
19.857844 880.400000
19.874543 880.290000
19.891243 880.180000
19.907942 880.060000
19.924642 879.950000
19.941341 879.840000
19.958041 879.740000
19.974740 879.640000
19.991440 879.540000
20.008239 879.440000
20.024939 879.350000
20.041638 879.270000
20.058338 879.180000
20.075037 879.090000
20.091737 879.010000
20.108436 878.930000
20.125136 878.860000
20.141835 878.780000
20.158634 878.710000
20.175334 878.640000
20.192033 878.580000
20.208733 878.510000
20.225432 878.450000
20.242132 878.390000
20.258831 878.340000
20.275531 878.290000
20.292230 878.240000
20.309030 878.190000
20.325729 878.150000
20.342429 878.100000
20.359128 878.070000
20.375827 878.050000
20.392527 878.050000
20.409226 878.080000
20.425926 878.140000
20.442625 878.230000
20.459425 878.370000
20.476124 878.580000
20.492824 878.880000
20.509523 879.290000
20.526223 879.810000
20.542922 880.470000
20.559622 881.240000
20.576321 882.070000
20.593020 882.880000
20.609820 883.470000
20.626519 883.720000
20.643219 883.580000
20.659918 883.140000
20.676618 882.580000
20.693317 882.040000
20.710017 881.600000
20.726716 881.240000
20.743416 880.960000
20.760215 880.690000
20.776914 880.430000
20.793614 880.150000
20.810313 879.900000
20.827013 879.690000
20.843712 879.500000
20.860412 879.360000
20.877111 879.250000
20.893911 879.170000
20.910610 879.110000
20.927310 879.080000
20.944009 879.050000
20.960708 879.050000
20.977408 879.060000
20.994107 879.080000
21.010807 879.110000
21.027506 879.140000
21.044306 879.190000
21.061005 879.250000
21.077705 879.320000
21.094404 879.390000
21.111103 879.460000
21.127803 879.550000
21.144502 879.640000
21.161202 879.740000
21.177901 879.840000
21.194701 879.950000
21.211400 880.080000
21.228100 880.190000
21.244799 880.330000
21.261498 880.470000
21.278198 880.610000
21.294897 880.760000
21.311597 880.920000
21.328296 881.100000
21.345096 881.270000
21.361795 881.450000
21.378494 881.650000
21.395194 881.840000
21.411893 882.060000
21.428593 882.280000
21.445292 882.510000
21.461992 882.740000
21.478691 882.990000
21.495491 883.230000
21.512190 883.500000
21.528889 883.780000
21.545589 884.080000
21.562288 884.380000
21.578988 884.700000
21.595687 885.030000
21.612387 885.380000
21.629086 885.740000
21.645885 886.120000
21.662585 886.510000
21.679284 886.930000
21.695984 887.360000
21.712683 887.800000
21.729383 888.280000
21.746082 888.780000
21.762781 889.300000
21.779481 889.840000
21.796280 890.410000
21.812980 891.010000
21.829679 891.640000
21.846379 892.300000
21.863078 892.990000
21.879777 893.710000
21.896477 894.480000
21.913176 895.290000
21.929876 896.140000
21.946675 897.030000
21.963374 897.990000
21.980074 898.990000
21.996773 900.050000
22.013473 901.180000
22.030172 902.370000
22.046872 903.650000
22.063571 905.000000
22.080270 906.440000
22.097070 907.980000
22.113769 909.610000
22.130469 911.370000
22.147168 913.260000
22.163867 915.270000
22.180567 917.440000
22.197266 919.780000
22.213966 922.300000
22.230765 924.840000
22.247465 927.760000
22.264164 930.950000
22.280863 934.420000
22.297563 938.200000
22.314262 942.340000
22.330962 946.870000
22.347661 951.860000
22.364360 957.370000
22.381160 963.460000
22.397859 970.240000
22.414559 977.790000
22.431258 986.260000
22.447957 995.780000
22.464657 1006.540000
22.481356 1018.760000
22.498056 1032.720000
22.514755 1048.750000
22.531555 1067.260000
22.548254 1088.800000
22.564953 1113.990000
22.581653 1143.680000
22.598352 1178.880000
22.615052 1220.880000
22.631751 1271.290000
22.648450 1332.080000
22.665150 1405.610000
22.681949 1494.600000
22.698649 1602.060000
22.715348 1730.970000
22.732047 1883.880000
22.748747 2062.060000
22.765446 2264.000000
22.782146 2483.010000
22.798845 2704.000000
22.815544 2902.050000
22.832344 3046.020000
22.849043 3110.130000
22.865743 3086.940000
22.882442 2989.380000
22.899141 2839.860000
22.915841 2660.990000
22.932540 2473.650000
22.949240 2295.570000
22.965939 2136.980000
22.982738 2004.800000
22.999438 1882.150000
23.016137 1770.480000
23.032837 1667.040000
23.049536 1571.040000
23.066235 1482.500000
23.082935 1402.050000
23.099634 1330.730000
23.116333 1269.200000
23.133133 1217.240000
23.149832 1173.880000
23.166532 1137.800000
23.183231 1107.700000
23.199930 1082.440000
23.216630 1061.090000
23.233329 1042.890000
23.250029 1027.250000
23.266828 1013.730000
23.283527 1001.960000
23.300227 991.630000
23.316926 982.530000
23.333626 974.470000
23.350325 967.270000
23.367024 960.840000
23.383724 955.070000
23.400423 949.860000
23.417222 945.130000
23.433922 940.850000
23.450621 936.950000
23.467321 933.380000
23.484020 930.110000
23.500719 927.110000
23.517419 924.340000
23.534118 921.800000
23.550818 919.430000
23.567617 917.250000
23.584316 915.220000
23.601016 913.340000
23.617715 911.580000
23.634414 909.940000
23.651114 908.410000
23.667813 906.980000
23.684513 905.640000
23.701212 904.380000
23.718011 903.200000
23.734711 902.090000
23.751410 901.040000
23.768109 900.100000
23.784809 899.180000
23.801508 898.300000
23.818208 897.470000
23.834907 896.690000
23.851606 895.950000
23.868406 895.260000
23.885105 894.600000
23.901804 893.980000
23.918504 893.400000
23.935203 892.850000
23.951903 892.340000
23.968602 891.860000
23.985301 891.410000
24.002001 891.000000
24.018800 890.630000
24.035499 890.280000
24.052199 889.990000
24.068898 889.740000
24.085597 889.530000
24.102297 889.390000
24.118996 889.310000
24.135696 889.290000
24.152395 889.340000
24.169194 889.440000
24.185894 889.600000
24.202593 889.740000
24.219292 889.840000
24.235992 889.800000
24.252691 889.590000
24.269390 889.220000
24.286090 888.700000
24.302789 888.080000
24.319589 887.430000
24.336288 886.750000
24.352987 886.100000
24.369687 885.510000
24.386386 884.990000
24.403085 884.530000
24.419785 884.130000
24.436484 883.780000
24.453183 883.460000
24.469983 883.180000
24.486682 882.930000
24.503381 882.700000
24.520081 882.480000
24.536780 882.270000
24.553480 882.090000
24.570179 881.920000
24.586878 881.760000
24.603678 881.590000
24.620377 881.440000
24.637076 881.290000
24.653776 881.160000
24.670475 881.020000
24.687174 880.900000
24.703874 880.770000
24.720573 880.670000
24.737272 880.560000
24.754072 880.470000
24.770771 880.390000
24.787470 880.320000
24.804170 880.270000
24.820869 880.240000
24.837568 880.240000
24.854268 880.270000
24.870967 880.350000
24.887667 880.470000
24.904466 880.610000
24.921165 880.780000
24.937865 880.930000
24.954564 881.010000
24.971263 880.970000
24.987963 880.820000
25.004662 880.580000
25.021361 880.310000
25.038061 880.060000
25.054860 879.820000
25.071559 879.610000
25.088259 879.440000
25.104958 879.280000
25.121657 879.140000
25.138357 879.020000
25.155056 878.910000
25.171755 878.810000
25.188455 878.720000
25.205254 878.640000
25.221953 878.550000
25.238653 878.480000
25.255352 878.410000
25.272051 878.350000
25.288751 878.280000
25.305450 878.220000
25.322149 878.160000
25.338849 878.110000
25.355648 878.060000
25.372347 878.010000
25.389047 877.960000
25.405746 877.910000
25.422445 877.870000
25.439145 877.820000
25.455844 877.780000
25.472543 877.740000
25.489243 877.700000
25.506042 877.660000
25.522741 877.630000
25.539441 877.590000
25.556140 877.560000
25.572839 877.520000
25.589539 877.490000
25.606238 877.460000
25.622937 877.440000
25.639637 877.410000
25.656436 877.380000
25.673135 877.360000
25.689835 877.330000
25.706534 877.300000
25.723233 877.280000
25.739933 877.260000
25.756632 877.250000
25.773331 877.230000
25.790131 877.210000
25.806830 877.190000
25.823529 877.180000
25.840228 877.150000
25.856928 877.140000
25.873627 877.130000
25.890326 877.120000
25.907026 877.110000
25.923725 877.110000
25.940524 877.090000
25.957224 877.090000
25.973923 877.090000
25.990622 877.080000
26.007322 877.080000
26.024021 877.070000
26.040720 877.080000
26.057420 877.080000
26.074119 877.090000
26.090918 877.090000
26.107618 877.100000
26.124317 877.110000
26.141016 877.120000
26.157715 877.130000
26.174415 877.150000
26.191114 877.170000
26.207813 877.190000
26.224513 877.210000
26.241312 877.240000
26.258011 877.260000
26.274711 877.290000
26.291410 877.330000
26.308109 877.360000
26.324809 877.400000
26.341508 877.450000
26.358207 877.490000
26.374907 877.540000
26.391706 877.590000
26.408405 877.650000
26.425104 877.710000
26.441804 877.770000
26.458503 877.850000
26.475202 877.930000
26.491902 878.000000
26.508601 878.090000
26.525300 878.180000
26.542100 878.280000
26.558799 878.380000
26.575498 878.490000
26.592197 878.610000
26.608897 878.740000
26.625596 878.870000
26.642295 879.010000
26.658995 879.150000
26.675694 879.320000
26.692493 879.490000
26.709193 879.670000
26.725892 879.860000
26.742591 880.070000
26.759290 880.290000
26.775990 880.530000
26.792689 880.780000
26.809388 881.040000
26.826088 881.330000
26.842887 881.630000
26.859586 881.950000
26.876286 882.300000
26.892985 882.680000
26.909684 883.080000
26.926383 883.510000
26.943083 883.980000
26.959782 884.470000
26.976581 885.010000
26.993281 885.600000
27.009980 886.220000
27.026679 886.900000
27.043378 887.640000
27.060078 888.440000
27.076777 889.310000
27.093476 890.260000
27.110176 891.300000
27.126975 892.430000
27.143674 893.610000
27.160373 894.970000
27.177073 896.490000
27.193772 898.160000
27.210471 900.010000
27.227171 902.080000
27.243870 904.390000
27.260569 906.990000
27.277368 909.920000
27.294068 913.240000
27.310767 917.020000
27.327466 921.330000
27.344166 926.300000
27.360865 932.040000
27.377564 938.720000
27.394263 946.540000
27.410963 955.760000
27.427762 966.670000
27.444461 979.680000
27.461161 995.270000
27.477860 1014.050000
27.494559 1036.760000
27.511258 1064.270000
27.527958 1097.600000
27.544657 1137.850000
27.561356 1186.020000
27.578155 1242.670000
27.594855 1307.200000
27.611554 1376.940000
27.628253 1445.970000
27.644953 1505.060000
27.661652 1543.860000
27.678351 1555.590000
27.695050 1540.660000
27.711750 1505.020000
27.728549 1455.100000
27.745248 1395.380000
27.761947 1330.020000
27.778647 1264.180000
27.795346 1202.910000
27.812045 1149.420000
27.828745 1104.630000
27.845444 1067.990000
27.862143 1038.310000
27.878942 1014.280000
27.895642 994.730000
27.912341 978.720000
27.929040 965.510000
27.945739 954.500000
27.962439 945.260000
27.979138 937.440000
27.995837 930.760000
28.012636 925.020000
28.029336 920.060000
28.046035 915.740000
28.062734 912.070000
28.079434 908.720000
28.096133 905.770000
28.112832 903.140000
28.129531 900.800000
28.146231 898.700000
28.163030 896.810000
28.179729 895.110000
28.196428 893.560000
28.213128 892.160000
28.229827 890.890000
28.246526 889.720000
28.263225 888.650000
28.279925 887.680000
28.296624 886.780000
28.313423 885.950000
28.330122 885.180000
28.346822 884.470000
28.363521 883.820000
28.380220 883.210000
28.396919 882.650000
28.413619 882.120000
28.430318 881.620000
28.447017 881.170000
28.463816 880.740000
28.480516 880.340000
28.497215 879.970000
28.513914 879.630000
28.530613 879.290000
28.547313 878.990000
28.564012 878.700000
28.580711 878.440000
28.597410 878.180000
28.614210 877.940000
28.630909 877.720000
28.647608 877.520000
28.664307 877.320000
28.681007 877.140000
28.697706 876.970000
28.714405 876.800000
28.731104 876.650000
28.747804 876.520000
28.764603 876.380000
28.781302 876.260000
28.798001 876.140000
28.814701 876.040000
28.831400 875.940000
28.848099 875.850000
28.864798 875.770000
28.881498 875.690000
28.898197 875.620000
28.914996 875.550000
28.931695 875.500000
28.948395 875.440000
28.965094 875.400000
28.981793 875.360000
28.998492 875.320000
29.015192 875.290000
29.031891 875.270000
29.048690 875.250000
29.065389 875.240000
29.082089 875.230000
29.098788 875.220000
29.115487 875.230000
29.132186 875.250000
29.148885 875.300000
29.165585 875.380000
29.182284 875.500000
29.199083 875.660000
29.215782 875.880000
29.232482 876.230000
29.249181 876.700000
29.265880 877.350000
29.282579 878.250000
29.299279 879.450000
29.315978 881.050000
29.332677 883.160000
29.349476 885.870000
29.366176 889.210000
29.382875 893.150000
29.399574 897.440000
29.416273 901.680000
29.432972 905.470000
29.449672 908.700000
29.466371 911.580000
29.483070 914.360000
29.499869 916.810000
29.516569 918.260000
29.533268 917.940000
29.549967 915.600000
29.566666 911.810000
29.583365 907.450000
29.600065 903.240000
29.616764 899.520000
29.633463 896.400000
29.650262 893.840000
29.666962 891.770000
29.683661 890.080000
29.700360 888.700000
29.717059 887.580000
29.733758 886.660000
29.750458 885.910000
29.767157 885.290000
29.783856 884.780000
29.800655 884.370000
29.817355 884.030000
29.834054 883.760000
29.850753 883.550000
29.867452 883.390000
29.884151 883.280000
29.900851 883.200000
29.917550 883.160000
29.934249 883.160000
29.951048 883.180000
29.967747 883.220000
29.984447 883.300000
30.001146 883.410000
30.017845 883.530000
30.034544 883.680000
30.051244 883.840000
30.067943 884.040000
30.084642 884.260000
30.101441 884.500000
30.118140 884.760000
30.134840 885.040000
30.151539 885.360000
30.168238 885.700000
30.184937 886.070000
30.201636 886.470000
30.218336 886.910000
30.235035 887.390000
30.251834 887.910000
30.268533 888.480000
30.285232 889.110000
30.301932 889.790000
30.318631 890.530000
30.335330 891.320000
30.352029 892.190000
30.368729 893.110000
30.385528 894.130000
30.402227 895.290000
30.418926 896.610000
30.435625 898.140000
30.452325 899.930000
30.469024 902.040000
30.485723 904.520000
30.502422 907.440000
30.519121 910.890000
30.535921 914.890000
30.552620 919.420000
30.569319 924.320000
30.586018 929.200000
30.602717 933.470000
30.619417 936.500000
30.636116 937.890000
30.652815 937.700000
30.669514 936.360000
30.686313 934.270000
30.703012 931.630000
30.719712 928.600000
30.736411 925.370000
30.753110 922.280000
30.769809 919.580000
30.786508 917.390000
30.803208 915.730000
30.819907 914.570000
30.836706 913.800000
30.853405 913.370000
30.870104 913.210000
30.886804 913.270000
30.903503 913.510000
30.920202 913.890000
30.936901 914.420000
30.953600 915.050000
30.970300 915.740000
30.987099 916.550000
31.003798 917.460000
31.020497 918.420000
31.037196 919.470000
31.053896 920.570000
31.070595 921.750000
31.087294 922.990000
31.103993 924.290000
31.120692 925.650000
31.137491 927.080000
31.154191 928.570000
31.170890 930.130000
31.187589 931.740000
31.204288 933.440000
31.220987 935.200000
31.237687 937.020000
31.254386 938.930000
31.271085 940.900000
31.287884 942.960000
31.304583 945.100000
31.321282 947.320000
31.337982 949.640000
31.354681 952.040000
31.371380 954.550000
31.388079 957.150000
31.404778 959.860000
31.421478 962.690000
31.438277 965.630000
31.454976 968.700000
31.471675 971.890000
31.488374 975.230000
31.505073 978.710000
31.521773 982.330000
31.538472 986.120000
31.555171 990.080000
31.571970 994.230000
31.588669 998.560000
31.605368 1003.080000
31.622068 1007.830000
31.638767 1012.810000
31.655466 1018.020000
31.672165 1023.500000
31.688864 1029.230000
31.705563 1035.270000
31.722363 1041.620000
31.739062 1048.310000
31.755761 1055.350000
31.772460 1062.780000
31.789159 1070.610000
31.805858 1078.880000
31.822558 1087.630000
31.839257 1096.890000
31.855956 1106.700000
31.872755 1117.100000
31.889454 1128.140000
31.906153 1139.890000
31.922853 1152.390000
31.939552 1165.710000
31.956251 1179.930000
31.972950 1195.130000
31.989649 1210.630000
32.006348 1228.010000
32.023148 1246.680000
32.039847 1266.760000
32.056546 1288.400000
32.073245 1311.770000
32.089944 1337.050000
32.106643 1364.470000
32.123343 1394.260000
32.140042 1426.710000
32.156741 1462.160000
32.173540 1500.970000
32.190239 1543.610000
32.206938 1590.560000
32.223638 1642.460000
32.240337 1700.010000
32.257036 1764.100000
32.273735 1835.710000
32.290434 1916.080000
32.307133 2006.660000
32.323932 2109.300000
32.340632 2226.110000
32.357331 2359.760000
32.374030 2513.450000
32.390729 2691.250000
32.407428 2897.980000
32.424127 3139.700000
32.440827 3423.880000
32.457526 3759.810000
32.474325 4158.980000
32.491024 4635.970000
32.507723 5208.140000
32.524422 5895.830000
32.541121 6719.640000
32.557821 7696.130000
32.574520 8827.770000
32.591219 10092.600000
32.607918 11433.790000
32.624717 12764.360000
32.641416 14000.030000
32.658115 15109.710000
32.674815 16129.280000
32.691514 17104.960000
32.708213 18004.070000
32.724912 18682.910000
32.741611 18947.120000
32.758310 18674.330000
32.775109 17902.530000
32.791809 16799.960000
32.808508 15539.220000
32.825207 14203.460000
32.841906 12804.830000
32.858605 11359.600000
32.875304 9930.680000
32.892003 8600.650000
32.908803 7430.140000
32.925502 6439.530000
32.942201 5619.790000
32.958900 4947.850000
32.975599 4397.740000
32.992298 3945.430000
33.008997 3571.260000
33.025697 3259.280000
33.042396 2997.090000
33.059195 2781.700000
33.075894 2591.090000
33.092593 2427.190000
33.109292 2285.320000
33.125991 2161.750000
33.142690 2053.510000
33.159390 1958.170000
33.176089 1873.790000
33.192788 1798.770000
33.209587 1731.800000
33.226286 1671.800000
33.242985 1617.840000
33.259684 1569.190000
33.276384 1525.200000
33.293083 1485.320000
33.309782 1449.110000
33.326481 1416.170000
33.343180 1386.210000
33.359979 1358.920000
33.376678 1334.090000
33.393377 1311.560000
33.410077 1291.140000
33.426776 1272.740000
33.443475 1256.320000
33.460174 1241.800000
33.476873 1229.220000
33.493572 1218.640000
33.510371 1210.140000
33.527070 1203.930000
33.543770 1200.190000
33.560469 1199.150000
33.577168 1200.920000
33.593867 1205.280000
33.610566 1211.510000
33.627265 1218.000000
33.643964 1222.450000
33.660763 1222.440000
33.677463 1216.660000
33.694162 1205.680000
33.710861 1191.280000
33.727560 1175.020000
33.744259 1157.410000
33.760958 1138.470000
33.777657 1118.610000
33.794356 1098.790000
33.811155 1080.080000
33.827855 1063.210000
33.844554 1048.400000
33.861253 1035.540000
33.877952 1024.370000
33.894651 1014.640000
33.911350 1006.060000
33.928049 998.450000
33.944848 991.610000
33.961547 985.420000
33.978247 979.780000
33.994946 974.580000
34.011645 969.780000
34.028344 965.320000
34.045043 961.160000
34.061742 957.260000
34.078441 953.580000
34.095240 950.110000
34.111939 946.830000
34.128639 943.710000
34.145338 940.850000
34.162037 938.030000
34.178736 935.330000
34.195435 932.760000
34.212134 930.300000
34.228833 927.930000
34.245632 925.670000
34.262331 923.490000
34.279031 921.400000
34.295730 919.390000
34.312429 917.460000
34.329128 915.590000
34.345827 913.790000
34.362526 912.060000
34.379225 910.380000
34.396024 908.770000
34.412723 907.220000
34.429422 905.730000
34.446122 904.290000
34.462821 902.920000
34.479520 901.600000
34.496219 900.340000
34.512918 899.150000
34.529617 898.030000
34.546416 896.990000
34.563115 896.040000
34.579814 895.200000
34.596513 894.480000
34.613213 893.930000
34.629912 893.540000
34.646611 893.370000
34.663310 893.380000
34.680009 893.540000
34.696808 893.720000
34.713507 893.720000
34.730206 893.430000
34.746905 892.790000
34.763604 891.920000
34.780303 890.890000
34.797003 889.760000
34.813702 888.470000
34.830401 887.060000
34.847200 885.590000
34.863899 884.130000
34.880598 882.740000
34.897297 881.480000
34.913996 880.330000
34.930695 879.290000
34.947394 878.340000
34.964093 877.460000
34.980793 876.630000
34.997592 875.870000
35.014291 875.160000
35.030990 874.490000
35.047689 873.860000
35.064388 873.250000
35.081087 872.680000
35.097786 872.130000
35.114485 871.610000
35.131284 871.110000
35.147983 870.640000
35.164682 870.180000
35.181382 869.750000
35.198081 869.340000
35.214780 868.940000
35.231479 868.560000
35.248178 868.200000
35.264877 867.870000
35.281676 867.540000
35.298375 867.240000
35.315074 866.950000
35.331773 866.680000
35.348472 866.420000
35.365171 866.190000
35.381870 865.970000
35.398570 865.770000
35.415269 865.590000
35.432068 865.440000
35.448767 865.290000
35.465466 865.170000
35.482165 865.080000
35.498864 865.000000
35.515563 864.960000
35.532262 864.930000
35.548961 864.940000
35.565660 864.960000
35.582459 865.020000
35.599158 865.120000
35.615858 865.240000
35.632557 865.410000
35.649256 865.620000
35.665955 865.860000
35.682654 866.170000
35.699353 866.510000
35.716052 866.920000
35.732851 867.390000
35.749550 867.930000
35.766249 868.560000
35.782948 869.260000
35.799647 870.070000
35.816346 871.000000
35.833045 872.040000
35.849744 873.240000
35.866444 874.610000
35.883243 876.170000
35.899942 877.950000
35.916641 880.000000
35.933340 882.360000
35.950039 885.080000
35.966738 888.240000
35.983437 891.900000
36.000136 896.190000
36.016835 901.210000
36.033634 907.110000
36.050333 914.080000
36.067032 922.340000
36.083731 932.180000
36.100430 943.940000
36.117129 958.110000
36.133828 975.260000
36.150528 996.130000
36.167327 1021.500000
36.184026 1052.030000
36.200725 1087.890000
36.217424 1128.180000
36.234123 1170.200000
36.250822 1209.070000
36.267521 1238.480000
36.284220 1253.260000
36.300919 1252.390000
36.317718 1239.530000
36.334417 1219.910000
36.351116 1196.680000
36.367815 1170.180000
36.384514 1139.760000
36.401213 1106.070000
36.417912 1072.570000
36.434611 1039.710000
36.451311 1010.570000
36.468110 985.860000
36.484809 965.410000
36.501508 948.680000
36.518207 935.010000
36.534906 923.820000
36.551605 914.600000
36.568304 906.940000
36.585003 900.540000
36.601702 895.160000
36.618501 890.580000
36.635200 886.670000
36.651899 883.330000
36.668598 880.420000
36.685297 877.910000
36.701996 875.710000
36.718695 873.790000
36.735394 872.100000
36.752093 870.620000
36.768892 869.300000
36.785591 868.140000
36.802290 867.110000
36.818989 866.200000
36.835689 865.390000
36.852388 864.680000
36.869087 864.050000
36.885786 863.500000
36.902485 863.010000
36.919284 862.590000
36.935983 862.230000
36.952682 861.910000
36.969381 861.650000
36.986080 861.430000
37.002779 861.250000
37.019478 861.120000
37.036177 861.030000
37.052876 860.960000
37.069675 860.940000
37.086374 860.950000
37.103073 860.980000
37.119772 861.060000
37.136471 861.160000
37.153170 861.300000
37.169869 861.460000
37.186568 861.650000
37.203267 861.870000
37.220066 862.130000
37.236765 862.410000
37.253464 862.720000
37.270163 863.060000
37.286862 863.430000
37.303561 863.840000
37.320260 864.280000
37.336960 864.760000
37.353659 865.260000
37.370458 865.810000
37.387157 866.390000
37.403856 867.010000
37.420555 867.670000
37.437254 868.370000
37.453953 869.120000
37.470652 869.910000
37.487351 870.750000
37.504150 871.630000
37.520849 872.580000
37.537548 873.570000
37.554247 874.630000
37.570946 875.750000
37.587645 876.930000
37.604344 878.130000
37.621043 879.460000
37.637742 880.860000
37.654541 882.350000
37.671240 883.940000
37.687939 885.610000
37.704638 887.400000
37.721337 889.300000
37.738036 891.310000
37.754735 893.460000
37.771434 895.740000
37.788133 898.170000
37.804932 900.770000
37.821631 903.550000
37.838330 906.520000
37.855029 909.700000
37.871728 913.110000
37.888427 916.760000
37.905126 920.710000
37.921825 924.950000
37.938524 929.520000
37.955323 934.460000
37.972022 939.820000
37.988721 945.620000
38.005420 951.930000
38.022119 958.820000
38.038818 966.330000
38.055517 974.550000
38.072216 983.590000
38.088915 993.530000
38.105714 1004.510000
38.122413 1016.690000
38.139112 1030.220000
38.155811 1045.320000
38.172510 1062.250000
38.189209 1081.270000
38.205908 1102.770000
38.222607 1127.160000
38.239306 1154.940000
38.256105 1186.750000
38.272804 1223.320000
38.289503 1265.540000
38.306202 1314.520000
38.322901 1371.540000
38.339600 1438.270000
38.356299 1516.690000
38.372998 1609.460000
38.389697 1719.960000
38.406496 1852.560000
38.423195 2012.650000
38.439894 2206.310000
38.456593 2439.140000
38.473292 2714.110000
38.489991 3027.810000
38.506690 3366.040000
38.523389 3700.750000
38.540088 3994.130000
38.556887 4214.080000
38.573586 4352.430000
38.590285 4427.860000
38.606984 4464.180000
38.623683 4465.150000
38.640382 4410.140000
38.657081 4275.080000
38.673780 4058.760000
38.690579 3789.020000
38.707278 3503.430000
38.723977 3227.400000
38.740676 2967.630000
38.757375 2720.720000
38.774074 2484.860000
38.790773 2264.050000
38.807472 2064.890000
38.824171 1896.110000
38.840970 1748.850000
38.857669 1626.080000
38.874368 1524.270000
38.891067 1439.810000
38.907766 1369.390000
38.924465 1310.350000
38.941164 1260.480000
38.957863 1218.030000
38.974562 1181.680000
38.991361 1150.310000
39.008060 1123.060000
39.024759 1099.280000
39.041458 1078.390000
39.058157 1059.940000
39.074856 1043.590000
39.091555 1029.040000
39.108254 1016.030000
39.124953 1004.350000
39.141752 993.850000
39.158451 984.360000
39.175150 975.780000
39.191849 967.990000
39.208548 960.920000
39.225247 954.470000
39.241946 948.600000
39.258645 943.220000
39.275344 938.310000
39.292143 933.820000
39.308842 929.710000
39.325541 925.950000
39.342240 922.500000
39.358939 919.350000
39.375638 916.470000
39.392337 913.850000
39.409036 911.460000
39.425735 909.280000
39.442534 907.330000
39.459233 905.570000
39.475932 904.010000
39.492631 902.630000
39.509329 901.410000
39.526028 900.380000
39.542727 899.510000
39.559426 898.810000
39.576225 898.280000
39.592924 897.910000
39.609623 897.700000
39.626322 897.670000
39.643021 897.810000
39.659720 898.140000
39.676419 898.650000
39.693118 899.370000
39.709817 900.280000
39.726616 901.430000
39.743315 902.820000
39.760014 904.470000
39.776713 906.410000
39.793412 908.660000
39.810111 911.260000
39.826810 914.230000
39.843509 917.650000
39.860208 921.550000
39.877007 926.010000
39.893706 931.090000
39.910405 936.890000
39.927104 943.530000
39.943803 951.130000
39.960502 959.830000
39.977201 969.870000
39.993900 981.440000
40.010598 994.830000
40.027397 1010.370000
40.044096 1028.450000
40.060795 1049.550000
40.077494 1073.150000
40.094193 1101.950000
40.110892 1135.930000
40.127591 1176.250000
40.144290 1224.500000
40.160989 1282.740000
40.177788 1353.600000
40.194487 1440.070000
40.211186 1545.030000
40.227885 1670.050000
40.244584 1813.580000
40.261283 1968.200000
40.277982 2118.320000
40.294681 2241.360000
40.311380 2315.080000
40.328179 2329.930000
40.344878 2295.430000
40.361577 2232.840000
40.378275 2160.310000
40.394974 2083.560000
40.411673 1997.890000
40.428372 1897.120000
40.445071 1781.800000
40.461770 1660.080000
40.478569 1542.490000
40.495268 1436.650000
40.511967 1345.860000
40.528666 1270.070000
40.545365 1207.630000
40.562064 1156.330000
40.578763 1114.110000
40.595462 1079.180000
40.612161 1050.080000
40.628960 1025.650000
40.645659 1004.980000
40.662358 987.360000
40.679057 972.240000
40.695755 959.160000
40.712454 947.810000
40.729153 937.880000
40.745852 929.160000
40.762551 921.460000
40.779350 914.630000
40.796049 908.530000
40.812748 903.050000
40.829447 898.120000
40.846146 893.640000
40.862845 889.570000
40.879544 885.820000
40.896243 882.360000
40.913042 879.160000
40.929741 876.190000
40.946440 873.460000
40.963139 870.940000
40.979837 868.610000
40.996536 866.460000
41.013235 864.460000
41.029934 862.600000
41.046633 860.870000
41.063432 859.260000
41.080131 857.760000
41.096830 856.350000
41.113529 855.020000
41.130228 853.770000
41.146927 852.600000
41.163626 851.490000
41.180325 850.450000
41.197024 849.460000
41.213823 848.520000
41.230521 847.640000
41.247220 846.800000
41.263919 846.000000
41.280618 845.240000
41.297317 844.510000
41.314016 843.820000
41.330715 843.160000
41.347414 842.530000
41.364213 841.940000
41.380912 841.360000
41.397611 840.810000
41.414310 840.280000
41.431009 839.770000
41.447707 839.280000
41.464406 838.820000
41.481105 838.370000
41.497804 837.930000
41.514603 837.510000
41.531302 837.110000
41.548001 836.720000
41.564700 836.350000
41.581399 836.000000
41.598098 835.660000
41.614797 835.320000
41.631496 835.010000
41.648195 834.710000
41.664993 834.410000
41.681692 834.150000
41.698391 833.890000
41.715090 833.640000
41.731789 833.430000
41.748488 833.230000
41.765187 833.040000
41.781886 832.900000
41.798585 832.790000
41.815384 832.710000
41.832083 832.700000
41.848782 832.770000
41.865480 832.910000
41.882179 833.150000
41.898878 833.490000
41.915577 833.910000
41.932276 834.340000
41.949075 834.650000
41.965774 834.730000
41.982473 834.510000
41.999172 834.060000
42.015871 833.460000
42.032570 832.830000
42.049268 832.240000
42.065967 831.720000
42.082666 831.290000
42.099465 830.930000
42.116164 830.650000
42.132863 830.440000
42.149562 830.310000
42.166261 830.250000
42.182960 830.270000
42.199659 830.330000
42.216358 830.420000
42.233056 830.470000
42.249855 830.440000
42.266554 830.270000
42.283253 829.980000
42.299952 829.600000
42.316651 829.220000
42.333350 828.840000
42.350049 828.510000
42.366748 828.200000
42.383447 827.920000
42.400245 827.690000
42.416944 827.470000
42.433643 827.280000
42.450342 827.100000
42.467041 826.930000
42.483740 826.780000
42.500439 826.630000
42.517138 826.490000
42.533837 826.370000
42.550636 826.240000
42.567334 826.120000
42.584033 826.020000
42.600732 825.910000
42.617431 825.800000
42.634130 825.710000
42.650829 825.610000
42.667528 825.510000
42.684227 825.430000
42.701026 825.340000
42.717725 825.260000
42.734423 825.170000
42.751122 825.100000
42.767821 825.020000
42.784520 824.950000
42.801219 824.880000
42.817918 824.820000
42.834617 824.750000
42.851416 824.680000
42.868115 824.610000
42.884813 824.540000
42.901512 824.480000
42.918211 824.410000
42.934910 824.350000
42.951609 824.280000
42.968308 824.220000
42.985007 824.160000
43.001806 824.100000
43.018505 824.050000
43.035203 824.000000
43.051902 823.950000
43.068601 823.900000
43.085300 823.850000
43.101999 823.800000
43.118698 823.750000
43.135397 823.700000
43.152196 823.660000
43.168894 823.620000
43.185593 823.580000
43.202292 823.540000
43.218991 823.500000
43.235690 823.460000
43.252389 823.420000
43.269088 823.390000
43.285887 823.350000
43.302586 823.320000
43.319284 823.290000
43.335983 823.260000
43.352682 823.230000
43.369381 823.210000
43.386080 823.180000
43.402779 823.150000
43.419478 823.120000
43.436277 823.100000
43.452975 823.080000
43.469674 823.060000
43.486373 823.040000
43.503072 823.030000
43.519771 823.000000
43.536470 822.990000
43.553169 822.980000
43.569868 822.970000
43.586666 822.960000
43.603365 822.940000
43.620064 822.930000
43.636763 822.930000
43.653462 822.910000
43.670161 822.910000
43.686860 822.910000
43.703558 822.920000
43.720257 822.910000
43.737056 822.910000
43.753755 822.920000
43.770454 822.920000
43.787153 822.930000
43.803852 822.940000
43.820551 822.950000
43.837249 822.960000
43.853948 822.970000
43.870647 822.990000
43.887446 823.010000
43.904145 823.030000
43.920844 823.060000
43.937543 823.080000
43.954241 823.110000
43.970940 823.130000
43.987639 823.170000
44.004338 823.200000
44.021037 823.240000
44.037836 823.270000
44.054535 823.320000
44.071233 823.360000
44.087932 823.410000
44.104631 823.460000
44.121330 823.520000
44.138029 823.570000
44.154728 823.630000
44.171427 823.700000
44.188225 823.770000
44.204924 823.840000
44.221623 823.920000
44.238322 824.000000
44.255021 824.080000
44.271720 824.180000
44.288419 824.280000
44.305117 824.380000
44.321816 824.490000
44.338615 824.600000
44.355314 824.720000
44.372013 824.840000
44.388712 824.980000
44.405411 825.120000
44.422109 825.270000
44.438808 825.420000
44.455507 825.590000
44.472306 825.770000
44.489005 825.960000
44.505704 826.150000
44.522403 826.360000
44.539101 826.580000
44.555800 826.820000
44.572499 827.070000
44.589198 827.330000
44.605897 827.610000
44.622696 827.910000
44.639394 828.220000
44.656093 828.540000
44.672792 828.870000
44.689491 829.230000
44.706190 829.610000
44.722889 830.020000
44.739588 830.470000
44.756286 830.930000
44.773085 831.440000
44.789784 831.980000
44.806483 832.570000
44.823182 833.210000
44.839881 833.890000
44.856579 834.640000
44.873278 835.440000
44.889977 836.320000
44.906676 837.270000
44.923475 838.310000
44.940174 839.460000
44.956872 840.720000
44.973571 842.120000
44.990270 843.650000
45.006969 845.360000
45.023668 847.270000
45.040367 849.410000
45.057065 851.800000
45.073864 854.500000
45.090563 857.570000
45.107262 861.030000
45.123961 864.990000
45.140660 869.510000
45.157358 874.700000
45.174057 880.700000
45.190756 887.680000
45.207455 895.850000
45.224254 905.520000
45.240953 917.010000
45.257651 930.770000
45.274350 947.210000
45.291049 966.710000
45.307748 989.410000
45.324447 1014.980000
45.341146 1042.380000
45.357844 1070.100000
45.374643 1096.500000
45.391342 1120.670000
45.408041 1142.170000
45.424740 1159.840000
45.441439 1172.300000
45.458137 1176.390000
45.474836 1170.930000
45.491535 1157.350000
45.508234 1138.970000
45.525033 1119.110000
45.541732 1099.560000
45.558430 1080.250000
45.575129 1060.080000
45.591828 1038.260000
45.608527 1015.220000
45.625226 992.370000
45.641924 971.220000
45.658723 952.630000
45.675422 936.920000
45.692121 923.910000
45.708820 913.290000
45.725519 904.640000
45.742217 897.620000
45.758916 891.930000
45.775615 887.320000
45.792314 883.610000
45.809113 880.640000
45.825811 878.300000
45.842510 876.480000
45.859209 875.120000
45.875908 874.170000
45.892607 873.560000
45.909306 873.280000
45.926004 873.290000
45.942703 873.580000
45.959502 874.130000
45.976201 874.940000
45.992900 876.000000
46.009598 877.310000
46.026297 878.880000
46.042996 880.710000
46.059695 882.820000
46.076394 885.220000
46.093092 887.940000
46.109891 891.000000
46.126590 894.440000
46.143289 898.290000
46.159988 902.580000
46.176687 907.320000
46.193385 912.520000
46.210084 918.220000
46.226783 924.450000
46.243482 931.310000
46.260281 938.920000
46.276979 947.460000
46.293678 957.080000
46.310377 967.950000
46.327076 980.290000
46.343775 994.310000
46.360473 1010.260000
46.377172 1028.450000
46.393871 1049.230000
46.410670 1073.020000
46.427369 1100.310000
46.444067 1131.740000
46.460766 1168.110000
46.477465 1210.530000
46.494164 1260.500000
46.510863 1320.080000
46.527561 1391.840000
46.544260 1479.000000
46.561059 1585.080000
46.577758 1713.360000
46.594457 1865.540000
46.611155 2039.540000
46.627854 2226.430000
46.644553 2407.680000
46.661252 2556.680000
46.677951 2647.460000
46.694749 2668.920000
46.711448 2632.760000
46.728147 2566.250000
46.744846 2495.630000
46.761545 2433.940000
46.778243 2378.850000
46.794942 2318.800000
46.811641 2243.280000
46.828340 2151.060000
46.845039 2054.000000
46.861837 1960.200000
46.878536 1884.500000
46.895235 1834.030000
46.911934 1811.220000
46.928632 1814.710000
46.945331 1839.350000
46.962030 1875.500000
46.978729 1909.160000
46.995528 1925.030000
47.012226 1912.990000
47.028925 1873.760000
47.045624 1817.920000
47.062323 1758.670000
47.079022 1704.420000
47.095720 1655.980000
47.112419 1608.250000
47.129118 1554.590000
47.145917 1491.650000
47.162615 1421.400000
47.179314 1349.320000
47.196013 1280.990000
47.212712 1219.880000
47.229411 1167.230000
47.246109 1122.760000
47.262808 1085.510000
47.279507 1054.320000
47.296306 1028.110000
47.313005 1005.950000
47.329703 987.120000
47.346402 970.990000
47.363101 957.100000
47.379800 945.050000
47.396498 934.550000
47.413197 925.350000
47.429896 917.250000
47.446695 910.110000
47.463394 903.770000
47.480092 898.150000
47.496791 893.150000
47.513490 888.690000
47.530189 884.750000
47.546887 881.260000
47.563586 878.240000
47.580285 875.680000
47.597084 873.570000
47.613782 871.860000
47.630481 870.490000
47.647180 869.260000
47.663879 867.970000
47.680578 866.370000
47.697276 864.370000
47.713975 862.040000
47.730674 859.570000
47.747473 857.190000
47.764171 854.970000
47.780870 852.910000
47.797569 850.880000
47.814268 848.790000
47.830966 846.610000
47.847665 844.380000
47.864364 842.180000
47.881063 840.090000
47.897862 838.170000
47.914560 836.440000
47.931259 834.870000
47.947958 833.450000
47.964657 832.150000
47.981355 830.960000
47.998054 829.880000
48.014753 828.870000
48.031552 827.930000
48.048250 827.050000
48.064949 826.220000
48.081648 825.440000
48.098347 824.700000
48.115045 823.990000
48.131744 823.320000
48.148443 822.690000
48.165142 822.080000
48.181941 821.490000
48.198639 820.940000
48.215338 820.400000
48.232037 819.890000
48.248736 819.390000
48.265434 818.910000
48.282133 818.460000
48.298832 818.010000
48.315531 817.600000
48.332329 817.170000
48.349028 816.770000
48.365727 816.390000
48.382426 816.010000
48.399124 815.650000
48.415823 815.290000
48.432522 814.950000
48.449221 814.620000
48.465919 814.300000
48.482718 813.980000
48.499417 813.670000
48.516116 813.380000
48.532814 813.080000
48.549513 812.810000
48.566212 812.540000
48.582911 812.260000
48.599609 812.010000
48.616308 811.760000
48.633107 811.500000
48.649806 811.270000
48.666504 811.030000
48.683203 810.810000
48.699902 810.580000
48.716601 810.360000
48.733299 810.150000
48.749998 809.950000
48.766697 809.740000
48.783496 809.550000
48.800194 809.350000
48.816893 809.170000
48.833592 808.990000
48.850291 808.820000
48.866989 808.640000
48.883688 808.470000
48.900387 808.320000
48.917086 808.160000
48.933884 808.000000
48.950583 807.860000
48.967282 807.720000
48.983980 807.580000
49.000679 807.450000
49.017378 807.330000
49.034077 807.210000
49.050775 807.100000
49.067474 806.990000
49.084273 806.910000
49.100972 806.820000
49.117670 806.740000
49.134369 806.680000
49.151068 806.620000
49.167767 806.580000
49.184465 806.570000
49.201164 806.570000
49.217963 806.590000
49.234662 806.640000
49.251360 806.730000
49.268059 806.860000
49.284758 807.040000
49.301456 807.290000
49.318155 807.600000
49.334854 807.960000
49.351553 808.370000
49.368351 808.760000
49.385050 809.100000
49.401749 809.360000
49.418448 809.540000
49.435146 809.700000
49.451845 809.910000
49.468544 810.190000
49.485242 810.620000
49.501941 811.210000
49.518740 812.020000
49.535439 813.070000
49.552137 814.430000
49.568836 816.120000
49.585535 818.220000
49.602234 820.710000
49.618932 823.490000
49.635631 826.360000
49.652330 828.900000
49.669128 830.700000
49.685827 831.400000
49.702526 830.970000
49.719225 829.780000
49.735923 828.280000
49.752622 826.840000
49.769321 825.600000
49.786020 824.460000
49.802718 823.250000
49.819517 821.710000
49.836216 819.810000
49.852914 817.690000
49.869613 815.540000
49.886312 813.520000
49.903011 811.740000
49.919709 810.200000
49.936408 808.920000
49.953107 807.850000
49.969905 806.960000
49.986604 806.210000
50.003303 805.580000
50.020002 805.050000
50.036700 804.600000
50.053399 804.210000
50.070098 803.880000
50.086796 803.600000
50.103495 803.350000
50.120294 803.140000
50.136993 802.960000
50.153691 802.800000
50.170390 802.670000
50.187089 802.550000
50.203787 802.460000
50.220486 802.370000
50.237185 802.320000
50.253884 802.270000
50.270682 802.230000
50.287381 802.200000
50.304080 802.200000
50.320778 802.200000
50.337477 802.220000
50.354176 802.240000
50.370874 802.290000
50.387573 802.340000
50.404272 802.410000
50.421071 802.480000
50.437769 802.570000
50.454468 802.680000
50.471167 802.790000
50.487865 802.930000
50.504564 803.080000
50.521263 803.250000
50.537962 803.430000
50.554760 803.630000
50.571459 803.850000
50.588158 804.080000
50.604856 804.340000
50.621555 804.630000
50.638254 804.930000
50.654952 805.270000
50.671651 805.630000
50.688350 806.020000
50.705149 806.450000
50.721847 806.910000
50.738546 807.400000
50.755245 807.940000
50.771943 808.530000
50.788642 809.170000
50.805341 809.870000
50.822039 810.620000
50.838738 811.450000
50.855537 812.340000
50.872235 813.310000
50.888934 814.390000
50.905633 815.560000
50.922332 816.850000
50.939030 818.260000
50.955729 819.810000
50.972428 821.530000
50.989126 823.430000
51.005925 825.540000
51.022624 827.880000
51.039322 830.500000
51.056021 833.420000
51.072720 836.700000
51.089418 840.380000
51.106117 844.540000
51.122816 849.220000
51.139515 854.530000
51.156313 860.540000
51.173012 867.340000
51.189711 875.090000
51.206409 883.900000
51.223108 893.980000
51.239807 905.600000
51.256505 919.090000
51.273204 934.990000
51.289903 953.910000
51.306701 976.730000
51.323400 1003.430000
51.340099 1037.010000
51.356797 1077.800000
51.373496 1126.720000
51.390195 1183.770000
51.406893 1247.110000
51.423592 1311.980000
51.440291 1370.130000
51.457090 1411.590000
51.473788 1428.890000
51.490487 1421.600000
51.507186 1396.930000
51.523884 1365.460000
51.540583 1335.780000
51.557282 1311.520000
51.573980 1291.200000
51.590679 1270.080000
51.607478 1243.040000
51.624176 1207.590000
51.640875 1165.200000
51.657574 1119.890000
51.674272 1075.890000
51.690971 1036.030000
51.707670 1001.510000
51.724368 972.340000
51.741167 948.020000
51.757866 927.830000
51.774564 911.040000
51.791263 897.030000
51.807962 885.270000
51.824660 875.360000
51.841359 866.930000
51.858058 859.730000
51.874756 853.540000
51.891555 848.200000
51.908254 843.590000
51.924952 839.570000
51.941651 836.070000
51.958350 833.020000
51.975048 830.370000
51.991747 828.080000
52.008446 826.110000
52.025144 824.450000
52.041943 823.070000
52.058642 821.960000
52.075340 821.110000
52.092039 820.500000
52.108738 820.070000
52.125436 819.760000
52.142135 819.480000
52.158834 819.170000
52.175532 818.830000
52.192331 818.530000
52.209030 818.380000
52.225728 818.450000
52.242427 818.790000
52.259126 819.450000
52.275824 820.380000
52.292523 821.540000
52.309222 822.790000
52.325920 823.970000
52.342719 824.990000
52.359418 825.870000
52.376116 826.750000
52.392815 827.790000
52.409514 829.150000
52.426212 830.930000
52.442911 833.240000
52.459610 836.150000
52.476308 839.790000
52.493107 844.280000
52.509806 849.840000
52.526504 856.660000
52.543203 864.980000
52.559902 875.000000
52.576600 886.820000
52.593299 900.270000
52.609998 914.690000
52.626696 928.840000
52.643495 940.960000
52.660193 949.460000
52.676892 953.810000
52.693591 954.980000
52.710289 954.990000
52.726988 955.900000
52.743687 959.040000
52.760385 964.880000
52.777084 973.110000
52.793883 983.120000
52.810581 994.350000
52.827280 1006.690000
52.843979 1020.320000
52.860677 1035.230000
52.877376 1050.970000
52.894075 1066.290000
52.910773 1080.850000
52.927572 1092.530000
52.944270 1099.050000
52.960969 1098.470000
52.977668 1090.560000
52.994366 1077.230000
53.011065 1061.400000
53.027764 1045.570000
53.044462 1030.950000
53.061161 1017.540000
53.077960 1004.320000
53.094658 989.840000
53.111357 973.180000
53.128056 954.430000
53.144754 934.770000
53.161453 915.670000
53.178151 898.200000
53.194850 882.910000
53.211549 869.870000
53.228347 858.880000
53.245046 849.680000
53.261745 841.950000
53.278443 835.460000
53.295142 829.960000
53.311841 825.290000
53.328539 821.290000
53.345238 817.840000
53.361936 814.860000
53.378735 812.270000
53.395434 810.030000
53.412132 808.060000
53.428831 806.370000
53.445530 804.890000
53.462228 803.640000
53.478927 802.570000
53.495626 801.690000
53.512324 800.950000
53.529123 800.350000
53.545821 799.800000
53.562520 799.270000
53.579219 798.680000
53.595917 798.000000
53.612616 797.260000
53.629315 796.500000
53.646013 795.800000
53.662712 795.150000
53.679510 794.600000
53.696209 794.090000
53.712908 793.620000
53.729606 793.120000
53.746305 792.610000
53.763004 792.100000
53.779702 791.600000
53.796401 791.140000
53.813099 790.720000
53.829898 790.370000
53.846597 790.060000
53.863295 789.800000
53.879994 789.610000
53.896693 789.440000
53.913391 789.320000
53.930090 789.240000
53.946788 789.200000
53.963587 789.200000
53.980286 789.230000
53.996984 789.310000
54.013683 789.440000
54.030382 789.600000
54.047080 789.820000
54.063779 790.100000
54.080477 790.410000
54.097176 790.750000
54.113975 791.080000
54.130673 791.370000
54.147372 791.600000
54.164070 791.800000
54.180769 791.970000
54.197468 792.170000
54.214166 792.420000
54.230865 792.710000
54.247564 793.050000
54.264362 793.460000
54.281061 793.940000
54.297759 794.470000
54.314458 795.060000
54.331157 795.730000
54.347855 796.450000
54.364554 797.250000
54.381252 798.120000
54.397951 799.090000
54.414750 800.140000
54.431448 801.280000
54.448147 802.540000
54.464846 803.900000
54.481544 805.350000
54.498243 806.980000
54.514941 808.780000
54.531640 810.750000
54.548339 812.920000
54.565137 815.300000
54.581836 817.950000
54.598534 820.860000
54.615233 824.100000
54.631932 827.690000
54.648630 831.710000
54.665329 836.180000
54.682027 841.190000
54.698726 846.790000
54.715525 853.090000
54.732223 860.160000
54.748922 868.090000
54.765620 877.020000
54.782319 887.090000
54.799018 898.480000
54.815716 911.420000
54.832415 926.270000
54.849113 943.490000
54.865912 963.730000
54.882611 987.800000
54.899309 1016.710000
54.916008 1051.720000
54.932706 1094.230000
54.949405 1145.690000
54.966104 1207.230000
54.982802 1279.030000
54.999501 1359.150000
55.016299 1442.190000
55.032998 1518.470000
55.049697 1575.740000
55.066395 1603.790000
55.083094 1600.320000
55.099792 1572.770000
55.116491 1534.100000
55.133190 1496.460000
55.149888 1466.810000
55.166687 1446.060000
55.183385 1430.130000
55.200084 1412.210000
55.216783 1386.330000
55.233481 1350.380000
55.250180 1307.090000
55.266878 1262.070000
55.283577 1220.840000
55.300375 1187.250000
55.317074 1163.160000
55.333773 1148.850000
55.350471 1143.460000
55.367170 1144.900000
55.383868 1149.770000
55.400567 1153.580000
55.417266 1151.790000
55.433964 1141.810000
55.450763 1124.260000
55.467461 1102.490000
55.484160 1080.550000
55.500858 1061.380000
55.517557 1046.010000
55.534256 1033.630000
55.550954 1022.200000
55.567653 1009.330000
55.584351 993.440000
55.601150 974.490000
55.617849 953.770000
55.634547 933.030000
55.651246 913.670000
55.667944 896.460000
55.684643 881.590000
55.701341 868.930000
55.718040 858.230000
55.734739 849.200000
55.751537 841.560000
55.768236 835.050000
55.784934 829.470000
55.801633 824.630000
55.818332 820.410000
55.835030 816.640000
55.851729 813.260000
55.868427 810.190000
55.885126 807.380000
55.901924 804.810000
55.918623 802.460000
55.935322 800.320000
55.952020 798.380000
55.968719 796.620000
55.985417 795.020000
56.002116 793.560000
56.018814 792.230000
56.035513 791.020000
56.052312 789.900000
56.069010 788.870000
56.085709 787.910000
56.102407 787.060000
56.119106 786.250000
56.135804 785.500000
56.152503 784.800000
56.169202 784.160000
56.186000 783.560000
56.202699 783.000000
56.219397 782.480000
56.236096 782.010000
56.252794 781.570000
56.269493 781.150000
56.286192 780.780000
56.302890 780.430000
56.319589 780.100000
56.336387 779.800000
56.353086 779.540000
56.369784 779.290000
56.386483 779.060000
56.403181 778.860000
56.419880 778.680000
56.436579 778.510000
56.453277 778.380000
56.469976 778.250000
56.486774 778.150000
56.503473 778.070000
56.520171 778.000000
56.536870 777.940000
56.553569 777.920000
56.570267 777.900000
56.586966 777.900000
56.603664 777.920000
56.620363 777.960000
56.637161 778.010000
56.653860 778.080000
56.670558 778.170000
56.687257 778.270000
56.703956 778.400000
56.720654 778.540000
56.737353 778.690000
56.754051 778.870000
56.770750 779.070000
56.787548 779.290000
56.804247 779.520000
56.820945 779.770000
56.837644 780.060000
56.854343 780.350000
56.871041 780.680000
56.887740 781.020000
56.904438 781.400000
56.921137 781.790000
56.937935 782.210000
56.954634 782.670000
56.971332 783.150000
56.988031 783.670000
57.004729 784.210000
57.021428 784.800000
57.038127 785.420000
57.054825 786.080000
57.071524 786.780000
57.088322 787.520000
57.105021 788.300000
57.121719 789.110000
57.138418 789.950000
57.155116 790.800000
57.171815 791.680000
57.188514 792.580000
57.205212 793.520000
57.221911 794.520000
57.238709 795.580000
57.255408 796.710000
57.272106 797.910000
57.288805 799.190000
57.305503 800.520000
57.322202 801.930000
57.338900 803.410000
57.355599 804.980000
57.372297 806.640000
57.389096 808.410000
57.405795 810.300000
57.422493 812.300000
57.439192 814.450000
57.455890 816.730000
57.472589 819.180000
57.489287 821.790000
57.505986 824.570000
57.522784 827.560000
57.539483 830.760000
57.556181 834.180000
57.572880 837.860000
57.589578 841.820000
57.606277 846.070000
57.622976 850.670000
57.639674 855.640000
57.656373 861.000000
57.673171 866.830000
57.689870 873.170000
57.706568 880.060000
57.723267 887.590000
57.739965 895.820000
57.756664 904.840000
57.773362 914.470000
57.790061 925.360000
57.806759 937.370000
57.823558 950.620000
57.840256 965.290000
57.856955 981.540000
57.873654 999.570000
57.890352 1019.590000
57.907051 1041.870000
57.923749 1066.770000
57.940448 1094.730000
57.957146 1126.360000
57.973945 1162.470000
57.990643 1204.100000
58.007342 1252.590000
58.024040 1309.560000
58.040739 1377.000000
58.057437 1457.140000
58.074136 1552.460000
58.090834 1665.280000
58.107533 1797.050000
58.124331 1947.030000
58.141030 2110.210000
58.157728 2275.530000
58.174427 2426.290000
58.191125 2545.030000
58.207824 2622.310000
58.224523 2663.930000
58.241221 2689.480000
58.257920 2723.590000
58.274718 2787.090000
58.291417 2892.300000
58.308115 3041.950000
58.324814 3228.720000
58.341512 3435.010000
58.358211 3633.770000
58.374909 3791.350000
58.391608 3874.360000
58.408406 3861.310000
58.425105 3754.390000
58.441803 3581.260000
58.458502 3382.620000
58.475200 3195.210000
58.491899 3041.060000
58.508597 2925.160000
58.525296 2837.890000
58.541994 2759.750000
58.558793 2668.630000
58.575491 2549.190000
58.592190 2399.390000
58.608888 2229.800000
58.625587 2055.900000
58.642285 1891.080000
58.658984 1743.160000
58.675682 1614.770000
58.692381 1505.520000
58.709179 1413.350000
58.725878 1335.730000
58.742576 1270.240000
58.759275 1214.740000
58.775974 1167.450000
58.792672 1126.900000
58.809371 1091.920000
58.826069 1061.550000
58.842768 1035.010000
58.859566 1011.720000
58.876265 991.140000
58.892963 972.880000
58.909662 956.590000
58.926360 942.010000
58.943059 928.890000
58.959757 917.060000
58.976456 906.340000
58.993154 896.590000
59.009953 887.710000
59.026651 879.590000
59.043350 872.140000
59.060048 865.300000
59.076747 858.990000
59.093445 853.180000
59.110144 847.790000
59.126842 842.810000
59.143541 838.180000
59.160339 833.870000
59.177038 829.860000
59.193736 826.120000
59.210435 822.620000
59.227133 819.350000
59.243832 816.280000
59.260530 813.420000
59.277229 810.720000
59.293927 808.200000
59.310726 805.830000
59.327424 803.590000
59.344123 801.500000
59.360821 799.510000
59.377520 797.660000
59.394218 795.910000
59.410917 794.260000
59.427615 792.710000
59.444314 791.260000
59.461112 789.910000
59.477811 788.620000
59.494509 787.420000
59.511207 786.290000
59.527906 785.220000
59.544604 784.240000
59.561303 783.320000
59.578001 782.470000
59.594700 781.680000
59.611498 780.960000
59.628197 780.300000
59.644895 779.710000
59.661594 779.180000
59.678292 778.720000
59.694991 778.300000
59.711689 777.970000
59.728388 777.700000
59.745186 777.490000
59.761885 777.360000
59.778583 777.300000
59.795282 777.320000
59.811980 777.420000
59.828679 777.600000
59.845377 777.880000
59.862076 778.250000
59.878774 778.730000
59.895573 779.330000
59.912271 780.050000
59.928970 780.910000
59.945668 781.920000
59.962367 783.110000
59.979065 784.480000
59.995764 786.060000
60.012462 787.870000
60.029161 789.950000
60.045959 792.310000
60.062657 795.010000
60.079356 798.060000
60.096054 801.510000
60.112753 805.410000
60.129451 809.810000
60.146150 814.760000
60.162848 820.350000
60.179547 826.680000
60.196345 833.890000
60.213044 842.210000
60.229742 851.910000
60.246441 863.360000
60.263139 877.030000
60.279838 893.490000
60.296536 913.420000
60.313235 937.620000
60.329933 966.960000
60.346732 1002.180000
60.363430 1043.680000
60.380128 1090.950000
60.396827 1141.750000
60.413525 1191.470000
60.430224 1233.160000
60.446922 1259.450000
60.463621 1265.890000
60.480319 1253.580000
60.497118 1228.790000
60.513816 1199.630000
60.530515 1172.910000
60.547213 1152.300000
60.563912 1138.300000
60.580610 1128.770000
60.597309 1119.680000
60.614007 1106.640000
60.630706 1086.650000
60.647504 1059.490000
60.664202 1027.420000
60.680901 993.800000
60.697599 961.500000
60.714298 932.290000
60.730996 906.850000
60.747695 885.160000
60.764393 866.870000
60.781192 851.500000
60.797890 838.560000
60.814589 827.630000
60.831287 818.360000
60.847986 810.440000
60.864684 803.640000
60.881382 797.760000
60.898081 792.670000
60.914779 788.220000
60.931578 784.330000
60.948276 780.900000
60.964975 777.890000
60.981673 775.220000
60.998372 772.870000
61.015070 770.780000
61.031769 768.930000
61.048467 767.260000
61.065165 765.750000
61.081964 764.360000
61.098662 763.070000
61.115361 761.890000
61.132059 760.820000
61.148758 759.890000
61.165456 759.090000
61.182155 758.450000
61.198853 757.950000
61.215552 757.610000
61.232350 757.400000
61.249048 757.320000
61.265747 757.280000
61.282445 757.210000
61.299144 757.050000
61.315842 756.760000
61.332541 756.380000
61.349239 755.910000
61.365938 755.390000
61.382736 754.840000
61.399435 754.250000
61.416133 753.660000
61.432831 753.110000
61.449530 752.610000
61.466228 752.200000
61.482927 751.870000
61.499625 751.620000
61.516324 751.460000
61.533122 751.350000
61.549821 751.320000
61.566519 751.350000
61.583217 751.440000
61.599916 751.600000
61.616614 751.810000
61.633313 752.080000
61.650011 752.420000
61.666710 752.820000
61.683508 753.280000
61.700207 753.810000
61.716905 754.420000
61.733603 755.110000
61.750302 755.870000
61.767000 756.730000
61.783699 757.690000
61.800397 758.740000
61.817096 759.920000
61.833894 761.230000
61.850592 762.680000
61.867291 764.290000
61.883989 766.090000
61.900688 768.090000
61.917386 770.320000
61.934085 772.790000
61.950783 775.540000
61.967482 778.610000
61.984280 782.030000
62.000978 785.840000
62.017677 790.080000
62.034375 794.800000
62.051074 800.060000
62.067772 805.920000
62.084471 812.480000
62.101169 819.850000
62.117967 828.170000
62.134666 837.660000
62.151364 848.580000
62.168063 861.280000
62.184761 876.200000
62.201460 893.880000
62.218158 915.020000
62.234856 940.350000
62.251555 970.720000
62.268253 1006.870000
62.285052 1049.290000
62.301750 1097.660000
62.318449 1150.560000
62.335147 1205.070000
62.351845 1257.130000
62.368544 1302.580000
62.385242 1337.960000
62.401941 1360.830000
62.418739 1369.420000
62.435438 1363.270000
62.452136 1344.600000
62.468834 1318.320000
62.485533 1290.020000
62.502231 1263.830000
62.518930 1241.190000
62.535628 1221.260000
62.552326 1202.230000
62.569125 1181.950000
62.585823 1158.500000
62.602522 1130.420000
62.619220 1097.410000
62.635919 1060.840000
62.652617 1023.140000
62.669315 986.810000
62.686014 953.610000
62.702712 924.380000
62.719511 899.240000
62.736209 877.870000
62.752908 859.780000
62.769606 844.490000
62.786304 831.520000
62.803003 820.460000
62.819701 810.980000
62.836400 802.820000
62.853098 795.740000
62.869896 789.560000
62.886595 784.150000
62.903293 779.360000
62.919992 775.130000
62.936690 771.440000
62.953388 768.060000
62.970087 765.020000
62.986785 762.290000
63.003484 759.820000
63.020282 757.580000
63.036981 755.540000
63.053679 753.680000
63.070377 751.980000
63.087076 750.430000
63.103774 749.000000
63.120473 747.670000
63.137171 746.460000
63.153869 745.330000
63.170668 744.270000
63.187366 743.280000
63.204065 742.360000
63.220763 741.520000
63.237461 740.730000
63.254160 740.000000
63.270858 739.310000
63.287557 738.690000
63.304255 738.110000
63.321053 737.570000
63.337752 737.090000
63.354450 736.640000
63.371149 736.220000
63.387847 735.860000
63.404545 735.530000
63.421244 735.240000
63.437942 734.980000
63.454741 734.780000
63.471439 734.600000
63.488137 734.470000
63.504836 734.380000
63.521534 734.350000
63.538233 734.380000
63.554931 734.480000
63.571629 734.660000
63.588328 734.940000
63.605126 735.360000
63.621825 735.920000
63.638523 736.640000
63.655221 737.590000
63.671920 738.780000
63.688618 740.220000
63.705317 741.880000
63.722015 743.700000
63.738713 745.480000
63.755512 746.980000
63.772210 747.900000
63.788909 748.050000
63.805607 747.450000
63.822305 746.340000
63.839004 745.010000
63.855702 743.730000
63.872401 742.700000
63.889099 741.950000
63.905897 741.460000
63.922596 741.090000
63.939294 740.700000
63.955993 740.100000
63.972691 739.210000
63.989389 738.060000
64.006088 736.730000
64.022786 735.360000
64.039485 734.050000
64.056283 732.870000
64.072981 731.830000
64.089680 730.960000
64.106378 730.200000
64.123076 729.560000
64.139775 729.020000
64.156473 728.570000
64.173172 728.170000
64.189870 727.840000
64.206668 727.560000
64.223367 727.320000
64.240065 727.120000
64.256764 726.940000
64.273462 726.790000
64.290160 726.670000
64.306859 726.560000
64.323557 726.480000
64.340255 726.410000
64.357054 726.370000
64.373752 726.340000
64.390451 726.320000
64.407149 726.320000
64.423847 726.320000
64.440546 726.350000
64.457244 726.390000
64.473942 726.430000
64.490741 726.500000
64.507439 726.580000
64.524138 726.670000
64.540836 726.770000
64.557534 726.890000
64.574233 727.020000
64.590931 727.170000
64.607629 727.340000
64.624328 727.510000
64.641126 727.710000
64.657825 727.920000
64.674523 728.160000
64.691221 728.410000
64.707920 728.680000
64.724618 728.980000
64.741316 729.300000
64.758015 729.650000
64.774713 730.030000
64.791412 730.440000
64.808210 730.880000
64.824908 731.350000
64.841607 731.870000
64.858305 732.440000
64.875003 733.040000
64.891702 733.700000
64.908400 734.410000
64.925099 735.180000
64.941897 736.030000
64.958595 736.940000
64.975294 737.930000
64.991992 739.000000
65.008690 740.180000
65.025389 741.460000
65.042087 742.870000
65.058785 744.410000
65.075484 746.100000
65.092282 747.980000
65.108981 750.040000
65.125679 752.320000
65.142377 754.840000
65.159076 757.620000
65.175774 760.690000
65.192472 764.080000
65.209171 767.810000
65.225869 771.930000
65.242667 776.480000
65.259366 781.500000
65.276064 787.110000
65.292763 793.400000
65.309461 800.550000
65.326159 808.790000
65.342858 818.370000
65.359556 829.630000
65.376354 843.020000
65.393053 859.010000
65.409751 878.220000
65.426449 901.310000
65.443148 929.050000
65.459846 962.100000
65.476544 1000.790000
65.493243 1044.690000
65.509941 1091.910000
65.526640 1138.520000
65.543438 1178.520000
65.560136 1205.220000
65.576835 1214.030000
65.593533 1204.930000
65.610231 1182.630000
65.626930 1154.220000
65.643628 1126.350000
65.660326 1103.390000
65.677025 1087.240000
65.693823 1077.520000
65.710521 1071.990000
65.727220 1067.090000
65.743918 1058.830000
65.760616 1044.230000
65.777315 1022.530000
65.794013 995.310000
65.810712 965.450000
65.827410 935.760000
65.844208 908.160000
65.860907 883.670000
65.877605 862.510000
65.894303 844.480000
65.911002 829.240000
65.927700 816.380000
65.944398 805.480000
65.961097 796.230000
65.977895 788.330000
65.994593 781.560000
66.011292 775.700000
66.027990 770.620000
66.044688 766.190000
66.061387 762.300000
66.078085 758.890000
66.094783 755.850000
66.111482 753.160000
66.128280 750.760000
66.144978 748.600000
66.161677 746.680000
66.178375 744.940000
66.195073 743.370000
66.211772 741.940000
66.228470 740.650000
66.245168 739.480000
66.261867 738.410000
66.278665 737.430000
66.295363 736.540000
66.312062 735.730000
66.328760 734.970000
66.345458 734.290000
66.362157 733.660000
66.378855 733.090000
66.395553 732.570000
66.412252 732.080000
66.429050 731.640000
66.445748 731.240000
66.462447 730.890000
66.479145 730.550000
66.495843 730.250000
66.512542 729.980000
66.529240 729.740000
66.545938 729.520000
66.562637 729.320000
66.579435 729.160000
66.596133 729.010000
66.612832 728.880000
66.629530 728.780000
66.646228 728.700000
66.662927 728.640000
66.679625 728.590000
66.696323 728.580000
66.713122 728.570000
66.729820 728.600000
66.746518 728.630000
66.763217 728.690000
66.779915 728.780000
66.796613 728.880000
66.813312 729.020000
66.830010 729.170000
66.846708 729.360000
66.863407 729.590000
66.880205 729.830000
66.896903 730.120000
66.913602 730.440000
66.930300 730.800000
66.946998 731.180000
66.963697 731.570000
66.980395 731.980000
66.997093 732.390000
67.013892 732.800000
67.030590 733.230000
67.047288 733.700000
67.063987 734.220000
67.080685 734.800000
67.097383 735.440000
67.114082 736.160000
67.130780 736.980000
67.147478 737.900000
67.164276 738.960000
67.180975 740.170000
67.197673 741.580000
67.214371 743.210000
67.231070 745.130000
67.247768 747.390000
67.264466 750.040000
67.281165 753.150000
67.297863 756.770000
67.314661 760.870000
67.331360 765.370000
67.348058 769.970000
67.364756 774.240000
67.381455 777.600000
67.398153 779.550000
67.414851 779.920000
67.431550 778.950000
67.448248 777.210000
67.465046 775.300000
67.481744 773.700000
67.498443 772.670000
67.515141 772.300000
67.531839 772.480000
67.548538 772.990000
67.565236 773.510000
67.581934 773.690000
67.598633 773.340000
67.615431 772.420000
67.632129 771.130000
67.648828 769.700000
67.665526 768.380000
67.682224 767.310000
67.698922 766.600000
67.715621 766.240000
67.732319 766.250000
67.749017 766.570000
67.765816 767.210000
67.782514 768.120000
67.799212 769.290000
67.815911 770.710000
67.832609 772.370000
67.849307 774.250000
67.866006 776.380000
67.882704 778.750000
67.899502 781.370000
67.916200 784.250000
67.932899 787.420000
67.949597 790.890000
67.966295 794.670000
67.982994 798.810000
67.999692 803.320000
68.016390 808.220000
68.033089 813.580000
68.049887 819.420000
68.066585 825.800000
68.083283 832.760000
68.099982 840.390000
68.116680 848.780000
68.133378 858.050000
68.150077 868.370000
68.166775 879.920000
68.183473 892.930000
68.200271 907.700000
68.216970 924.510000
68.233668 943.790000
68.250366 965.950000
68.267065 991.530000
68.283763 1021.040000
68.300461 1055.010000
68.317160 1093.780000
68.333858 1137.250000
68.350656 1183.470000
68.367354 1232.590000
68.384053 1280.300000
68.400751 1322.940000
68.417449 1357.900000
68.434148 1385.400000
68.450846 1408.750000
68.467544 1433.400000
68.484242 1465.100000
68.501041 1508.720000
68.517739 1567.980000
68.534437 1645.500000
68.551136 1742.680000
68.567834 1859.490000
68.584532 1993.630000
68.601230 2139.900000
68.617929 2288.900000
68.634627 2427.420000
68.651425 2540.260000
68.668124 2615.250000
68.684822 2648.880000
68.701520 2647.710000
68.718218 2623.370000
68.734917 2585.770000
68.751615 2539.670000
68.768313 2486.820000
68.785012 2429.500000
68.801810 2371.430000
68.818508 2315.500000
68.835206 2261.090000
68.851905 2204.100000
68.868603 2140.080000
68.885301 2067.280000
68.902000 1987.510000
68.918698 1903.960000
68.935396 1818.640000
68.952194 1731.620000
68.968893 1642.710000
68.985591 1552.940000
69.002289 1464.860000
69.018988 1381.710000
69.035686 1306.050000
69.052384 1239.130000
69.069082 1181.140000
69.085781 1131.580000
69.102579 1089.470000
69.119277 1053.840000
69.135975 1023.650000
69.152674 997.920000
69.169372 975.710000
69.186070 956.130000
69.202769 938.450000
69.219467 922.200000
69.236265 907.160000
69.252963 893.300000
69.269662 880.720000
69.286360 869.440000
69.303058 859.450000
69.319756 850.650000
69.336455 842.910000
69.353153 836.040000
69.369851 829.810000
69.386650 823.980000
69.403348 818.380000
69.420046 812.880000
69.436744 807.490000
69.453443 802.270000
69.470141 797.290000
69.486839 792.600000
69.503537 788.230000
69.520236 784.170000
69.537034 780.440000
69.553732 776.980000
69.570430 773.820000
69.587129 770.910000
69.603827 768.220000
69.620525 765.740000
69.637224 763.440000
69.653922 761.310000
69.670620 759.310000
69.687418 757.470000
69.704117 755.740000
69.720815 754.110000
69.737513 752.580000
69.754211 751.150000
69.770910 749.790000
69.787608 748.520000
69.804306 747.320000
69.821004 746.190000
69.837803 745.110000
69.854501 744.090000
69.871199 743.120000
69.887897 742.210000
69.904596 741.340000
69.921294 740.500000
69.937992 739.720000
69.954690 738.970000
69.971389 738.270000
69.988187 737.590000
70.004885 736.950000
70.021583 736.350000
70.038282 735.770000
70.054980 735.220000
70.071678 734.700000
70.088377 734.210000
70.105075 733.740000
70.121773 733.300000
70.138571 732.880000
70.155270 732.490000
70.171968 732.120000
70.188666 731.770000
70.205364 731.460000
70.222063 731.160000
70.238761 730.900000
70.255459 730.650000
70.272157 730.420000
70.288956 730.220000
70.305654 730.050000
70.322352 729.900000
70.339050 729.790000
70.355749 729.700000
70.372447 729.640000
70.389145 729.610000
70.405843 729.630000
70.422642 729.670000
70.439340 729.740000
70.456038 729.860000
70.472736 730.020000
70.489435 730.230000
70.506133 730.510000
70.522831 730.860000
70.539529 731.290000
70.556227 731.830000
70.573026 732.500000
70.589724 733.340000
70.606422 734.370000
70.623120 735.630000
70.639819 737.200000
70.656517 739.090000
70.673215 741.390000
70.689913 744.130000
70.706612 747.330000
70.723410 750.900000
70.740108 754.700000
70.756806 758.350000
70.773505 761.360000
70.790203 763.230000
70.806901 763.630000
70.823599 762.600000
70.840298 760.520000
70.856996 757.970000
70.873794 755.440000
70.890492 753.300000
70.907191 751.720000
70.923889 750.740000
70.940587 750.240000
70.957285 750.010000
70.973983 749.760000
70.990682 749.170000
71.007380 748.020000
71.024178 746.270000
71.040876 744.050000
71.057575 741.560000
71.074273 739.050000
71.090971 736.670000
71.107669 734.540000
71.124368 732.660000
71.141066 731.050000
71.157864 729.670000
71.174562 728.490000
71.191260 727.480000
71.207959 726.610000
71.224657 725.860000
71.241355 725.210000
71.258053 724.640000
71.274752 724.140000
71.291450 723.700000
71.308148 723.310000
71.324946 722.960000
71.341645 722.650000
71.358343 722.370000
71.375041 722.120000
71.391739 721.900000
71.408437 721.700000
71.425136 721.510000
71.441834 721.340000
71.458532 721.190000
71.475330 721.050000
71.492029 720.930000
71.508727 720.810000
71.525425 720.710000
71.542123 720.620000
71.558821 720.540000
71.575520 720.460000
71.592218 720.380000
71.608916 720.320000
71.625714 720.260000
71.642413 720.220000
71.659111 720.170000
71.675809 720.130000
71.692507 720.090000
71.709205 720.060000
71.725904 720.030000
71.742602 720.020000
71.759300 720.000000
71.776098 719.980000
71.792797 719.980000
71.809495 719.970000
71.826193 719.970000
71.842891 719.980000
71.859589 719.980000
71.876288 719.990000
71.892986 720.010000
71.909784 720.020000
71.926482 720.040000
71.943180 720.070000
71.959879 720.100000
71.976577 720.130000
71.993275 720.170000
72.009973 720.210000
72.026672 720.250000
72.043370 720.310000
72.060168 720.360000
72.076866 720.420000
72.093564 720.480000
72.110263 720.560000
72.126961 720.630000
72.143659 720.710000
72.160357 720.790000
72.177055 720.880000
72.193754 720.990000
72.210552 721.090000
72.227250 721.220000
72.243948 721.340000
72.260646 721.480000
72.277345 721.640000
72.294043 721.800000
72.310741 721.990000
72.327439 722.190000
72.344138 722.410000
72.360936 722.640000
72.377634 722.890000
72.394332 723.140000
72.411030 723.370000
72.427729 723.600000
72.444427 723.810000
72.461125 724.030000
72.477823 724.260000
72.494521 724.490000
72.511320 724.750000
72.528018 725.030000
72.544716 725.350000
72.561414 725.700000
72.578112 726.080000
72.594811 726.490000
72.611509 726.960000
72.628207 727.470000
72.644905 728.030000
72.661703 728.660000
72.678402 729.360000
72.695100 730.140000
72.711798 731.040000
72.728496 732.070000
72.745194 733.230000
72.761893 734.580000
72.778591 736.140000
72.795389 737.940000
72.812087 740.010000
72.828785 742.390000
72.845483 745.060000
72.862182 747.980000
72.878880 751.020000
72.895578 753.960000
72.912276 756.520000
72.928974 758.460000
72.945773 759.660000
72.962471 760.220000
72.979169 760.410000
72.995867 760.560000
73.012565 761.000000
73.029264 761.910000
73.045962 763.450000
73.062660 765.680000
73.079358 768.600000
73.096156 772.190000
73.112855 776.390000
73.129553 781.090000
73.146251 786.210000
73.162949 791.680000
73.179647 797.390000
73.196346 803.140000
73.213044 808.590000
73.229742 813.350000
73.246540 817.190000
73.263238 820.240000
73.279936 823.030000
73.296635 826.320000
73.313333 830.830000
73.330031 837.030000
73.346729 845.060000
73.363427 854.590000
73.380126 864.770000
73.396924 874.220000
73.413622 881.370000
73.430320 884.950000
73.447018 884.470000
73.463716 880.430000
73.480415 874.060000
73.497113 866.770000
73.513811 859.770000
73.530509 853.820000
73.547307 849.200000
73.564006 845.770000
73.580704 843.060000
73.597402 840.470000
73.614100 837.400000
73.630798 833.310000
73.647496 827.960000
73.664195 821.410000
73.680893 814.060000
73.697691 806.450000
73.714389 799.060000
73.731087 792.200000
73.747785 786.000000
73.764484 780.430000
73.781182 775.360000
73.797880 770.650000
73.814578 766.220000
73.831376 762.050000
73.848075 758.170000
73.864773 754.650000
73.881471 751.510000
73.898169 748.750000
73.914867 746.350000
73.931565 744.270000
73.948264 742.470000
73.964962 740.910000
73.981760 739.550000
73.998458 738.380000
74.015156 737.340000
74.031854 736.420000
74.048553 735.600000
74.065251 734.880000
74.081949 734.250000
74.098647 733.690000
74.115345 733.190000
74.132143 732.770000
74.148842 732.390000
74.165540 732.060000
74.182238 731.780000
74.198936 731.550000
74.215634 731.320000
74.232332 731.150000
74.249031 730.990000
74.265729 730.860000
74.282527 730.770000
74.299225 730.700000
74.315923 730.650000
74.332621 730.620000
74.349320 730.620000
74.366018 730.640000
74.382716 730.690000
74.399414 730.760000
74.416112 730.860000
74.432910 730.970000
74.449609 731.110000
74.466307 731.280000
74.483005 731.470000
74.499703 731.690000
74.516401 731.930000
74.533099 732.200000
74.549797 732.500000
74.566496 732.840000
74.583294 733.210000
74.599992 733.610000
74.616690 734.060000
74.633388 734.550000
74.650086 735.080000
74.666785 735.670000
74.683483 736.310000
74.700181 737.010000
74.716879 737.780000
74.733677 738.620000
74.750375 739.540000
74.767074 740.540000
74.783772 741.630000
74.800470 742.810000
74.817168 744.100000
74.833866 745.500000
74.850564 747.030000
74.867262 748.680000
74.884061 750.470000
74.900759 752.430000
74.917457 754.580000
74.934155 756.960000
74.950853 759.620000
74.967551 762.630000
74.984249 766.060000
75.000948 770.000000
75.017746 774.600000
75.034444 779.980000
75.051142 786.310000
75.067840 793.800000
75.084538 802.690000
75.101237 813.240000
75.117935 825.770000
75.134633 840.540000
75.151331 857.720000
75.168029 877.260000
75.184827 898.610000
75.201525 920.550000
75.218224 940.940000
75.234922 957.070000
75.251620 966.380000
75.268318 967.510000
75.285016 961.050000
75.301714 949.230000
75.318512 934.970000
75.335211 920.930000
75.351909 908.960000
75.368607 900.060000
75.385305 894.530000
75.402003 892.090000
75.418701 891.980000
75.435399 892.960000
75.452098 893.450000
75.468896 891.940000
75.485594 887.370000
75.502292 879.560000
75.518990 869.120000
75.535688 857.110000
75.552386 844.590000
75.569084 832.310000
75.585783 820.770000
75.602481 810.270000
75.619279 800.940000
75.635977 792.810000
75.652675 785.850000
75.669373 779.940000
75.686071 774.990000
75.702770 770.850000
75.719468 767.370000
75.736166 764.430000
75.752864 761.870000
75.769662 759.520000
75.786360 757.300000
75.803058 755.140000
75.819757 753.030000
75.836455 750.980000
75.853153 749.070000
75.869851 747.310000
75.886549 745.700000
75.903247 744.280000
75.920045 743.030000
75.936743 741.900000
75.953442 740.890000
75.970140 740.000000
75.986838 739.210000
76.003536 738.490000
76.020234 737.860000
76.036932 737.280000
76.053630 736.780000
76.070428 736.310000
76.087127 735.890000
76.103825 735.510000
76.120523 735.170000
76.137221 734.860000
76.153919 734.590000
76.170617 734.330000
76.187315 734.110000
76.204013 733.900000
76.220812 733.730000
76.237510 733.560000
76.254208 733.420000
76.270906 733.290000
76.287604 733.170000
76.304302 733.080000
76.321000 732.980000
76.337698 732.900000
76.354497 732.840000
76.371195 732.780000
76.387893 732.730000
76.404591 732.690000
76.421289 732.660000
76.437987 732.640000
76.454685 732.640000
76.471383 732.640000
76.488081 732.640000
76.504880 732.670000
76.521578 732.700000
76.538276 732.740000
76.554974 732.790000
76.571672 732.840000
76.588370 732.920000
76.605068 732.990000
76.621766 733.080000
76.638465 733.170000
76.655263 733.280000
76.671961 733.390000
76.688659 733.520000
76.705357 733.660000
76.722055 733.810000
76.738753 733.970000
76.755451 734.150000
76.772149 734.340000
76.788848 734.540000
76.805646 734.760000
76.822344 735.000000
76.839042 735.260000
76.855740 735.550000
76.872438 735.860000
76.889136 736.200000
76.905834 736.580000
76.922532 736.990000
76.939231 737.450000
76.956029 737.950000
76.972727 738.490000
76.989425 739.090000
77.006123 739.720000
77.022821 740.370000
77.039519 741.030000
77.056217 741.690000
77.072915 742.340000
77.089713 742.980000
77.106412 743.620000
77.123110 744.260000
77.139808 744.880000
77.156506 745.510000
77.173204 746.140000
77.189902 746.790000
77.206600 747.510000
77.223298 748.300000
77.239996 749.170000
77.256795 750.140000
77.273493 751.190000
77.290191 752.340000
77.306889 753.590000
77.323587 754.950000
77.340285 756.450000
77.356983 758.100000
77.373681 759.960000
77.390379 762.070000
77.407177 764.510000
77.423876 767.320000
77.440574 770.600000
77.457272 774.430000
77.473970 778.930000
77.490668 784.190000
77.507366 790.340000
77.524064 797.520000
77.540762 805.740000
77.557560 815.000000
77.574258 825.060000
77.590956 835.380000
77.607655 845.100000
77.624353 853.120000
77.641051 858.450000
77.657749 860.560000
77.674447 859.690000
77.691245 856.760000
77.707943 852.940000
77.724641 849.300000
77.741339 846.630000
77.758037 845.370000
77.774736 845.700000
77.791434 847.610000
77.808132 850.900000
77.824830 855.200000
77.841628 860.030000
77.858326 864.740000
77.875024 869.130000
77.891722 872.980000
77.908420 876.580000
77.925118 880.540000
77.941816 885.630000
77.958515 892.610000
77.975213 902.120000
77.992011 914.730000
78.008709 930.920000
78.025407 951.050000
78.042105 975.350000
78.058803 1003.680000
78.075501 1035.390000
78.092199 1069.170000
78.108897 1102.890000
78.125595 1133.930000
78.142393 1159.450000
78.159092 1176.750000
78.175790 1183.780000
78.192488 1179.770000
78.209186 1165.780000
78.225884 1144.770000
78.242582 1120.610000
78.259280 1096.990000
78.276078 1076.610000
78.292776 1060.880000
78.309474 1050.070000
78.326172 1043.460000
78.342870 1039.720000
78.359568 1037.070000
78.376267 1033.690000
78.392965 1027.830000
78.409663 1018.180000
78.426361 1004.080000
78.443159 985.820000
78.459857 964.600000
78.476555 942.000000
78.493253 919.610000
78.509951 898.550000
78.526649 879.490000
78.543347 862.660000
78.560045 848.030000
78.576843 835.420000
78.593542 824.580000
78.610240 815.290000
78.626938 807.290000
78.643636 800.380000
78.660334 794.390000
78.677032 789.140000
78.693730 784.540000
78.710428 780.460000
78.727226 776.830000
78.743924 773.580000
78.760622 770.660000
78.777320 768.060000
78.794018 765.730000
78.810716 763.630000
78.827415 761.760000
78.844113 760.070000
78.860811 758.550000
78.877609 757.190000
78.894307 755.940000
78.911005 754.810000
78.927703 753.770000
78.944401 752.810000
78.961099 751.920000
78.977797 751.090000
78.994495 750.340000
79.011193 749.640000
79.027991 749.010000
79.044689 748.450000
79.061387 747.940000
79.078086 747.490000
79.094784 747.090000
79.111482 746.740000
79.128180 746.440000
79.144878 746.190000
79.161576 745.980000
79.178374 745.810000
79.195072 745.680000
79.211770 745.600000
79.228468 745.560000
79.245166 745.570000
79.261864 745.620000
79.278562 745.710000
79.295260 745.840000
79.311958 746.030000
79.328756 746.270000
79.345455 746.570000
79.362153 746.920000
79.378851 747.320000
79.395549 747.790000
79.412247 748.310000
79.428945 748.910000
79.445643 749.590000
79.462441 750.320000
79.479139 751.150000
79.495837 752.050000
79.512535 753.050000
79.529233 754.140000
79.545931 755.330000
79.562629 756.670000
79.579327 758.150000
79.596025 759.820000
79.612723 761.710000
79.629521 763.870000
79.646220 766.360000
79.662918 769.240000
79.679616 772.600000
79.696314 776.540000
79.713012 781.190000
79.729710 786.660000
79.746408 793.130000
79.763206 800.790000
79.779904 809.820000
79.796602 820.420000
79.813300 832.450000
79.829998 846.390000
79.846696 861.710000
79.863394 877.670000
79.880092 892.950000
79.896790 905.800000
79.913588 914.340000
79.930286 917.290000
79.946984 914.540000
79.963682 907.230000
79.980381 897.220000
79.997079 886.480000
80.013777 876.550000
80.030475 868.450000
80.047173 862.680000
80.063971 859.400000
80.080669 858.400000
80.097367 859.260000
80.114065 861.220000
80.130763 863.310000
80.147461 864.390000
80.164159 863.500000
80.180857 860.100000
80.197555 854.220000
80.214353 846.340000
80.231051 837.190000
80.247749 827.510000
80.264447 817.940000
80.281145 808.960000
80.297843 800.840000
80.314541 793.730000
80.331239 787.630000
80.347937 782.500000
80.364735 778.240000
80.381434 774.740000
80.398132 771.860000
80.414830 769.460000
80.431528 767.370000
80.448226 765.430000
80.464924 763.510000
80.481622 761.540000
80.498320 759.510000
80.515118 757.480000
80.531816 755.510000
80.548514 753.650000
80.565212 751.960000
80.581910 750.430000
80.598608 749.080000
80.615306 747.900000
80.632004 746.870000
80.648702 745.970000
80.665500 745.170000
80.682198 744.490000
80.698896 743.900000
80.715594 743.390000
80.732292 742.950000
80.748990 742.580000
80.765688 742.270000
80.782386 742.010000
80.799184 741.800000
80.815882 741.640000
80.832580 741.530000
80.849278 741.450000
80.865976 741.430000
80.882675 741.440000
80.899373 741.500000
80.916071 741.590000
80.932769 741.730000
80.949567 741.920000
80.966265 742.140000
80.982963 742.420000
80.999661 742.750000
81.016359 743.130000
81.033057 743.560000
81.049755 744.050000
81.066453 744.600000
81.083151 745.210000
81.099949 745.900000
81.116647 746.650000
81.133345 747.480000
81.150043 748.390000
81.166741 749.370000
81.183439 750.440000
81.200137 751.610000
81.216835 752.890000
81.233533 754.280000
81.250331 755.790000
81.267029 757.470000
81.283727 759.340000
81.300425 761.440000
81.317123 763.810000
81.333821 766.520000
81.350519 769.640000
81.367217 773.230000
81.383915 777.420000
81.400713 782.320000
81.417411 788.060000
81.434109 794.810000
81.450807 802.780000
81.467505 812.170000
81.484203 823.220000
81.500901 836.090000
81.517599 850.900000
81.534297 867.550000
81.551095 885.590000
81.567793 904.020000
81.584491 921.300000
81.601189 935.450000
81.617887 944.630000
81.634585 947.740000
81.651283 944.880000
81.667981 937.220000
81.684679 926.540000
81.701477 914.630000
81.718175 903.030000
81.734873 892.890000
81.751571 884.910000
81.768269 879.400000
81.784967 876.370000
81.801666 875.290000
81.818364 875.550000
81.835062 876.140000
81.851860 875.920000
81.868558 873.880000
81.885256 869.450000
81.901954 862.620000
81.918652 853.870000
81.935350 843.940000
81.952048 833.600000
81.968746 823.460000
81.985444 813.960000
82.002242 805.350000
82.018940 797.760000
82.035638 791.180000
82.052336 785.560000
82.069034 780.800000
82.085732 776.800000
82.102430 773.480000
82.119128 770.740000
82.135826 768.520000
82.152624 766.740000
82.169322 765.360000
82.186020 764.330000
82.202718 763.610000
82.219416 763.170000
82.236114 762.960000
82.252812 762.960000
82.269510 763.150000
82.286208 763.500000
82.303006 764.020000
82.319704 764.750000
82.336402 765.710000
82.353100 766.960000
82.369798 768.530000
82.386496 770.480000
82.403194 772.890000
82.419892 775.810000
82.436590 779.330000
82.453388 783.570000
82.470086 788.640000
82.486784 794.680000
82.503482 801.850000
82.520180 810.320000
82.536878 820.250000
82.553576 831.780000
82.570274 844.920000
82.587072 859.500000
82.603770 875.020000
82.620468 890.610000
82.637166 905.130000
82.653864 917.390000
82.670562 926.590000
82.687260 932.450000
82.703958 935.180000
82.720655 935.080000
82.737453 932.370000
82.754151 927.290000
82.770849 920.290000
82.787547 912.180000
82.804245 903.990000
82.820943 896.650000
82.837641 890.750000
82.854339 886.420000
82.871037 883.330000
82.887835 880.850000
82.904533 878.260000
82.921231 874.960000
82.937929 870.700000
82.954627 865.380000
82.971325 859.080000
82.988023 851.840000
83.004721 843.670000
83.021419 834.700000
83.038217 825.220000
83.054915 815.630000
83.071613 806.350000
83.088311 797.660000
83.105009 789.780000
83.121707 782.720000
83.138405 776.440000
83.155103 770.850000
83.171901 765.870000
83.188599 761.420000
83.205297 757.430000
83.221995 753.860000
83.238693 750.690000
83.255391 747.860000
83.272089 745.330000
83.288787 743.090000
83.305485 741.060000
83.322183 739.260000
83.338981 737.630000
83.355679 736.160000
83.372377 734.820000
83.389075 733.600000
83.405773 732.490000
83.422471 731.460000
83.439169 730.510000
83.455867 729.640000
83.472665 728.820000
83.489363 728.070000
83.506061 727.350000
83.522759 726.690000
83.539457 726.060000
83.556155 725.470000
83.572853 724.920000
83.589551 724.390000
83.606249 723.890000
83.623046 723.410000
83.639744 722.970000
83.656442 722.520000
83.673140 722.110000
83.689838 721.710000
83.706536 721.330000
83.723234 720.970000
83.739932 720.620000
83.756630 720.280000
83.773428 719.950000
83.790126 719.630000
83.806824 719.330000
83.823522 719.020000
83.840220 718.740000
83.856918 718.450000
83.873616 718.170000
83.890314 717.900000
83.907012 717.650000
83.923810 717.390000
83.940508 717.140000
83.957206 716.900000
83.973904 716.660000
83.990602 716.420000
84.007300 716.190000
84.023998 715.970000
84.040696 715.750000
84.057394 715.540000
84.074192 715.320000
84.090890 715.110000
84.107588 714.900000
84.124286 714.700000
84.140983 714.490000
84.157681 714.300000
84.174379 714.110000
84.191077 713.920000
84.207775 713.730000
84.224573 713.530000
84.241271 713.350000
84.257969 713.170000
84.274667 712.980000
84.291365 712.810000
84.308063 712.630000
84.324761 712.460000
84.341459 712.280000
84.358257 712.110000
84.374955 711.930000
84.391653 711.770000
84.408351 711.590000
84.425049 711.430000
84.441747 711.260000
84.458445 711.100000
84.475143 710.940000
84.491841 710.780000
84.508639 710.630000
84.525337 710.460000
84.542034 710.310000
84.558732 710.160000
84.575430 709.990000
84.592128 709.840000
84.608826 709.690000
84.625524 709.540000
84.642222 709.390000
84.659020 709.240000
84.675718 709.090000
84.692416 708.940000
84.709114 708.800000
84.725812 708.650000
84.742510 708.520000
84.759208 708.370000
84.775906 708.220000
84.792604 708.090000
84.809402 707.950000
84.826100 707.820000
84.842798 707.680000
84.859496 707.530000
84.876194 707.420000
84.892891 707.270000
84.909589 707.140000
84.926287 707.010000
84.942985 706.890000
84.959783 706.760000
84.976481 706.630000
84.993179 706.500000
85.009877 706.380000
85.026575 706.270000
85.043273 706.140000
85.059971 706.030000
85.076669 705.900000
85.093367 705.800000
85.110165 705.680000
85.126863 705.560000
85.143561 705.450000
85.160259 705.350000
85.176957 705.260000
85.193654 705.150000
85.210352 705.050000
85.227050 704.950000
85.243748 704.850000
85.260546 704.760000
85.277244 704.680000
85.293942 704.590000
85.310640 704.510000
85.327338 704.420000
85.344036 704.350000
85.360734 704.280000
85.377432 704.210000
85.394130 704.140000
85.410928 704.080000
85.427626 704.020000
85.444324 703.970000
85.461021 703.930000
85.477719 703.880000
85.494417 703.840000
85.511115 703.820000
85.527813 703.800000
85.544511 703.790000
85.561309 703.770000
85.578007 703.760000
85.594705 703.770000
85.611403 703.790000
85.628101 703.820000
85.644799 703.850000
85.661497 703.890000
85.678195 703.950000
85.694893 704.020000
85.711690 704.090000
85.728388 704.180000
85.745086 704.290000
85.761784 704.400000
85.778482 704.530000
85.795180 704.680000
85.811878 704.850000
85.828576 705.040000
85.845374 705.230000
85.862072 705.480000
85.878770 705.720000
85.895468 706.020000
85.912166 706.330000
85.928864 706.690000
85.945562 707.110000
85.962259 707.590000
85.978957 708.120000
85.995755 708.740000
86.012453 709.430000
86.029151 710.230000
86.045849 711.160000
86.062547 712.220000
86.079245 713.460000
86.095943 714.870000
86.112641 716.500000
86.129339 718.330000
86.146137 720.370000
86.162835 722.600000
86.179532 724.940000
86.196230 727.290000
86.212928 729.510000
86.229626 731.460000
86.246324 732.920000
86.263022 733.800000
86.279720 734.050000
86.296518 733.780000
86.313216 733.160000
86.329914 732.390000
86.346612 731.680000
86.363310 731.170000
86.380008 730.980000
86.396705 731.120000
86.413403 731.620000
86.430101 732.430000
86.446899 733.530000
86.463597 734.840000
86.480295 736.270000
86.496993 737.760000
86.513691 739.160000
86.530389 740.460000
86.547087 741.620000
86.563785 742.640000
86.580483 743.650000
86.597280 744.730000
86.613978 745.970000
86.630676 747.470000
86.647374 749.220000
86.664072 751.320000
86.680770 753.740000
86.697468 756.530000
86.714166 759.660000
86.730864 763.130000
86.747662 767.000000
86.764360 771.260000
86.781057 775.950000
86.797755 781.120000
86.814453 786.850000
86.831151 793.180000
86.847849 800.290000
86.864547 808.230000
86.881345 817.200000
86.898043 827.390000
86.914741 839.020000
86.931439 852.360000
86.948137 867.660000
86.964834 885.380000
86.981532 905.900000
86.998230 929.620000
87.014928 957.190000
87.031726 988.980000
87.048424 1025.530000
87.065122 1067.040000
87.081820 1113.410000
87.098518 1164.000000
87.115216 1217.600000
87.131914 1272.450000
87.148611 1326.510000
87.165309 1377.610000
87.182107 1423.450000
87.198805 1461.120000
87.215503 1487.290000
87.232201 1499.180000
87.248899 1495.780000
87.265597 1478.990000
87.282295 1453.220000
87.298993 1424.160000
87.315690 1397.180000
87.332488 1376.270000
87.349186 1363.940000
87.365884 1360.940000
87.382582 1366.740000
87.399280 1379.510000
87.415978 1396.450000
87.432676 1413.840000
87.449374 1427.550000
87.466072 1433.420000
87.482869 1428.120000
87.499567 1409.890000
87.516265 1379.120000
87.532963 1338.160000
87.549661 1290.680000
87.566359 1240.740000
87.583057 1191.990000
87.599755 1147.020000
87.616453 1107.400000
87.633250 1073.830000
87.649948 1046.210000
87.666646 1023.990000
87.683344 1006.120000
87.700042 991.260000
87.716740 977.800000
87.733438 964.400000
87.750136 949.390000
87.766834 932.450000
87.783632 913.740000
87.800329 893.970000
87.817027 874.040000
87.833725 854.790000
87.850423 836.790000
87.867121 820.340000
87.883819 805.530000
87.900517 792.350000
87.917215 780.650000
87.934013 770.270000
87.950710 761.060000
87.967408 752.860000
87.984106 745.570000
88.000804 739.010000
88.017502 733.130000
88.034200 727.790000
88.050898 722.960000
88.067596 718.550000
88.084394 714.510000
88.101091 710.810000
88.117789 707.390000
88.134487 704.240000
88.151185 701.290000
88.167883 698.570000
88.184581 696.010000
88.201279 693.630000
88.218077 691.390000
88.234774 689.270000
88.251472 687.280000
88.268170 685.410000
88.284868 683.600000
88.301566 681.910000
88.318264 680.290000
88.334962 678.750000
88.351660 677.290000
88.368458 675.880000
88.385155 674.520000
88.401853 673.230000
88.418551 671.980000
88.435249 670.780000
88.451947 669.620000
88.468645 668.500000
88.485343 667.410000
88.502041 666.380000
88.518838 665.350000
88.535536 664.360000
88.552234 663.400000
88.568932 662.460000
88.585630 661.570000
88.602328 660.680000
88.619026 659.810000
88.635724 658.970000
88.652421 658.120000
88.669219 657.340000
88.685917 656.550000
88.702615 655.770000
88.719313 655.010000
88.736011 654.280000
88.752709 653.530000
88.769407 652.820000
88.786104 652.110000
88.802802 651.410000
88.819600 650.710000
88.836298 650.050000
88.852996 649.390000
88.869694 648.720000
88.886392 648.070000
88.903090 647.430000
88.919787 646.800000
88.936485 646.180000
88.953183 645.540000
88.969981 644.930000
88.986679 644.320000
89.003377 643.730000
89.020075 643.130000
89.036773 642.530000
89.053470 641.950000
89.070168 641.380000
89.086866 640.780000
89.103564 640.230000
89.120362 639.660000
89.137060 639.100000
89.153758 638.520000
89.170455 637.980000
89.187153 637.430000
89.203851 636.860000
89.220549 636.330000
89.237247 635.790000
89.253945 635.220000
89.270743 634.690000
89.287440 634.180000
89.304138 633.600000
89.320836 633.080000
89.337534 632.570000
89.354232 632.030000
89.370930 631.500000
89.387628 630.990000
89.404426 630.460000
89.421123 629.930000
89.437821 629.420000
89.454519 628.880000
89.471217 628.390000
89.487915 627.860000
89.504613 627.360000
89.521311 626.830000
89.538008 626.300000
89.554806 625.800000
89.571504 625.300000
89.588202 624.790000
89.604900 624.270000
89.621598 623.770000
89.638296 623.260000
89.654993 622.740000
89.671691 622.240000
89.688389 621.720000
89.705187 621.240000
89.721885 620.720000
89.738583 620.240000
89.755281 619.720000
89.771978 619.190000
89.788676 618.690000
89.805374 618.190000
89.822072 617.690000
89.838770 617.190000
89.855568 616.670000
89.872266 616.160000
89.888963 615.670000
89.905661 615.180000
89.922359 614.650000
89.939057 614.150000
89.955755 613.660000
89.972453 613.150000
89.989250 612.630000
90.005948 612.120000
