  1.00000      0.00000     
  1.01000      0.26509     
  1.02000      0.26009     
  1.03000      0.25524     
  1.04000      0.25052     
  1.05000      0.24593     
  1.06000      0.24148     
  1.07000      0.23714     
  1.08000      0.23292     
  1.09000      0.22882     
  1.10000      0.22483     
  1.11000      0.22094     
  1.12000      0.21716     
  1.13000      0.21348     
  1.14000      0.20989     
  1.15000      0.20639     
  1.16000      0.20298     
  1.17000      0.19966     
  1.18000      0.19642     
  1.19000      0.19326     
  1.20000      0.19018     
  1.21000      0.18718     
  1.22000      0.18425     
  1.23000      0.18138     
  1.24000      0.17859     
  1.25000      0.17586     
  1.26000      0.17320     
  1.27000      0.17059     
  1.28000      0.16805     
  1.29000      0.16557     
  1.30000      0.16314     
  1.31000      0.16077     
  1.32000      0.15845     
  1.33000      0.15618     
  1.34000      0.15396     
  1.35000      0.15179     
  1.36000      0.14966     
  1.37000      0.14759     
  1.38000      0.14555     
  1.39000      0.14356     
  1.40000      0.14161     
  1.41000      0.13971     
  1.42000      0.13784     
  1.43000      0.13601     
  1.44000      0.13422     
  1.45000      0.13246     
  1.46000      0.13074     
  1.47000      0.12906     
  1.48000      0.12740     
  1.49000      0.12578     
  1.50000      0.12420     
  1.51000      0.12264     
  1.52000      0.12111     
  1.53000      0.11962     
  1.54000      0.11815     
  1.55000      0.11671     
  1.56000      0.11529     
  1.57000      0.11391     
  1.58000      0.11255     
  1.59000      0.11121     
  1.60000      0.10990     
  1.61000      0.10861     
  1.62000      0.10735     
  1.63000      0.10611     
  1.64000      0.10489     
  1.65000      0.10369     
  1.66000      0.10251     
  1.67000      0.10136     
  1.68000      0.10022     
  1.69000      0.09911     
  1.70000      0.09801     
  1.71000      0.09694     
  1.72000      0.09588     
  1.73000      0.09484     
  1.74000      0.09381     
  1.75000      0.09281     
  1.76000      0.09182     
  1.77000      0.09085     
  1.78000      0.08989     
  1.79000      0.08895     
  1.80000      0.08802     
  1.81000      0.08711     
  1.82000      0.08622     
  1.83000      0.08534     
  1.84000      0.08447     
  1.85000      0.08362     
  1.86000      0.08278     
  1.87000      0.08195     
  1.88000      0.08114     
  1.89000      0.08033     
  1.90000      0.07954     
  1.91000      0.07877     
  1.92000      0.07800     
  1.93000      0.07725     
  1.94000      0.07651     
  1.95000      0.07578     
  1.96000      0.07506     
  1.97000      0.07435     
  1.98000      0.07365     
  1.99000      0.07296     
  2.00000      0.07228     
  2.01000      0.07162     
  2.02000      0.07096     
  2.03000      0.07031     
  2.04000      0.06967     
  2.05000      0.06904     
  2.06000      0.06842     
  2.07000      0.06781     
  2.08000      0.06720     
  2.09000      0.06661     
  2.10000      0.06602     
  2.11000      0.06544     
  2.12000      0.06487     
  2.13000      0.06431     
  2.14000      0.06375     
  2.15000      0.06320     
  2.16000      0.06266     
  2.17000      0.06213     
  2.18000      0.06160     
  2.19000      0.06108     
  2.20000      0.06057     
  2.21000      0.06007     
  2.22000      0.05957     
  2.23000      0.05908     
  2.24000      0.05859     
  2.25000      0.05811     
  2.26000      0.05764     
  2.27000      0.05717     
  2.28000      0.05671     
  2.29000      0.05625     
  2.30000      0.05581     
  2.31000      0.05536     
  2.32000      0.05492     
  2.33000      0.05449     
  2.34000      0.05406     
  2.35000      0.05364     
  2.36000      0.05323     
  2.37000      0.05282     
  2.38000      0.05241     
  2.39000      0.05201     
  2.40000      0.05161     
  2.41000      0.05122     
  2.42000      0.05083     
  2.43000      0.05045     
  2.44000      0.05007     
  2.45000      0.04970     
  2.46000      0.04933     
  2.47000      0.04897     
  2.48000      0.04861     
  2.49000      0.04825     
  2.50000      0.04790     
  2.51000      0.04755     
  2.52000      0.04721     
  2.53000      0.04687     
  2.54000      0.04653     
  2.55000      0.04620     
  2.56000      0.04587     
  2.57000      0.04555     
  2.58000      0.04523     
  2.59000      0.04491     
  2.60000      0.04460     
  2.61000      0.04429     
  2.62000      0.04398     
  2.63000      0.04368     
  2.64000      0.04338     
  2.65000      0.04308     
  2.66000      0.04279     
  2.67000      0.04250     
  2.68000      0.04221     
  2.69000      0.04193     
  2.70000      0.04165     
  2.71000      0.04137     
  2.72000      0.04110     
  2.73000      0.04083     
  2.74000      0.04056     
  2.75000      0.04029     
  2.76000      0.04003     
  2.77000      0.03977     
  2.78000      0.03951     
  2.79000      0.03926     
  2.80000      0.03900     
  2.81000      0.03875     
  2.82000      0.03851     
  2.83000      0.03826     
  2.84000      0.03802     
  2.85000      0.03778     
  2.86000      0.03754     
  2.87000      0.03731     
  2.88000      0.03708     
  2.89000      0.03685     
  2.90000      0.03662     
  2.91000      0.03640     
  2.92000      0.03617     
  2.93000      0.03595     
  2.94000      0.03573     
  2.95000      0.03552     
  2.96000      0.03530     
  2.97000      0.03509     
  2.98000      0.03488     
  2.99000      0.03467     
  3.00000      0.03447     
  3.01000      0.03426     
  3.02000      0.03406     
  3.03000      0.03386     
  3.04000      0.03366     
  3.05000      0.03346     
  3.06000      0.03327     
  3.07000      0.03308     
  3.08000      0.03289     
  3.09000      0.03270     
  3.10000      0.03251     
  3.11000      0.03233     
  3.12000      0.03214     
  3.13000      0.03196     
  3.14000      0.03178     
  3.15000      0.03160     
  3.16000      0.03142     
  3.17000      0.03125     
  3.18000      0.03107     
  3.19000      0.03090     
  3.20000      0.03073     
  3.21000      0.03056     
  3.22000      0.03039     
  3.23000      0.03023     
  3.24000      0.03006     
  3.25000      0.02990     
  3.26000      0.02974     
  3.27000      0.02958     
  3.28000      0.02942     
  3.29000      0.02926     
  3.30000      0.02911     
  3.31000      0.02895     
  3.32000      0.02880     
  3.33000      0.02865     
  3.34000      0.02850     
  3.35000      0.02835     
  3.36000      0.02820     
  3.37000      0.02805     
  3.38000      0.02791     
  3.39000      0.02776     
  3.40000      0.02762     
  3.41000      0.02748     
  3.42000      0.02734     
  3.43000      0.02720     
  3.44000      0.02706     
  3.45000      0.02692     
  3.46000      0.02679     
  3.47000      0.02665     
  3.48000      0.02652     
  3.49000      0.02639     
  3.50000      0.02626     
  3.51000      0.02613     
  3.52000      0.02600     
  3.53000      0.02587     
  3.54000      0.02574     
  3.55000      0.02562     
  3.56000      0.02549     
  3.57000      0.02537     
  3.58000      0.02524     
  3.59000      0.02512     
  3.60000      0.02500     
  3.61000      0.02488     
  3.62000      0.02476     
  3.63000      0.02464     
  3.64000      0.02453     
  3.65000      0.02441     
  3.66000      0.02430     
  3.67000      0.02418     
  3.68000      0.02407     
  3.69000      0.02395     
  3.70000      0.02384     
  3.71000      0.02373     
  3.72000      0.02362     
  3.73000      0.02351     
  3.74000      0.02340     
  3.75000      0.02330     
  3.76000      0.02319     
  3.77000      0.02309     
  3.78000      0.02298     
  3.79000      0.02288     
  3.80000      0.02277     
  3.81000      0.02267     
  3.82000      0.02257     
  3.83000      0.02247     
  3.84000      0.02237     
  3.85000      0.02227     
  3.86000      0.02217     
  3.87000      0.02207     
  3.88000      0.02197     
  3.89000      0.02188     
  3.90000      0.02178     
  3.91000      0.02169     
  3.92000      0.02159     
  3.93000      0.02150     
  3.94000      0.02140     
  3.95000      0.02131     
  3.96000      0.02122     
  3.97000      0.02113     
  3.98000      0.02104     
  3.99000      0.02095     
  4.00000      0.02086     
  4.01000      0.02077     
  4.02000      0.02068     
  4.03000      0.02060     
  4.04000      0.02051     
  4.05000      0.02043     
  4.06000      0.02034     
  4.07000      0.02026     
  4.08000      0.02017     
  4.09000      0.02009     
  4.10000      0.02001     
  4.11000      0.01992     
  4.12000      0.01984     
  4.13000      0.01976     
  4.14000      0.01968     
  4.15000      0.01960     
  4.16000      0.01952     
  4.17000      0.01944     
  4.18000      0.01936     
  4.19000      0.01929     
  4.20000      0.01921     
  4.21000      0.01913     
  4.22000      0.01906     
  4.23000      0.01898     
  4.24000      0.01890     
  4.25000      0.01883     
  4.26000      0.01876     
  4.27000      0.01868     
  4.28000      0.01861     
  4.29000      0.01854     
  4.30000      0.01846     
  4.31000      0.01839     
  4.32000      0.01832     
  4.33000      0.01825     
  4.34000      0.01818     
  4.35000      0.01811     
  4.36000      0.01804     
  4.37000      0.01797     
  4.38000      0.01791     
  4.39000      0.01784     
  4.40000      0.01777     
  4.41000      0.01770     
  4.42000      0.01764     
  4.43000      0.01757     
  4.44000      0.01750     
  4.45000      0.01744     
  4.46000      0.01737     
  4.47000      0.01731     
  4.48000      0.01725     
  4.49000      0.01718     
  4.50000      0.01712     
  4.51000      0.01706     
  4.52000      0.01699     
  4.53000      0.01693     
  4.54000      0.01687     
  4.55000      0.01681     
  4.56000      0.01675     
  4.57000      0.01669     
  4.58000      0.01663     
  4.59000      0.01657     
  4.60000      0.01651     
  4.61000      0.01645     
  4.62000      0.01639     
  4.63000      0.01633     
  4.64000      0.01628     
  4.65000      0.01622     
  4.66000      0.01616     
  4.67000      0.01610     
  4.68000      0.01605     
  4.69000      0.01599     
  4.70000      0.01594     
  4.71000      0.01588     
  4.72000      0.01583     
  4.73000      0.01577     
  4.74000      0.01572     
  4.75000      0.01566     
  4.76000      0.01561     
  4.77000      0.01556     
  4.78000      0.01550     
  4.79000      0.01545     
  4.80000      0.01540     
  4.81000      0.01535     
  4.82000      0.01529     
  4.83000      0.01524     
  4.84000      0.01519     
  4.85000      0.01514     
  4.86000      0.01509     
  4.87000      0.01504     
  4.88000      0.01499     
  4.89000      0.01494     
  4.90000      0.01489     
  4.91000      0.01484     
  4.92000      0.01479     
  4.93000      0.01475     
  4.94000      0.01470     
  4.95000      0.01465     
  4.96000      0.01460     
  4.97000      0.01456     
  4.98000      0.01451     
  4.99000      0.01446     
  5.00000      0.01441     
  5.01000      0.01437     
  5.02000      0.01432     
  5.03000      0.01428     
  5.04000      0.01423     
  5.05000      0.01419     
  5.06000      0.01414     
  5.07000      0.01410     
  5.08000      0.01405     
  5.09000      0.01401     
  5.10000      0.01396     
  5.11000      0.01392     
  5.12000      0.01388     
  5.13000      0.01383     
  5.14000      0.01379     
  5.15000      0.01375     
  5.16000      0.01371     
  5.17000      0.01366     
  5.18000      0.01362     
  5.19000      0.01358     
  5.20000      0.01354     
  5.21000      0.01350     
  5.22000      0.01346     
  5.23000      0.01342     
  5.24000      0.01338     
  5.25000      0.01334     
  5.26000      0.01330     
  5.27000      0.01326     
  5.28000      0.01322     
  5.29000      0.01318     
  5.30000      0.01314     
  5.31000      0.01310     
  5.32000      0.01306     
  5.33000      0.01302     
  5.34000      0.01298     
  5.35000      0.01294     
  5.36000      0.01291     
  5.37000      0.01287     
  5.38000      0.01283     
  5.39000      0.01279     
  5.40000      0.01276     
  5.41000      0.01272     
  5.42000      0.01268     
  5.43000      0.01265     
  5.44000      0.01261     
  5.45000      0.01257     
  5.46000      0.01254     
  5.47000      0.01250     
  5.48000      0.01247     
  5.49000      0.01243     
  5.50000      0.01240     
  5.51000      0.01236     
  5.52000      0.01233     
  5.53000      0.01229     
  5.54000      0.01226     
  5.55000      0.01222     
  5.56000      0.01219     
  5.57000      0.01215     
  5.58000      0.01212     
  5.59000      0.01209     
  5.60000      0.01205     
  5.61000      0.01202     
  5.62000      0.01199     
  5.63000      0.01195     
  5.64000      0.01192     
  5.65000      0.01189     
  5.66000      0.01186     
  5.67000      0.01182     
  5.68000      0.01179     
  5.69000      0.01176     
  5.70000      0.01173     
  5.71000      0.01170     
  5.72000      0.01167     
  5.73000      0.01164     
  5.74000      0.01160     
  5.75000      0.01157     
  5.76000      0.01154     
  5.77000      0.01151     
  5.78000      0.01148     
  5.79000      0.01145     
  5.80000      0.01142     
  5.81000      0.01139     
  5.82000      0.01136     
  5.83000      0.01133     
  5.84000      0.01130     
  5.85000      0.01127     
  5.86000      0.01124     
  5.87000      0.01121     
  5.88000      0.01119     
  5.89000      0.01116     
  5.90000      0.01113     
  5.91000      0.01110     
  5.92000      0.01107     
  5.93000      0.01104     
  5.94000      0.01101     
  5.95000      0.01099     
  5.96000      0.01096     
  5.97000      0.01093     
  5.98000      0.01090     
  5.99000      0.01088     
  6.00000      0.01085     
  6.01000      0.01082     
  6.02000      0.01079     
  6.03000      0.01077     
  6.04000      0.01074     
  6.05000      0.01071     
  6.06000      0.01069     
  6.07000      0.01066     
  6.08000      0.01064     
  6.09000      0.01061     
  6.10000      0.01058     
  6.11000      0.01056     
  6.12000      0.01053     
  6.13000      0.01051     
  6.14000      0.01048     
  6.15000      0.01046     
  6.16000      0.01043     
  6.17000      0.01041     
  6.18000      0.01038     
  6.19000      0.01036     
  6.20000      0.01033     
  6.21000      0.01031     
  6.22000      0.01028     
  6.23000      0.01026     
  6.24000      0.01023     
  6.25000      0.01021     
  6.26000      0.01018     
  6.27000      0.01016     
  6.28000      0.01014     
  6.29000      0.01011     
  6.30000      0.01009     
  6.31000      0.01007     
  6.32000      0.01004     
  6.33000      0.01002     
  6.34000      0.01000     
  6.35000      0.00997     
  6.36000      0.00995     
  6.37000      0.00993     
  6.38000      0.00990     
  6.39000      0.00988     
  6.40000      0.00986     
  6.41000      0.00984     
  6.42000      0.00981     
  6.43000      0.00979     
  6.44000      0.00977     
  6.45000      0.00975     
  6.46000      0.00973     
  6.47000      0.00970     
  6.48000      0.00968     
  6.49000      0.00966     
  6.50000      0.00964     
  6.51000      0.00962     
  6.52000      0.00960     
  6.53000      0.00958     
  6.54000      0.00955     
  6.55000      0.00953     
  6.56000      0.00951     
  6.57000      0.00949     
  6.58000      0.00947     
  6.59000      0.00945     
  6.60000      0.00943     
  6.61000      0.00941     
  6.62000      0.00939     
  6.63000      0.00937     
  6.64000      0.00935     
  6.65000      0.00933     
  6.66000      0.00931     
  6.67000      0.00929     
  6.68000      0.00927     
  6.69000      0.00925     
  6.70000      0.00923     
  6.71000      0.00921     
  6.72000      0.00919     
  6.73000      0.00917     
  6.74000      0.00915     
  6.75000      0.00913     
  6.76000      0.00911     
  6.77000      0.00909     
  6.78000      0.00907     
  6.79000      0.00905     
  6.80000      0.00904     
  6.81000      0.00902     
  6.82000      0.00900     
  6.83000      0.00898     
  6.84000      0.00896     
  6.85000      0.00894     
  6.86000      0.00892     
  6.87000      0.00891     
  6.88000      0.00889     
  6.89000      0.00887     
  6.90000      0.00885     
  6.91000      0.00883     
  6.92000      0.00882     
  6.93000      0.00880     
  6.94000      0.00878     
  6.95000      0.00876     
  6.96000      0.00875     
  6.97000      0.00873     
  6.98000      0.00871     
  6.99000      0.00869     
  7.00000      0.00868     
  7.01000      0.00866     
  7.02000      0.00864     
  7.03000      0.00863     
  7.04000      0.00861     
  7.05000      0.00859     
  7.06000      0.00857     
  7.07000      0.00856     
  7.08000      0.00854     
  7.09000      0.00852     
  7.10000      0.00851     
  7.11000      0.00849     
  7.12000      0.00847     
  7.13000      0.00846     
  7.14000      0.00844     
  7.15000      0.00843     
  7.16000      0.00841     
  7.17000      0.00839     
  7.18000      0.00838     
  7.19000      0.00836     
  7.20000      0.00835     
  7.21000      0.00833     
  7.22000      0.00831     
  7.23000      0.00830     
  7.24000      0.00828     
  7.25000      0.00827     
  7.26000      0.00825     
  7.27000      0.00824     
  7.28000      0.00822     
  7.29000      0.00821     
  7.30000      0.00819     
  7.31000      0.00818     
  7.32000      0.00816     
  7.33000      0.00815     
  7.34000      0.00813     
  7.35000      0.00812     
  7.36000      0.00810     
  7.37000      0.00809     
  7.38000      0.00807     
  7.39000      0.00806     
  7.40000      0.00804     
  7.41000      0.00803     
  7.42000      0.00801     
  7.43000      0.00800     
  7.44000      0.00798     
  7.45000      0.00797     
  7.46000      0.00796     
  7.47000      0.00794     
  7.48000      0.00793     
  7.49000      0.00791     
  7.50000      0.00790     
  7.51000      0.00789     
  7.52000      0.00787     
  7.53000      0.00786     
  7.54000      0.00784     
  7.55000      0.00783     
  7.56000      0.00782     
  7.57000      0.00780     
  7.58000      0.00779     
  7.59000      0.00778     
  7.60000      0.00776     
  7.61000      0.00775     
  7.62000      0.00774     
  7.63000      0.00772     
  7.64000      0.00771     
  7.65000      0.00770     
  7.66000      0.00768     
  7.67000      0.00767     
  7.68000      0.00766     
  7.69000      0.00764     
  7.70000      0.00763     
  7.71000      0.00762     
  7.72000      0.00761     
  7.73000      0.00759     
  7.74000      0.00758     
  7.75000      0.00757     
  7.76000      0.00756     
  7.77000      0.00754     
  7.78000      0.00753     
  7.79000      0.00752     
  7.80000      0.00751     
  7.81000      0.00749     
  7.82000      0.00748     
  7.83000      0.00747     
  7.84000      0.00746     
  7.85000      0.00744     
  7.86000      0.00743     
  7.87000      0.00742     
  7.88000      0.00741     
  7.89000      0.00740     
  7.90000      0.00738     
  7.91000      0.00737     
  7.92000      0.00736     
  7.93000      0.00735     
  7.94000      0.00734     
  7.95000      0.00733     
  7.96000      0.00731     
  7.97000      0.00730     
  7.98000      0.00729     
  7.99000      0.00728     
  8.00000      0.00727     
  8.01000      0.00726     
  8.02000      0.00724     
  8.03000      0.00723     
  8.04000      0.00722     
  8.05000      0.00721     
  8.06000      0.00720     
  8.07000      0.00719     
  8.08000      0.00718     
  8.09000      0.00717     
  8.10000      0.00716     
  8.11000      0.00714     
  8.12000      0.00713     
  8.13000      0.00712     
  8.14000      0.00711     
  8.15000      0.00710     
  8.16000      0.00709     
  8.17000      0.00708     
  8.18000      0.00707     
  8.19000      0.00706     
  8.20000      0.00705     
  8.21000      0.00704     
  8.22000      0.00703     
  8.23000      0.00702     
  8.24000      0.00701     
  8.25000      0.00700     
  8.26000      0.00699     
  8.27000      0.00697     
  8.28000      0.00696     
  8.29000      0.00695     
  8.30000      0.00694     
  8.31000      0.00693     
  8.32000      0.00692     
  8.33000      0.00691     
  8.34000      0.00690     
  8.35000      0.00689     
  8.36000      0.00688     
  8.37000      0.00687     
  8.38000      0.00686     
  8.39000      0.00685     
  8.40000      0.00684     
  8.41000      0.00683     
  8.42000      0.00682     
  8.43000      0.00682     
  8.44000      0.00681     
  8.45000      0.00680     
  8.46000      0.00679     
  8.47000      0.00678     
  8.48000      0.00677     
  8.49000      0.00676     
  8.50000      0.00675     
  8.51000      0.00674     
  8.52000      0.00673     
  8.53000      0.00672     
  8.54000      0.00671     
  8.55000      0.00670     
  8.56000      0.00669     
  8.57000      0.00668     
  8.58000      0.00667     
  8.59000      0.00667     
  8.60000      0.00666     
  8.61000      0.00665     
  8.62000      0.00664     
  8.63000      0.00663     
  8.64000      0.00662     
  8.65000      0.00661     
  8.66000      0.00660     
  8.67000      0.00659     
  8.68000      0.00658     
  8.69000      0.00658     
  8.70000      0.00657     
  8.71000      0.00656     
  8.72000      0.00655     
  8.73000      0.00654     
  8.74000      0.00653     
  8.75000      0.00652     
  8.76000      0.00652     
  8.77000      0.00651     
  8.78000      0.00650     
  8.79000      0.00649     
  8.80000      0.00648     
  8.81000      0.00647     
  8.82000      0.00646     
  8.83000      0.00646     
  8.84000      0.00645     
  8.85000      0.00644     
  8.86000      0.00643     
  8.87000      0.00642     
  8.88000      0.00642     
  8.89000      0.00641     
  8.90000      0.00640     
  8.91000      0.00639     
  8.92000      0.00638     
  8.93000      0.00638     
  8.94000      0.00637     
  8.95000      0.00636     
  8.96000      0.00635     
  8.97000      0.00634     
  8.98000      0.00634     
  8.99000      0.00633     
  9.00000      0.00632     
  9.01000      0.00631     
  9.02000      0.00630     
  9.03000      0.00630     
  9.04000      0.00629     
  9.05000      0.00628     
  9.06000      0.00627     
  9.07000      0.00627     
  9.08000      0.00626     
  9.09000      0.00625     
  9.10000      0.00624     
  9.11000      0.00624     
  9.12000      0.00623     
  9.13000      0.00622     
  9.14000      0.00621     
  9.15000      0.00621     
  9.16000      0.00620     
  9.17000      0.00619     
  9.18000      0.00618     
  9.19000      0.00618     
  9.20000      0.00617     
  9.21000      0.00616     
  9.22000      0.00616     
  9.23000      0.00615     
  9.24000      0.00614     
  9.25000      0.00613     
  9.26000      0.00613     
  9.27000      0.00612     
  9.28000      0.00611     
  9.29000      0.00611     
  9.30000      0.00610     
  9.31000      0.00609     
  9.32000      0.00610     
  9.33000      0.00609     
  9.34000      0.00609     
  9.35000      0.00608     
  9.36000      0.00607     
  9.37000      0.00607     
  9.38000      0.00606     
  9.39000      0.00605     
  9.40000      0.00605     
  9.41000      0.00604     
  9.42000      0.00603     
  9.43000      0.00603     
  9.44000      0.00602     
  9.45000      0.00602     
  9.46000      0.00601     
  9.47000      0.00600     
  9.48000      0.00600     
  9.49000      0.00599     
  9.50000      0.00599     
  9.51000      0.00598     
  9.52000      0.00597     
  9.53000      0.00597     
  9.54000      0.00596     
  9.55000      0.00596     
  9.56000      0.00595     
  9.57000      0.00594     
  9.58000      0.00594     
  9.59000      0.00593     
  9.60000      0.00593     
  9.61000      0.00592     
  9.62000      0.00591     
  9.63000      0.00591     
  9.64000      0.00590     
  9.65000      0.00590     
  9.66000      0.00589     
  9.67000      0.00589     
  9.68000      0.00588     
  9.69000      0.00588     
  9.70000      0.00587     
  9.71000      0.00587     
  9.72000      0.00586     
  9.73000      0.00586     
  9.74000      0.00585     
  9.75000      0.00585     
  9.76000      0.00584     
  9.77000      0.00584     
  9.78000      0.00583     
  9.79000      0.00583     
  9.80000      0.00582     
  9.81000      0.00582     
  9.82000      0.00581     
  9.83000      0.00581     
  9.84000      0.00580     
  9.85000      0.00580     
  9.86000      0.00579     
  9.87000      0.00579     
  9.88000      0.00579     
  9.89000      0.00578     
  9.90000      0.00578     
  9.91000      0.00577     
  9.92000      0.00577     
  9.93000      0.00577     
  9.94000      0.00576     
  9.95000      0.00576     
  9.96000      0.00576     
  9.97000      0.00575     
  9.98000      0.00575     
  9.99000      0.00575     
 10.00000      0.00574     
 10.01000      0.00574     
 10.02000      0.00574     
 10.03000      0.00574     
 10.04000      0.00573     
 10.05000      0.00573     
 10.06000      0.00573     
 10.07000      0.00573     
 10.08000      0.00573     
 10.09000      0.00573     
 10.10000      0.00573     
 10.11000      0.00573     
 10.12000      0.00573     
 10.13000      0.00573     
 10.14000      0.00573     
 10.15000      0.00580     
 10.16000      0.00580     
 10.17000      0.00580     
 10.18000      0.00581     
 10.19000      0.00588     
 10.20000      0.00588     
 10.21000      0.00589     
 10.22000      0.00590     
 10.23000      0.00591     
 10.24000      0.00592     
 10.25000      0.00594     
 10.26000      0.00595     
 10.27000      0.00597     
 10.28000      0.00600     
 10.29000      0.00603     
 10.30000      0.00606     
 10.31000      0.00610     
 10.32000      0.00614     
 10.33000      0.00619     
 10.34000      0.00626     
 10.35000      0.00634     
 10.36000      0.00644     
 10.37000      0.00656     
 10.38000      0.00671     
 10.39000      0.00691     
 10.40000      0.00717     
 10.41000      0.00753     
 10.42000      0.00802     
 10.43000      0.00874     
 10.44000      0.00989     
 10.45000      0.01221     
 10.46000      0.01871     
 10.47000      0.03676     
 10.48000      0.07199     
 10.49000      0.10868     
 10.50000      0.11027     
 10.51000      0.09158     
 10.52000      0.07269     
 10.53000      0.04700     
 10.54000      0.02586     
 10.55000      0.01487     
 10.56000      0.01063     
 10.57000      0.00897     
 10.58000      0.00810     
 10.59000      0.00753     
 10.60000      0.00714     
 10.61000      0.00685     
 10.62000      0.00663     
 10.63000      0.00645     
 10.64000      0.00632     
 10.65000      0.00621     
 10.66000      0.00612     
 10.67000      0.00605     
 10.68000      0.00598     
 10.69000      0.00593     
 10.70000      0.00588     
 10.71000      0.00584     
 10.72000      0.00581     
 10.73000      0.00578     
 10.74000      0.00575     
 10.75000      0.00573     
 10.76000      0.00570     
 10.77000      0.00568     
 10.78000      0.00567     
 10.79000      0.00565     
 10.80000      0.00563     
 10.81000      0.00562     
 10.82000      0.00561     
 10.83000      0.00560     
 10.84000      0.00558     
 10.85000      0.00557     
 10.86000      0.00556     
 10.87000      0.00555     
 10.88000      0.00555     
 10.89000      0.00554     
 10.90000      0.00553     
 10.91000      0.00552     
 10.92000      0.00551     
 10.93000      0.00551     
 10.94000      0.00550     
 10.95000      0.00550     
 10.96000      0.00549     
 10.97000      0.00548     
 10.98000      0.00548     
 10.99000      0.00547     
 11.00000      0.00547     
 11.01000      0.00546     
 11.02000      0.00546     
 11.03000      0.00545     
 11.04000      0.00545     
 11.05000      0.00544     
 11.06000      0.00544     
 11.07000      0.00543     
 11.08000      0.00543     
 11.09000      0.00543     
 11.10000      0.00542     
 11.11000      0.00542     
 11.12000      0.00541     
 11.13000      0.00541     
 11.14000      0.00541     
 11.15000      0.00540     
 11.16000      0.00540     
 11.17000      0.00540     
 11.18000      0.00539     
 11.19000      0.00539     
 11.20000      0.00539     
 11.21000      0.00538     
 11.22000      0.00538     
 11.23000      0.00538     
 11.24000      0.00537     
 11.25000      0.00537     
 11.26000      0.00537     
 11.27000      0.00537     
 11.28000      0.00536     
 11.29000      0.00536     
 11.30000      0.00536     
 11.31000      0.00536     
 11.32000      0.00535     
 11.33000      0.00535     
 11.34000      0.00535     
 11.35000      0.00535     
 11.36000      0.00534     
 11.37000      0.00534     
 11.38000      0.00534     
 11.39000      0.00534     
 11.40000      0.00533     
 11.41000      0.00533     
 11.42000      0.00533     
 11.43000      0.00533     
 11.44000      0.00533     
 11.45000      0.00531     
 11.46000      0.00531     
 11.47000      0.00531     
 11.48000      0.00530     
 11.49000      0.00530     
 11.50000      0.00530     
 11.51000      0.00530     
 11.52000      0.00530     
 11.53000      0.00530     
 11.54000      0.00529     
 11.55000      0.00529     
 11.56000      0.00529     
 11.57000      0.00529     
 11.58000      0.00529     
 11.59000      0.00529     
 11.60000      0.00529     
 11.61000      0.00528     
 11.62000      0.00528     
 11.63000      0.00528     
 11.64000      0.00528     
 11.65000      0.00528     
 11.66000      0.00528     
 11.67000      0.00528     
 11.68000      0.00528     
 11.69000      0.00527     
 11.70000      0.00527     
 11.71000      0.00527     
 11.72000      0.00527     
 11.73000      0.00527     
 11.74000      0.00527     
 11.75000      0.00527     
 11.76000      0.00527     
 11.77000      0.00527     
 11.78000      0.00527     
 11.79000      0.00527     
 11.80000      0.00526     
 11.81000      0.00526     
 11.82000      0.00526     
 11.83000      0.00526     
 11.84000      0.00526     
 11.85000      0.00526     
 11.86000      0.00526     
 11.87000      0.00526     
 11.88000      0.00526     
 11.89000      0.00526     
 11.90000      0.00526     
 11.91000      0.00526     
 11.92000      0.00526     
 11.93000      0.00532     
 11.94000      0.00532     
 11.95000      0.00538     
 11.96000      0.00538     
 11.97000      0.00538     
 11.98000      0.00538     
 11.99000      0.00538     
 12.00000      0.00539     
 12.01000      0.00539     
 12.02000      0.00539     
 12.03000      0.00539     
 12.04000      0.00539     
 12.05000      0.00539     
 12.06000      0.00539     
 12.07000      0.00539     
 12.08000      0.00539     
 12.09000      0.00539     
 12.10000      0.00539     
 12.11000      0.00540     
 12.12000      0.00540     
 12.13000      0.00540     
 12.14000      0.00540     
 12.15000      0.00540     
 12.16000      0.00540     
 12.17000      0.00540     
 12.18000      0.00540     
 12.19000      0.00541     
 12.20000      0.00541     
 12.21000      0.00541     
 12.22000      0.00541     
 12.23000      0.00541     
 12.24000      0.00541     
 12.25000      0.00542     
 12.26000      0.00542     
 12.27000      0.00542     
 12.28000      0.00542     
 12.29000      0.00542     
 12.30000      0.00543     
 12.31000      0.00543     
 12.32000      0.00543     
 12.33000      0.00543     
 12.34000      0.00544     
 12.35000      0.00544     
 12.36000      0.00544     
 12.37000      0.00544     
 12.38000      0.00550     
 12.39000      0.00551     
 12.40000      0.00551     
 12.41000      0.00551     
 12.42000      0.00552     
 12.43000      0.00552     
 12.44000      0.00552     
 12.45000      0.00552     
 12.46000      0.00553     
 12.47000      0.00553     
 12.48000      0.00553     
 12.49000      0.00554     
 12.50000      0.00554     
 12.51000      0.00555     
 12.52000      0.00555     
 12.53000      0.00555     
 12.54000      0.00556     
 12.55000      0.00556     
 12.56000      0.00557     
 12.57000      0.00557     
 12.58000      0.00557     
 12.59000      0.00558     
 12.60000      0.00558     
 12.61000      0.00559     
 12.62000      0.00559     
 12.63000      0.00560     
 12.64000      0.00560     
 12.65000      0.00561     
 12.66000      0.00561     
 12.67000      0.00562     
 12.68000      0.00562     
 12.69000      0.00563     
 12.70000      0.00563     
 12.71000      0.00564     
 12.72000      0.00564     
 12.73000      0.00565     
 12.74000      0.00566     
 12.75000      0.00566     
 12.76000      0.00567     
 12.77000      0.00568     
 12.78000      0.00568     
 12.79000      0.00569     
 12.80000      0.00570     
 12.81000      0.00570     
 12.82000      0.00571     
 12.83000      0.00572     
 12.84000      0.00572     
 12.85000      0.00573     
 12.86000      0.00580     
 12.87000      0.00580     
 12.88000      0.00581     
 12.89000      0.00582     
 12.90000      0.00583     
 12.91000      0.00584     
 12.92000      0.00585     
 12.93000      0.00585     
 12.94000      0.00586     
 12.95000      0.00587     
 12.96000      0.00588     
 12.97000      0.00589     
 12.98000      0.00590     
 12.99000      0.00591     
 13.00000      0.00592     
 13.01000      0.00593     
 13.02000      0.00594     
 13.03000      0.00595     
 13.04000      0.00597     
 13.05000      0.00598     
 13.06000      0.00599     
 13.07000      0.00600     
 13.08000      0.00601     
 13.09000      0.00603     
 13.10000      0.00604     
 13.11000      0.00605     
 13.12000      0.00606     
 13.13000      0.00608     
 13.14000      0.00609     
 13.15000      0.00611     
 13.16000      0.00612     
 13.17000      0.00613     
 13.18000      0.00615     
 13.19000      0.00617     
 13.20000      0.00618     
 13.21000      0.00620     
 13.22000      0.00621     
 13.23000      0.00623     
 13.24000      0.00625     
 13.25000      0.00627     
 13.26000      0.00628     
 13.27000      0.00630     
 13.28000      0.00632     
 13.29000      0.00640     
 13.30000      0.00642     
 13.31000      0.00644     
 13.32000      0.00646     
 13.33000      0.00648     
 13.34000      0.00651     
 13.35000      0.00653     
 13.36000      0.00655     
 13.37000      0.00658     
 13.38000      0.00660     
 13.39000      0.00663     
 13.40000      0.00665     
 13.41000      0.00668     
 13.42000      0.00670     
 13.43000      0.00673     
 13.44000      0.00676     
 13.45000      0.00679     
 13.46000      0.00682     
 13.47000      0.00685     
 13.48000      0.00688     
 13.49000      0.00691     
 13.50000      0.00695     
 13.51000      0.00698     
 13.52000      0.00702     
 13.53000      0.00705     
 13.54000      0.00709     
 13.55000      0.00713     
 13.56000      0.00717     
 13.57000      0.00721     
 13.58000      0.00725     
 13.59000      0.00730     
 13.60000      0.00734     
 13.61000      0.00739     
 13.62000      0.00744     
 13.63000      0.00748     
 13.64000      0.00753     
 13.65000      0.00759     
 13.66000      0.00764     
 13.67000      0.00770     
 13.68000      0.00776     
 13.69000      0.00781     
 13.70000      0.00788     
 13.71000      0.00794     
 13.72000      0.00801     
 13.73000      0.00808     
 13.74000      0.00815     
 13.75000      0.00822     
 13.76000      0.00830     
 13.77000      0.00838     
 13.78000      0.00846     
 13.79000      0.00854     
 13.80000      0.00863     
 13.81000      0.00873     
 13.82000      0.00882     
 13.83000      0.00892     
 13.84000      0.00903     
 13.85000      0.00914     
 13.86000      0.00925     
 13.87000      0.00937     
 13.88000      0.00949     
 13.89000      0.00962     
 13.90000      0.00976     
 13.91000      0.00990     
 13.92000      0.01005     
 13.93000      0.01020     
 13.94000      0.01036     
 13.95000      0.01054     
 13.96000      0.01071     
 13.97000      0.01090     
 13.98000      0.01110     
 13.99000      0.01131     
 14.00000      0.01153     
 14.01000      0.01177     
 14.02000      0.01201     
 14.03000      0.01227     
 14.04000      0.01255     
 14.05000      0.01284     
 14.06000      0.01315     
 14.07000      0.01348     
 14.08000      0.01383     
 14.09000      0.01421     
 14.10000      0.01461     
 14.11000      0.01503     
 14.12000      0.01549     
 14.13000      0.01598     
 14.14000      0.01651     
 14.15000      0.01708     
 14.16000      0.01769     
 14.17000      0.01835     
 14.18000      0.01906     
 14.19000      0.01984     
 14.20000      0.02068     
 14.21000      0.02160     
 14.22000      0.02261     
 14.23000      0.02371     
 14.24000      0.02492     
 14.25000      0.02626     
 14.26000      0.02774     
 14.27000      0.02939     
 14.28000      0.03122     
 14.29000      0.03328     
 14.30000      0.03559     
 14.31000      0.03820     
 14.32000      0.04118     
 14.33000      0.04457     
 14.34000      0.04849     
 14.35000      0.05302     
 14.36000      0.05832     
 14.37000      0.06456     
 14.38000      0.07198     
 14.39000      0.08091     
 14.40000      0.09185     
 14.41000      0.10528     
 14.42000      0.12214     
 14.43000      0.14371     
 14.44000      0.17193     
 14.45000      0.20984     
 14.46000      0.26245     
 14.47000      0.33878     
 14.48000      0.46004     
 14.49000      0.70073     
 14.50000      1.32206     
 14.51000      2.89083     
 14.52000      5.77262     
 14.53000      8.62378     
 14.54000      8.29644     
 14.55000      6.26605     
 14.56000      5.46392     
 14.57000      5.06322     
 14.58000      3.49582     
 14.59000      1.86495     
 14.60000      0.91975     
 14.61000      0.51737     
 14.62000      0.35161     
 14.63000      0.26504     
 14.64000      0.20925     
 14.65000      0.16998     
 14.66000      0.14114     
 14.67000      0.11938     
 14.68000      0.10246     
 14.69000      0.08906     
 14.70000      0.07827     
 14.71000      0.06945     
 14.72000      0.06214     
 14.73000      0.05602     
 14.74000      0.05084     
 14.75000      0.04642     
 14.76000      0.04262     
 14.77000      0.03932     
 14.78000      0.03644     
 14.79000      0.03392     
 14.80000      0.03169     
 14.81000      0.02972     
 14.82000      0.02796     
 14.83000      0.02638     
 14.84000      0.02497     
 14.85000      0.02370     
 14.86000      0.02254     
 14.87000      0.02150     
 14.88000      0.02055     
 14.89000      0.01968     
 14.90000      0.01889     
 14.91000      0.01816     
 14.92000      0.01749     
 14.93000      0.01687     
 14.94000      0.01630     
 14.95000      0.01578     
 14.96000      0.01529     
 14.97000      0.01484     
 14.98000      0.01442     
 14.99000      0.01403     
 15.00000      0.01366     
 15.01000      0.01332     
 15.02000      0.01300     
 15.03000      0.01270     
 15.04000      0.01242     
 15.05000      0.01216     
 15.06000      0.01191     
 15.07000      0.01168     
 15.08000      0.01146     
 15.09000      0.01126     
 15.10000      0.01106     
 15.11000      0.01088     
 15.12000      0.01071     
 15.13000      0.01054     
 15.14000      0.01039     
 15.15000      0.01024     
 15.16000      0.01010     
 15.17000      0.00997     
 15.18000      0.00985     
 15.19000      0.00973     
 15.20000      0.00961     
 15.21000      0.00956     
 15.22000      0.00946     
 15.23000      0.00937     
 15.24000      0.00928     
 15.25000      0.00919     
 15.26000      0.00910     
 15.27000      0.00903     
 15.28000      0.00895     
 15.29000      0.00888     
 15.30000      0.00881     
 15.31000      0.00875     
 15.32000      0.00868     
 15.33000      0.00862     
 15.34000      0.00857     
 15.35000      0.00852     
 15.36000      0.00846     
 15.37000      0.00842     
 15.38000      0.00837     
 15.39000      0.00833     
 15.40000      0.00828     
 15.41000      0.00824     
 15.42000      0.00821     
 15.43000      0.00817     
 15.44000      0.00813     
 15.45000      0.00810     
 15.46000      0.00807     
 15.47000      0.00804     
 15.48000      0.00801     
 15.49000      0.00799     
 15.50000      0.00796     
 15.51000      0.00794     
 15.52000      0.00792     
 15.53000      0.00789     
 15.54000      0.00787     
 15.55000      0.00786     
 15.56000      0.00784     
 15.57000      0.00782     
 15.58000      0.00781     
 15.59000      0.00779     
 15.60000      0.00778     
 15.61000      0.00777     
 15.62000      0.00776     
 15.63000      0.00775     
 15.64000      0.00774     
 15.65000      0.00773     
 15.66000      0.00772     
 15.67000      0.00771     
 15.68000      0.00771     
 15.69000      0.00770     
 15.70000      0.00770     
 15.71000      0.00770     
 15.72000      0.00769     
 15.73000      0.00769     
 15.74000      0.00769     
 15.75000      0.00769     
 15.76000      0.00769     
 15.77000      0.00769     
 15.78000      0.00769     
 15.79000      0.00770     
 15.80000      0.00770     
 15.81000      0.00771     
 15.82000      0.00771     
 15.83000      0.00772     
 15.84000      0.00772     
 15.85000      0.00773     
 15.86000      0.00774     
 15.87000      0.00774     
 15.88000      0.00775     
 15.89000      0.00776     
 15.90000      0.00777     
 15.91000      0.00778     
 15.92000      0.00780     
 15.93000      0.00781     
 15.94000      0.00782     
 15.95000      0.00784     
 15.96000      0.00785     
 15.97000      0.00787     
 15.98000      0.00788     
 15.99000      0.00790     
 16.00000      0.00792     
 16.01000      0.00793     
 16.02000      0.00795     
 16.03000      0.00797     
 16.04000      0.00799     
 16.05000      0.00801     
 16.06000      0.00804     
 16.07000      0.00806     
 16.08000      0.00808     
 16.09000      0.00811     
 16.10000      0.00813     
 16.11000      0.00816     
 16.12000      0.00819     
 16.13000      0.00822     
 16.14000      0.00825     
 16.15000      0.00828     
 16.16000      0.00831     
 16.17000      0.00834     
 16.18000      0.00837     
 16.19000      0.00841     
 16.20000      0.00844     
 16.21000      0.00848     
 16.22000      0.00852     
 16.23000      0.00856     
 16.24000      0.00860     
 16.25000      0.00864     
 16.26000      0.00868     
 16.27000      0.00872     
 16.28000      0.00877     
 16.29000      0.00882     
 16.30000      0.00887     
 16.31000      0.00892     
 16.32000      0.00897     
 16.33000      0.00902     
 16.34000      0.00908     
 16.35000      0.00913     
 16.36000      0.00919     
 16.37000      0.00931     
 16.38000      0.00937     
 16.39000      0.00949     
 16.40000      0.00956     
 16.41000      0.00963     
 16.42000      0.00970     
 16.43000      0.00978     
 16.44000      0.00986     
 16.45000      0.00994     
 16.46000      0.00996     
 16.47000      0.00999     
 16.48000      0.01008     
 16.49000      0.01017     
 16.50000      0.01027     
 16.51000      0.01038     
 16.52000      0.01048     
 16.53000      0.01059     
 16.54000      0.01071     
 16.55000      0.01083     
 16.56000      0.01096     
 16.57000      0.01109     
 16.58000      0.01123     
 16.59000      0.01137     
 16.60000      0.01152     
 16.61000      0.01167     
 16.62000      0.01184     
 16.63000      0.01201     
 16.64000      0.01219     
 16.65000      0.01238     
 16.66000      0.01257     
 16.67000      0.01278     
 16.68000      0.01300     
 16.69000      0.01323     
 16.70000      0.01347     
 16.71000      0.01373     
 16.72000      0.01400     
 16.73000      0.01429     
 16.74000      0.01459     
 16.75000      0.01491     
 16.76000      0.01525     
 16.77000      0.01562     
 16.78000      0.01600     
 16.79000      0.01642     
 16.80000      0.01686     
 16.81000      0.01733     
 16.82000      0.01784     
 16.83000      0.01838     
 16.84000      0.01897     
 16.85000      0.01960     
 16.86000      0.02029     
 16.87000      0.02108     
 16.88000      0.02189     
 16.89000      0.02276     
 16.90000      0.02372     
 16.91000      0.02477     
 16.92000      0.02592     
 16.93000      0.02718     
 16.94000      0.02858     
 16.95000      0.03013     
 16.96000      0.03186     
 16.97000      0.03379     
 16.98000      0.03597     
 16.99000      0.03842     
 17.00000      0.04120     
 17.01000      0.04438     
 17.02000      0.04804     
 17.03000      0.05227     
 17.04000      0.05720     
 17.05000      0.06301     
 17.06000      0.06991     
 17.07000      0.07819     
 17.08000      0.08827     
 17.09000      0.10069     
 17.10000      0.11625     
 17.11000      0.13607     
 17.12000      0.16207     
 17.13000      0.19685     
 17.14000      0.24500     
 17.15000      0.31470     
 17.16000      0.42526     
 17.17000      0.64097     
 17.18000      1.16950     
 17.19000      2.43359     
 17.20000      4.70152     
 17.21000      6.98162     
 17.22000      6.72071     
 17.23000      4.80041     
 17.24000      3.85391     
 17.25000      4.06324     
 17.26000      3.77234     
 17.27000      2.47079     
 17.28000      1.31528     
 17.29000      0.68547     
 17.30000      0.41441     
 17.31000      0.29388     
 17.32000      0.22642     
 17.33000      0.18162     
 17.34000      0.14961     
 17.35000      0.12584     
 17.36000      0.10768     
 17.37000      0.09348     
 17.38000      0.08217     
 17.39000      0.07299     
 17.40000      0.06545     
 17.41000      0.05918     
 17.42000      0.05390     
 17.43000      0.04942     
 17.44000      0.04558     
 17.45000      0.04227     
 17.46000      0.03939     
 17.47000      0.03688     
 17.48000      0.03467     
 17.49000      0.03272     
 17.50000      0.03099     
 17.51000      0.02945     
 17.52000      0.02807     
 17.53000      0.02683     
 17.54000      0.02572     
 17.55000      0.02471     
 17.56000      0.02380     
 17.57000      0.02297     
 17.58000      0.02221     
 17.59000      0.02153     
 17.60000      0.02090     
 17.61000      0.02032     
 17.62000      0.01979     
 17.63000      0.01931     
 17.64000      0.01886     
 17.65000      0.01845     
 17.66000      0.01807     
 17.67000      0.01772     
 17.68000      0.01740     
 17.69000      0.01710     
 17.70000      0.01682     
 17.71000      0.01656     
 17.72000      0.01633     
 17.73000      0.01611     
 17.74000      0.01590     
 17.75000      0.01571     
 17.76000      0.01559     
 17.77000      0.01543     
 17.78000      0.01528     
 17.79000      0.01514     
 17.80000      0.01502     
 17.81000      0.01490     
 17.82000      0.01479     
 17.83000      0.01469     
 17.84000      0.01460     
 17.85000      0.01457     
 17.86000      0.01449     
 17.87000      0.01442     
 17.88000      0.01436     
 17.89000      0.01430     
 17.90000      0.01425     
 17.91000      0.01420     
 17.92000      0.01416     
 17.93000      0.01412     
 17.94000      0.01409     
 17.95000      0.01407     
 17.96000      0.01404     
 17.97000      0.01403     
 17.98000      0.01401     
 17.99000      0.01400     
 18.00000      0.01400     
 18.01000      0.01405     
 18.02000      0.01405     
 18.03000      0.01406     
 18.04000      0.01407     
 18.05000      0.01408     
 18.06000      0.01409     
 18.07000      0.01411     
 18.08000      0.01413     
 18.09000      0.01416     
 18.10000      0.01418     
 18.11000      0.01421     
 18.12000      0.01425     
 18.13000      0.01428     
 18.14000      0.01432     
 18.15000      0.01436     
 18.16000      0.01440     
 18.17000      0.01445     
 18.18000      0.01449     
 18.19000      0.01454     
 18.20000      0.01460     
 18.21000      0.01465     
 18.22000      0.01471     
 18.23000      0.01477     
 18.24000      0.01483     
 18.25000      0.01490     
 18.26000      0.01497     
 18.27000      0.01504     
 18.28000      0.01511     
 18.29000      0.01518     
 18.30000      0.01526     
 18.31000      0.01534     
 18.32000      0.01542     
 18.33000      0.01551     
 18.34000      0.01560     
 18.35000      0.01569     
 18.36000      0.01578     
 18.37000      0.01587     
 18.38000      0.01597     
 18.39000      0.01607     
 18.40000      0.01617     
 18.41000      0.01628     
 18.42000      0.01639     
 18.43000      0.01650     
 18.44000      0.01661     
 18.45000      0.01673     
 18.46000      0.01685     
 18.47000      0.01697     
 18.48000      0.01710     
 18.49000      0.01723     
 18.50000      0.01736     
 18.51000      0.01750     
 18.52000      0.01764     
 18.53000      0.01778     
 18.54000      0.01792     
 18.55000      0.01807     
 18.56000      0.01822     
 18.57000      0.01838     
 18.58000      0.01854     
 18.59000      0.01871     
 18.60000      0.01887     
 18.61000      0.01905     
 18.62000      0.01922     
 18.63000      0.01940     
 18.64000      0.01959     
 18.65000      0.01978     
 18.66000      0.01997     
 18.67000      0.02017     
 18.68000      0.02037     
 18.69000      0.02058     
 18.70000      0.02079     
 18.71000      0.02101     
 18.72000      0.02124     
 18.73000      0.02147     
 18.74000      0.02170     
 18.75000      0.02195     
 18.76000      0.02219     
 18.77000      0.02245     
 18.78000      0.02271     
 18.79000      0.02298     
 18.80000      0.02325     
 18.81000      0.02353     
 18.82000      0.02382     
 18.83000      0.02412     
 18.84000      0.02443     
 18.85000      0.02474     
 18.86000      0.02506     
 18.87000      0.02539     
 18.88000      0.02573     
 18.89000      0.02608     
 18.90000      0.02644     
 18.91000      0.02682     
 18.92000      0.02720     
 18.93000      0.02759     
 18.94000      0.02799     
 18.95000      0.02841     
 18.96000      0.02884     
 18.97000      0.02928     
 18.98000      0.02973     
 18.99000      0.03020     
 19.00000      0.03069     
 19.01000      0.03119     
 19.02000      0.03170     
 19.03000      0.03224     
 19.04000      0.03279     
 19.05000      0.03335     
 19.06000      0.03394     
 19.07000      0.03460     
 19.08000      0.03534     
 19.09000      0.03600     
 19.10000      0.03667     
 19.11000      0.03737     
 19.12000      0.03810     
 19.13000      0.03885     
 19.14000      0.03963     
 19.15000      0.04045     
 19.16000      0.04129     
 19.17000      0.04217     
 19.18000      0.04308     
 19.19000      0.04403     
 19.20000      0.04502     
 19.21000      0.04606     
 19.22000      0.04713     
 19.23000      0.04830     
 19.24000      0.04948     
 19.25000      0.05071     
 19.26000      0.05200     
 19.27000      0.05335     
 19.28000      0.05479     
 19.29000      0.05629     
 19.30000      0.05785     
 19.31000      0.05951     
 19.32000      0.06125     
 19.33000      0.06309     
 19.34000      0.06504     
 19.35000      0.06711     
 19.36000      0.06930     
 19.37000      0.07164     
 19.38000      0.07412     
 19.39000      0.07678     
 19.40000      0.07963     
 19.41000      0.08270     
 19.42000      0.08600     
 19.43000      0.08958     
 19.44000      0.09346     
 19.45000      0.09770     
 19.46000      0.10234     
 19.47000      0.10747     
 19.48000      0.11316     
 19.49000      0.11953     
 19.50000      0.12672     
 19.51000      0.13491     
 19.52000      0.14435     
 19.53000      0.15539     
 19.54000      0.16852     
 19.55000      0.18442     
 19.56000      0.20415     
 19.57000      0.22932     
 19.58000      0.26259     
 19.59000      0.30874     
 19.60000      0.37912     
 19.61000      0.50971     
 19.62000      0.80787     
 19.63000      1.47809     
 19.64000      2.64515     
 19.65000      3.83177     
 19.66000      3.73627     
 19.67000      2.67340     
 19.68000      2.00810     
 19.69000      2.06752     
 19.70000      2.34301     
 19.71000      2.01997     
 19.72000      1.35320     
 19.73000      0.86729     
 19.74000      0.63098     
 19.75000      0.54297     
 19.76000      0.51744     
 19.77000      0.51840     
 19.78000      0.53506     
 19.79000      0.56434     
 19.80000      0.60567     
 19.81000      0.65982     
 19.82000      0.72869     
 19.83000      0.81549     
 19.84000      0.92507     
 19.85000      1.06468     
 19.86000      1.24522     
 19.87000      1.48348     
 19.88000      1.80632     
 19.89000      2.25929     
 19.90000      2.93375     
 19.91000      4.08111     
 19.92000      6.51609     
 19.93000     12.30041     
 19.94000     24.23178     
 19.95000     41.57898     
 19.96000     51.81378     
 19.97000     42.13011     
 19.98000     28.38393     
 19.99000     23.46595     
 20.00000     26.75463     
 20.01000     28.34921     
 20.02000     21.08777     
 20.03000     12.39990     
 20.04000      6.97122     
 20.05000      4.49256     
 20.06000      3.54070     
 20.07000      3.25095     
 20.08000      3.38895     
 20.09000      4.17502     
 20.10000      6.47617     
 20.11000     11.78134     
 20.12000     20.52602     
 20.13000     27.96127     
 20.14000     25.11443     
 20.15000     17.15618     
 20.16000     12.93259     
 20.17000     13.76745     
 20.18000     15.61481     
 20.19000     12.89680     
 20.20000      7.94003     
 20.21000      4.35424     
 20.22000      2.51904     
 20.23000      1.69700     
 20.24000      1.28651     
 20.25000      1.03392     
 20.26000      0.85739     
 20.27000      0.72672     
 20.28000      0.62658     
 20.29000      0.54777     
 20.30000      0.48440     
 20.31000      0.43250     
 20.32000      0.38935     
 20.33000      0.35299     
 20.34000      0.32201     
 20.35000      0.29535     
 20.36000      0.27222     
 20.37000      0.25198     
 20.38000      0.23417     
 20.39000      0.21839     
 20.40000      0.20434     
 20.41000      0.19177     
 20.42000      0.18047     
 20.43000      0.17027     
 20.44000      0.16104     
 20.45000      0.15266     
 20.46000      0.14502     
 20.47000      0.13805     
 20.48000      0.13167     
 20.49000      0.12583     
 20.50000      0.12046     
 20.51000      0.11553     
 20.52000      0.11100     
 20.53000      0.10684     
 20.54000      0.10302     
 20.55000      0.09953     
 20.56000      0.09633     
 20.57000      0.09344     
 20.58000      0.09083     
 20.59000      0.08851     
 20.60000      0.08650     
 20.61000      0.08482     
 20.62000      0.08350     
 20.63000      0.08262     
 20.64000      0.08227     
 20.65000      0.08264     
 20.66000      0.08400     
 20.67000      0.08689     
 20.68000      0.09255     
 20.69000      0.10486     
 20.70000      0.13516     
 20.71000      0.20493     
 20.72000      0.32832     
 20.73000      0.45882     
 20.74000      0.45573     
 20.75000      0.33596     
 20.76000      0.24936     
 20.77000      0.24241     
 20.78000      0.27912     
 20.79000      0.26928     
 20.80000      0.19821     
 20.81000      0.13311     
 20.82000      0.09569     
 20.83000      0.07840     
 20.84000      0.07040     
 20.85000      0.06601     
 20.86000      0.06326     
 20.87000      0.06155     
 20.88000      0.06051     
 20.89000      0.06004     
 20.90000      0.06008     
 20.91000      0.06062     
 20.92000      0.06167     
 20.93000      0.06329     
 20.94000      0.06559     
 20.95000      0.06877     
 20.96000      0.07297     
 20.97000      0.07859     
 20.98000      0.08616     
 20.99000      0.09654     
 21.00000      0.11109     
 21.01000      0.13232     
 21.02000      0.16602     
 21.03000      0.22999     
 21.04000      0.37602     
 21.05000      0.70362     
 21.06000      1.28347     
 21.07000      1.91531     
 21.08000      1.94130     
 21.09000      1.38348     
 21.10000      0.95384     
 21.11000      0.89726     
 21.12000      1.07692     
 21.13000      1.08455     
 21.14000      0.76987     
 21.15000      0.44900     
 21.16000      0.25596     
 21.17000      0.16484     
 21.18000      0.12306     
 21.19000      0.10029     
 21.20000      0.08548     
 21.21000      0.07493     
 21.22000      0.06710     
 21.23000      0.06110     
 21.24000      0.05640     
 21.25000      0.05264     
 21.26000      0.04958     
 21.27000      0.04707     
 21.28000      0.04498     
 21.29000      0.04322     
 21.30000      0.04173     
 21.31000      0.04046     
 21.32000      0.03937     
 21.33000      0.03843     
 21.34000      0.03763     
 21.35000      0.03693     
 21.36000      0.03634     
 21.37000      0.03583     
 21.38000      0.03539     
 21.39000      0.03502     
 21.40000      0.03470     
 21.41000      0.03445     
 21.42000      0.03424     
 21.43000      0.03408     
 21.44000      0.03396     
 21.45000      0.03388     
 21.46000      0.03384     
 21.47000      0.03384     
 21.48000      0.03387     
 21.49000      0.03394     
 21.50000      0.03404     
 21.51000      0.03417     
 21.52000      0.03434     
 21.53000      0.03454     
 21.54000      0.03478     
 21.55000      0.03505     
 21.56000      0.03535     
 21.57000      0.03569     
 21.58000      0.03606     
 21.59000      0.03648     
 21.60000      0.03693     
 21.61000      0.03743     
 21.62000      0.03797     
 21.63000      0.03856     
 21.64000      0.03919     
 21.65000      0.03988     
 21.66000      0.04063     
 21.67000      0.04143     
 21.68000      0.04230     
 21.69000      0.04324     
 21.70000      0.04426     
 21.71000      0.04535     
 21.72000      0.04654     
 21.73000      0.04783     
 21.74000      0.04928     
 21.75000      0.05079     
 21.76000      0.05243     
 21.77000      0.05422     
 21.78000      0.05617     
 21.79000      0.05835     
 21.80000      0.06069     
 21.81000      0.06325     
 21.82000      0.06606     
 21.83000      0.06917     
 21.84000      0.07261     
 21.85000      0.07644     
 21.86000      0.08070     
 21.87000      0.08542     
 21.88000      0.09079     
 21.89000      0.09687     
 21.90000      0.10377     
 21.91000      0.11166     
 21.92000      0.12074     
 21.93000      0.13127     
 21.94000      0.14356     
 21.95000      0.15807     
 21.96000      0.17534     
 21.97000      0.19615     
 21.98000      0.22154     
 21.99000      0.25299     
 22.00000      0.29267     
 22.01000      0.34361     
 22.02000      0.41068     
 22.03000      0.50151     
 22.04000      0.62916     
 22.05000      0.82057     
 22.06000      1.14985     
 22.07000      1.84222     
 22.08000      3.41934     
 22.09000      6.52545     
 22.10000     10.89482     
 22.11000     13.35852     
 22.12000     10.80987     
 22.13000      7.09698     
 22.14000      5.38524     
 22.15000      5.92516     
 22.16000      7.19671     
 22.17000      6.55187     
 22.18000      4.29612     
 22.19000      2.40800     
 22.20000      1.35160     
 22.21000      0.86071     
 22.22000      0.62633     
 22.23000      0.49192     
 22.24000      0.40225     
 22.25000      0.33798     
 22.26000      0.29017     
 22.27000      0.25365     
 22.28000      0.22518     
 22.29000      0.20263     
 22.30000      0.18452     
 22.31000      0.16985     
 22.32000      0.15787     
 22.33000      0.14805     
 22.34000      0.13999     
 22.35000      0.13339     
 22.36000      0.12802     
 22.37000      0.12370     
 22.38000      0.12030     
 22.39000      0.11771     
 22.40000      0.11585     
 22.41000      0.11466     
 22.42000      0.11410     
 22.43000      0.11415     
 22.44000      0.11478     
 22.45000      0.11599     
 22.46000      0.11780     
 22.47000      0.12022     
 22.48000      0.12330     
 22.49000      0.12706     
 22.50000      0.13158     
 22.51000      0.13695     
 22.52000      0.14325     
 22.53000      0.15063     
 22.54000      0.15925     
 22.55000      0.16931     
 22.56000      0.18108     
 22.57000      0.19488     
 22.58000      0.21116     
 22.59000      0.23047     
 22.60000      0.25354     
 22.61000      0.28133     
 22.62000      0.31528     
 22.63000      0.35724     
 22.64000      0.40988     
 22.65000      0.47712     
 22.66000      0.56491     
 22.67000      0.68251     
 22.68000      0.84531     
 22.69000      1.08231     
 22.70000      1.46536     
 22.71000      2.21145     
 22.72000      3.88618     
 22.73000      7.40722     
 22.74000     13.13315     
 22.75000     18.45410     
 22.76000     17.37350     
 22.77000     11.90456     
 22.78000      8.05625     
 22.79000      7.51263     
 22.80000      9.29837     
 22.81000     10.27745     
 22.82000      7.95535     
 22.83000      4.80537     
 22.84000      2.67767     
 22.85000      1.59701     
 22.86000      1.10020     
 22.87000      0.84652     
 22.88000      0.69187     
 22.89000      0.58730     
 22.90000      0.51384     
 22.91000      0.46184     
 22.92000      0.42565     
 22.93000      0.40188     
 22.94000      0.38860     
 22.95000      0.38492     
 22.96000      0.39082     
 22.97000      0.40721     
 22.98000      0.43609     
 22.99000      0.48105     
 23.00000      0.54819     
 23.01000      0.64832     
 23.02000      0.80366     
 23.03000      1.07457     
 23.04000      1.64094     
 23.05000      2.91910     
 23.06000      5.44422     
 23.07000      9.09448     
 23.08000     11.45979     
 23.09000      9.59657     
 23.10000      6.32806     
 23.11000      4.53671     
 23.12000      4.67017     
 23.13000      5.86526     
 23.14000      6.05543     
 23.15000      4.39330     
 23.16000      2.59191     
 23.17000      1.45926     
 23.18000      0.90007     
 23.19000      0.63829     
 23.20000      0.49762     
 23.21000      0.40792     
 23.22000      0.34519     
 23.23000      0.29954     
 23.24000      0.26569     
 23.25000      0.24046     
 23.26000      0.22190     
 23.27000      0.20884     
 23.28000      0.20075     
 23.29000      0.19743     
 23.30000      0.19937     
 23.31000      0.20775     
 23.32000      0.22499     
 23.33000      0.25675     
 23.34000      0.31941     
 23.35000      0.46042     
 23.36000      0.77896     
 23.37000      1.37800     
 23.38000      2.16162     
 23.39000      2.49502     
 23.40000      1.95405     
 23.41000      1.28586     
 23.42000      0.97834     
 23.43000      1.06307     
 23.44000      1.32229     
 23.45000      1.30421     
 23.46000      0.92357     
 23.47000      0.55219     
 23.48000      0.32651     
 23.49000      0.21575     
 23.50000      0.16250     
 23.51000      0.13256     
 23.52000      0.11266     
 23.53000      0.09822     
 23.54000      0.08724     
 23.55000      0.07864     
 23.56000      0.07172     
 23.57000      0.06604     
 23.58000      0.06130     
 23.59000      0.05728     
 23.60000      0.05383     
 23.61000      0.05084     
 23.62000      0.04821     
 23.63000      0.04589     
 23.64000      0.04382     
 23.65000      0.04196     
 23.66000      0.04029     
 23.67000      0.03877     
 23.68000      0.03739     
 23.69000      0.03612     
 23.70000      0.03496     
 23.71000      0.03388     
 23.72000      0.03289     
 23.73000      0.03197     
 23.74000      0.03111     
 23.75000      0.03031     
 23.76000      0.02956     
 23.77000      0.02886     
 23.78000      0.02820     
 23.79000      0.02758     
 23.80000      0.02699     
 23.81000      0.02644     
 23.82000      0.02592     
 23.83000      0.02542     
 23.84000      0.02496     
 23.85000      0.02451     
 23.86000      0.02409     
 23.87000      0.02369     
 23.88000      0.02331     
 23.89000      0.02294     
 23.90000      0.02259     
 23.91000      0.02226     
 23.92000      0.02194     
 23.93000      0.02164     
 23.94000      0.02135     
 23.95000      0.02107     
 23.96000      0.02080     
 23.97000      0.02055     
 23.98000      0.02030     
 23.99000      0.02007     
 24.00000      0.01984     
 24.01000      0.01963     
 24.02000      0.01942     
 24.03000      0.01916     
 24.04000      0.01897     
 24.05000      0.01878     
 24.06000      0.01860     
 24.07000      0.01843     
 24.08000      0.01827     
 24.09000      0.01811     
 24.10000      0.01795     
 24.11000      0.01780     
 24.12000      0.01760     
 24.13000      0.01747     
 24.14000      0.01733     
 24.15000      0.01721     
 24.16000      0.01708     
 24.17000      0.01696     
 24.18000      0.01685     
 24.19000      0.01674     
 24.20000      0.01663     
 24.21000      0.01653     
 24.22000      0.01643     
 24.23000      0.01633     
 24.24000      0.01624     
 24.25000      0.01615     
 24.26000      0.01606     
 24.27000      0.01603     
 24.28000      0.01595     
 24.29000      0.01587     
 24.30000      0.01580     
 24.31000      0.01573     
 24.32000      0.01566     
 24.33000      0.01559     
 24.34000      0.01553     
 24.35000      0.01551     
 24.36000      0.01545     
 24.37000      0.01540     
 24.38000      0.01539     
 24.39000      0.01534     
 24.40000      0.01529     
 24.41000      0.01524     
 24.42000      0.01519     
 24.43000      0.01520     
 24.44000      0.01515     
 24.45000      0.01511     
 24.46000      0.01507     
 24.47000      0.01504     
 24.48000      0.01500     
 24.49000      0.01497     
 24.50000      0.01493     
 24.51000      0.01490     
 24.52000      0.01487     
 24.53000      0.01485     
 24.54000      0.01482     
 24.55000      0.01479     
 24.56000      0.01477     
 24.57000      0.01475     
 24.58000      0.01473     
 24.59000      0.01471     
 24.60000      0.01469     
 24.61000      0.01467     
 24.62000      0.01466     
 24.63000      0.01464     
 24.64000      0.01463     
 24.65000      0.01462     
 24.66000      0.01461     
 24.67000      0.01460     
 24.68000      0.01459     
 24.69000      0.01458     
 24.70000      0.01457     
 24.71000      0.01457     
 24.72000      0.01456     
 24.73000      0.01456     
 24.74000      0.01456     
 24.75000      0.01456     
 24.76000      0.01456     
 24.77000      0.01456     
 24.78000      0.01456     
 24.79000      0.01456     
 24.80000      0.01459     
 24.81000      0.01459     
 24.82000      0.01460     
 24.83000      0.01461     
 24.84000      0.01461     
 24.85000      0.01462     
 24.86000      0.01464     
 24.87000      0.01465     
 24.88000      0.01467     
 24.89000      0.01463     
 24.90000      0.01464     
 24.91000      0.01466     
 24.92000      0.01467     
 24.93000      0.01463     
 24.94000      0.01465     
 24.95000      0.01467     
 24.96000      0.01469     
 24.97000      0.01476     
 24.98000      0.01479     
 24.99000      0.01481     
 25.00000      0.01483     
 25.01000      0.01486     
 25.02000      0.01483     
 25.03000      0.01485     
 25.04000      0.01482     
 25.05000      0.01485     
 25.06000      0.01488     
 25.07000      0.01491     
 25.08000      0.01494     
 25.09000      0.01497     
 25.10000      0.01501     
 25.11000      0.01504     
 25.12000      0.01507     
 25.13000      0.01511     
 25.14000      0.01515     
 25.15000      0.01518     
 25.16000      0.01522     
 25.17000      0.01526     
 25.18000      0.01524     
 25.19000      0.01528     
 25.20000      0.01533     
 25.21000      0.01537     
 25.22000      0.01541     
 25.23000      0.01540     
 25.24000      0.01545     
 25.25000      0.01549     
 25.26000      0.01554     
 25.27000      0.01559     
 25.28000      0.01564     
 25.29000      0.01563     
 25.30000      0.01568     
 25.31000      0.01574     
 25.32000      0.01579     
 25.33000      0.01585     
 25.34000      0.01590     
 25.35000      0.01596     
 25.36000      0.01601     
 25.37000      0.01611     
 25.38000      0.01612     
 25.39000      0.01618     
 25.40000      0.01618     
 25.41000      0.01625     
 25.42000      0.01631     
 25.43000      0.01638     
 25.44000      0.01639     
 25.45000      0.01646     
 25.46000      0.01653     
 25.47000      0.01660     
 25.48000      0.01667     
 25.49000      0.01675     
 25.50000      0.01682     
 25.51000      0.01690     
 25.52000      0.01697     
 25.53000      0.01705     
 25.54000      0.01713     
 25.55000      0.01721     
 25.56000      0.01730     
 25.57000      0.01738     
 25.58000      0.01746     
 25.59000      0.01755     
 25.60000      0.01764     
 25.61000      0.01773     
 25.62000      0.01782     
 25.63000      0.01792     
 25.64000      0.01801     
 25.65000      0.01811     
 25.66000      0.01821     
 25.67000      0.01831     
 25.68000      0.01841     
 25.69000      0.01851     
 25.70000      0.01862     
 25.71000      0.01873     
 25.72000      0.01884     
 25.73000      0.01895     
 25.74000      0.01911     
 25.75000      0.01922     
 25.76000      0.01934     
 25.77000      0.01947     
 25.78000      0.01959     
 25.79000      0.01972     
 25.80000      0.01985     
 25.81000      0.01998     
 25.82000      0.02012     
 25.83000      0.02026     
 25.84000      0.02040     
 25.85000      0.02055     
 25.86000      0.02070     
 25.87000      0.02085     
 25.88000      0.02101     
 25.89000      0.02117     
 25.90000      0.02133     
 25.91000      0.02150     
 25.92000      0.02168     
 25.93000      0.02186     
 25.94000      0.02204     
 25.95000      0.02223     
 25.96000      0.02242     
 25.97000      0.02262     
 25.98000      0.02283     
 25.99000      0.02304     
 26.00000      0.02326     
 26.01000      0.02349     
 26.02000      0.02372     
 26.03000      0.02397     
 26.04000      0.02422     
 26.05000      0.02448     
 26.06000      0.02480     
 26.07000      0.02497     
 26.08000      0.02526     
 26.09000      0.02557     
 26.10000      0.02589     
 26.11000      0.02622     
 26.12000      0.02656     
 26.13000      0.02692     
 26.14000      0.02730     
 26.15000      0.02770     
 26.16000      0.02812     
 26.17000      0.02856     
 26.18000      0.02902     
 26.19000      0.02951     
 26.20000      0.02997     
 26.21000      0.03052     
 26.22000      0.03110     
 26.23000      0.03172     
 26.24000      0.03238     
 26.25000      0.03309     
 26.26000      0.03380     
 26.27000      0.03462     
 26.28000      0.03550     
 26.29000      0.03646     
 26.30000      0.03751     
 26.31000      0.03864     
 26.32000      0.03989     
 26.33000      0.04126     
 26.34000      0.04278     
 26.35000      0.04447     
 26.36000      0.04636     
 26.37000      0.04848     
 26.38000      0.05090     
 26.39000      0.05366     
 26.40000      0.05685     
 26.41000      0.06058     
 26.42000      0.06499     
 26.43000      0.07031     
 26.44000      0.07674     
 26.45000      0.08509     
 26.46000      0.09638     
 26.47000      0.11366     
 26.48000      0.14355     
 26.49000      0.19542     
 26.50000      0.27239     
 26.51000      0.34786     
 26.52000      0.36195     
 26.53000      0.33494     
 26.54000      0.33360     
 26.55000      0.39062     
 26.56000      0.54069     
 26.57000      0.86063     
 26.58000      1.46491     
 26.59000      2.41781     
 26.60000      3.44284     
 26.61000      3.55088     
 26.62000      2.60920     
 26.63000      1.68209     
 26.64000      1.23605     
 26.65000      1.28497     
 26.66000      1.66816     
 26.67000      1.97122     
 26.68000      1.68737     
 26.69000      1.11053     
 26.70000      0.65930     
 26.71000      0.40124     
 26.72000      0.27312     
 26.73000      0.20782     
 26.74000      0.16922     
 26.75000      0.14319     
 26.76000      0.12435     
 26.77000      0.11020     
 26.78000      0.09929     
 26.79000      0.09070     
 26.80000      0.08382     
 26.81000      0.07824     
 26.82000      0.07366     
 26.83000      0.06985     
 26.84000      0.06667     
 26.85000      0.06400     
 26.86000      0.06173     
 26.87000      0.05981     
 26.88000      0.05817     
 26.89000      0.05678     
 26.90000      0.05558     
 26.91000      0.05456     
 26.92000      0.05370     
 26.93000      0.05296     
 26.94000      0.05234     
 26.95000      0.05183     
 26.96000      0.05140     
 26.97000      0.05105     
 26.98000      0.05078     
 26.99000      0.05057     
 27.00000      0.05042     
 27.01000      0.05032     
 27.02000      0.05027     
 27.03000      0.05027     
 27.04000      0.05031     
 27.05000      0.05039     
 27.06000      0.05039     
 27.07000      0.05054     
 27.08000      0.05072     
 27.09000      0.05093     
 27.10000      0.05118     
 27.11000      0.05144     
 27.12000      0.05174     
 27.13000      0.05206     
 27.14000      0.05241     
 27.15000      0.05278     
 27.16000      0.05317     
 27.17000      0.05359     
 27.18000      0.05403     
 27.19000      0.05449     
 27.20000      0.05498     
 27.21000      0.05549     
 27.22000      0.05602     
 27.23000      0.05657     
 27.24000      0.05719     
 27.25000      0.05778     
 27.26000      0.05840     
 27.27000      0.05904     
 27.28000      0.05971     
 27.29000      0.06040     
 27.30000      0.06111     
 27.31000      0.06186     
 27.32000      0.06262     
 27.33000      0.06341     
 27.34000      0.06422     
 27.35000      0.06505     
 27.36000      0.06592     
 27.37000      0.06681     
 27.38000      0.06773     
 27.39000      0.06868     
 27.40000      0.06965     
 27.41000      0.07066     
 27.42000      0.07170     
 27.43000      0.07278     
 27.44000      0.07388     
 27.45000      0.07503     
 27.46000      0.07621     
 27.47000      0.07743     
 27.48000      0.07868     
 27.49000      0.07998     
 27.50000      0.08132     
 27.51000      0.08270     
 27.52000      0.08414     
 27.53000      0.08561     
 27.54000      0.08714     
 27.55000      0.08872     
 27.56000      0.09036     
 27.57000      0.09205     
 27.58000      0.09380     
 27.59000      0.09562     
 27.60000      0.09750     
 27.61000      0.09944     
 27.62000      0.10146     
 27.63000      0.10356     
 27.64000      0.10568     
 27.65000      0.10788     
 27.66000      0.11023     
 27.67000      0.11267     
 27.68000      0.11521     
 27.69000      0.11785     
 27.70000      0.12060     
 27.71000      0.12347     
 27.72000      0.12645     
 27.73000      0.12957     
 27.74000      0.13283     
 27.75000      0.13623     
 27.76000      0.13979     
 27.77000      0.14351     
 27.78000      0.14741     
 27.79000      0.15150     
 27.80000      0.15579     
 27.81000      0.16030     
 27.82000      0.16504     
 27.83000      0.17003     
 27.84000      0.17529     
 27.85000      0.18084     
 27.86000      0.18671     
 27.87000      0.19292     
 27.88000      0.19949     
 27.89000      0.20647     
 27.90000      0.21389     
 27.91000      0.22179     
 27.92000      0.23023     
 27.93000      0.23925     
 27.94000      0.24892     
 27.95000      0.25931     
 27.96000      0.27052     
 27.97000      0.28265     
 27.98000      0.29583     
 27.99000      0.31020     
 28.00000      0.32596     
 28.01000      0.34337     
 28.02000      0.36271     
 28.03000      0.38445     
 28.04000      0.40917     
 28.05000      0.43771     
 28.06000      0.47137     
 28.07000      0.51235     
 28.08000      0.56529     
 28.09000      0.64209     
 28.10000      0.77165     
 28.11000      1.00475     
 28.12000      1.38631     
 28.13000      1.86040     
 28.14000      2.10507     
 28.15000      1.88349     
 28.16000      1.55215     
 28.17000      1.37742     
 28.18000      1.40419     
 28.19000      1.60665     
 28.20000      1.91401     
 28.21000      2.14897     
 28.22000      2.22044     
 28.23000      2.36582     
 28.24000      2.85331     
 28.25000      3.97068     
 28.26000      5.97987     
 28.27000      8.66832     
 28.28000     10.37622     
 28.29000      9.33808     
 28.30000      7.33683     
 28.31000      6.17432     
 28.32000      6.24831     
 28.33000      7.48530     
 28.34000      9.61796     
 28.35000     11.90806     
 28.36000     14.05087     
 28.37000     18.50565     
 28.38000     29.24541     
 28.39000     49.91142     
 28.40000     79.24399     
 28.41000    100.00000     
 28.42000     87.96337     
 28.43000     59.72794     
 28.44000     38.70010     
 28.45000     30.52612     
 28.46000     33.96400     
 28.47000     45.07191     
 28.48000     53.61428     
 28.49000     46.50619     
 28.50000     31.03225     
 28.51000     18.51434     
 28.52000     11.09536     
 28.53000      7.28559     
 28.54000      5.31726     
 28.55000      4.16053     
 28.56000      3.38481     
 28.57000      2.82356     
 28.58000      2.40074     
 28.59000      2.07336     
 28.60000      1.81426     
 28.61000      1.60549     
 28.62000      1.43471     
 28.63000      1.29318     
 28.64000      1.17460     
 28.65000      1.07430     
 28.66000      0.98877     
 28.67000      0.91533     
 28.68000      0.85183     
 28.69000      0.79674     
 28.70000      0.74870     
 28.71000      0.70667     
 28.72000      0.66984     
 28.73000      0.63748     
 28.74000      0.60897     
 28.75000      0.58389     
 28.76000      0.56184     
 28.77000      0.54250     
 28.78000      0.52558     
 28.79000      0.51088     
 28.80000      0.49819     
 28.81000      0.48735     
 28.82000      0.47823     
 28.83000      0.47074     
 28.84000      0.46477     
 28.85000      0.46026     
 28.86000      0.45721     
 28.87000      0.45550     
 28.88000      0.45517     
 28.89000      0.45620     
 28.90000      0.45863     
 28.91000      0.46249     
 28.92000      0.46784     
 28.93000      0.47479     
 28.94000      0.48344     
 28.95000      0.49399     
 28.96000      0.50666     
 28.97000      0.52180     
 28.98000      0.53992     
 28.99000      0.56186     
 29.00000      0.58941     
 29.01000      0.62691     
 29.02000      0.68423     
 29.03000      0.77726     
 29.04000      0.91761     
 29.05000      1.08121     
 29.06000      1.16283     
 29.07000      1.11079     
 29.08000      1.04024     
 29.09000      1.02244     
 29.10000      1.06769     
 29.11000      1.16873     
 29.12000      1.30760     
 29.13000      1.43506     
 29.14000      1.50992     
 29.15000      1.58295     
 29.16000      1.70093     
 29.17000      1.87615     
 29.18000      2.11213     
 29.19000      2.41680     
 29.20000      2.80830     
 29.21000      3.31763     
 29.22000      3.99469     
 29.23000      4.92202     
 29.24000      6.25571     
 29.25000      8.36071     
 29.26000     12.18845     
 29.27000     19.88085     
 29.28000     34.73171     
 29.29000     58.74926     
 29.30000     85.55488     
 29.31000     91.93233     
 29.32000     70.43035     
 29.33000     45.74046     
 29.34000     31.01158     
 29.35000     27.58138     
 29.36000     33.52253     
 29.37000     44.62270     
 29.38000     49.91760     
 29.39000     40.48784     
 29.40000     26.28971     
 29.41000     15.71603     
 29.42000      9.62901     
 29.43000      6.50075     
 29.44000      4.84284     
 29.45000      3.84034     
 29.46000      3.15708     
 29.47000      2.65929     
 29.48000      2.28311     
 29.49000      1.99162     
 29.50000      1.76126     
 29.51000      1.57626     
 29.52000      1.42582     
 29.53000      1.30213     
 29.54000      1.19967     
 29.55000      1.11430     
 29.56000      1.04294     
 29.57000      0.98323     
 29.58000      0.93338     
 29.59000      0.89198     
 29.60000      0.85795     
 29.61000      0.83047     
 29.62000      0.80889     
 29.63000      0.79274     
 29.64000      0.78169     
 29.65000      0.77551     
 29.66000      0.77415     
 29.67000      0.77751     
 29.68000      0.78575     
 29.69000      0.79909     
 29.70000      0.81785     
 29.71000      0.84252     
 29.72000      0.87374     
 29.73000      0.91235     
 29.74000      0.95945     
 29.75000      1.01643     
 29.76000      1.08513     
 29.77000      1.16793     
 29.78000      1.26794     
 29.79000      1.38935     
 29.80000      1.53765     
 29.81000      1.72054     
 29.82000      1.94870     
 29.83000      2.23741     
 29.84000      2.60907     
 29.85000      3.09764     
 29.86000      3.75695     
 29.87000      4.68105     
 29.88000      6.06832     
 29.89000      8.41961     
 29.90000     12.96071     
 29.91000     21.97983     
 29.92000     37.96769     
 29.93000     60.08983     
 29.94000     76.16287     
 29.95000     68.19569     
 29.96000     47.07595     
 29.97000     30.37399     
 29.98000     22.65903     
 29.99000     23.30524     
 30.00000     30.36788     
 30.01000     39.15404     
 30.02000     39.40002     
 30.03000     29.22881     
 30.04000     18.32346     
 30.05000     10.97484     
 30.06000      6.91636     
 30.07000      4.82262     
 30.08000      3.66419     
 30.09000      2.93001     
 30.10000      2.41448     
 30.11000      2.03186     
 30.12000      1.73835     
 30.13000      1.50764     
 30.14000      1.32259     
 30.15000      1.17163     
 30.16000      1.04667     
 30.17000      0.94191     
 30.18000      0.85311     
 30.19000      0.77711     
 30.20000      0.71150     
 30.21000      0.65441     
 30.22000      0.60444     
 30.23000      0.56036     
 30.24000      0.52131     
 30.25000      0.48647     
 30.26000      0.45527     
 30.27000      0.42720     
 30.28000      0.40186     
 30.29000      0.37893     
 30.30000      0.35803     
 30.31000      0.33895     
 30.32000      0.32149     
 30.33000      0.30549     
 30.34000      0.29074     
 30.35000      0.27712     
 30.36000      0.26452     
 30.37000      0.25286     
 30.38000      0.24201     
 30.39000      0.23191     
 30.40000      0.22249     
 30.41000      0.21369     
 30.42000      0.20546     
 30.43000      0.19773     
 30.44000      0.19048     
 30.45000      0.18366     
 30.46000      0.17724     
 30.47000      0.17119     
 30.48000      0.16548     
 30.49000      0.16007     
 30.50000      0.15496     
 30.51000      0.15012     
 30.52000      0.14552     
 30.53000      0.14116     
 30.54000      0.13701     
 30.55000      0.13307     
 30.56000      0.12931     
 30.57000      0.12573     
 30.58000      0.12232     
 30.59000      0.11906     
 30.60000      0.11594     
 30.61000      0.11296     
 30.62000      0.11011     
 30.63000      0.10738     
 30.64000      0.10481     
 30.65000      0.10230     
 30.66000      0.09989     
 30.67000      0.09758     
 30.68000      0.09536     
 30.69000      0.09318     
 30.70000      0.09113     
 30.71000      0.08915     
 30.72000      0.08725     
 30.73000      0.08542     
 30.74000      0.08363     
 30.75000      0.08193     
 30.76000      0.08028     
 30.77000      0.07870     
 30.78000      0.07717     
 30.79000      0.07569     
 30.80000      0.07426     
 30.81000      0.07287     
 30.82000      0.07153     
 30.83000      0.07024     
 30.84000      0.06899     
 30.85000      0.06777     
 30.86000      0.06660     
 30.87000      0.06546     
 30.88000      0.06435     
 30.89000      0.06328     
 30.90000      0.06224     
 30.91000      0.06123     
 30.92000      0.06025     
 30.93000      0.05930     
 30.94000      0.05838     
 30.95000      0.05748     
 30.96000      0.05661     
 30.97000      0.05576     
 30.98000      0.05494     
 30.99000      0.05414     
 31.00000      0.05336     
 31.01000      0.05260     
 31.02000      0.05186     
 31.03000      0.05114     
 31.04000      0.05044     
 31.05000      0.04976     
 31.06000      0.04910     
 31.07000      0.04845     
 31.08000      0.04782     
 31.09000      0.04721     
 31.10000      0.04661     
 31.11000      0.04603     
 31.12000      0.04546     
 31.13000      0.04491     
 31.14000      0.04437     
 31.15000      0.04384     
 31.16000      0.04332     
 31.17000      0.04286     
 31.18000      0.04241     
 31.19000      0.04193     
 31.20000      0.04147     
 31.21000      0.04101     
 31.22000      0.04057     
 31.23000      0.04013     
 31.24000      0.03971     
 31.25000      0.03930     
 31.26000      0.03889     
 31.27000      0.03850     
 31.28000      0.03811     
 31.29000      0.03774     
 31.30000      0.03737     
 31.31000      0.03701     
 31.32000      0.03666     
 31.33000      0.03632     
 31.34000      0.03598     
 31.35000      0.03565     
 31.36000      0.03534     
 31.37000      0.03502     
 31.38000      0.03472     
 31.39000      0.03437     
 31.40000      0.03409     
 31.41000      0.03375     
 31.42000      0.03352     
 31.43000      0.03326     
 31.44000      0.03299     
 31.45000      0.03274     
 31.46000      0.03249     
 31.47000      0.03230     
 31.48000      0.03206     
 31.49000      0.03183     
 31.50000      0.03161     
 31.51000      0.03140     
 31.52000      0.03119     
 31.53000      0.03099     
 31.54000      0.03088     
 31.55000      0.03069     
 31.56000      0.03051     
 31.57000      0.03034     
 31.58000      0.03017     
 31.59000      0.03006     
 31.60000      0.02991     
 31.61000      0.02977     
 31.62000      0.02964     
 31.63000      0.02952     
 31.64000      0.02941     
 31.65000      0.02931     
 31.66000      0.02923     
 31.67000      0.02917     
 31.68000      0.02912     
 31.69000      0.02910     
 31.70000      0.02910     
 31.71000      0.02914     
 31.72000      0.02922     
 31.73000      0.02936     
 31.74000      0.02958     
 31.75000      0.02990     
 31.76000      0.03037     
 31.77000      0.03108     
 31.78000      0.03219     
 31.79000      0.03411     
 31.80000      0.03786     
 31.81000      0.04514     
 31.82000      0.05787     
 31.83000      0.07565     
 31.84000      0.08987     
 31.85000      0.08562     
 31.86000      0.06869     
 31.87000      0.05388     
 31.88000      0.04572     
 31.89000      0.04406     
 31.90000      0.04780     
 31.91000      0.05513     
 31.92000      0.06062     
 31.93000      0.05695     
 31.94000      0.04775     
 31.95000      0.03981     
 31.96000      0.03483     
 31.97000      0.03216     
 31.98000      0.03079     
 31.99000      0.03015     
 32.00000      0.02974     
 32.01000      0.02953     
 32.02000      0.02945     
 32.03000      0.02948     
 32.04000      0.02961     
 32.05000      0.02983     
 32.06000      0.03015     
 32.07000      0.03058     
 32.08000      0.03117     
 32.09000      0.03187     
 32.10000      0.03275     
 32.11000      0.03385     
 32.12000      0.03525     
 32.13000      0.03703     
 32.14000      0.03934     
 32.15000      0.04239     
 32.16000      0.04652     
 32.17000      0.05234     
 32.18000      0.06115     
 32.19000      0.07614     
 32.20000      0.10458     
 32.21000      0.15888     
 32.22000      0.25131     
 32.23000      0.37523     
 32.24000      0.46321     
 32.25000      0.41997     
 32.26000      0.30200     
 32.27000      0.20407     
 32.28000      0.15199     
 32.29000      0.14308     
 32.30000      0.16999     
 32.31000      0.22061     
 32.32000      0.25799     
 32.33000      0.23236     
 32.34000      0.16883     
 32.35000      0.11392     
 32.36000      0.07901     
 32.37000      0.05983     
 32.38000      0.04957     
 32.39000      0.04364     
 32.40000      0.03972     
 32.41000      0.03691     
 32.42000      0.03475     
 32.43000      0.03313     
 32.44000      0.03180     
 32.45000      0.03077     
 32.46000      0.03002     
 32.47000      0.02933     
 32.48000      0.02876     
 32.49000      0.02828     
 32.50000      0.02788     
 32.51000      0.02753     
 32.52000      0.02724     
 32.53000      0.02700     
 32.54000      0.02679     
 32.55000      0.02661     
 32.56000      0.02646     
 32.57000      0.02633     
 32.58000      0.02622     
 32.59000      0.02613     
 32.60000      0.02606     
 32.61000      0.02601     
 32.62000      0.02600     
 32.63000      0.02597     
 32.64000      0.02595     
 32.65000      0.02595     
 32.66000      0.02595     
 32.67000      0.02596     
 32.68000      0.02598     
 32.69000      0.02601     
 32.70000      0.02605     
 32.71000      0.02609     
 32.72000      0.02619     
 32.73000      0.02625     
 32.74000      0.02631     
 32.75000      0.02639     
 32.76000      0.02647     
 32.77000      0.02656     
 32.78000      0.02673     
 32.79000      0.02683     
 32.80000      0.02694     
 32.81000      0.02706     
 32.82000      0.02718     
 32.83000      0.02735     
 32.84000      0.02749     
 32.85000      0.02763     
 32.86000      0.02779     
 32.87000      0.02799     
 32.88000      0.02816     
 32.89000      0.02834     
 32.90000      0.02852     
 32.91000      0.02872     
 32.92000      0.02893     
 32.93000      0.02914     
 32.94000      0.02937     
 32.95000      0.02961     
 32.96000      0.02986     
 32.97000      0.03012     
 32.98000      0.03040     
 32.99000      0.03069     
 33.00000      0.03099     
 33.01000      0.03131     
 33.02000      0.03165     
 33.03000      0.03201     
 33.04000      0.03238     
 33.05000      0.03278     
 33.06000      0.03320     
 33.07000      0.03365     
 33.08000      0.03412     
 33.09000      0.03462     
 33.10000      0.03515     
 33.11000      0.03576     
 33.12000      0.03637     
 33.13000      0.03702     
 33.14000      0.03776     
 33.15000      0.03859     
 33.16000      0.03940     
 33.17000      0.04032     
 33.18000      0.04127     
 33.19000      0.04230     
 33.20000      0.04343     
 33.21000      0.04470     
 33.22000      0.04606     
 33.23000      0.04757     
 33.24000      0.04924     
 33.25000      0.05111     
 33.26000      0.05321     
 33.27000      0.05558     
 33.28000      0.05828     
 33.29000      0.06137     
 33.30000      0.06495     
 33.31000      0.06912     
 33.32000      0.07404     
 33.33000      0.07995     
 33.34000      0.08704     
 33.35000      0.09575     
 33.36000      0.10670     
 33.37000      0.12061     
 33.38000      0.13879     
 33.39000      0.16338     
 33.40000      0.19870     
 33.41000      0.25492     
 33.42000      0.35487     
 33.43000      0.54045     
 33.44000      0.86106     
 33.45000      1.32470     
 33.46000      1.77049     
 33.47000      1.82265     
 33.48000      1.51161     
 33.49000      1.25705     
 33.50000      1.23762     
 33.51000      1.38683     
 33.52000      1.46494     
 33.53000      1.40286     
 33.54000      1.35601     
 33.55000      1.25958     
 33.56000      1.01824     
 33.57000      0.78889     
 33.58000      0.68361     
 33.59000      0.68610     
 33.60000      0.68151     
 33.61000      0.56597     
 33.62000      0.40825     
 33.63000      0.28447     
 33.64000      0.20616     
 33.65000      0.16104     
 33.66000      0.13478     
 33.67000      0.11806     
 33.68000      0.10633     
 33.69000      0.09759     
 33.70000      0.09084     
 33.71000      0.08554     
 33.72000      0.08130     
 33.73000      0.07792     
 33.74000      0.07513     
 33.75000      0.07286     
 33.76000      0.07099     
 33.77000      0.06947     
 33.78000      0.06822     
 33.79000      0.06721     
 33.80000      0.06640     
 33.81000      0.06577     
 33.82000      0.06529     
 33.83000      0.06494     
 33.84000      0.06471     
 33.85000      0.06458     
 33.86000      0.06455     
 33.87000      0.06460     
 33.88000      0.06474     
 33.89000      0.06495     
 33.90000      0.06522     
 33.91000      0.06556     
 33.92000      0.06596     
 33.93000      0.06642     
 33.94000      0.06694     
 33.95000      0.06750     
 33.96000      0.06812     
 33.97000      0.06875     
 33.98000      0.06947     
 33.99000      0.07024     
 34.00000      0.07106     
 34.01000      0.07193     
 34.02000      0.07284     
 34.03000      0.07381     
 34.04000      0.07483     
 34.05000      0.07587     
 34.06000      0.07699     
 34.07000      0.07816     
 34.08000      0.07939     
 34.09000      0.08067     
 34.10000      0.08200     
 34.11000      0.08340     
 34.12000      0.08486     
 34.13000      0.08642     
 34.14000      0.08801     
 34.15000      0.08966     
 34.16000      0.09139     
 34.17000      0.09319     
 34.18000      0.09507     
 34.19000      0.09703     
 34.20000      0.09907     
 34.21000      0.10121     
 34.22000      0.10344     
 34.23000      0.10576     
 34.24000      0.10820     
 34.25000      0.11078     
 34.26000      0.11344     
 34.27000      0.11623     
 34.28000      0.11915     
 34.29000      0.12221     
 34.30000      0.12541     
 34.31000      0.12878     
 34.32000      0.13231     
 34.33000      0.13602     
 34.34000      0.13993     
 34.35000      0.14405     
 34.36000      0.14838     
 34.37000      0.15296     
 34.38000      0.15779     
 34.39000      0.16290     
 34.40000      0.16831     
 34.41000      0.17404     
 34.42000      0.18013     
 34.43000      0.18660     
 34.44000      0.19349     
 34.45000      0.20083     
 34.46000      0.20868     
 34.47000      0.21707     
 34.48000      0.22607     
 34.49000      0.23573     
 34.50000      0.24614     
 34.51000      0.25737     
 34.52000      0.26951     
 34.53000      0.28271     
 34.54000      0.29703     
 34.55000      0.31265     
 34.56000      0.32975     
 34.57000      0.34853     
 34.58000      0.36922     
 34.59000      0.39217     
 34.60000      0.41764     
 34.61000      0.44610     
 34.62000      0.47807     
 34.63000      0.51420     
 34.64000      0.55527     
 34.65000      0.60232     
 34.66000      0.65663     
 34.67000      0.71988     
 34.68000      0.79427     
 34.69000      0.88275     
 34.70000      0.98932     
 34.71000      1.11954     
 34.72000      1.28130     
 34.73000      1.48614     
 34.74000      1.75150     
 34.75000      2.10546     
 34.76000      2.59949     
 34.77000      3.34470     
 34.78000      4.60097     
 34.79000      6.90928     
 34.80000     11.11440     
 34.81000     17.96585     
 34.82000     26.85642     
 34.83000     33.09986     
 34.84000     30.36226     
 34.85000     22.12293     
 34.86000     14.78555     
 34.87000     10.39368     
 34.88000      8.86623     
 34.89000      9.76287     
 34.90000     12.67610     
 34.91000     16.50891     
 34.92000     18.08622     
 34.93000     15.21768     
 34.94000     10.74578     
 34.95000      7.17376     
 34.96000      4.95403     
 34.97000      3.75554     
 34.98000      3.15275     
 34.99000      2.86104     
 35.00000      2.74214     
 35.01000      2.74121     
 35.02000      2.84059     
 35.03000      3.04113     
 35.04000      3.35750     
 35.05000      3.82034     
 35.06000      4.48576     
 35.07000      5.46273     
 35.08000      6.99469     
 35.09000      9.64991     
 35.10000     14.58882     
 35.11000     23.56465     
 35.12000     38.01900     
 35.13000     56.33731     
 35.14000     68.21146     
 35.15000     61.16866     
 35.16000     43.74512     
 35.17000     28.87551     
 35.18000     20.15671     
 35.19000     17.20125     
 35.20000     19.09024     
 35.21000     25.03572     
 35.22000     32.87718     
 35.23000     36.17579     
 35.24000     30.19122     
 35.25000     20.76645     
 35.26000     13.21266     
 35.27000      8.43831     
 35.28000      5.74461     
 35.29000      4.24574     
 35.30000      3.34323     
 35.31000      2.73840     
 35.32000      2.30051     
 35.33000      1.96940     
 35.34000      1.71235     
 35.35000      1.50899     
 35.36000      1.34604     
 35.37000      1.21467     
 35.38000      1.10895     
 35.39000      1.02559     
 35.40000      0.96404     
 35.41000      0.92881     
 35.42000      0.93337     
 35.43000      1.00246     
 35.44000      1.16318     
 35.45000      1.41316     
 35.46000      1.64020     
 35.47000      1.60357     
 35.48000      1.31254     
 35.49000      1.00892     
 35.50000      0.80071     
 35.51000      0.69473     
 35.52000      0.67546     
 35.53000      0.73019     
 35.54000      0.83872     
 35.55000      0.92827     
 35.56000      0.87903     
 35.57000      0.71842     
 35.58000      0.56203     
 35.59000      0.45160     
 35.60000      0.38298     
 35.61000      0.34132     
 35.62000      0.31424     
 35.63000      0.29465     
 35.64000      0.27937     
 35.65000      0.26695     
 35.66000      0.25670     
 35.67000      0.24819     
 35.68000      0.24117     
 35.69000      0.23556     
 35.70000      0.23122     
 35.71000      0.22823     
 35.72000      0.22669     
 35.73000      0.22682     
 35.74000      0.22904     
 35.75000      0.23385     
 35.76000      0.24227     
 35.77000      0.25612     
 35.78000      0.27928     
 35.79000      0.32075     
 35.80000      0.39919     
 35.81000      0.54439     
 35.82000      0.78486     
 35.83000      1.10829     
 35.84000      1.36798     
 35.85000      1.31210     
 35.86000      1.01104     
 35.87000      0.71926     
 35.88000      0.53196     
 35.89000      0.45034     
 35.90000      0.45759     
 35.91000      0.54104     
 35.92000      0.67847     
 35.93000      0.78804     
 35.94000      0.74308     
 35.95000      0.58120     
 35.96000      0.42558     
 35.97000      0.31889     
 35.98000      0.25625     
 35.99000      0.22179     
 36.00000      0.20233     
 36.01000      0.19043     
 36.02000      0.18267     
 36.03000      0.17756     
 36.04000      0.17433     
 36.05000      0.17258     
 36.06000      0.17202     
 36.07000      0.17252     
 36.08000      0.17398     
 36.09000      0.17635     
 36.10000      0.17964     
 36.11000      0.18387     
 36.12000      0.18917     
 36.13000      0.19555     
 36.14000      0.20319     
 36.15000      0.21229     
 36.16000      0.22309     
 36.17000      0.23594     
 36.18000      0.25126     
 36.19000      0.26963     
 36.20000      0.29184     
 36.21000      0.31898     
 36.22000      0.35255     
 36.23000      0.39473     
 36.24000      0.44877     
 36.25000      0.51967     
 36.26000      0.61623     
 36.27000      0.75637     
 36.28000      0.98068     
 36.29000      1.37545     
 36.30000      2.08665     
 36.31000      3.27688     
 36.32000      4.96156     
 36.33000      6.58744     
 36.34000      6.80341     
 36.35000      5.42988     
 36.36000      3.83322     
 36.37000      2.74187     
 36.38000      2.24255     
 36.39000      2.26384     
 36.40000      2.76270     
 36.41000      3.72974     
 36.42000      5.01201     
 36.43000      6.10810     
 36.44000      6.91563     
 36.45000      7.84898     
 36.46000      8.20197     
 36.47000      6.93529     
 36.48000      4.94997     
 36.49000      3.35507     
 36.50000      2.40579     
 36.51000      2.02901     
 36.52000      2.12427     
 36.53000      2.62496     
 36.54000      3.38439     
 36.55000      3.89019     
 36.56000      3.50782     
 36.57000      2.58039     
 36.58000      1.74041     
 36.59000      1.17254     
 36.60000      0.83736     
 36.61000      0.64835     
 36.62000      0.53679     
 36.63000      0.46438     
 36.64000      0.41344     
 36.65000      0.37596     
 36.66000      0.34782     
 36.67000      0.32647     
 36.68000      0.31048     
 36.69000      0.29870     
 36.70000      0.29039     
 36.71000      0.28506     
 36.72000      0.28239     
 36.73000      0.28218     
 36.74000      0.28435     
 36.75000      0.28891     
 36.76000      0.29593     
 36.77000      0.30568     
 36.78000      0.31845     
 36.79000      0.33472     
 36.80000      0.35512     
 36.81000      0.38059     
 36.82000      0.41241     
 36.83000      0.45238     
 36.84000      0.50314     
 36.85000      0.56860     
 36.86000      0.65488     
 36.87000      0.77261     
 36.88000      0.94344     
 36.89000      1.21587     
 36.90000      1.69216     
 36.91000      2.54487     
 36.92000      3.96864     
 36.93000      5.99494     
 36.94000      8.01039     
 36.95000      8.41296     
 36.96000      6.82055     
 36.97000      4.84222     
 36.98000      3.43344     
 36.99000      2.72895     
 37.00000      2.63776     
 37.01000      3.08322     
 37.02000      4.02177     
 37.03000      5.26859     
 37.04000      6.21637     
 37.05000      6.53532     
 37.06000      7.07915     
 37.07000      8.45826     
 37.08000     10.03500     
 37.09000     10.23697     
 37.10000      8.74617     
 37.11000      6.52001     
 37.12000      4.60026     
 37.13000      3.43737     
 37.14000      3.02311     
 37.15000      3.25892     
 37.16000      4.03258     
 37.17000      5.02543     
 37.18000      5.48813     
 37.19000      5.00686     
 37.20000      3.96770     
 37.21000      2.92922     
 37.22000      2.21914     
 37.23000      1.86809     
 37.24000      1.82352     
 37.25000      2.06928     
 37.26000      2.64621     
 37.27000      3.59843     
 37.28000      4.80000     
 37.29000      5.88574     
 37.30000      6.81423     
 37.31000      7.41924     
 37.32000      7.06872     
 37.33000      6.30393     
 37.34000      5.93973     
 37.35000      5.75849     
 37.36000      5.24527     
 37.37000      4.69393     
 37.38000      4.37983     
 37.39000      4.26976     
 37.40000      4.30539     
 37.41000      4.09004     
 37.42000      3.55503     
 37.43000      3.13089     
 37.44000      2.86990     
 37.45000      2.45058     
 37.46000      1.84886     
 37.47000      1.31477     
 37.48000      0.94013     
 37.49000      0.70337     
 37.50000      0.55809     
 37.51000      0.46510     
 37.52000      0.40055     
 37.53000      0.35237     
 37.54000      0.31471     
 37.55000      0.28444     
 37.56000      0.25963     
 37.57000      0.23899     
 37.58000      0.22161     
 37.59000      0.20683     
 37.60000      0.19415     
 37.61000      0.18321     
 37.62000      0.17372     
 37.63000      0.16546     
 37.64000      0.15827     
 37.65000      0.15196     
 37.66000      0.14651     
 37.67000      0.14179     
 37.68000      0.13774     
 37.69000      0.13431     
 37.70000      0.13146     
 37.71000      0.12916     
 37.72000      0.12742     
 37.73000      0.12622     
 37.74000      0.12559     
 37.75000      0.12554     
 37.76000      0.12613     
 37.77000      0.12740     
 37.78000      0.12946     
 37.79000      0.13241     
 37.80000      0.13642     
 37.81000      0.14170     
 37.82000      0.14854     
 37.83000      0.15734     
 37.84000      0.16866     
 37.85000      0.18328     
 37.86000      0.20236     
 37.87000      0.22765     
 37.88000      0.26197     
 37.89000      0.31051     
 37.90000      0.38428     
 37.91000      0.50752     
 37.92000      0.72765     
 37.93000      1.11563     
 37.94000      1.73550     
 37.95000      2.55211     
 37.96000      3.21619     
 37.97000      3.12271     
 37.98000      2.39267     
 37.99000      1.64174     
 38.00000      1.12984     
 38.01000      0.87092     
 38.02000      0.82338     
 38.03000      0.95735     
 38.04000      1.24953     
 38.05000      1.60780     
 38.06000      1.75786     
 38.07000      1.50060     
 38.08000      1.07586     
 38.09000      0.72085     
 38.10000      0.48636     
 38.11000      0.34826     
 38.12000      0.26948     
 38.13000      0.22217     
 38.14000      0.19095     
 38.15000      0.16873     
 38.16000      0.15214     
 38.17000      0.13937     
 38.18000      0.12947     
 38.19000      0.12168     
 38.20000      0.11553     
 38.21000      0.11063     
 38.22000      0.10685     
 38.23000      0.10395     
 38.24000      0.10183     
 38.25000      0.10039     
 38.26000      0.09956     
 38.27000      0.09933     
 38.28000      0.09967     
 38.29000      0.10057     
 38.30000      0.10206     
 38.31000      0.10413     
 38.32000      0.10688     
 38.33000      0.11044     
 38.34000      0.11486     
 38.35000      0.12030     
 38.36000      0.12690     
 38.37000      0.13502     
 38.38000      0.14494     
 38.39000      0.15715     
 38.40000      0.17233     
 38.41000      0.19134     
 38.42000      0.21555     
 38.43000      0.24694     
 38.44000      0.28869     
 38.45000      0.34645     
 38.46000      0.43190     
 38.47000      0.57068     
 38.48000      0.81401     
 38.49000      1.24257     
 38.50000      1.93975     
 38.51000      2.90227     
 38.52000      3.81494     
 38.53000      3.94307     
 38.54000      3.16482     
 38.55000      2.21304     
 38.56000      1.51309     
 38.57000      1.12427     
 38.58000      1.00089     
 38.59000      1.10083     
 38.60000      1.40151     
 38.61000      1.84055     
 38.62000      2.17397     
 38.63000      2.04738     
 38.64000      1.57212     
 38.65000      1.10359     
 38.66000      0.77701     
 38.67000      0.58734     
 38.68000      0.49375     
 38.69000      0.46029     
 38.70000      0.46929     
 38.71000      0.52300     
 38.72000      0.64592     
 38.73000      0.88771     
 38.74000      1.31239     
 38.75000      1.95353     
 38.76000      2.69328     
 38.77000      3.07134     
 38.78000      2.69649     
 38.79000      1.96746     
 38.80000      1.34617     
 38.81000      0.95631     
 38.82000      0.77987     
 38.83000      0.77941     
 38.84000      0.93431     
 38.85000      1.22146     
 38.86000      1.53519     
 38.87000      1.60949     
 38.88000      1.32940     
 38.89000      0.94249     
 38.90000      0.63266     
 38.91000      0.43015     
 38.92000      0.31029     
 38.93000      0.24068     
 38.94000      0.19773     
 38.95000      0.16866     
 38.96000      0.14743     
 38.97000      0.13118     
 38.98000      0.11837     
 38.99000      0.10805     
 39.00000      0.09960     
 39.01000      0.09257     
 39.02000      0.08665     
 39.03000      0.08162     
 39.04000      0.07729     
 39.05000      0.07355     
 39.06000      0.07028     
 39.07000      0.06742     
 39.08000      0.06489     
 39.09000      0.06266     
 39.10000      0.06067     
 39.11000      0.05889     
 39.12000      0.05730     
 39.13000      0.05588     
 39.14000      0.05460     
 39.15000      0.05345     
 39.16000      0.05241     
 39.17000      0.05148     
 39.18000      0.05064     
 39.19000      0.04994     
 39.20000      0.04926     
 39.21000      0.04865     
 39.22000      0.04811     
 39.23000      0.04763     
 39.24000      0.04720     
 39.25000      0.04683     
 39.26000      0.04650     
 39.27000      0.04622     
 39.28000      0.04599     
 39.29000      0.04579     
 39.30000      0.04564     
 39.31000      0.04552     
 39.32000      0.04544     
 39.33000      0.04540     
 39.34000      0.04539     
 39.35000      0.04542     
 39.36000      0.04548     
 39.37000      0.04557     
 39.38000      0.04570     
 39.39000      0.04586     
 39.40000      0.04605     
 39.41000      0.04628     
 39.42000      0.04654     
 39.43000      0.04688     
 39.44000      0.04721     
 39.45000      0.04758     
 39.46000      0.04799     
 39.47000      0.04844     
 39.48000      0.04893     
 39.49000      0.04947     
 39.50000      0.05005     
 39.51000      0.05068     
 39.52000      0.05136     
 39.53000      0.05210     
 39.54000      0.05291     
 39.55000      0.05377     
 39.56000      0.05471     
 39.57000      0.05572     
 39.58000      0.05682     
 39.59000      0.05801     
 39.60000      0.05930     
 39.61000      0.06070     
 39.62000      0.06223     
 39.63000      0.06390     
 39.64000      0.06573     
 39.65000      0.06765     
 39.66000      0.06987     
 39.67000      0.07231     
 39.68000      0.07502     
 39.69000      0.07804     
 39.70000      0.08147     
 39.71000      0.08532     
 39.72000      0.08964     
 39.73000      0.09457     
 39.74000      0.10024     
 39.75000      0.10684     
 39.76000      0.11453     
 39.77000      0.12362     
 39.78000      0.13449     
 39.79000      0.14766     
 39.80000      0.16388     
 39.81000      0.18417     
 39.82000      0.21012     
 39.83000      0.24417     
 39.84000      0.29065     
 39.85000      0.35839     
 39.86000      0.46614     
 39.87000      0.65111     
 39.88000      0.97244     
 39.89000      1.49464     
 39.90000      2.23040     
 39.91000      2.99203     
 39.92000      3.24618     
 39.93000      2.73776     
 39.94000      1.97120     
 39.95000      1.35544     
 39.96000      0.97870     
 39.97000      0.81369     
 39.98000      0.82259     
 39.99000      0.98707     
 40.00000      1.28835     
 40.01000      1.63144     
 40.02000      1.75538     
 40.03000      1.50022     
 40.04000      1.09516     
 40.05000      0.75412     
 40.06000      0.52492     
 40.07000      0.38723     
 40.08000      0.30786     
 40.09000      0.26059     
 40.10000      0.23019     
 40.11000      0.20924     
 40.12000      0.19419     
 40.13000      0.18321     
 40.14000      0.17518     
 40.15000      0.16946     
 40.16000      0.16551     
 40.17000      0.16302     
 40.18000      0.16173     
 40.19000      0.16143     
 40.20000      0.16209     
 40.21000      0.16359     
 40.22000      0.16586     
 40.23000      0.16888     
 40.24000      0.17265     
 40.25000      0.17720     
 40.26000      0.18248     
 40.27000      0.18858     
 40.28000      0.19553     
 40.29000      0.20344     
 40.30000      0.21237     
 40.31000      0.22247     
 40.32000      0.23386     
 40.33000      0.24675     
 40.34000      0.26135     
 40.35000      0.27794     
 40.36000      0.29692     
 40.37000      0.31864     
 40.38000      0.34370     
 40.39000      0.37282     
 40.40000      0.40694     
 40.41000      0.44729     
 40.42000      0.49542     
 40.43000      0.55377     
 40.44000      0.62537     
 40.45000      0.71470     
 40.46000      0.82835     
 40.47000      0.97666     
 40.48000      1.17756     
 40.49000      1.46692     
 40.50000      1.92084     
 40.51000      2.68959     
 40.52000      4.01557     
 40.53000      6.17440     
 40.54000      9.26089     
 40.55000     12.62496     
 40.56000     14.14192     
 40.57000     12.32937     
 40.58000      9.05662     
 40.59000      6.27278     
 40.60000      4.49679     
 40.61000      3.64878     
 40.62000      3.55945     
 40.63000      4.13836     
 40.64000      5.33572     
 40.65000      6.89877     
 40.66000      7.92704     
 40.67000      7.38161     
 40.68000      5.82585     
 40.69000      4.38321     
 40.70000      3.47501     
 40.71000      3.14140     
 40.72000      3.37577     
 40.73000      4.25284     
 40.74000      5.90781     
 40.75000      8.34111     
 40.76000     10.91264     
 40.77000     11.82893     
 40.78000     10.13341     
 40.79000      7.46818     
 40.80000      5.28020     
 40.81000      3.91416     
 40.82000      3.29042     
 40.83000      3.27855     
 40.84000      3.81807     
 40.85000      4.88243     
 40.86000      6.28553     
 40.87000      7.34623     
 40.88000      7.36855     
 40.89000      6.98048     
 40.90000      7.13875     
 40.91000      7.94716     
 40.92000      8.49826     
 40.93000      7.64745     
 40.94000      5.86363     
 40.95000      4.21703     
 40.96000      3.09144     
 40.97000      2.47700     
 40.98000      2.28002     
 40.99000      2.43781     
 41.00000      2.92676     
 41.01000      3.67878     
 41.02000      4.37919     
 41.03000      4.43531     
 41.04000      3.81413     
 41.05000      3.12175     
 41.06000      2.73957     
 41.07000      2.80586     
 41.08000      3.40924     
 41.09000      4.62129     
 41.10000      6.36988     
 41.11000      8.05467     
 41.12000      8.35508     
 41.13000      6.94480     
 41.14000      5.09438     
 41.15000      3.65876     
 41.16000      2.79906     
 41.17000      2.44441     
 41.18000      2.51191     
 41.19000      2.97421     
 41.20000      3.82783     
 41.21000      4.95436     
 41.22000      5.89852     
 41.23000      6.27355     
 41.24000      6.57029     
 41.25000      7.24151     
 41.26000      7.75590     
 41.27000      7.07958     
 41.28000      5.45816     
 41.29000      3.88545     
 41.30000      2.77421     
 41.31000      2.13446     
 41.32000      1.87950     
 41.33000      1.94392     
 41.34000      2.30302     
 41.35000      2.91363     
 41.36000      3.55470     
 41.37000      3.70463     
 41.38000      3.15105     
 41.39000      2.37643     
 41.40000      1.76731     
 41.41000      1.41854     
 41.42000      1.31268     
 41.43000      1.39901     
 41.44000      1.58741     
 41.45000      1.68809     
 41.46000      1.52545     
 41.47000      1.20930     
 41.48000      0.92083     
 41.49000      0.72076     
 41.50000      0.60639     
 41.51000      0.56182     
 41.52000      0.57647     
 41.53000      0.64648     
 41.54000      0.76096     
 41.55000      0.86927     
 41.56000      0.87056     
 41.57000      0.74711     
 41.58000      0.59515     
 41.59000      0.47502     
 41.60000      0.39596     
 41.61000      0.34899     
 41.62000      0.32266     
 41.63000      0.30828     
 41.64000      0.30091     
 41.65000      0.29816     
 41.66000      0.29895     
 41.67000      0.30281     
 41.68000      0.30953     
 41.69000      0.31915     
 41.70000      0.33177     
 41.71000      0.34779     
 41.72000      0.36763     
 41.73000      0.39197     
 41.74000      0.42170     
 41.75000      0.45807     
 41.76000      0.50272     
 41.77000      0.55803     
 41.78000      0.62733     
 41.79000      0.71534     
 41.80000      0.82903     
 41.81000      0.97977     
 41.82000      1.18794     
 41.83000      1.49481     
 41.84000      1.98570     
 41.85000      2.81936     
 41.86000      4.23195     
 41.87000      6.46173     
 41.88000      9.51893     
 41.89000     12.60296     
 41.90000     13.61228     
 41.91000     11.57315     
 41.92000      8.42526     
 41.93000      5.81608     
 41.94000      4.14159     
 41.95000      3.30895     
 41.96000      3.15837     
 41.97000      3.60655     
 41.98000      4.62231     
 41.99000      6.04268     
 42.00000      7.18614     
 42.01000      6.97110     
 42.02000      5.51901     
 42.03000      3.91098     
 42.04000      2.68599     
 42.05000      1.89263     
 42.06000      1.42361     
 42.07000      1.15683     
 42.08000      1.00518     
 42.09000      0.92144     
 42.10000      0.88483     
 42.11000      0.89027     
 42.12000      0.94493     
 42.13000      1.07347     
 42.14000      1.32775     
 42.15000      1.79084     
 42.16000      2.55518     
 42.17000      3.65057     
 42.18000      4.85658     
 42.19000      5.44982     
 42.20000      4.85789     
 42.21000      3.66592     
 42.22000      2.59790     
 42.23000      1.87827     
 42.24000      1.49232     
 42.25000      1.37791     
 42.26000      1.49616     
 42.27000      1.83597     
 42.28000      2.36236     
 42.29000      2.88970     
 42.30000      3.01285     
 42.31000      2.61313     
 42.32000      2.09232     
 42.33000      1.75816     
 42.34000      1.68525     
 42.35000      1.81644     
 42.36000      1.95533     
 42.37000      1.83674     
 42.38000      1.48178     
 42.39000      1.11420     
 42.40000      0.84245     
 42.41000      0.67660     
 42.42000      0.59881     
 42.43000      0.59327     
 42.44000      0.65370     
 42.45000      0.77551     
 42.46000      0.92965     
 42.47000      1.02193     
 42.48000      0.95610     
 42.49000      0.79453     
 42.50000      0.64859     
 42.51000      0.56378     
 42.52000      0.55041     
 42.53000      0.61210     
 42.54000      0.75036     
 42.55000      0.94915     
 42.56000      1.12985     
 42.57000      1.14380     
 42.58000      0.97186     
 42.59000      0.75765     
 42.60000      0.59141     
 42.61000      0.48959     
 42.62000      0.44359     
 42.63000      0.44306     
 42.64000      0.48345     
 42.65000      0.56305     
 42.66000      0.67025     
 42.67000      0.75783     
 42.68000      0.75481     
 42.69000      0.67299     
 42.70000      0.58507     
 42.71000      0.52747     
 42.72000      0.50514     
 42.73000      0.51411     
 42.74000      0.55171     
 42.75000      0.62032     
 42.76000      0.72605     
 42.77000      0.87225     
 42.78000      1.04368     
 42.79000      1.18447     
 42.80000      1.24764     
 42.81000      1.28652     
 42.82000      1.37904     
 42.83000      1.57232     
 42.84000      1.91708     
 42.85000      2.51191     
 42.86000      3.54230     
 42.87000      5.28361     
 42.88000      8.00986     
 42.89000     11.72361     
 42.90000     15.48722     
 42.91000     16.84840     
 42.92000     14.51757     
 42.93000     10.67920     
 42.94000      7.39370     
 42.95000      5.21493     
 42.96000      4.05576     
 42.97000      3.71740     
 42.98000      4.08282     
 42.99000      5.12093     
 43.00000      6.72824     
 43.01000      8.34715     
 43.02000      8.71576     
 43.03000      7.32899     
 43.04000      5.32289     
 43.05000      3.62798     
 43.06000      2.45577     
 43.07000      1.72241     
 43.08000      1.28059     
 43.09000      1.00714     
 43.10000      0.82536     
 43.11000      0.69513     
 43.12000      0.59670     
 43.13000      0.51976     
 43.14000      0.45822     
 43.15000      0.40813     
 43.16000      0.36676     
 43.17000      0.33216     
 43.18000      0.30294     
 43.19000      0.27797     
 43.20000      0.25648     
 43.21000      0.23787     
 43.22000      0.22164     
 43.23000      0.20742     
 43.24000      0.19491     
 43.25000      0.18391     
 43.26000      0.17415     
 43.27000      0.16552     
 43.28000      0.15790     
 43.29000      0.15119     
 43.30000      0.14533     
 43.31000      0.14025     
 43.32000      0.13604     
 43.33000      0.13250     
 43.34000      0.12976     
 43.35000      0.12791     
 43.36000      0.12700     
 43.37000      0.12725     
 43.38000      0.12897     
 43.39000      0.13266     
 43.40000      0.13931     
 43.41000      0.15092     
 43.42000      0.17147     
 43.43000      0.20797     
 43.44000      0.27013     
 43.45000      0.36670     
 43.46000      0.49534     
 43.47000      0.61797     
 43.48000      0.64804     
 43.49000      0.55600     
 43.50000      0.42270     
 43.51000      0.31197     
 43.52000      0.23907     
 43.53000      0.20022     
 43.54000      0.18876     
 43.55000      0.20105     
 43.56000      0.23619     
 43.57000      0.29088     
 43.58000      0.34658     
 43.59000      0.36054     
 43.60000      0.31358     
 43.61000      0.24335     
 43.62000      0.18289     
 43.63000      0.14038     
 43.64000      0.11330     
 43.65000      0.09667     
 43.66000      0.08612     
 43.67000      0.07903     
 43.68000      0.07385     
 43.69000      0.06987     
 43.70000      0.06671     
 43.71000      0.06413     
 43.72000      0.06199     
 43.73000      0.06021     
 43.74000      0.05870     
 43.75000      0.05742     
 43.76000      0.05633     
 43.77000      0.05539     
 43.78000      0.05460     
 43.79000      0.05393     
 43.80000      0.05337     
 43.81000      0.05292     
 43.82000      0.05255     
 43.83000      0.05228     
 43.84000      0.05208     
 43.85000      0.05197     
 43.86000      0.05194     
 43.87000      0.05199     
 43.88000      0.05209     
 43.89000      0.05231     
 43.90000      0.05263     
 43.91000      0.05304     
 43.92000      0.05356     
 43.93000      0.05415     
 43.94000      0.05492     
 43.95000      0.05582     
 43.96000      0.05689     
 43.97000      0.05815     
 43.98000      0.05963     
 43.99000      0.06136     
 44.00000      0.06341     
 44.01000      0.06578     
 44.02000      0.06864     
 44.03000      0.07206     
 44.04000      0.07620     
 44.05000      0.08124     
 44.06000      0.08746     
 44.07000      0.09523     
 44.08000      0.10522     
 44.09000      0.11836     
 44.10000      0.13638     
 44.11000      0.16279     
 44.12000      0.20446     
 44.13000      0.27358     
 44.14000      0.38740     
 44.15000      0.56265     
 44.16000      0.79959     
 44.17000      1.04207     
 44.18000      1.14013     
 44.19000      1.00459     
 44.20000      0.76258     
 44.21000      0.54803     
 44.22000      0.40133     
 44.23000      0.31924     
 44.24000      0.28931     
 44.25000      0.30318     
 44.26000      0.35872     
 44.27000      0.45345     
 44.28000      0.56669     
 44.29000      0.63339     
 44.30000      0.58701     
 44.31000      0.46631     
 44.32000      0.34663     
 44.33000      0.25778     
 44.34000      0.20031     
 44.35000      0.16605     
 44.36000      0.14633     
 44.37000      0.13504     
 44.38000      0.12851     
 44.39000      0.12505     
 44.40000      0.12380     
 44.41000      0.12435     
 44.42000      0.12649     
 44.43000      0.13018     
 44.44000      0.13544     
 44.45000      0.14243     
 44.46000      0.15141     
 44.47000      0.16273     
 44.48000      0.17712     
 44.49000      0.19531     
 44.50000      0.21866     
 44.51000      0.24923     
 44.52000      0.29081     
 44.53000      0.35078     
 44.54000      0.44371     
 44.55000      0.59541     
 44.56000      0.84305     
 44.57000      1.22435     
 44.58000      1.74599     
 44.59000      2.30385     
 44.60000      2.58748     
 44.61000      2.35905     
 44.62000      1.85939     
 44.63000      1.40860     
 44.64000      1.12637     
 44.65000      1.03085     
 44.66000      1.12088     
 44.67000      1.40050     
 44.68000      1.86303     
 44.69000      2.42087     
 44.70000      2.81868     
 44.71000      2.80291     
 44.72000      2.39226     
 44.73000      1.81699     
 44.74000      1.31251     
 44.75000      0.96501     
 44.76000      0.76736     
 44.77000      0.69101     
 44.78000      0.71286     
 44.79000      0.81538     
 44.80000      0.96479     
 44.81000      1.06941     
 44.82000      1.01573     
 44.83000      0.83481     
 44.84000      0.64298     
 44.85000      0.49597     
 44.86000      0.39919     
 44.87000      0.34144     
 44.88000      0.30942     
 44.89000      0.29305     
 44.90000      0.28635     
 44.91000      0.28645     
 44.92000      0.29206     
 44.93000      0.30276     
 44.94000      0.31861     
 44.95000      0.34022     
 44.96000      0.36845     
 44.97000      0.40473     
 44.98000      0.45117     
 44.99000      0.51087     
 45.00000      0.58852     
 45.01000      0.69178     
 45.02000      0.83438     
 45.03000      1.04332     
 45.04000      1.37178     
 45.05000      1.91347     
 45.06000      2.80298     
 45.07000      4.17752     
 45.08000      6.06505     
 45.09000      8.10221     
 45.10000      9.17400     
 45.11000      8.34195     
 45.12000      6.40198     
 45.13000      4.54218     
 45.14000      3.20515     
 45.15000      2.40552     
 45.16000      2.04570     
 45.17000      2.04491     
 45.18000      2.37567     
 45.19000      3.03307     
 45.20000      3.93452     
 45.21000      4.71569     
 45.22000      4.73491     
 45.23000      3.91094     
 45.24000      2.85669     
 45.25000      1.98419     
 45.26000      1.37725     
 45.27000      0.99142     
 45.28000      0.75476     
 45.29000      0.60665     
 45.30000      0.50814     
 45.31000      0.43814     
 45.32000      0.38599     
 45.33000      0.34606     
 45.34000      0.31511     
 45.35000      0.29107     
 45.36000      0.27257     
 45.37000      0.25867     
 45.38000      0.24890     
 45.39000      0.24295     
 45.40000      0.24082     
 45.41000      0.24278     
 45.42000      0.24953     
 45.43000      0.26237     
 45.44000      0.28406     
 45.45000      0.32000     
 45.46000      0.38088     
 45.47000      0.48496     
 45.48000      0.65725     
 45.49000      0.92100     
 45.50000      1.27452     
 45.51000      1.63413     
 45.52000      1.78293     
 45.53000      1.58728     
 45.54000      1.22393     
 45.55000      0.89280     
 45.56000      0.65955     
 45.57000      0.52229     
 45.58000      0.46290     
 45.59000      0.46762     
 45.60000      0.53227     
 45.61000      0.65625     
 45.62000      0.82364     
 45.63000      0.96666     
 45.64000      0.96979     
 45.65000      0.82211     
 45.66000      0.63497     
 45.67000      0.48254     
 45.68000      0.38032     
 45.69000      0.32116     
 45.70000      0.29349     
 45.71000      0.28892     
 45.72000      0.30547     
 45.73000      0.34876     
 45.74000      0.43178     
 45.75000      0.57184     
 45.76000      0.78107     
 45.77000      1.04336     
 45.78000      1.26496     
 45.79000      1.28222     
 45.80000      1.07931     
 45.81000      0.81637     
 45.82000      0.60125     
 45.83000      0.45803     
 45.84000      0.37889     
 45.85000      0.35092     
 45.86000      0.36653     
 45.87000      0.42443     
 45.88000      0.52286     
 45.89000      0.64332     
 45.90000      0.72384     
 45.91000      0.69008     
 45.92000      0.56672     
 45.93000      0.43386     
 45.94000      0.33024     
 45.95000      0.26033     
 45.96000      0.21687     
 45.97000      0.19069     
 45.98000      0.17475     
 45.99000      0.16461     
 46.00000      0.15794     
 46.01000      0.15360     
 46.02000      0.15092     
 46.03000      0.14952     
 46.04000      0.14916     
 46.05000      0.14974     
 46.06000      0.15102     
 46.07000      0.15301     
 46.08000      0.15567     
 46.09000      0.15900     
 46.10000      0.16293     
 46.11000      0.16746     
 46.12000      0.17266     
 46.13000      0.17857     
 46.14000      0.18524     
 46.15000      0.19274     
 46.16000      0.20117     
 46.17000      0.21063     
 46.18000      0.22127     
 46.19000      0.23330     
 46.20000      0.24687     
 46.21000      0.26229     
 46.22000      0.28005     
 46.23000      0.30069     
 46.24000      0.32513     
 46.25000      0.35480     
 46.26000      0.39175     
 46.27000      0.43858     
 46.28000      0.49720     
 46.29000      0.56731     
 46.30000      0.64233     
 46.31000      0.71442     
 46.32000      0.79537     
 46.33000      0.91458     
 46.34000      1.10108     
 46.35000      1.37834     
 46.36000      1.75361     
 46.37000      2.18264     
 46.38000      2.52553     
 46.39000      2.67529     
 46.40000      2.78058     
 46.41000      3.09425     
 46.42000      3.83030     
 46.43000      5.20331     
 46.44000      7.42243     
 46.45000     10.53733     
 46.46000     14.01389     
 46.47000     16.13662     
 46.48000     15.20626     
 46.49000     12.19010     
 46.50000      9.02320     
 46.51000      6.53122     
 46.52000      4.86642     
 46.53000      3.95888     
 46.54000      3.68726     
 46.55000      3.98443     
 46.56000      4.83983     
 46.57000      6.19955     
 46.58000      7.72365     
 46.59000      8.49961     
 46.60000      7.75365     
 46.61000      6.07370     
 46.62000      4.42070     
 46.63000      3.17819     
 46.64000      2.36363     
 46.65000      1.88134     
 46.66000      1.62937     
 46.67000      1.54266     
 46.68000      1.60459     
 46.69000      1.83853     
 46.70000      2.28515     
 46.71000      2.96031     
 46.72000      3.76215     
 46.73000      4.31638     
 46.74000      4.15495     
 46.75000      3.40718     
 46.76000      2.57830     
 46.77000      1.93249     
 46.78000      1.51321     
 46.79000      1.28932     
 46.80000      1.22285     
 46.81000      1.29479     
 46.82000      1.50643     
 46.83000      1.85955     
 46.84000      2.30848     
 46.85000      2.68086     
 46.86000      2.76323     
 46.87000      2.62814     
 46.88000      2.49072     
 46.89000      2.35503     
 46.90000      2.08417     
 46.91000      1.70068     
 46.92000      1.34562     
 46.93000      1.08540     
 46.94000      0.92069     
 46.95000      0.83355     
 46.96000      0.80730     
 46.97000      0.83326     
 46.98000      0.91005     
 46.99000      1.03639     
 47.00000      1.19499     
 47.01000      1.32596     
 47.02000      1.35180     
 47.03000      1.29076     
 47.04000      1.22895     
 47.05000      1.21644     
 47.06000      1.26751     
 47.07000      1.38611     
 47.08000      1.58036     
 47.09000      1.87410     
 47.10000      2.32366     
 47.11000      3.04108     
 47.12000      4.21427     
 47.13000      6.09489     
 47.14000      8.91439     
 47.15000     12.66267     
 47.16000     16.54821     
 47.17000     18.44267     
 47.18000     16.75149     
 47.19000     12.99731     
 47.20000      9.35368     
 47.21000      6.66655     
 47.22000      4.98790     
 47.23000      4.14199     
 47.24000      3.96451     
 47.25000      4.38596     
 47.26000      5.40843     
 47.27000      6.98690     
 47.28000      8.76224     
 47.29000      9.73131     
 47.30000      8.96623     
 47.31000      7.04736     
 47.32000      5.08899     
 47.33000      3.57458     
 47.34000      2.54431     
 47.35000      1.89175     
 47.36000      1.48949     
 47.37000      1.23723     
 47.38000      1.07001     
 47.39000      0.94760     
 47.40000      0.84757     
 47.41000      0.76469     
 47.42000      0.69982     
 47.43000      0.65209     
 47.44000      0.61963     
 47.45000      0.60090     
 47.46000      0.59514     
 47.47000      0.60285     
 47.48000      0.62598     
 47.49000      0.66856     
 47.50000      0.73794     
 47.51000      0.84803     
 47.52000      1.02618     
 47.53000      1.32075     
 47.54000      1.79201     
 47.55000      2.48277     
 47.56000      3.35408     
 47.57000      4.14365     
 47.58000      4.33985     
 47.59000      3.77550     
 47.60000      2.90821     
 47.61000      2.14491     
 47.62000      1.60932     
 47.63000      1.29283     
 47.64000      1.15563     
 47.65000      1.16773     
 47.66000      1.32055     
 47.67000      1.61564     
 47.68000      2.02976     
 47.69000      2.44556     
 47.70000      2.61328     
 47.71000      2.38696     
 47.72000      1.95800     
 47.73000      1.56547     
 47.74000      1.30194     
 47.75000      1.17837     
 47.76000      1.18895     
 47.77000      1.34324     
 47.78000      1.68035     
 47.79000      2.26369     
 47.80000      3.14827     
 47.81000      4.30247     
 47.82000      5.43703     
 47.83000      5.88633     
 47.84000      5.25662     
 47.85000      4.07192     
 47.86000      2.95790     
 47.87000      2.14179     
 47.88000      1.63021     
 47.89000      1.36835     
 47.90000      1.30666     
 47.91000      1.42436     
 47.92000      1.72257     
 47.93000      2.19082     
 47.94000      2.73237     
 47.95000      3.06173     
 47.96000      2.87677     
 47.97000      2.30717     
 47.98000      1.69534     
 47.99000      1.20898     
 48.00000      0.87066     
 48.01000      0.65135     
 48.02000      0.51257     
 48.03000      0.42249     
 48.04000      0.36052     
 48.05000      0.31510     
 48.06000      0.28022     
 48.07000      0.25255     
 48.08000      0.23012     
 48.09000      0.21166     
 48.10000      0.19626     
 48.11000      0.18323     
 48.12000      0.17219     
 48.13000      0.16272     
 48.14000      0.15461     
 48.15000      0.14753     
 48.16000      0.14137     
 48.17000      0.13599     
 48.18000      0.13129     
 48.19000      0.12713     
 48.20000      0.12354     
 48.21000      0.12042     
 48.22000      0.11772     
 48.23000      0.11540     
 48.24000      0.11342     
 48.25000      0.11177     
 48.26000      0.11045     
 48.27000      0.10938     
 48.28000      0.10858     
 48.29000      0.10805     
 48.30000      0.10777     
 48.31000      0.10775     
 48.32000      0.10797     
 48.33000      0.10845     
 48.34000      0.10918     
 48.35000      0.11018     
 48.36000      0.11145     
 48.37000      0.11301     
 48.38000      0.11487     
 48.39000      0.11705     
 48.40000      0.11958     
 48.41000      0.12248     
 48.42000      0.12579     
 48.43000      0.12954     
 48.44000      0.13379     
 48.45000      0.13858     
 48.46000      0.14399     
 48.47000      0.15009     
 48.48000      0.15698     
 48.49000      0.16476     
 48.50000      0.17357     
 48.51000      0.18351     
 48.52000      0.19491     
 48.53000      0.20796     
 48.54000      0.22296     
 48.55000      0.24033     
 48.56000      0.26051     
 48.57000      0.28416     
 48.58000      0.31213     
 48.59000      0.34555     
 48.60000      0.38604     
 48.61000      0.43599     
 48.62000      0.49922     
 48.63000      0.58178     
 48.64000      0.69281     
 48.65000      0.84509     
 48.66000      1.05473     
 48.67000      1.33956     
 48.68000      1.71341     
 48.69000      2.18333     
 48.70000      2.80463     
 48.71000      3.73768     
 48.72000      5.14074     
 48.73000      6.99649     
 48.74000      8.84834     
 48.75000      9.62221     
 48.76000      8.66238     
 48.77000      6.77922     
 48.78000      4.99017     
 48.79000      3.68569     
 48.80000      2.88625     
 48.81000      2.49070     
 48.82000      2.38960     
 48.83000      2.54636     
 48.84000      3.00175     
 48.85000      3.79004     
 48.86000      4.82824     
 48.87000      5.74525     
 48.88000      5.95048     
 48.89000      5.31157     
 48.90000      4.23435     
 48.91000      3.13134     
 48.92000      2.24085     
 48.93000      1.61437     
 48.94000      1.20701     
 48.95000      0.95432     
 48.96000      0.80468     
 48.97000      0.72704     
 48.98000      0.70720     
 48.99000      0.73916     
 49.00000      0.81274     
 49.01000      0.89275     
 49.02000      0.90617     
 49.03000      0.81067     
 49.04000      0.65903     
 49.05000      0.51583     
 49.06000      0.40494     
 49.07000      0.32650     
 49.08000      0.27316     
 49.09000      0.23669     
 49.10000      0.21073     
 49.11000      0.19120     
 49.12000      0.17580     
 49.13000      0.16327     
 49.14000      0.15288     
 49.15000      0.14415     
 49.16000      0.13684     
 49.17000      0.13071     
 49.18000      0.12558     
 49.19000      0.12136     
 49.20000      0.11797     
 49.21000      0.11538     
 49.22000      0.11355     
 49.23000      0.11252     
 49.24000      0.11234     
 49.25000      0.11306     
 49.26000      0.11482     
 49.27000      0.11781     
 49.28000      0.12230     
 49.29000      0.12872     
 49.30000      0.13765     
 49.31000      0.15015     
 49.32000      0.16810     
 49.33000      0.19491     
 49.34000      0.23655     
 49.35000      0.30224     
 49.36000      0.40375     
 49.37000      0.55236     
 49.38000      0.74863     
 49.39000      0.95967     
 49.40000      1.10819     
 49.41000      1.14979     
 49.42000      1.10882     
 49.43000      0.98551     
 49.44000      0.79669     
 49.45000      0.60990     
 49.46000      0.46938     
 49.47000      0.38348     
 49.48000      0.34765     
 49.49000      0.35636     
 49.50000      0.40501     
 49.51000      0.48480     
 49.52000      0.56991     
 49.53000      0.61875     
 49.54000      0.61823     
 49.55000      0.58020     
 49.56000      0.50142     
 49.57000      0.39672     
 49.58000      0.29892     
 49.59000      0.22384     
 49.60000      0.17143     
 49.61000      0.13650     
 49.62000      0.11334     
 49.63000      0.09761     
 49.64000      0.08636     
 49.65000      0.07789     
 49.66000      0.07128     
 49.67000      0.06592     
 49.68000      0.06150     
 49.69000      0.05781     
 49.70000      0.05469     
 49.71000      0.05203     
 49.72000      0.04975     
 49.73000      0.04776     
 49.74000      0.04604     
 49.75000      0.04452     
 49.76000      0.04323     
 49.77000      0.04207     
 49.78000      0.04105     
 49.79000      0.04016     
 49.80000      0.03937     
 49.81000      0.03873     
 49.82000      0.03814     
 49.83000      0.03764     
 49.84000      0.03726     
 49.85000      0.03695     
 49.86000      0.03672     
 49.87000      0.03656     
 49.88000      0.03644     
 49.89000      0.03646     
 49.90000      0.03649     
 49.91000      0.03660     
 49.92000      0.03678     
 49.93000      0.03709     
 49.94000      0.03745     
 49.95000      0.03790     
 49.96000      0.03846     
 49.97000      0.03913     
 49.98000      0.03996     
 49.99000      0.04087     
 50.00000      0.04197     
 50.01000      0.04326     
 50.02000      0.04479     
 50.03000      0.04654     
 50.04000      0.04855     
 50.05000      0.05094     
 50.06000      0.05375     
 50.07000      0.05708     
 50.08000      0.06101     
 50.09000      0.06575     
 50.10000      0.07144     
 50.11000      0.07838     
 50.12000      0.08696     
 50.13000      0.09774     
 50.14000      0.11157     
 50.15000      0.12991     
 50.16000      0.15538     
 50.17000      0.19298     
 50.18000      0.25125     
 50.19000      0.34309     
 50.20000      0.48418     
 50.21000      0.68688     
 50.22000      0.94570     
 50.23000      1.20345     
 50.24000      1.32496     
 50.25000      1.21584     
 50.26000      0.96781     
 50.27000      0.71790     
 50.28000      0.52575     
 50.29000      0.39888     
 50.30000      0.32758     
 50.31000      0.30060     
 50.32000      0.31151     
 50.33000      0.35996     
 50.34000      0.44790     
 50.35000      0.57144     
 50.36000      0.70296     
 50.37000      0.77658     
 50.38000      0.74375     
 50.39000      0.64245     
 50.40000      0.52625     
 50.41000      0.41360     
 50.42000      0.31619     
 50.43000      0.24309     
 50.44000      0.19374     
 50.45000      0.16295     
 50.46000      0.14598     
 50.47000      0.13998     
 50.48000      0.14464     
 50.49000      0.16166     
 50.50000      0.19399     
 50.51000      0.24361     
 50.52000      0.30697     
 50.53000      0.36645     
 50.54000      0.38866     
 50.55000      0.35454     
 50.56000      0.28747     
 50.57000      0.22071     
 50.58000      0.16898     
 50.59000      0.13400     
 50.60000      0.11302     
 50.61000      0.10286     
 50.62000      0.10145     
 50.63000      0.10816     
 50.64000      0.12308     
 50.65000      0.14541     
 50.66000      0.17023     
 50.67000      0.18454     
 50.68000      0.17583     
 50.69000      0.14995     
 50.70000      0.12166     
 50.71000      0.09874     
 50.72000      0.08262     
 50.73000      0.07226     
 50.74000      0.06605     
 50.75000      0.06254     
 50.76000      0.06079     
 50.77000      0.06018     
 50.78000      0.06038     
 50.79000      0.06131     
 50.80000      0.06285     
 50.81000      0.06504     
 50.82000      0.06790     
 50.83000      0.07151     
 50.84000      0.07600     
 50.85000      0.08149     
 50.86000      0.08821     
 50.87000      0.09647     
 50.88000      0.10672     
 50.89000      0.11964     
 50.90000      0.13632     
 50.91000      0.15867     
 50.92000      0.19002     
 50.93000      0.23577     
 50.94000      0.30356     
 50.95000      0.40246     
 50.96000      0.53986     
 50.97000      0.71400     
 50.98000      0.89748     
 50.99000      1.03830     
 51.00000      1.13278     
 51.01000      1.25448     
 51.02000      1.45513     
 51.03000      1.69160     
 51.04000      1.80708     
 51.05000      1.66772     
 51.06000      1.35945     
 51.07000      1.05038     
 51.08000      0.82355     
 51.09000      0.69386     
 51.10000      0.64795     
 51.11000      0.65658     
 51.12000      0.67832     
 51.13000      0.69004     
 51.14000      0.71517     
 51.15000      0.78244     
 51.16000      0.88171     
 51.17000      0.94624     
 51.18000      0.89370     
 51.19000      0.73676     
 51.20000      0.55790     
 51.21000      0.40794     
 51.22000      0.29819     
 51.23000      0.22347     
 51.24000      0.17426     
 51.25000      0.14170     
 51.26000      0.11927     
 51.27000      0.10295     
 51.28000      0.09047     
 51.29000      0.08058     
 51.30000      0.07253     
 51.31000      0.06586     
 51.32000      0.06031     
 51.33000      0.05561     
 51.34000      0.05159     
 51.35000      0.04812     
 51.36000      0.04510     
 51.37000      0.04247     
 51.38000      0.04013     
 51.39000      0.03806     
 51.40000      0.03622     
 51.41000      0.03457     
 51.42000      0.03311     
 51.43000      0.03180     
 51.44000      0.03061     
 51.45000      0.02945     
 51.46000      0.02844     
 51.47000      0.02752     
 51.48000      0.02668     
 51.49000      0.02591     
 51.50000      0.02520     
 51.51000      0.02455     
 51.52000      0.02395     
 51.53000      0.02339     
 51.54000      0.02288     
 51.55000      0.02240     
 51.56000      0.02196     
 51.57000      0.02155     
 51.58000      0.02117     
 51.59000      0.02081     
 51.60000      0.02048     
 51.61000      0.02018     
 51.62000      0.01989     
 51.63000      0.01963     
 51.64000      0.01939     
 51.65000      0.01919     
 51.66000      0.01898     
 51.67000      0.01879     
 51.68000      0.01864     
 51.69000      0.01844     
 51.70000      0.01829     
 51.71000      0.01818     
 51.72000      0.01806     
 51.73000      0.01795     
 51.74000      0.01785     
 51.75000      0.01776     
 51.76000      0.01768     
 51.77000      0.01762     
 51.78000      0.01757     
 51.79000      0.01752     
 51.80000      0.01746     
 51.81000      0.01744     
 51.82000      0.01743     
 51.83000      0.01743     
 51.84000      0.01744     
 51.85000      0.01747     
 51.86000      0.01753     
 51.87000      0.01758     
 51.88000      0.01759     
 51.89000      0.01767     
 51.90000      0.01773     
 51.91000      0.01784     
 51.92000      0.01800     
 51.93000      0.01816     
 51.94000      0.01834     
 51.95000      0.01854     
 51.96000      0.01881     
 51.97000      0.01909     
 51.98000      0.01940     
 51.99000      0.01982     
 52.00000      0.02026     
 52.01000      0.02074     
 52.02000      0.02135     
 52.03000      0.02208     
 52.04000      0.02298     
 52.05000      0.02408     
 52.06000      0.02552     
 52.07000      0.02748     
 52.08000      0.03022     
 52.09000      0.03431     
 52.10000      0.04058     
 52.11000      0.05013     
 52.12000      0.06392     
 52.13000      0.08228     
 52.14000      0.10292     
 52.15000      0.11826     
 52.16000      0.11837     
 52.17000      0.10351     
 52.18000      0.08388     
 52.19000      0.06681     
 52.20000      0.05444     
 52.21000      0.04664     
 52.22000      0.04253     
 52.23000      0.04136     
 52.24000      0.04279     
 52.25000      0.04685     
 52.26000      0.05362     
 52.27000      0.06269     
 52.28000      0.07189     
 52.29000      0.07643     
 52.30000      0.07272     
 52.31000      0.06362     
 52.32000      0.05400     
 52.33000      0.04632     
 52.34000      0.04098     
 52.35000      0.03761     
 52.36000      0.03567     
 52.37000      0.03467     
 52.38000      0.03427     
 52.39000      0.03425     
 52.40000      0.03451     
 52.41000      0.03498     
 52.42000      0.03563     
 52.43000      0.03643     
 52.44000      0.03740     
 52.45000      0.03852     
 52.46000      0.03980     
 52.47000      0.04124     
 52.48000      0.04287     
 52.49000      0.04473     
 52.50000      0.04677     
 52.51000      0.04910     
 52.52000      0.05165     
 52.53000      0.05452     
 52.54000      0.05777     
 52.55000      0.06148     
 52.56000      0.06572     
 52.57000      0.07058     
 52.58000      0.07618     
 52.59000      0.08267     
 52.60000      0.09027     
 52.61000      0.09923     
 52.62000      0.10991     
 52.63000      0.12278     
 52.64000      0.13849     
 52.65000      0.15797     
 52.66000      0.18266     
 52.67000      0.21493     
 52.68000      0.25904     
 52.69000      0.32264     
 52.70000      0.41868     
 52.71000      0.56657     
 52.72000      0.79026     
 52.73000      1.11092     
 52.74000      1.52923     
 52.75000      1.98425     
 52.76000      2.29709     
 52.77000      2.25997     
 52.78000      1.91015     
 52.79000      1.47393     
 52.80000      1.10230     
 52.81000      0.83884     
 52.82000      0.68024     
 52.83000      0.61150     
 52.84000      0.62075     
 52.85000      0.70389     
 52.86000      0.86062     
 52.87000      1.08056     
 52.88000      1.32187     
 52.89000      1.50674     
 52.90000      1.54576     
 52.91000      1.39271     
 52.92000      1.12187     
 52.93000      0.84977     
 52.94000      0.63431     
 52.95000      0.48495     
 52.96000      0.39324     
 52.97000      0.34764     
 52.98000      0.33938     
 52.99000      0.36298     
 53.00000      0.41293     
 53.01000      0.47571     
 53.02000      0.52032     
 53.03000      0.51069     
 53.04000      0.44515     
 53.05000      0.35782     
 53.06000      0.27846     
 53.07000      0.21770     
 53.08000      0.17546     
 53.09000      0.14818     
 53.10000      0.13200     
 53.11000      0.12425     
 53.12000      0.12362     
 53.13000      0.12985     
 53.14000      0.14259     
 53.15000      0.15995     
 53.16000      0.17533     
 53.17000      0.17780     
 53.18000      0.16345     
 53.19000      0.14112     
 53.20000      0.12021     
 53.21000      0.10439     
 53.22000      0.09403     
 53.23000      0.08830     
 53.24000      0.08624     
 53.25000      0.08722     
 53.26000      0.09101     
 53.27000      0.09813     
 53.28000      0.11004     
 53.29000      0.12945     
 53.30000      0.16043     
 53.31000      0.20794     
 53.32000      0.27624     
 53.33000      0.36510     
 53.34000      0.46088     
 53.35000      0.52534     
 53.36000      0.51529     
 53.37000      0.43921     
 53.38000      0.34454     
 53.39000      0.26292     
 53.40000      0.20346     
 53.41000      0.16509     
 53.42000      0.14402     
 53.43000      0.13694     
 53.44000      0.14218     
 53.45000      0.15987     
 53.46000      0.19074     
 53.47000      0.23345     
 53.48000      0.27963     
 53.49000      0.30815     
 53.50000      0.29744     
 53.51000      0.25401     
 53.52000      0.20246     
 53.53000      0.15834     
 53.54000      0.12562     
 53.55000      0.10332     
 53.56000      0.08900     
 53.57000      0.08016     
 53.58000      0.07484     
 53.59000      0.07192     
 53.60000      0.07064     
 53.61000      0.07057     
 53.62000      0.07112     
 53.63000      0.07159     
 53.64000      0.07148     
 53.65000      0.07119     
 53.66000      0.07143     
 53.67000      0.07249     
 53.68000      0.07447     
 53.69000      0.07740     
 53.70000      0.08134     
 53.71000      0.08637     
 53.72000      0.09268     
 53.73000      0.10057     
 53.74000      0.11048     
 53.75000      0.12308     
 53.76000      0.13950     
 53.77000      0.16170     
 53.78000      0.19310     
 53.79000      0.23943     
 53.80000      0.30955     
 53.81000      0.41513     
 53.82000      0.56815     
 53.83000      0.77397     
 53.84000      1.01645     
 53.85000      1.23896     
 53.86000      1.34994     
 53.87000      1.28068     
 53.88000      1.06997     
 53.89000      0.82670     
 53.90000      0.62154     
 53.91000      0.47384     
 53.92000      0.37990     
 53.93000      0.33013     
 53.94000      0.31654     
 53.95000      0.33539     
 53.96000      0.38651     
 53.97000      0.46945     
 53.98000      0.57560     
 53.99000      0.67806     
 54.00000      0.73189     
 54.01000      0.69948     
 54.02000      0.59333     
 54.03000      0.46599     
 54.04000      0.35498     
 54.05000      0.27144     
 54.06000      0.21338     
 54.07000      0.17484     
 54.08000      0.14962     
 54.09000      0.13293     
 54.10000      0.12147     
 54.11000      0.11339     
 54.12000      0.10757     
 54.13000      0.10337     
 54.14000      0.10043     
 54.15000      0.09853     
 54.16000      0.09746     
 54.17000      0.09714     
 54.18000      0.09748     
 54.19000      0.09846     
 54.20000      0.10006     
 54.21000      0.10228     
 54.22000      0.10514     
 54.23000      0.10869     
 54.24000      0.11301     
 54.25000      0.11822     
 54.26000      0.12441     
 54.27000      0.13178     
 54.28000      0.14057     
 54.29000      0.15110     
 54.30000      0.16383     
 54.31000      0.17937     
 54.32000      0.19862     
 54.33000      0.22301     
 54.34000      0.25490     
 54.35000      0.29838     
 54.36000      0.36029     
 54.37000      0.45172     
 54.38000      0.58831     
 54.39000      0.78826     
 54.40000      1.06528     
 54.41000      1.41499     
 54.42000      1.79491     
 54.43000      2.09233     
 54.44000      2.13997     
 54.45000      1.90035     
 54.46000      1.53201     
 54.47000      1.18823     
 54.48000      0.92885     
 54.49000      0.75998     
 54.50000      0.67009     
 54.51000      0.64665     
 54.52000      0.68398     
 54.53000      0.78575     
 54.54000      0.96252     
 54.55000      1.22392     
 54.56000      1.56526     
 54.57000      1.94530     
 54.58000      2.26196     
 54.59000      2.39133     
 54.60000      2.26720     
 54.61000      1.93347     
 54.62000      1.53387     
 54.63000      1.18531     
 54.64000      0.92736     
 54.65000      0.75666     
 54.66000      0.65667     
 54.67000      0.61117     
 54.68000      0.60973     
 54.69000      0.64901     
 54.70000      0.73116     
 54.71000      0.86051     
 54.72000      1.03732     
 54.73000      1.24533     
 54.74000      1.44477     
 54.75000      1.61774     
 54.76000      1.82177     
 54.77000      2.13132     
 54.78000      2.55240     
 54.79000      2.96687     
 54.80000      3.12797     
 54.81000      2.88456     
 54.82000      2.39149     
 54.83000      1.88657     
 54.84000      1.48797     
 54.85000      1.22160     
 54.86000      1.07921     
 54.87000      1.04706     
 54.88000      1.11774     
 54.89000      1.29254     
 54.90000      1.57419     
 54.91000      1.94704     
 54.92000      2.34477     
 54.93000      2.64896     
 54.94000      2.76081     
 54.95000      2.66525     
 54.96000      2.47432     
 54.97000      2.36278     
 54.98000      2.44275     
 54.99000      2.73961     
 55.00000      3.18742     
 55.01000      3.58189     
 55.02000      3.63127     
 55.03000      3.26711     
 55.04000      2.72984     
 55.05000      2.24602     
 55.06000      1.88445     
 55.07000      1.61226     
 55.08000      1.38509     
 55.09000      1.20595     
 55.10000      1.09912     
 55.11000      1.07947     
 55.12000      1.15392     
 55.13000      1.32283     
 55.14000      1.56854     
 55.15000      1.82637     
 55.16000      1.96564     
 55.17000      1.88856     
 55.18000      1.66645     
 55.19000      1.44512     
 55.20000      1.31245     
 55.21000      1.29622     
 55.22000      1.38837     
 55.23000      1.54227     
 55.24000      1.65433     
 55.25000      1.60778     
 55.26000      1.40343     
 55.27000      1.14748     
 55.28000      0.92150     
 55.29000      0.75256     
 55.30000      0.64035     
 55.31000      0.57592     
 55.32000      0.55018     
 55.33000      0.55766     
 55.34000      0.59748     
 55.35000      0.67177     
 55.36000      0.78214     
 55.37000      0.92256     
 55.38000      1.06647     
 55.39000      1.16374     
 55.40000      1.19026     
 55.41000      1.19581     
 55.42000      1.25719     
 55.43000      1.43248     
 55.44000      1.76121     
 55.45000      2.26325     
 55.46000      2.91379     
 55.47000      3.57845     
 55.48000      3.96061     
 55.49000      3.80523     
 55.50000      3.23341     
 55.51000      2.56152     
 55.52000      1.97926     
 55.53000      1.54319     
 55.54000      1.25250     
 55.55000      1.08593     
 55.56000      1.02119     
 55.57000      1.04563     
 55.58000      1.15841     
 55.59000      1.36564     
 55.60000      1.66899     
 55.61000      2.04240     
 55.62000      2.39243     
 55.63000      2.56614     
 55.64000      2.51074     
 55.65000      2.35704     
 55.66000      2.25066     
 55.67000      2.26504     
 55.68000      2.45219     
 55.69000      2.85438     
 55.70000      3.45717     
 55.71000      4.11907     
 55.72000      4.51397     
 55.73000      4.33246     
 55.74000      3.67188     
 55.75000      2.88738     
 55.76000      2.21204     
 55.77000      1.71599     
 55.78000      1.39339     
 55.79000      1.21389     
 55.80000      1.14379     
 55.81000      1.15521     
 55.82000      1.23701     
 55.83000      1.40053     
 55.84000      1.65899     
 55.85000      1.99308     
 55.86000      2.30896     
 55.87000      2.43310     
 55.88000      2.26950     
 55.89000      1.93708     
 55.90000      1.61216     
 55.91000      1.38776     
 55.92000      1.28726     
 55.93000      1.29637     
 55.94000      1.36581     
 55.95000      1.40329     
 55.96000      1.32151     
 55.97000      1.13282     
 55.98000      0.91781     
 55.99000      0.73163     
 56.00000      0.59071     
 56.01000      0.49312     
 56.02000      0.43135     
 56.03000      0.39807     
 56.04000      0.38876     
 56.05000      0.40222     
 56.06000      0.43939     
 56.07000      0.50060     
 56.08000      0.58036     
 56.09000      0.65744     
 56.10000      0.69066     
 56.11000      0.65196     
 56.12000      0.56414     
 56.13000      0.46885     
 56.14000      0.38885     
 56.15000      0.32969     
 56.16000      0.28936     
 56.17000      0.26367     
 56.18000      0.24836     
 56.19000      0.24018     
 56.20000      0.23706     
 56.21000      0.23788     
 56.22000      0.24232     
 56.23000      0.25051     
 56.24000      0.26280     
 56.25000      0.27958     
 56.26000      0.30079     
 56.27000      0.32510     
 56.28000      0.34935     
 56.29000      0.37147     
 56.30000      0.39467     
 56.31000      0.42552     
 56.32000      0.47051     
 56.33000      0.53685     
 56.34000      0.63409     
 56.35000      0.77457     
 56.36000      0.97190     
 56.37000      1.23674     
 56.38000      1.56591     
 56.39000      1.92240     
 56.40000      2.23233     
 56.41000      2.45824     
 56.42000      2.67136     
 56.43000      2.99760     
 56.44000      3.52105     
 56.45000      4.21356     
 56.46000      4.85848     
 56.47000      5.06799     
 56.48000      4.65003     
 56.49000      3.87098     
 56.50000      3.09589     
 56.51000      2.50696     
 56.52000      2.14433     
 56.53000      1.98283     
 56.54000      1.96086     
 56.55000      2.00025     
 56.56000      2.05982     
 56.57000      2.16692     
 56.58000      2.36802     
 56.59000      2.66421     
 56.60000      2.98821     
 56.61000      3.21892     
 56.62000      3.20758     
 56.63000      2.91801     
 56.64000      2.50642     
 56.65000      2.13199     
 56.66000      1.83318     
 56.67000      1.56976     
 56.68000      1.31716     
 56.69000      1.09606     
 56.70000      0.92613     
 56.71000      0.80980     
 56.72000      0.74180     
 56.73000      0.70958     
 56.74000      0.68911     
 56.75000      0.65390     
 56.76000      0.60082     
 56.77000      0.55015     
 56.78000      0.51945     
 56.79000      0.51373     
 56.80000      0.52608     
 56.81000      0.53596     
 56.82000      0.51669     
 56.83000      0.46293     
 56.84000      0.39505     
 56.85000      0.33219     
 56.86000      0.28171     
 56.87000      0.24401     
 56.88000      0.21693     
 56.89000      0.19770     
 56.90000      0.18387     
 56.91000      0.17362     
 56.92000      0.16576     
 56.93000      0.15960     
 56.94000      0.15468     
 56.95000      0.15070     
 56.96000      0.14751     
 56.97000      0.14498     
 56.98000      0.14303     
 56.99000      0.14159     
 57.00000      0.14060     
 57.01000      0.14002     
 57.02000      0.13983     
 57.03000      0.14001     
 57.04000      0.14053     
 57.05000      0.14140     
 57.06000      0.14260     
 57.07000      0.14416     
 57.08000      0.14603     
 57.09000      0.14825     
 57.10000      0.15083     
 57.11000      0.15378     
 57.12000      0.15714     
 57.13000      0.16092     
 57.14000      0.16515     
 57.15000      0.16988     
 57.16000      0.17515     
 57.17000      0.18101     
 57.18000      0.18753     
 57.19000      0.19477     
 57.20000      0.20283     
 57.21000      0.21182     
 57.22000      0.22186     
 57.23000      0.23311     
 57.24000      0.24575     
 57.25000      0.26001     
 57.26000      0.27616     
 57.27000      0.29457     
 57.28000      0.31564     
 57.29000      0.33999     
 57.30000      0.36832     
 57.31000      0.40159     
 57.32000      0.44110     
 57.33000      0.48875     
 57.34000      0.54737     
 57.35000      0.62173     
 57.36000      0.71957     
 57.37000      0.85342     
 57.38000      1.04176     
 57.39000      1.30862     
 57.40000      1.67995     
 57.41000      2.17482     
 57.42000      2.78540     
 57.43000      3.43454     
 57.44000      3.94780     
 57.45000      4.19133     
 57.46000      4.28958     
 57.47000      4.50869     
 57.48000      5.01120     
 57.49000      5.77637     
 57.50000      6.54650     
 57.51000      6.84722     
 57.52000      6.40153     
 57.53000      5.49205     
 57.54000      4.58001     
 57.55000      3.92534     
 57.56000      3.60546     
 57.57000      3.60568     
 57.58000      3.84526     
 57.59000      4.16185     
 57.60000      4.34894     
 57.61000      4.32652     
 57.62000      4.23469     
 57.63000      4.27888     
 57.64000      4.56535     
 57.65000      5.05420     
 57.66000      5.56534     
 57.67000      5.93674     
 57.68000      6.23603     
 57.69000      6.59199     
 57.70000      6.87576     
 57.71000      6.72720     
 57.72000      6.01259     
 57.73000      5.03236     
 57.74000      4.11818     
 57.75000      3.38384     
 57.76000      2.79879     
 57.77000      2.32531     
 57.78000      1.96878     
 57.79000      1.74089     
 57.80000      1.64313     
 57.81000      1.67606     
 57.82000      1.84176     
 57.83000      2.13531     
 57.84000      2.52144     
 57.85000      2.89011     
 57.86000      3.04330     
 57.87000      2.85024     
 57.88000      2.41526     
 57.89000      1.93491     
 57.90000      1.52282     
 57.91000      1.20999     
 57.92000      0.98986     
 57.93000      0.84349     
 57.94000      0.75082     
 57.95000      0.69562     
 57.96000      0.66718     
 57.97000      0.66004     
 57.98000      0.67324     
 57.99000      0.71013     
 58.00000      0.77904     
 58.01000      0.89372     
 58.02000      1.07294     
 58.03000      1.33722     
 58.04000      1.70103     
 58.05000      2.15581     
 58.06000      2.63349     
 58.07000      2.96791     
 58.08000      2.97776     
 58.09000      2.68264     
 58.10000      2.28285     
 58.11000      1.94559     
 58.12000      1.74601     
 58.13000      1.70932     
 58.14000      1.84093     
 58.15000      2.13309     
 58.16000      2.55161     
 58.17000      2.99782     
 58.18000      3.28982     
 58.19000      3.29518     
 58.20000      3.09883     
 58.21000      2.87234     
 58.22000      2.67200     
 58.23000      2.43486     
 58.24000      2.11568     
 58.25000      1.77052     
 58.26000      1.47761     
 58.27000      1.27392     
 58.28000      1.16709     
 58.29000      1.15440     
 58.30000      1.22898     
 58.31000      1.37624     
 58.32000      1.55936     
 58.33000      1.69917     
 58.34000      1.70075     
 58.35000      1.55299     
 58.36000      1.34082     
 58.37000      1.14445     
 58.38000      0.99859     
 58.39000      0.91045     
 58.40000      0.87806     
 58.41000      0.89986     
 58.42000      0.98038     
 58.43000      1.13328     
 58.44000      1.38136     
 58.45000      1.75167     
 58.46000      2.26451     
 58.47000      2.91019     
 58.48000      3.59925     
 58.49000      4.10336     
 58.50000      4.14943     
 58.51000      3.72671     
 58.52000      3.10563     
 58.53000      2.53227     
 58.54000      2.11585     
 58.55000      1.88535     
 58.56000      1.84090     
 58.57000      1.97492     
 58.58000      2.27523     
 58.59000      2.71051     
 58.60000      3.19278     
 58.61000      3.56059     
 58.62000      3.69783     
 58.63000      3.66599     
 58.64000      3.56313     
 58.65000      3.35781     
 58.66000      2.98885     
 58.67000      2.52544     
 58.68000      2.09721     
 58.69000      1.77883     
 58.70000      1.59190     
 58.71000      1.53964     
 58.72000      1.62539     
 58.73000      1.85696     
 58.74000      2.24080     
 58.75000      2.76237     
 58.76000      3.35217     
 58.77000      3.86945     
 58.78000      4.14053     
 58.79000      4.02086     
 58.80000      3.52551     
 58.81000      2.86491     
 58.82000      2.24264     
 58.83000      1.74691     
 58.84000      1.38886     
 58.85000      1.14983     
 58.86000      1.00490     
 58.87000      0.93355     
 58.88000      0.92401     
 58.89000      0.97342     
 58.90000      1.08419     
 58.91000      1.25808     
 58.92000      1.48489     
 58.93000      1.72153     
 58.94000      1.87390     
 58.95000      1.84902     
 58.96000      1.66454     
 58.97000      1.42465     
 58.98000      1.20998     
 58.99000      1.05143     
 59.00000      0.95261     
 59.01000      0.90742     
 59.02000      0.90842     
 59.03000      0.95129     
 59.04000      1.03796     
 59.05000      1.17924     
 59.06000      1.39756     
 59.07000      1.72907     
 59.08000      2.22261     
 59.09000      2.93162     
 59.10000      3.89368     
 59.11000      5.09269     
 59.12000      6.39767     
 59.13000      7.47160     
 59.14000      7.80180     
 59.15000      7.16377     
 59.16000      5.93909     
 59.17000      4.65042     
 59.18000      3.57378     
 59.19000      2.77817     
 59.20000      2.24124     
 59.21000      1.91346     
 59.22000      1.75267     
 59.23000      1.73774     
 59.24000      1.86638     
 59.25000      2.14603     
 59.26000      2.57926     
 59.27000      3.14004     
 59.28000      3.73798     
 59.29000      4.17343     
 59.30000      4.19641     
 59.31000      3.76796     
 59.32000      3.12336     
 59.33000      2.50392     
 59.34000      2.02147     
 59.35000      1.69695     
 59.36000      1.50782     
 59.37000      1.40666     
 59.38000      1.32843     
 59.39000      1.21618     
 59.40000      1.06405     
 59.41000      0.90583     
 59.42000      0.76934     
 59.43000      0.66394     
 59.44000      0.58850     
 59.45000      0.53788     
 59.46000      0.50553     
 59.47000      0.48605     
 59.48000      0.47790     
 59.49000      0.48310     
 59.50000      0.50411     
 59.51000      0.54211     
 59.52000      0.59503     
 59.53000      0.65369     
 59.54000      0.70023     
 59.55000      0.72275     
 59.56000      0.73565     
 59.57000      0.76954     
 59.58000      0.84956     
 59.59000      0.98968     
 59.60000      1.19097     
 59.61000      1.43028     
 59.62000      1.63881     
 59.63000      1.70936     
 59.64000      1.59118     
 59.65000      1.35456     
 59.66000      1.10132     
 59.67000      0.88701     
 59.68000      0.72685     
 59.69000      0.61788     
 59.70000      0.55162     
 59.71000      0.51959     
 59.72000      0.51641     
 59.73000      0.54041     
 59.74000      0.59282     
 59.75000      0.67551     
 59.76000      0.78690     
 59.77000      0.91406     
 59.78000      1.02126     
 59.79000      1.05650     
 59.80000      1.00072     
 59.81000      0.89281     
 59.82000      0.78208     
 59.83000      0.69413     
 59.84000      0.63571     
 59.85000      0.60541     
 59.86000      0.59929     
 59.87000      0.61357     
 59.88000      0.64602     
 59.89000      0.69682     
 59.90000      0.76913     
 59.91000      0.87055     
 59.92000      1.01497     
 59.93000      1.22504     
 59.94000      1.53355     
 59.95000      1.98147     
 59.96000      2.61003     
 59.97000      3.44328     
 59.98000      4.45025     
 59.99000      5.46785     
 60.00000      6.13517     
 60.01000      6.08664     
 60.02000      5.37163     
 60.03000      4.39032     
 60.04000      3.47077     
 60.05000      2.74560     
 60.06000      2.23402     
 60.07000      1.91172     
 60.08000      1.74478     
 60.09000      1.70618     
 60.10000      1.78323     
 60.11000      1.97806     
 60.12000      2.30272     
 60.13000      2.76927     
 60.14000      3.37184     
 60.15000      4.05068     
 60.16000      4.66065     
 60.17000      5.06085     
 60.18000      5.31637     
 60.19000      5.66367     
 60.20000      6.27491     
 60.21000      7.13027     
 60.22000      7.95701     
 60.23000      8.28280     
 60.24000      7.85633     
 60.25000      6.97642     
 60.26000      6.13136     
 60.27000      5.62274     
 60.28000      5.55864     
 60.29000      5.92684     
 60.30000      6.59541     
 60.31000      7.25301     
 60.32000      7.46542     
 60.33000      7.05357     
 60.34000      6.30939     
 60.35000      5.63394     
 60.36000      5.23754     
 60.37000      5.13609     
 60.38000      5.18569     
 60.39000      5.12425     
 60.40000      4.77253     
 60.41000      4.22776     
 60.42000      3.71642     
 60.43000      3.39141     
 60.44000      3.31276     
 60.45000      3.48287     
 60.46000      3.84855     
 60.47000      4.26855     
 60.48000      4.51803     
 60.49000      4.44310     
 60.50000      4.08378     
 60.51000      3.54766     
 60.52000      2.93275     
 60.53000      2.34528     
 60.54000      1.85716     
 60.55000      1.48620     
 60.56000      1.21934     
 60.57000      1.03447     
 60.58000      0.91072     
 60.59000      0.83253     
 60.60000      0.79040     
 60.61000      0.78004     
 60.62000      0.80078     
 60.63000      0.85323     
 60.64000      0.93559     
 60.65000      1.03738     
 60.66000      1.13046     
 60.67000      1.17432     
 60.68000      1.15537     
 60.69000      1.10947     
 60.70000      1.08642     
 60.71000      1.12176     
 60.72000      1.23909     
 60.73000      1.45635     
 60.74000      1.78340     
 60.75000      2.20907     
 60.76000      2.68346     
 60.77000      3.11618     
 60.78000      3.38548     
 60.79000      3.35615     
 60.80000      3.00393     
 60.81000      2.48139     
 60.82000      1.96263     
 60.83000      1.53497     
 60.84000      1.21837     
 60.85000      1.00410     
 60.86000      0.87558     
 60.87000      0.81807     
 60.88000      0.82262     
 60.89000      0.88651     
 60.90000      1.00974     
 60.91000      1.18779     
 60.92000      1.40085     
 60.93000      1.60904     
 60.94000      1.75652     
 60.95000      1.77491     
 60.96000      1.62839     
 60.97000      1.37124     
 60.98000      1.09455     
 60.99000      0.85380     
 61.00000      0.66542     
 61.01000      0.52658     
 61.02000      0.42772     
 61.03000      0.35817     
 61.04000      0.30871     
 61.05000      0.27249     
 61.06000      0.24493     
 61.07000      0.22318     
 61.08000      0.20549     
 61.09000      0.19081     
 61.10000      0.17846     
 61.11000      0.16790     
 61.12000      0.15883     
 61.13000      0.15094     
 61.14000      0.14405     
 61.15000      0.13800     
 61.16000      0.13267     
 61.17000      0.12794     
 61.18000      0.12375     
 61.19000      0.12002     
 61.20000      0.11670     
 61.21000      0.11375     
 61.22000      0.11113     
 61.23000      0.10882     
 61.24000      0.10678     
 61.25000      0.10500     
 61.26000      0.10346     
 61.27000      0.10216     
 61.28000      0.10108     
 61.29000      0.10022     
 61.30000      0.09958     
 61.31000      0.09916     
 61.32000      0.09896     
 61.33000      0.09900     
 61.34000      0.09928     
 61.35000      0.09982     
 61.36000      0.10067     
 61.37000      0.10181     
 61.38000      0.10330     
 61.39000      0.10519     
 61.40000      0.10753     
 61.41000      0.11043     
 61.42000      0.11394     
 61.43000      0.11820     
 61.44000      0.12341     
 61.45000      0.12972     
 61.46000      0.13746     
 61.47000      0.14706     
 61.48000      0.15913     
 61.49000      0.17468     
 61.50000      0.19539     
 61.51000      0.22399     
 61.52000      0.26478     
 61.53000      0.32391     
 61.54000      0.40910     
 61.55000      0.52838     
 61.56000      0.68723     
 61.57000      0.88267     
 61.58000      1.09071     
 61.59000      1.25107     
 61.60000      1.28555     
 61.61000      1.17454     
 61.62000      0.98217     
 61.63000      0.78268     
 61.64000      0.61427     
 61.65000      0.48704     
 61.66000      0.39864     
 61.67000      0.34267     
 61.68000      0.31273     
 61.69000      0.30444     
 61.70000      0.31627     
 61.71000      0.34883     
 61.72000      0.40368     
 61.73000      0.48081     
 61.74000      0.57427     
 61.75000      0.66419     
 61.76000      0.71341     
 61.77000      0.69118     
 61.78000      0.60850     
 61.79000      0.50396     
 61.80000      0.40667     
 61.81000      0.32796     
 61.82000      0.26906     
 61.83000      0.22725     
 61.84000      0.19852     
 61.85000      0.17904     
 61.86000      0.16577     
 61.87000      0.15666     
 61.88000      0.15038     
 61.89000      0.14603     
 61.90000      0.14316     
 61.91000      0.14151     
 61.92000      0.14088     
 61.93000      0.14114     
 61.94000      0.14223     
 61.95000      0.14412     
 61.96000      0.14681     
 61.97000      0.15027     
 61.98000      0.15458     
 61.99000      0.15990     
 62.00000      0.16632     
 62.01000      0.17404     
 62.02000      0.18337     
 62.03000      0.19476     
 62.04000      0.20892     
 62.05000      0.22682     
 62.06000      0.24965     
 62.07000      0.27893     
 62.08000      0.31604     
 62.09000      0.36182     
 62.10000      0.41548     
 62.11000      0.47302     
 62.12000      0.52854     
 62.13000      0.58315     
 62.14000      0.65188     
 62.15000      0.75711     
 62.16000      0.92039     
 62.17000      1.15940     
 62.18000      1.48387     
 62.19000      1.88393     
 62.20000      2.30456     
 62.21000      2.61766     
 62.22000      2.66941     
 62.23000      2.43416     
 62.24000      2.04703     
 62.25000      1.65393     
 62.26000      1.32777     
 62.27000      1.08597     
 62.28000      0.91979     
 62.29000      0.81178     
 62.30000      0.74824     
 62.31000      0.72426     
 62.32000      0.74087     
 62.33000      0.80156     
 62.34000      0.91013     
 62.35000      1.06712     
 62.36000      1.26200     
 62.37000      1.45839     
 62.38000      1.58459     
 62.39000      1.57268     
 62.40000      1.43244     
 62.41000      1.23869     
 62.42000      1.05558     
 62.43000      0.91118     
 62.44000      0.81103     
 62.45000      0.75131     
 62.46000      0.72516     
 62.47000      0.72619     
 62.48000      0.74987     
 62.49000      0.79453     
 62.50000      0.86136     
 62.51000      0.95463     
 62.52000      1.08208     
 62.53000      1.25481     
 62.54000      1.48745     
 62.55000      1.79804     
 62.56000      2.20613     
 62.57000      2.72617     
 62.58000      3.35759     
 62.59000      4.09695     
 62.60000      4.98735     
 62.61000      6.11768     
 62.62000      7.52354     
 62.63000      9.08454     
 62.64000     10.44848     
 62.65000     11.04416     
 62.66000     10.47890     
 62.67000      9.01806     
 62.68000      7.28777     
 62.69000      5.73006     
 62.70000      4.51342     
 62.71000      3.65631     
 62.72000      3.11858     
 62.73000      2.84369     
 62.74000      2.77622     
 62.75000      2.86651     
 62.76000      3.08136     
 62.77000      3.42656     
 62.78000      3.93663     
 62.79000      4.62012     
 62.80000      5.40844     
 62.81000      6.11700     
 62.82000      6.45979     
 62.83000      6.25797     
 62.84000      5.63562     
 62.85000      4.83185     
 62.86000      3.99013     
 62.87000      3.19634     
 62.88000      2.52021     
 62.89000      1.99111     
 62.90000      1.59947     
 62.91000      1.31891     
 62.92000      1.12176     
 62.93000      0.98533     
 62.94000      0.89355     
 62.95000      0.83651     
 62.96000      0.80924     
 62.97000      0.81013     
 62.98000      0.83905     
 62.99000      0.89494     
 63.00000      0.97165     
 63.01000      1.05115     
 63.02000      1.10119     
 63.03000      1.09619     
 63.04000      1.04752     
 63.05000      0.99163     
 63.06000      0.95715     
 63.07000      0.95503     
 63.08000      0.98166     
 63.09000      1.01966     
 63.10000      1.04293     
 63.11000      1.03788     
 63.12000      1.01842     
 63.13000      1.00963     
 63.14000      1.03031     
 63.15000      1.09374     
 63.16000      1.21419     
 63.17000      1.41211     
 63.18000      1.71715     
 63.19000      2.16737     
 63.20000      2.80390     
 63.21000      3.65797     
 63.22000      4.72401     
 63.23000      5.90311     
 63.24000      6.92236     
 63.25000      7.37405     
 63.26000      7.05294     
 63.27000      6.19483     
 63.28000      5.18781     
 63.29000      4.26236     
 63.30000      3.47936     
 63.31000      2.83743     
 63.32000      2.34034     
 63.33000      1.99153     
 63.34000      1.78370     
 63.35000      1.70724     
 63.36000      1.75860     
 63.37000      1.94075     
 63.38000      2.25695     
 63.39000      2.69761     
 63.40000      3.21335     
 63.41000      3.67489     
 63.42000      3.88169     
 63.43000      3.71631     
 63.44000      3.28097     
 63.45000      2.77172     
 63.46000      2.31028     
 63.47000      1.92881     
 63.48000      1.62585     
 63.49000      1.40334     
 63.50000      1.26455     
 63.51000      1.20474     
 63.52000      1.21056     
 63.53000      1.25770     
 63.54000      1.30536     
 63.55000      1.30833     
 63.56000      1.25641     
 63.57000      1.18434     
 63.58000      1.13076     
 63.59000      1.10859     
 63.60000      1.10129     
 63.61000      1.07193     
 63.62000      0.99476     
 63.63000      0.88298     
 63.64000      0.76974     
 63.65000      0.67846     
 63.66000      0.61885     
 63.67000      0.59331     
 63.68000      0.60109     
 63.69000      0.63955     
 63.70000      0.70207     
 63.71000      0.77504     
 63.72000      0.84061     
 63.73000      0.89419     
 63.74000      0.95304     
 63.75000      1.03629     
 63.76000      1.14126     
 63.77000      1.23204     
 63.78000      1.24959     
 63.79000      1.16172     
 63.80000      0.99945     
 63.81000      0.81929     
 63.82000      0.65847     
 63.83000      0.53022     
 63.84000      0.43500     
 63.85000      0.36837     
 63.86000      0.32487     
 63.87000      0.29981     
 63.88000      0.29021     
 63.89000      0.29500     
 63.90000      0.31445     
 63.91000      0.34922     
 63.92000      0.39878     
 63.93000      0.45836     
 63.94000      0.51426     
 63.95000      0.54343     
 63.96000      0.52803     
 63.97000      0.47358     
 63.98000      0.40217     
 63.99000      0.33275     
 64.00000      0.27439     
 64.01000      0.22913     
 64.02000      0.19583     
 64.03000      0.17217     
 64.04000      0.15575     
 64.05000      0.14458     
 64.06000      0.13725     
 64.07000      0.13291     
 64.08000      0.13114     
 64.09000      0.13181     
 64.10000      0.13490     
 64.11000      0.14017     
 64.12000      0.14703     
 64.13000      0.15403     
 64.14000      0.15960     
 64.15000      0.16397     
 64.16000      0.16905     
 64.17000      0.17620     
 64.18000      0.18446     
 64.19000      0.19041     
 64.20000      0.19058     
 64.21000      0.18547     
 64.22000      0.17907     
 64.23000      0.17511     
 64.24000      0.17574     
 64.25000      0.18219     
 64.26000      0.19560     
 64.27000      0.21750     
 64.28000      0.25022     
 64.29000      0.29674     
 64.30000      0.36021     
 64.31000      0.44294     
 64.32000      0.54602     
 64.33000      0.67084     
 64.34000      0.81564     
 64.35000      0.96355     
 64.36000      1.07181     
 64.37000      1.08736     
 64.38000      0.99753     
 64.39000      0.84628     
 64.40000      0.68722     
 64.41000      0.55032     
 64.42000      0.44499     
 64.43000      0.37079     
 64.44000      0.32370     
 64.45000      0.29911     
 64.46000      0.29335     
 64.47000      0.30416     
 64.48000      0.33024     
 64.49000      0.37068     
 64.50000      0.42508     
 64.51000      0.49331     
 64.52000      0.57166     
 64.53000      0.64710     
 64.54000      0.69738     
 64.55000      0.70818     
 64.56000      0.69287     
 64.57000      0.68048     
 64.58000      0.69081     
 64.59000      0.72509     
 64.60000      0.76433     
 64.61000      0.77339     
 64.62000      0.72624     
 64.63000      0.63290     
 64.64000      0.52501     
 64.65000      0.42644     
 64.66000      0.34679     
 64.67000      0.28721     
 64.68000      0.24535     
 64.69000      0.21774     
 64.70000      0.20132     
 64.71000      0.19427     
 64.72000      0.19618     
 64.73000      0.20753     
 64.74000      0.22907     
 64.75000      0.26110     
 64.76000      0.30197     
 64.77000      0.34545     
 64.78000      0.37794     
 64.79000      0.38300     
 64.80000      0.35630     
 64.81000      0.31063     
 64.82000      0.26194     
 64.83000      0.21934     
 64.84000      0.18571     
 64.85000      0.16091     
 64.86000      0.14354     
 64.87000      0.13193     
 64.88000      0.12452     
 64.89000      0.12010     
 64.90000      0.11781     
 64.91000      0.11714     
 64.92000      0.11780     
 64.93000      0.11959     
 64.94000      0.12247     
 64.95000      0.12646     
 64.96000      0.13160     
 64.97000      0.13802     
 64.98000      0.14589     
 64.99000      0.15542     
 65.00000      0.16692     
 65.01000      0.18086     
 65.02000      0.19781     
 65.03000      0.21861     
 65.04000      0.24451     
 65.05000      0.27754     
 65.06000      0.32092     
 65.07000      0.37978     
 65.08000      0.46190     
 65.09000      0.57815     
 65.10000      0.74203     
 65.11000      0.96788     
 65.12000      1.26665     
 65.13000      1.63827     
 65.14000      2.05476     
 65.15000      2.43416     
 65.16000      2.63835     
 65.17000      2.56415     
 65.18000      2.25586     
 65.19000      1.85372     
 65.20000      1.46941     
 65.21000      1.15224     
 65.22000      0.91277     
 65.23000      0.74475     
 65.24000      0.63658     
 65.25000      0.57705     
 65.26000      0.55843     
 65.27000      0.57760     
 65.28000      0.63556     
 65.29000      0.73564     
 65.30000      0.88028     
 65.31000      1.06575     
 65.32000      1.27193     
 65.33000      1.44928     
 65.34000      1.52650     
 65.35000      1.46654     
 65.36000      1.30929     
 65.37000      1.12847     
 65.38000      0.97618     
 65.39000      0.87333     
 65.40000      0.81989     
 65.41000      0.80109     
 65.42000      0.79107     
 65.43000      0.76394     
 65.44000      0.70989     
 65.45000      0.63948     
 65.46000      0.57202     
 65.47000      0.52153     
 65.48000      0.49283     
 65.49000      0.48304     
 65.50000      0.48283     
 65.51000      0.48050     
 65.52000      0.47124     
 65.53000      0.46154     
 65.54000      0.46281     
 65.55000      0.48477     
 65.56000      0.53332     
 65.57000      0.60899     
 65.58000      0.70363     
 65.59000      0.79470     
 65.60000      0.84555     
 65.61000      0.82802     
 65.62000      0.74975     
 65.63000      0.64464     
 65.64000      0.54357     
 65.65000      0.46202     
 65.66000      0.40312     
 65.67000      0.36290     
 65.68000      0.33385     
 65.69000      0.30860     
 65.70000      0.28450     
 65.71000      0.26444     
 65.72000      0.25257     
 65.73000      0.25156     
 65.74000      0.26233     
 65.75000      0.28387     
 65.76000      0.31226     
 65.77000      0.33845     
 65.78000      0.34892     
 65.79000      0.33516     
 65.80000      0.30246     
 65.81000      0.26359     
 65.82000      0.22793     
 65.83000      0.19929     
 65.84000      0.17799     
 65.85000      0.16295     
 65.86000      0.15294     
 65.87000      0.14718     
 65.88000      0.14518     
 65.89000      0.14660     
 65.90000      0.15149     
 65.91000      0.16027     
 65.92000      0.17391     
 65.93000      0.19421     
 65.94000      0.22391     
 65.95000      0.26694     
 65.96000      0.32792     
 65.97000      0.41160     
 65.98000      0.52118     
 65.99000      0.65547     
 66.00000      0.80248     
 66.01000      0.93096     
 66.02000      0.99341     
 66.03000      0.96092     
 66.04000      0.85542     
 66.05000      0.72530     
 66.06000      0.60589     
 66.07000      0.51096     
 66.08000      0.44031     
 66.09000      0.38733     
 66.10000      0.34618     
 66.11000      0.31571     
 66.12000      0.29765     
 66.13000      0.29373     
 66.14000      0.30534     
 66.15000      0.33370     
 66.16000      0.37946     
 66.17000      0.44135     
 66.18000      0.51327     
 66.19000      0.58003     
 66.20000      0.61871     
 66.21000      0.61524     
 66.22000      0.58102     
 66.23000      0.54221     
 66.24000      0.52014     
 66.25000      0.52586     
 66.26000      0.56325     
 66.27000      0.63124     
 66.28000      0.72412     
 66.29000      0.82789     
 66.30000      0.91234     
 66.31000      0.93647     
 66.32000      0.88128     
 66.33000      0.77100     
 66.34000      0.64607     
 66.35000      0.53369     
 66.36000      0.44438     
 66.37000      0.37951     
 66.38000      0.33682     
 66.39000      0.31295     
 66.40000      0.30502     
 66.41000      0.31127     
 66.42000      0.33163     
 66.43000      0.36751     
 66.44000      0.42161     
 66.45000      0.49742     
 66.46000      0.59832     
 66.47000      0.72501     
 66.48000      0.87182     
 66.49000      1.02773     
 66.50000      1.18914     
 66.51000      1.36893     
 66.52000      1.57805     
 66.53000      1.79499     
 66.54000      1.94984     
 66.55000      1.95502     
 66.56000      1.78754     
 66.57000      1.51553     
 66.58000      1.22623     
 66.59000      0.97112     
 66.60000      0.76795     
 66.61000      0.61699     
 66.62000      0.51163     
 66.63000      0.44371     
 66.64000      0.40624     
 66.65000      0.39470     
 66.66000      0.40755     
 66.67000      0.44568     
 66.68000      0.51097     
 66.69000      0.60432     
 66.70000      0.72197     
 66.71000      0.84914     
 66.72000      0.95203     
 66.73000      0.98521     
 66.74000      0.92740     
 66.75000      0.80482     
 66.76000      0.66249     
 66.77000      0.53110     
 66.78000      0.42291     
 66.79000      0.33978     
 66.80000      0.27895     
 66.81000      0.23618     
 66.82000      0.20726     
 66.83000      0.18876     
 66.84000      0.17856     
 66.85000      0.17563     
 66.86000      0.17999     
 66.87000      0.19237     
 66.88000      0.21371     
 66.89000      0.24461     
 66.90000      0.28413     
 66.91000      0.32763     
 66.92000      0.36425     
 66.93000      0.37848     
 66.94000      0.36154     
 66.95000      0.32093     
 66.96000      0.27214     
 66.97000      0.22649     
 66.98000      0.18882     
 66.99000      0.16011     
 67.00000      0.13971     
 67.01000      0.12635     
 67.02000      0.11878     
 67.03000      0.11607     
 67.04000      0.11769     
 67.05000      0.12342     
 67.06000      0.13323     
 67.07000      0.14721     
 67.08000      0.16533     
 67.09000      0.18653     
 67.10000      0.20673     
 67.11000      0.21895     
 67.12000      0.21686     
 67.13000      0.20134     
 67.14000      0.17943     
 67.15000      0.15781     
 67.16000      0.13994     
 67.17000      0.12685     
 67.18000      0.11851     
 67.19000      0.11442     
 67.20000      0.11404     
 67.21000      0.11685     
 67.22000      0.12271     
 67.23000      0.13176     
 67.24000      0.14459     
 67.25000      0.16241     
 67.26000      0.18747     
 67.27000      0.22309     
 67.28000      0.27342     
 67.29000      0.34291     
 67.30000      0.43536     
 67.31000      0.55191     
 67.32000      0.68710     
 67.33000      0.82325     
 67.34000      0.92697     
 67.35000      0.95936     
 67.36000      0.90495     
 67.37000      0.78930     
 67.38000      0.65515     
 67.39000      0.53279     
 67.40000      0.43512     
 67.41000      0.36502     
 67.42000      0.32068     
 67.43000      0.29868     
 67.44000      0.29510     
 67.45000      0.30557     
 67.46000      0.32556     
 67.47000      0.35153     
 67.48000      0.38306     
 67.49000      0.42166     
 67.50000      0.46695     
 67.51000      0.51450     
 67.52000      0.55422     
 67.53000      0.56963     
 67.54000      0.54671     
 67.55000      0.48836     
 67.56000      0.41314     
 67.57000      0.33953     
 67.58000      0.27726     
 67.59000      0.22922     
 67.60000      0.19494     
 67.61000      0.17250     
 67.62000      0.15955     
 67.63000      0.15334     
 67.64000      0.15085     
 67.65000      0.14890     
 67.66000      0.14527     
 67.67000      0.13946     
 67.68000      0.13170     
 67.69000      0.12218     
 67.70000      0.11170     
 67.71000      0.10167     
 67.72000      0.09317     
 67.73000      0.08652     
 67.74000      0.08171     
 67.75000      0.07847     
 67.76000      0.07657     
 67.77000      0.07572     
 67.78000      0.07576     
 67.79000      0.07652     
 67.80000      0.07803     
 67.81000      0.08021     
 67.82000      0.08309     
 67.83000      0.08673     
 67.84000      0.09121     
 67.85000      0.09665     
 67.86000      0.10322     
 67.87000      0.11119     
 67.88000      0.12087     
 67.89000      0.13275     
 67.90000      0.14754     
 67.91000      0.16637     
 67.92000      0.19104     
 67.93000      0.22421     
 67.94000      0.26982     
 67.95000      0.33310     
 67.96000      0.42023     
 67.97000      0.53746     
 67.98000      0.68936     
 67.99000      0.87529     
 68.00000      1.08244     
 68.01000      1.27518     
 68.02000      1.39392     
 68.03000      1.39009     
 68.04000      1.27552     
 68.05000      1.11108     
 68.06000      0.95367     
 68.07000      0.83297     
 68.08000      0.75711     
 68.09000      0.72077     
 68.10000      0.70864     
 68.11000      0.69891     
 68.12000      0.67330     
 68.13000      0.63058     
 68.14000      0.58596     
 68.15000      0.55696     
 68.16000      0.55423     
 68.17000      0.58168     
 68.18000      0.63716     
 68.19000      0.71006     
 68.20000      0.77728     
 68.21000      0.80665     
 68.22000      0.77901     
 68.23000      0.70743     
 68.24000      0.62259     
 68.25000      0.54791     
 68.26000      0.49269     
 68.27000      0.45623     
 68.28000      0.43283     
 68.29000      0.41480     
 68.30000      0.39324     
 68.31000      0.36199     
 68.32000      0.32269     
 68.33000      0.28286     
 68.34000      0.24908     
 68.35000      0.22417     
 68.36000      0.20783     
 68.37000      0.19736     
 68.38000      0.18830     
 68.39000      0.17654     
 68.40000      0.16139     
 68.41000      0.14537     
 68.42000      0.13116     
 68.43000      0.12002     
 68.44000      0.11181     
 68.45000      0.10540     
 68.46000      0.09922     
 68.47000      0.09237     
 68.48000      0.08521     
 68.49000      0.07878     
 68.50000      0.07377     
 68.51000      0.07055     
 68.52000      0.06925     
 68.53000      0.06981     
 68.54000      0.07204     
 68.55000      0.07535     
 68.56000      0.07854     
 68.57000      0.07980     
 68.58000      0.07771     
 68.59000      0.07259     
 68.60000      0.06608     
 68.61000      0.05966     
 68.62000      0.05409     
 68.63000      0.04959     
 68.64000      0.04612     
 68.65000      0.04353     
 68.66000      0.04160     
 68.67000      0.04020     
 68.68000      0.03921     
 68.69000      0.03850     
 68.70000      0.03797     
 68.71000      0.03762     
 68.72000      0.03741     
 68.73000      0.03735     
 68.74000      0.03735     
 68.75000      0.03752     
 68.76000      0.03780     
 68.77000      0.03819     
 68.78000      0.03866     
 68.79000      0.03929     
 68.80000      0.04005     
 68.81000      0.04095     
 68.82000      0.04202     
 68.83000      0.04330     
 68.84000      0.04481     
 68.85000      0.04662     
 68.86000      0.04880     
 68.87000      0.05148     
 68.88000      0.05480     
 68.89000      0.05899     
 68.90000      0.06420     
 68.91000      0.07062     
 68.92000      0.07854     
 68.93000      0.08798     
 68.94000      0.09858     
 68.95000      0.10962     
 68.96000      0.12040     
 68.97000      0.13152     
 68.98000      0.14541     
 68.99000      0.16525     
 69.00000      0.19375     
 69.01000      0.23267     
 69.02000      0.28214     
 69.03000      0.33915     
 69.04000      0.39486     
 69.05000      0.43323     
 69.06000      0.43836     
 69.07000      0.40878     
 69.08000      0.35906     
 69.09000      0.30605     
 69.10000      0.25986     
 69.11000      0.22429     
 69.12000      0.19975     
 69.13000      0.18500     
 69.14000      0.17809     
 69.15000      0.17706     
 69.16000      0.18090     
 69.17000      0.18994     
 69.18000      0.20509     
 69.19000      0.22691     
 69.20000      0.25500     
 69.21000      0.28808     
 69.22000      0.32457     
 69.23000      0.36229     
 69.24000      0.39683     
 69.25000      0.42340     
 69.26000      0.44354     
 69.27000      0.46739     
 69.28000      0.50692     
 69.29000      0.57037     
 69.30000      0.66000     
 69.31000      0.77060     
 69.32000      0.88942     
 69.33000      1.00256     
 69.34000      1.10028     
 69.35000      1.16725     
 69.36000      1.17537     
 69.37000      1.10670     
 69.38000      0.97948     
 69.39000      0.83317     
 69.40000      0.69869     
 69.41000      0.59058     
 69.42000      0.51331     
 69.43000      0.46674     
 69.44000      0.44843     
 69.45000      0.45422     
 69.46000      0.47781     
 69.47000      0.51008     
 69.48000      0.54143     
 69.49000      0.56817     
 69.50000      0.59351     
 69.51000      0.62022     
 69.52000      0.64711     
 69.53000      0.67166     
 69.54000      0.68809     
 69.55000      0.68305     
 69.56000      0.64451     
 69.57000      0.57667     
 69.58000      0.49749     
 69.59000      0.42358     
 69.60000      0.36354     
 69.61000      0.31986     
 69.62000      0.29212     
 69.63000      0.27851     
 69.64000      0.27657     
 69.65000      0.28298     
 69.66000      0.29321     
 69.67000      0.30232     
 69.68000      0.30841     
 69.69000      0.31494     
 69.70000      0.32882     
 69.71000      0.35686     
 69.72000      0.40493     
 69.73000      0.47785     
 69.74000      0.57884     
 69.75000      0.70774     
 69.76000      0.85677     
 69.77000      1.00357     
 69.78000      1.10731     
 69.79000      1.12574     
 69.80000      1.05136     
 69.81000      0.91847     
 69.82000      0.76954     
 69.83000      0.63107     
 69.84000      0.51453     
 69.85000      0.42314     
 69.86000      0.35582     
 69.87000      0.30958     
 69.88000      0.28091     
 69.89000      0.26716     
 69.90000      0.26674     
 69.91000      0.27945     
 69.92000      0.30591     
 69.93000      0.34706     
 69.94000      0.40305     
 69.95000      0.47151     
 69.96000      0.54434     
 69.97000      0.60452     
 69.98000      0.62969     
 69.99000      0.60814     
 70.00000      0.55045     
 70.01000      0.47807     
 70.02000      0.40740     
 70.03000      0.34638     
 70.04000      0.29780     
 70.05000      0.26173     
 70.06000      0.23681     
 70.07000      0.22116     
 70.08000      0.21291     
 70.09000      0.21065     
 70.10000      0.21338     
 70.11000      0.22075     
 70.12000      0.23295     
 70.13000      0.25073     
 70.14000      0.27558     
 70.15000      0.30977     
 70.16000      0.35646     
 70.17000      0.41972     
 70.18000      0.50426     
 70.19000      0.61491     
 70.20000      0.75505     
 70.21000      0.92363     
 70.22000      1.11059     
 70.23000      1.29635     
 70.24000      1.46333     
 70.25000      1.60782     
 70.26000      1.72727     
 70.27000      1.80200     
 70.28000      1.81095     
 70.29000      1.76029     
 70.30000      1.67183     
 70.31000      1.55313     
 70.32000      1.40308     
 70.33000      1.23654     
 70.34000      1.08241     
 70.35000      0.96491     
 70.36000      0.89678     
 70.37000      0.88296     
 70.38000      0.92476     
 70.39000      1.02083     
 70.40000      1.16506     
 70.41000      1.34078     
 70.42000      1.51368     
 70.43000      1.63632     
 70.44000      1.67725     
 70.45000      1.64512     
 70.46000      1.56831     
 70.47000      1.46463     
 70.48000      1.34432     
 70.49000      1.22018     
 70.50000      1.09919     
 70.51000      0.97730     
 70.52000      0.85233     
 70.53000      0.73274     
 70.54000      0.63069     
 70.55000      0.55373     
 70.56000      0.50428     
 70.57000      0.48189     
 70.58000      0.48472     
 70.59000      0.50928     
 70.60000      0.54900     
 70.61000      0.59175     
 70.62000      0.61908     
 70.63000      0.61302     
 70.64000      0.56918     
 70.65000      0.50067     
 70.66000      0.42592     
 70.67000      0.35739     
 70.68000      0.30024     
 70.69000      0.25502     
 70.70000      0.22006     
 70.71000      0.19295     
 70.72000      0.17181     
 70.73000      0.15540     
 70.74000      0.14303     
 70.75000      0.13413     
 70.76000      0.12822     
 70.77000      0.12485     
 70.78000      0.12359     
 70.79000      0.12376     
 70.80000      0.12423     
 70.81000      0.12357     
 70.82000      0.12082     
 70.83000      0.11646     
 70.84000      0.11180     
 70.85000      0.10807     
 70.86000      0.10604     
 70.87000      0.10623     
 70.88000      0.10914     
 70.89000      0.11541     
 70.90000      0.12588     
 70.91000      0.14145     
 70.92000      0.16304     
 70.93000      0.19123     
 70.94000      0.22557     
 70.95000      0.26344     
 70.96000      0.29834     
 70.97000      0.31967     
 70.98000      0.31843     
 70.99000      0.29519     
 71.00000      0.25960     
 71.01000      0.22195     
 71.02000      0.18827     
 71.03000      0.16092     
 71.04000      0.14014     
 71.05000      0.12528     
 71.06000      0.11548     
 71.07000      0.10985     
 71.08000      0.10774     
 71.09000      0.10882     
 71.10000      0.11308     
 71.11000      0.12068     
 71.12000      0.13190     
 71.13000      0.14685     
 71.14000      0.16509     
 71.15000      0.18498     
 71.16000      0.20284     
 71.17000      0.21331     
 71.18000      0.21266     
 71.19000      0.20234     
 71.20000      0.18755     
 71.21000      0.17306     
 71.22000      0.16152     
 71.23000      0.15393     
 71.24000      0.15044     
 71.25000      0.15089     
 71.26000      0.15504     
 71.27000      0.16282     
 71.28000      0.17436     
 71.29000      0.19026     
 71.30000      0.21171     
 71.31000      0.24064     
 71.32000      0.28000     
 71.33000      0.33387     
 71.34000      0.40737     
 71.35000      0.50635     
 71.36000      0.63636     
 71.37000      0.80091     
 71.38000      0.99775     
 71.39000      1.21260     
 71.40000      1.41272     
 71.41000      1.55216     
 71.42000      1.59608     
 71.43000      1.53882     
 71.44000      1.39781     
 71.45000      1.20612     
 71.46000      1.00306     
 71.47000      0.81837     
 71.48000      0.66615     
 71.49000      0.54914     
 71.50000      0.46469     
 71.51000      0.40840     
 71.52000      0.37610     
 71.53000      0.36483     
 71.54000      0.37318     
 71.55000      0.40106     
 71.56000      0.44914     
 71.57000      0.51762     
 71.58000      0.60428     
 71.59000      0.70108     
 71.60000      0.79103     
 71.61000      0.85123     
 71.62000      0.86486     
 71.63000      0.82951     
 71.64000      0.75389     
 71.65000      0.65427     
 71.66000      0.54976     
 71.67000      0.45460     
 71.68000      0.37535     
 71.69000      0.31304     
 71.70000      0.26598     
 71.71000      0.23144     
 71.72000      0.20671     
 71.73000      0.18930     
 71.74000      0.17737     
 71.75000      0.16956     
 71.76000      0.16493     
 71.77000      0.16296     
 71.78000      0.16340     
 71.79000      0.16611     
 71.80000      0.17104     
 71.81000      0.17811     
 71.82000      0.18702     
 71.83000      0.19717     
 71.84000      0.20774     
 71.85000      0.21839     
 71.86000      0.22997     
 71.87000      0.24438     
 71.88000      0.26392     
 71.89000      0.29113     
 71.90000      0.32915     
 71.91000      0.38208     
 71.92000      0.45498     
 71.93000      0.55363     
 71.94000      0.68372     
 71.95000      0.84926     
 71.96000      1.04970     
 71.97000      1.27433     
 71.98000      1.49392     
 71.99000      1.65834     
 72.00000      1.71883     
 72.01000      1.66880     
 72.02000      1.55213     
 72.03000      1.42531     
 72.04000      1.32409     
 72.05000      1.25820     
 72.06000      1.22065     
 72.07000      1.20098     
 72.08000      1.19358     
 72.09000      1.19170     
 72.10000      1.17940     
 72.11000      1.14059     
 72.12000      1.07782     
 72.13000      1.01325     
 72.14000      0.97152     
 72.15000      0.96837     
 72.16000      1.01001     
 72.17000      1.09408     
 72.18000      1.20773     
 72.19000      1.32598     
 72.20000      1.41926     
 72.21000      1.47071     
 72.22000      1.48096     
 72.23000      1.45231     
 72.24000      1.38277     
 72.25000      1.27957     
 72.26000      1.16166     
 72.27000      1.04727     
 72.28000      0.94727     
 72.29000      0.86411     
 72.30000      0.79097     
 72.31000      0.71671     
 72.32000      0.63658     
 72.33000      0.55600     
 72.34000      0.48382     
 72.35000      0.42580     
 72.36000      0.38421     
 72.37000      0.35937     
 72.38000      0.35072     
 72.39000      0.35725     
 72.40000      0.37690     
 72.41000      0.40592     
 72.42000      0.43679     
 72.43000      0.45743     
 72.44000      0.45548     
 72.45000      0.42757     
 72.46000      0.38218     
 72.47000      0.33157     
 72.48000      0.28431     
 72.49000      0.24427     
 72.50000      0.21238     
 72.51000      0.18815     
 72.52000      0.17052     
 72.53000      0.15823     
 72.54000      0.15011     
 72.55000      0.14506     
 72.56000      0.14222     
 72.57000      0.14104     
 72.58000      0.14148     
 72.59000      0.14411     
 72.60000      0.14965     
 72.61000      0.15879     
 72.62000      0.17207     
 72.63000      0.18964     
 72.64000      0.21076     
 72.65000      0.23325     
 72.66000      0.25233     
 72.67000      0.26189     
 72.68000      0.25824     
 72.69000      0.24361     
 72.70000      0.22407     
 72.71000      0.20485     
 72.72000      0.18885     
 72.73000      0.17711     
 72.74000      0.16975     
 72.75000      0.16634     
 72.76000      0.16636     
 72.77000      0.16927     
 72.78000      0.17480     
 72.79000      0.18300     
 72.80000      0.19428     
 72.81000      0.20918     
 72.82000      0.22832     
 72.83000      0.25240     
 72.84000      0.28212     
 72.85000      0.31797     
 72.86000      0.36018     
 72.87000      0.40878     
 72.88000      0.46541     
 72.89000      0.53559     
 72.90000      0.62889     
 72.91000      0.75617     
 72.92000      0.92686     
 72.93000      1.14658     
 72.94000      1.41349     
 72.95000      1.71056     
 72.96000      1.99426     
 72.97000      2.19046     
 72.98000      2.22533     
 72.99000      2.08459     
 73.00000      1.82749     
 73.01000      1.53398     
 73.02000      1.25926     
 73.03000      1.02858     
 73.04000      0.84888     
 73.05000      0.71824     
 73.06000      0.63117     
 73.07000      0.58160     
 73.08000      0.56410     
 73.09000      0.57472     
 73.10000      0.61041     
 73.11000      0.66773     
 73.12000      0.74189     
 73.13000      0.82814     
 73.14000      0.92523     
 73.15000      1.03375     
 73.16000      1.14653     
 73.17000      1.23934     
 73.18000      1.27470     
 73.19000      1.22706     
 73.20000      1.10729     
 73.21000      0.95229     
 73.22000      0.79643     
 73.23000      0.65891     
 73.24000      0.54666     
 73.25000      0.46008     
 73.26000      0.39662     
 73.27000      0.35265     
 73.28000      0.32444     
 73.29000      0.30858     
 73.30000      0.30196     
 73.31000      0.30142     
 73.32000      0.30314     
 73.33000      0.30277     
 73.34000      0.29732     
 73.35000      0.28721     
 73.36000      0.27548     
 73.37000      0.26523     
 73.38000      0.25837     
 73.39000      0.25579     
 73.40000      0.25787     
 73.41000      0.26495     
 73.42000      0.27746     
 73.43000      0.29631     
 73.44000      0.32296     
 73.45000      0.35982     
 73.46000      0.41029     
 73.47000      0.47893     
 73.48000      0.57125     
 73.49000      0.69318     
 73.50000      0.84987     
 73.51000      1.04320     
 73.52000      1.26760     
 73.53000      1.50517     
 73.54000      1.72571     
 73.55000      1.89561     
 73.56000      1.98409     
 73.57000      1.96426     
 73.58000      1.83025     
 73.59000      1.61522     
 73.60000      1.37264     
 73.61000      1.14483     
 73.62000      0.95286     
 73.63000      0.80282     
 73.64000      0.69349     
 73.65000      0.62075     
 73.66000      0.58035     
 73.67000      0.56911     
 73.68000      0.58563     
 73.69000      0.63026     
 73.70000      0.70456     
 73.71000      0.81008     
 73.72000      0.94597     
 73.73000      1.10570     
 73.74000      1.27265     
 73.75000      1.41934     
 73.76000      1.51406     
 73.77000      1.53210     
 73.78000      1.46595     
 73.79000      1.33144     
 73.80000      1.16205     
 73.81000      0.99158     
 73.82000      0.84134     
 73.83000      0.72005     
 73.84000      0.62881     
 73.85000      0.56528     
 73.86000      0.52610     
 73.87000      0.50808     
 73.88000      0.50886     
 73.89000      0.52719     
 73.90000      0.56275     
 73.91000      0.61574     
 73.92000      0.68620     
 73.93000      0.77266     
 73.94000      0.87094     
 73.95000      0.97494     
 73.96000      1.08106     
 73.97000      1.19265     
 73.98000      1.32050     
 73.99000      1.47925     
 74.00000      1.67918     
 74.01000      1.91554     
 74.02000      2.15797     
 74.03000      2.34519     
 74.04000      2.40527     
 74.05000      2.30722     
 74.06000      2.08975     
 74.07000      1.82557     
 74.08000      1.57343     
 74.09000      1.36446     
 74.10000      1.21026     
 74.11000      1.11242     
 74.12000      1.06799     
 74.13000      1.07200     
 74.14000      1.11858     
 74.15000      1.20058     
 74.16000      1.30986     
 74.17000      1.43855     
 74.18000      1.58187     
 74.19000      1.74422     
 74.20000      1.94400     
 74.21000      2.20702     
 74.22000      2.55172     
 74.23000      2.97635     
 74.24000      3.45164     
 74.25000      3.92307     
 74.26000      4.32049     
 74.27000      4.55945     
 74.28000      4.55213     
 74.29000      4.26925     
 74.30000      3.78675     
 74.31000      3.23312     
 74.32000      2.71106     
 74.33000      2.27353     
 74.34000      1.93792     
 74.35000      1.70318     
 74.36000      1.55986     
 74.37000      1.49457     
 74.38000      1.49147     
 74.39000      1.53401     
 74.40000      1.61031     
 74.41000      1.71895     
 74.42000      1.86601     
 74.43000      2.05233     
 74.44000      2.26244     
 74.45000      2.46626     
 74.46000      2.63579     
 74.47000      2.75522     
 74.48000      2.80508     
 74.49000      2.75357     
 74.50000      2.58787     
 74.51000      2.34346     
 74.52000      2.08212     
 74.53000      1.85300     
 74.54000      1.67883     
 74.55000      1.56045     
 74.56000      1.48384     
 74.57000      1.42923     
 74.58000      1.38447     
 74.59000      1.35394     
 74.60000      1.35122     
 74.61000      1.38750     
 74.62000      1.46704     
 74.63000      1.58572     
 74.64000      1.72625     
 74.65000      1.85220     
 74.66000      1.91383     
 74.67000      1.87389     
 74.68000      1.73486     
 74.69000      1.53568     
 74.70000      1.32327     
 74.71000      1.13054     
 74.72000      0.97334     
 74.73000      0.85605     
 74.74000      0.77696     
 74.75000      0.73086     
 74.76000      0.70995     
 74.77000      0.70396     
 74.78000      0.70205     
 74.79000      0.69817     
 74.80000      0.69540     
 74.81000      0.70322     
 74.82000      0.73132     
 74.83000      0.78592     
 74.84000      0.86881     
 74.85000      0.97589     
 74.86000      1.09484     
 74.87000      1.20441     
 74.88000      1.27879     
 74.89000      1.29580     
 74.90000      1.24558     
 74.91000      1.13718     
 74.92000      0.99604     
 74.93000      0.85029     
 74.94000      0.71921     
 74.95000      0.61182     
 74.96000      0.53043     
 74.97000      0.47430     
 74.98000      0.44153     
 74.99000      0.43009     
 75.00000      0.43816     
 75.01000      0.46399     
 75.02000      0.50523     
 75.03000      0.55730     
 75.04000      0.61147     
 75.05000      0.65488     
 75.06000      0.67655     
 75.07000      0.67591     
 75.08000      0.66207     
 75.09000      0.64362     
 75.10000      0.62096     
 75.11000      0.58792     
 75.12000      0.53982     
 75.13000      0.47999     
 75.14000      0.41731     
 75.15000      0.35974     
 75.16000      0.31147     
 75.17000      0.27382     
 75.18000      0.24668     
 75.19000      0.22940     
 75.20000      0.22122     
 75.21000      0.22145     
 75.22000      0.22936     
 75.23000      0.24378     
 75.24000      0.26272     
 75.25000      0.28228     
 75.26000      0.29624     
 75.27000      0.29801     
 75.28000      0.28517     
 75.29000      0.26137     
 75.30000      0.23282     
 75.31000      0.20438     
 75.32000      0.17850     
 75.33000      0.15619     
 75.34000      0.13780     
 75.35000      0.12313     
 75.36000      0.11167     
 75.37000      0.10284     
 75.38000      0.09604     
 75.39000      0.09080     
 75.40000      0.08670     
 75.41000      0.08349     
 75.42000      0.08097     
 75.43000      0.07903     
 75.44000      0.07755     
 75.45000      0.07651     
 75.46000      0.07591     
 75.47000      0.07573     
 75.48000      0.07596     
 75.49000      0.07658     
 75.50000      0.07757     
 75.51000      0.07880     
 75.52000      0.08021     
 75.53000      0.08174     
 75.54000      0.08354     
 75.55000      0.08599     
 75.56000      0.08956     
 75.57000      0.09476     
 75.58000      0.10210     
 75.59000      0.11216     
 75.60000      0.12537     
 75.61000      0.14200     
 75.62000      0.16185     
 75.63000      0.18376     
 75.64000      0.20485     
 75.65000      0.22047     
 75.66000      0.22578     
 75.67000      0.21920     
 75.68000      0.20406     
 75.69000      0.18563     
 75.70000      0.16807     
 75.71000      0.15367     
 75.72000      0.14337     
 75.73000      0.13739     
 75.74000      0.13575     
 75.75000      0.13827     
 75.76000      0.14485     
 75.77000      0.15531     
 75.78000      0.16929     
 75.79000      0.18600     
 75.80000      0.20382     
 75.81000      0.22033     
 75.82000      0.23358     
 75.83000      0.24392     
 75.84000      0.25386     
 75.85000      0.26613     
 75.86000      0.28198     
 75.87000      0.30134     
 75.88000      0.32443     
 75.89000      0.35359     
 75.90000      0.39271     
 75.91000      0.44514     
 75.92000      0.51166     
 75.93000      0.58865     
 75.94000      0.66580     
 75.95000      0.72497     
 75.96000      0.74593     
 75.97000      0.72025     
 75.98000      0.65862     
 75.99000      0.58136     
 76.00000      0.50525     
 76.01000      0.43905     
 76.02000      0.38512     
 76.03000      0.34244     
 76.04000      0.30906     
 76.05000      0.28378     
 76.06000      0.26637     
 76.07000      0.25681     
 76.08000      0.25522     
 76.09000      0.26192     
 76.10000      0.27762     
 76.11000      0.30342     
 76.12000      0.34060     
 76.13000      0.39033     
 76.14000      0.45291     
 76.15000      0.52653     
 76.16000      0.60565     
 76.17000      0.68061     
 76.18000      0.74095     
 76.19000      0.78053     
 76.20000      0.79700     
 76.21000      0.78706     
 76.22000      0.74883     
 76.23000      0.68869     
 76.24000      0.62031     
 76.25000      0.55675     
 76.26000      0.50609     
 76.27000      0.47206     
 76.28000      0.45623     
 76.29000      0.45970     
 76.30000      0.48393     
 76.31000      0.53120     
 76.32000      0.60457     
 76.33000      0.70740     
 76.34000      0.84249     
 76.35000      1.01022     
 76.36000      1.20536     
 76.37000      1.41153     
 76.38000      1.59608     
 76.39000      1.71478     
 76.40000      1.73587     
 76.41000      1.66438     
 76.42000      1.53452     
 76.43000      1.38231     
 76.44000      1.23305     
 76.45000      1.10454     
 76.46000      1.00986     
 76.47000      0.95707     
 76.48000      0.94956     
 76.49000      0.98714     
 76.50000      1.06664     
 76.51000      1.18053     
 76.52000      1.31353     
 76.53000      1.44011     
 76.54000      1.53044     
 76.55000      1.56975     
 76.56000      1.57229     
 76.57000      1.56998     
 76.58000      1.58944     
 76.59000      1.63914     
 76.60000      1.70763     
 76.61000      1.76966     
 76.62000      1.79995     
 76.63000      1.78513     
 76.64000      1.72214     
 76.65000      1.61197     
 76.66000      1.46337     
 76.67000      1.29729     
 76.68000      1.13917     
 76.69000      1.00807     
 76.70000      0.91322     
 76.71000      0.85656     
 76.72000      0.83528     
 76.73000      0.84252     
 76.74000      0.86654     
 76.75000      0.89033     
 76.76000      0.89612     
 76.77000      0.87608     
 76.78000      0.83830     
 76.79000      0.79990     
 76.80000      0.77627     
 76.81000      0.77637     
 76.82000      0.80282     
 76.83000      0.85234     
 76.84000      0.91491     
 76.85000      0.97327     
 76.86000      1.00490     
 76.87000      0.99029     
 76.88000      0.92541     
 76.89000      0.82528     
 76.90000      0.71250     
 76.91000      0.60463     
 76.92000      0.51076     
 76.93000      0.43394     
 76.94000      0.37379     
 76.95000      0.32836     
 76.96000      0.29494     
 76.97000      0.27074     
 76.98000      0.25352     
 76.99000      0.24202     
 77.00000      0.23585     
 77.01000      0.23519     
 77.02000      0.24034     
 77.03000      0.25171     
 77.04000      0.26954     
 77.05000      0.29372     
 77.06000      0.32322     
 77.07000      0.35546     
 77.08000      0.38624     
 77.09000      0.41158     
 77.10000      0.43118     
 77.11000      0.44931     
 77.12000      0.47109     
 77.13000      0.49839     
 77.14000      0.52725     
 77.15000      0.54771     
 77.16000      0.54764     
 77.17000      0.52117     
 77.18000      0.47359     
 77.19000      0.41655     
 77.20000      0.36027     
 77.21000      0.31052     
 77.22000      0.26951     
 77.23000      0.23747     
 77.24000      0.21373     
 77.25000      0.19729     
 77.26000      0.18715     
 77.27000      0.18256     
 77.28000      0.18312     
 77.29000      0.18878     
 77.30000      0.19988     
 77.31000      0.21701     
 77.32000      0.24077     
 77.33000      0.27166     
 77.34000      0.30945     
 77.35000      0.35259     
 77.36000      0.39696     
 77.37000      0.43540     
 77.38000      0.45999     
 77.39000      0.46746     
 77.40000      0.46269     
 77.41000      0.45502     
 77.42000      0.45230     
 77.43000      0.45793     
 77.44000      0.47028     
 77.45000      0.48298     
 77.46000      0.48690     
 77.47000      0.47565     
 77.48000      0.45069     
 77.49000      0.41999     
 77.50000      0.39225     
 77.51000      0.37348     
 77.52000      0.36684     
 77.53000      0.37356     
 77.54000      0.39349     
 77.55000      0.42489     
 77.56000      0.46363     
 77.57000      0.50222     
 77.58000      0.53051     
 77.59000      0.54032     
 77.60000      0.53124     
 77.61000      0.51101     
 77.62000      0.49032     
 77.63000      0.47814     
 77.64000      0.48038     
 77.65000      0.50034     
 77.66000      0.53922     
 77.67000      0.59610     
 77.68000      0.66808     
 77.69000      0.75175     
 77.70000      0.84473     
 77.71000      0.94349     
 77.72000      1.03735     
 77.73000      1.10520     
 77.74000      1.12323     
 77.75000      1.08256     
 77.76000      0.99775     
 77.77000      0.89474     
 77.78000      0.79439     
 77.79000      0.70628     
 77.80000      0.63094     
 77.81000      0.56478     
 77.82000      0.50533     
 77.83000      0.45317     
 77.84000      0.41056     
 77.85000      0.37913     
 77.86000      0.35966     
 77.87000      0.35242     
 77.88000      0.35786     
 77.89000      0.37673     
 77.90000      0.40997     
 77.91000      0.45844     
 77.92000      0.52235     
 77.93000      0.60016     
 77.94000      0.68686     
 77.95000      0.77229     
 77.96000      0.84257     
 77.97000      0.88632     
 77.98000      0.90095     
 77.99000      0.89158     
 78.00000      0.86729     
 78.01000      0.83994     
 78.02000      0.82163     
 78.03000      0.82002     
 78.04000      0.83504     
 78.05000      0.85745     
 78.06000      0.87003     
 78.07000      0.85437     
 78.08000      0.80313     
 78.09000      0.72515     
 78.10000      0.63707     
 78.11000      0.55285     
 78.12000      0.48027     
 78.13000      0.42236     
 78.14000      0.37957     
 78.15000      0.35112     
 78.16000      0.33566     
 78.17000      0.33167     
 78.18000      0.33740     
 78.19000      0.35070     
 78.20000      0.36848     
 78.21000      0.38678     
 78.22000      0.40229     
 78.23000      0.41469     
 78.24000      0.42712     
 78.25000      0.44348     
 78.26000      0.46562     
 78.27000      0.49170     
 78.28000      0.51570     
 78.29000      0.52898     
 78.30000      0.52525     
 78.31000      0.50563     
 78.32000      0.47792     
 78.33000      0.45110     
 78.34000      0.43185     
 78.35000      0.42438     
 78.36000      0.43157     
 78.37000      0.45590     
 78.38000      0.49981     
 78.39000      0.56559     
 78.40000      0.65511     
 78.41000      0.76880     
 78.42000      0.90407     
 78.43000      1.05214     
 78.44000      1.19402     
 78.45000      1.29941     
 78.46000      1.33687     
 78.47000      1.29475     
 78.48000      1.19090     
 78.49000      1.05826     
 78.50000      0.92517     
 78.51000      0.80815     
 78.52000      0.71439     
 78.53000      0.64581     
 78.54000      0.60195     
 78.55000      0.58164     
 78.56000      0.58408     
 78.57000      0.60957     
 78.58000      0.65990     
 78.59000      0.73850     
 78.60000      0.85022     
 78.61000      1.00046     
 78.62000      1.19400     
 78.63000      1.43288     
 78.64000      1.71344     
 78.65000      2.02266     
 78.66000      2.33320     
 78.67000      2.59740     
 78.68000      2.75031     
 78.69000      2.73900     
 78.70000      2.56381     
 78.71000      2.28034     
 78.72000      1.95909     
 78.73000      1.65151     
 78.74000      1.38410     
 78.75000      1.16621     
 78.76000      0.99804     
 78.77000      0.87556     
 78.78000      0.79328     
 78.79000      0.74592     
 78.80000      0.72948     
 78.81000      0.74136     
 78.82000      0.78068     
 78.83000      0.84745     
 78.84000      0.94188     
 78.85000      1.06338     
 78.86000      1.21008     
 78.87000      1.37804     
 78.88000      1.55888     
 78.89000      1.73610     
 78.90000      1.88410     
 78.91000      1.97679     
 78.92000      2.00566     
 78.93000      1.99025     
 78.94000      1.96653     
 78.95000      1.96502     
 78.96000      1.99714     
 78.97000      2.05150     
 78.98000      2.09646     
 78.99000      2.09321     
 79.00000      2.01894     
 79.01000      1.88039     
 79.02000      1.70279     
 79.03000      1.51183     
 79.04000      1.32740     
 79.05000      1.16420     
 79.06000      1.03141     
 79.07000      0.93209     
 79.08000      0.86488     
 79.09000      0.82592     
 79.10000      0.81026     
 79.11000      0.81161     
 79.12000      0.82145     
 79.13000      0.83060     
 79.14000      0.83402     
 79.15000      0.83480     
 79.16000      0.84169     
 79.17000      0.86315     
 79.18000      0.90296     
 79.19000      0.95848     
 79.20000      1.01937     
 79.21000      1.06800     
 79.22000      1.08545     
 79.23000      1.06241     
 79.24000      1.00420     
 79.25000      0.92437     
 79.26000      0.83618     
 79.27000      0.75005     
 79.28000      0.67369     
 79.29000      0.61199     
 79.30000      0.56697     
 79.31000      0.53855     
 79.32000      0.52546     
 79.33000      0.52571     
 79.34000      0.53666     
 79.35000      0.55516     
 79.36000      0.57844     
 79.37000      0.60601     
 79.38000      0.64122     
 79.39000      0.69039     
 79.40000      0.76074     
 79.41000      0.85883     
 79.42000      0.98991     
 79.43000      1.15712     
 79.44000      1.35981     
 79.45000      1.58999     
 79.46000      1.82712     
 79.47000      2.03497     
 79.48000      2.17069     
 79.49000      2.21049     
 79.50000      2.16932     
 79.51000      2.08878     
 79.52000      2.00715     
 79.53000      1.94150     
 79.54000      1.88725     
 79.55000      1.82987     
 79.56000      1.76220     
 79.57000      1.69391     
 79.58000      1.64394     
 79.59000      1.62795     
 79.60000      1.65291     
 79.61000      1.71715     
 79.62000      1.80894     
 79.63000      1.90383     
 79.64000      1.96864     
 79.65000      1.97876     
 79.66000      1.93653     
 79.67000      1.86804     
 79.68000      1.80133     
 79.69000      1.74920     
 79.70000      1.70548     
 79.71000      1.65240     
 79.72000      1.57611     
 79.73000      1.47939     
 79.74000      1.37848     
 79.75000      1.28932     
 79.76000      1.21830     
 79.77000      1.16147     
 79.78000      1.10985     
 79.79000      1.05773     
 79.80000      1.00811     
 79.81000      0.96982     
 79.82000      0.95097     
 79.83000      0.95554     
 79.84000      0.98293     
 79.85000      1.02745     
 79.86000      1.07695     
 79.87000      1.11382     
 79.88000      1.12212     
 79.89000      1.09658     
 79.90000      1.04282     
 79.91000      0.96905     
 79.92000      0.88170     
 79.93000      0.78763     
 79.94000      0.69522     
 79.95000      0.61182     
 79.96000      0.54166     
 79.97000      0.48605     
 79.98000      0.44459     
 79.99000      0.41626     
 80.00000      0.40001     
 80.01000      0.39516     
 80.02000      0.40156     
 80.03000      0.41958     
 80.04000      0.44999     
 80.05000      0.49379     
 80.06000      0.55159     
 80.07000      0.62305     
 80.08000      0.70560     
 80.09000      0.79298     
 80.10000      0.87436     
 80.11000      0.93580     
 80.12000      0.96444     
 80.13000      0.95461     
 80.14000      0.91075     
 80.15000      0.84442     
 80.16000      0.76875     
 80.17000      0.69487     
 80.18000      0.63052     
 80.19000      0.58005     
 80.20000      0.54522     
 80.21000      0.52635     
 80.22000      0.52342     
 80.23000      0.53681     
 80.24000      0.56765     
 80.25000      0.61817     
 80.26000      0.69164     
 80.27000      0.79224     
 80.28000      0.92462     
 80.29000      1.09299     
 80.30000      1.29988     
 80.31000      1.54354     
 80.32000      1.81377     
 80.33000      2.08679     
 80.34000      2.32469     
 80.35000      2.48881     
 80.36000      2.56430     
 80.37000      2.57175     
 80.38000      2.54835     
 80.39000      2.51806     
 80.40000      2.47676     
 80.41000      2.39956     
 80.42000      2.26560     
 80.43000      2.08045     
 80.44000      1.87318     
 80.45000      1.67514     
 80.46000      1.50513     
 80.47000      1.36775     
 80.48000      1.25871     
 80.49000      1.17206     
 80.50000      1.10586     
 80.51000      1.06229     
 80.52000      1.04388     
 80.53000      1.05090     
 80.54000      1.08173     
 80.55000      1.13323     
 80.56000      1.19890     
 80.57000      1.26616     
 80.58000      1.31808     
 80.59000      1.34259     
 80.60000      1.34163     
 80.61000      1.32831     
 80.62000      1.31445     
 80.63000      1.30081     
 80.64000      1.27638     
 80.65000      1.22688     
 80.66000      1.14750     
 80.67000      1.04776     
 80.68000      0.94370     
 80.69000      0.84799     
 80.70000      0.76596     
 80.71000      0.69698     
 80.72000      0.63758     
 80.73000      0.58499     
 80.74000      0.53865     
 80.75000      0.49921     
 80.76000      0.46686     
 80.77000      0.44110     
 80.78000      0.42166     
 80.79000      0.40903     
 80.80000      0.40421     
 80.81000      0.40799     
 80.82000      0.42070     
 80.83000      0.44197     
 80.84000      0.47041     
 80.85000      0.50290     
 80.86000      0.53410     
 80.87000      0.55729     
 80.88000      0.56784     
 80.89000      0.56698     
 80.90000      0.56154     
 80.91000      0.55991     
 80.92000      0.56865     
 80.93000      0.59159     
 80.94000      0.63016     
 80.95000      0.68326     
 80.96000      0.74632     
 80.97000      0.81000     
 80.98000      0.86011     
 80.99000      0.88223     
 81.00000      0.87055     
 81.01000      0.83232     
 81.02000      0.78245     
 81.03000      0.73497     
 81.04000      0.69922     
 81.05000      0.68039     
 81.06000      0.68123     
 81.07000      0.70327     
 81.08000      0.74739     
 81.09000      0.81400     
 81.10000      0.90305     
 81.11000      1.01484     
 81.12000      1.15153     
 81.13000      1.31737     
 81.14000      1.51583     
 81.15000      1.74546     
 81.16000      1.99856     
 81.17000      2.26416     
 81.18000      2.53010     
 81.19000      2.77594     
 81.20000      2.96244     
 81.21000      3.03726     
 81.22000      2.96553     
 81.23000      2.75857     
 81.24000      2.46737     
 81.25000      2.15110     
 81.26000      1.85355     
 81.27000      1.59858     
 81.28000      1.39514     
 81.29000      1.24310     
 81.30000      1.13700     
 81.31000      1.06789     
 81.32000      1.02495     
 81.33000      0.99852     
 81.34000      0.98395     
 81.35000      0.98289     
 81.36000      1.00031     
 81.37000      1.04046     
 81.38000      1.10453     
 81.39000      1.18983     
 81.40000      1.29077     
 81.41000      1.40092     
 81.42000      1.51353     
 81.43000      1.61757     
 81.44000      1.69373     
 81.45000      1.72019     
 81.46000      1.68853     
 81.47000      1.61379     
 81.48000      1.52612     
 81.49000      1.45505     
 81.50000      1.42160     
 81.51000      1.43831     
 81.52000      1.51166     
 81.53000      1.64323     
 81.54000      1.82874     
 81.55000      2.05491     
 81.56000      2.29478     
 81.57000      2.50518     
 81.58000      2.63469     
 81.59000      2.64634     
 81.60000      2.53832     
 81.61000      2.34021     
 81.62000      2.09186     
 81.63000      1.82913     
 81.64000      1.57954     
 81.65000      1.36091     
 81.66000      1.18205     
 81.67000      1.04526     
 81.68000      0.94917     
 81.69000      0.89081     
 81.70000      0.86685     
 81.71000      0.87400     
 81.72000      0.90912     
 81.73000      0.96817     
 81.74000      1.04504     
 81.75000      1.13107     
 81.76000      1.21741     
 81.77000      1.30046     
 81.78000      1.38370     
 81.79000      1.47209     
 81.80000      1.56302     
 81.81000      1.64137     
 81.82000      1.68288     
 81.83000      1.66787     
 81.84000      1.59465     
 81.85000      1.47905     
 81.86000      1.34339     
 81.87000      1.20772     
 81.88000      1.08733     
 81.89000      0.99204     
 81.90000      0.92678     
 81.91000      0.89271     
 81.92000      0.88804     
 81.93000      0.90824     
 81.94000      0.94589     
 81.95000      0.99178     
 81.96000      1.03822     
 81.97000      1.08162     
 81.98000      1.12028     
 81.99000      1.14880     
 82.00000      1.15610     
 82.01000      1.13104     
 82.02000      1.07160     
 82.03000      0.98763     
 82.04000      0.89424     
 82.05000      0.80374     
 82.06000      0.72243     
 82.07000      0.65218     
 82.08000      0.59319     
 82.09000      0.54558     
 82.10000      0.50970     
 82.11000      0.48569     
 82.12000      0.47318     
 82.13000      0.47168     
 82.14000      0.48069     
 82.15000      0.49966     
 82.16000      0.52795     
 82.17000      0.56432     
 82.18000      0.60657     
 82.19000      0.65204     
 82.20000      0.69904     
 82.21000      0.74880     
 82.22000      0.80488     
 82.23000      0.87095     
 82.24000      0.94869     
 82.25000      1.03868     
 82.26000      1.14338     
 82.27000      1.26917     
 82.28000      1.42412     
 82.29000      1.61300     
 82.30000      1.83205     
 82.31000      2.06404     
 82.32000      2.27395     
 82.33000      2.41228     
 82.34000      2.43520     
 82.35000      2.33288     
 82.36000      2.13676     
 82.37000      1.89679     
 82.38000      1.65544     
 82.39000      1.43831     
 82.40000      1.25729     
 82.41000      1.11585     
 82.42000      1.01338     
 82.43000      0.94748     
 82.44000      0.91560     
 82.45000      0.91602     
 82.46000      0.94846     
 82.47000      1.01460     
 82.48000      1.11804     
 82.49000      1.26393     
 82.50000      1.45829     
 82.51000      1.70653     
 82.52000      2.01186     
 82.53000      2.37292     
 82.54000      2.78031     
 82.55000      3.21082     
 82.56000      3.62215     
 82.57000      3.95788     
 82.58000      4.16896     
 82.59000      4.23481     
 82.60000      4.16002     
 82.61000      3.95634     
 82.62000      3.64070     
 82.63000      3.24707     
 82.64000      2.82415     
 82.65000      2.41775     
 82.66000      2.05802     
 82.67000      1.75878     
 82.68000      1.52281     
 82.69000      1.34713     
 82.70000      1.22647     
 82.71000      1.15516     
 82.72000      1.12811     
 82.73000      1.14087     
 82.74000      1.18934     
 82.75000      1.26856     
 82.76000      1.37192     
 82.77000      1.49178     
 82.78000      1.62191     
 82.79000      1.75811     
 82.80000      1.89481     
 82.81000      2.02172     
 82.82000      2.12683     
 82.83000      2.20234     
 82.84000      2.24333     
 82.85000      2.24118     
 82.86000      2.18424     
 82.87000      2.06692     
 82.88000      1.89704     
 82.89000      1.69388     
 82.90000      1.48110     
 82.91000      1.27915     
 82.92000      1.10105     
 82.93000      0.95253     
 82.94000      0.83442     
 82.95000      0.74485     
 82.96000      0.68079     
 82.97000      0.63880     
 82.98000      0.61533     
 82.99000      0.60670     
 83.00000      0.60890     
 83.01000      0.61784     
 83.02000      0.63054     
 83.03000      0.64656     
 83.04000      0.66801     
 83.05000      0.69755     
 83.06000      0.73611     
 83.07000      0.78206     
 83.08000      0.83192     
 83.09000      0.88286     
 83.10000      0.93436     
 83.11000      0.98696     
 83.12000      1.04003     
 83.13000      1.09193     
 83.14000      1.14235     
 83.15000      1.19193     
 83.16000      1.23817     
 83.17000      1.27105     
 83.18000      1.27420     
 83.19000      1.23419     
 83.20000      1.15148     
 83.21000      1.04097     
 83.22000      0.92222     
 83.23000      0.81056     
 83.24000      0.71465     
 83.25000      0.63824     
 83.26000      0.58211     
 83.27000      0.54554     
 83.28000      0.52696     
 83.29000      0.52428     
 83.30000      0.53470     
 83.31000      0.55449     
 83.32000      0.57886     
 83.33000      0.60322     
 83.34000      0.62552     
 83.35000      0.64779     
 83.36000      0.67446     
 83.37000      0.70936     
 83.38000      0.75368     
 83.39000      0.80542     
 83.40000      0.85930     
 83.41000      0.90691     
 83.42000      0.93825     
 83.43000      0.94560     
 83.44000      0.92826     
 83.45000      0.89385     
 83.46000      0.85428     
 83.47000      0.81988     
 83.48000      0.79568     
 83.49000      0.78071     
 83.50000      0.76934     
 83.51000      0.75463     
 83.52000      0.73316     
 83.53000      0.70790     
 83.54000      0.68615     
 83.55000      0.67532     
 83.56000      0.68031     
 83.57000      0.70336     
 83.58000      0.74478     
 83.59000      0.80368     
 83.60000      0.87761     
 83.61000      0.96057     
 83.62000      1.04038     
 83.63000      1.09877     
 83.64000      1.11726     
 83.65000      1.08744     
 83.66000      1.01626     
 83.67000      0.92071     
 83.68000      0.81853     
 83.69000      0.72284     
 83.70000      0.64119     
 83.71000      0.57661     
 83.72000      0.52907     
 83.73000      0.49620     
 83.74000      0.47382     
 83.75000      0.45651     
 83.76000      0.43937     
 83.77000      0.42013     
 83.78000      0.40004     
 83.79000      0.38252     
 83.80000      0.37094     
 83.81000      0.36778     
 83.82000      0.37447     
 83.83000      0.39159     
 83.84000      0.41873     
 83.85000      0.45414     
 83.86000      0.49395     
 83.87000      0.53135     
 83.88000      0.55729     
 83.89000      0.56376     
 83.90000      0.54875     
 83.91000      0.51765     
 83.92000      0.47933     
 83.93000      0.44142     
 83.94000      0.40812     
 83.95000      0.38028     
 83.96000      0.35621     
 83.97000      0.33306     
 83.98000      0.30861     
 83.99000      0.28263     
 84.00000      0.25660     
 84.01000      0.23234     
 84.02000      0.21109     
 84.03000      0.19336     
 84.04000      0.17920     
 84.05000      0.16843     
 84.06000      0.16079     
 84.07000      0.15611     
 84.08000      0.15424     
 84.09000      0.15515     
 84.10000      0.15899     
 84.11000      0.16599     
 84.12000      0.17651     
 84.13000      0.19097     
 84.14000      0.20976     
 84.15000      0.23308     
 84.16000      0.26072     
 84.17000      0.29171     
 84.18000      0.32378     
 84.19000      0.35305     
 84.20000      0.37463     
 84.21000      0.38442     
 84.22000      0.38139     
 84.23000      0.36824     
 84.24000      0.34983     
 84.25000      0.33119     
 84.26000      0.31633     
 84.27000      0.30799     
 84.28000      0.30811     
 84.29000      0.31829     
 84.30000      0.34009     
 84.31000      0.37523     
 84.32000      0.42551     
 84.33000      0.49267     
 84.34000      0.57797     
 84.35000      0.68153     
 84.36000      0.80120     
 84.37000      0.93073     
 84.38000      1.05756     
 84.39000      1.16224     
 84.40000      1.22262     
 84.41000      1.22412     
 84.42000      1.16890     
 84.43000      1.07426     
 84.44000      0.96127     
 84.45000      0.84575     
 84.46000      0.73664     
 84.47000      0.63856     
 84.48000      0.55426     
 84.49000      0.48531     
 84.50000      0.43218     
 84.51000      0.39447     
 84.52000      0.37137     
 84.53000      0.36212     
 84.54000      0.36622     
 84.55000      0.38359     
 84.56000      0.41428     
 84.57000      0.45826     
 84.58000      0.51488     
 84.59000      0.58197     
 84.60000      0.65502     
 84.61000      0.72687     
 84.62000      0.78918     
 84.63000      0.83460     
 84.64000      0.85740     
 84.65000      0.85265     
 84.66000      0.81771     
 84.67000      0.75580     
 84.68000      0.67660     
 84.69000      0.59193     
 84.70000      0.51137     
 84.71000      0.44050     
 84.72000      0.38176     
 84.73000      0.33570     
 84.74000      0.30187     
 84.75000      0.27939     
 84.76000      0.26728     
 84.77000      0.26451     
 84.78000      0.26999     
 84.79000      0.28249     
 84.80000      0.30014     
 84.81000      0.32020     
 84.82000      0.33916     
 84.83000      0.35381     
 84.84000      0.36240     
 84.85000      0.36451     
 84.86000      0.35966     
 84.87000      0.34675     
 84.88000      0.32520     
 84.89000      0.29662     
 84.90000      0.26438     
 84.91000      0.23210     
 84.92000      0.20235     
 84.93000      0.17645     
 84.94000      0.15479     
 84.95000      0.13728     
 84.96000      0.12360     
 84.97000      0.11332     
 84.98000      0.10606     
 84.99000      0.10148     
 85.00000      0.09930     
 85.01000      0.09936     
 85.02000      0.10146     
 85.03000      0.10542     
 85.04000      0.11093     
 85.05000      0.11740     
 85.06000      0.12384     
 85.07000      0.12879     
 85.08000      0.13079     
 85.09000      0.12912     
 85.10000      0.12417     
 85.11000      0.11709     
 85.12000      0.10896     
 85.13000      0.10043     
 85.14000      0.09180     
 85.15000      0.08338     
 85.16000      0.07551     
 85.17000      0.06845     
 85.18000      0.06238     
 85.19000      0.05725     
 85.20000      0.05301     
 85.21000      0.04954     
 85.22000      0.04669     
 85.23000      0.04436     
 85.24000      0.04246     
 85.25000      0.04088     
 85.26000      0.03958     
 85.27000      0.03848     
 85.28000      0.03757     
 85.29000      0.03678     
 85.30000      0.03611     
 85.31000      0.03556     
 85.32000      0.03512     
 85.33000      0.03476     
 85.34000      0.03451     
 85.35000      0.03436     
 85.36000      0.03432     
 85.37000      0.03444     
 85.38000      0.03471     
 85.39000      0.03518     
 85.40000      0.03592     
 85.41000      0.03693     
 85.42000      0.03828     
 85.43000      0.04000     
 85.44000      0.04214     
 85.45000      0.04464     
 85.46000      0.04745     
 85.47000      0.05035     
 85.48000      0.05295     
 85.49000      0.05474     
 85.50000      0.05526     
 85.51000      0.05440     
 85.52000      0.05245     
 85.53000      0.04991     
 85.54000      0.04726     
 85.55000      0.04478     
 85.56000      0.04266     
 85.57000      0.04097     
 85.58000      0.03971     
 85.59000      0.03884     
 85.60000      0.03836     
 85.61000      0.03818     
 85.62000      0.03834     
 85.63000      0.03878     
 85.64000      0.03947     
 85.65000      0.04048     
 85.66000      0.04180     
 85.67000      0.04347     
 85.68000      0.04555     
 85.69000      0.04808     
 85.70000      0.05118     
 85.71000      0.05490     
 85.72000      0.05934     
 85.73000      0.06455     
 85.74000      0.07056     
 85.75000      0.07737     
 85.76000      0.08516     
 85.77000      0.09422     
 85.78000      0.10500     
 85.79000      0.11793     
 85.80000      0.13315     
 85.81000      0.15030     
 85.82000      0.16830     
 85.83000      0.18490     
 85.84000      0.19710     
 85.85000      0.20182     
 85.86000      0.19775     
 85.87000      0.18622     
 85.88000      0.17023     
 85.89000      0.15289     
 85.90000      0.13637     
 85.91000      0.12188     
 85.92000      0.10994     
 85.93000      0.10065     
 85.94000      0.09390     
 85.95000      0.08954     
 85.96000      0.08738     
 85.97000      0.08722     
 85.98000      0.08896     
 85.99000      0.09257     
 86.00000      0.09808     
 86.01000      0.10557     
 86.02000      0.11512     
 86.03000      0.12674     
 86.04000      0.14032     
 86.05000      0.15575     
 86.06000      0.17294     
 86.07000      0.19180     
 86.08000      0.21192     
 86.09000      0.23217     
 86.10000      0.25079     
 86.11000      0.26627     
 86.12000      0.27869     
 86.13000      0.29022     
 86.14000      0.30420     
 86.15000      0.32368     
 86.16000      0.35045     
 86.17000      0.38473     
 86.18000      0.42468     
 86.19000      0.46577     
 86.20000      0.50063     
 86.21000      0.52015     
 86.22000      0.51757     
 86.23000      0.49247     
 86.24000      0.45099     
 86.25000      0.40183     
 86.26000      0.35235     
 86.27000      0.30715     
 86.28000      0.26842     
 86.29000      0.23682     
 86.30000      0.21216     
 86.31000      0.19378     
 86.32000      0.18093     
 86.33000      0.17296     
 86.34000      0.16923     
 86.35000      0.16917     
 86.36000      0.17217     
 86.37000      0.17777     
 86.38000      0.18591     
 86.39000      0.19694     
 86.40000      0.21131     
 86.41000      0.22911     
 86.42000      0.24982     
 86.43000      0.27200     
 86.44000      0.29380     
 86.45000      0.31276     
 86.46000      0.32598     
 86.47000      0.33011     
 86.48000      0.32280     
 86.49000      0.30452     
 86.50000      0.27862     
 86.51000      0.24945     
 86.52000      0.22064     
 86.53000      0.19445     
 86.54000      0.17185     
 86.55000      0.15317     
 86.56000      0.13826     
 86.57000      0.12674     
 86.58000      0.11821     
 86.59000      0.11222     
 86.60000      0.10837     
 86.61000      0.10633     
 86.62000      0.10584     
 86.63000      0.10672     
 86.64000      0.10879     
 86.65000      0.11192     
 86.66000      0.11592     
 86.67000      0.12051     
 86.68000      0.12527     
 86.69000      0.12965     
 86.70000      0.13326     
 86.71000      0.13601     
 86.72000      0.13827     
 86.73000      0.14064     
 86.74000      0.14375     
 86.75000      0.14802     
 86.76000      0.15387     
 86.77000      0.16163     
 86.78000      0.17169     
 86.79000      0.18457     
 86.80000      0.20094     
 86.81000      0.22172     
 86.82000      0.24810     
 86.83000      0.28157     
 86.84000      0.32384     
 86.85000      0.37685     
 86.86000      0.44256     
 86.87000      0.52270     
 86.88000      0.61837     
 86.89000      0.72932     
 86.90000      0.85276     
 86.91000      0.98180     
 86.92000      1.10444     
 86.93000      1.20541     
 86.94000      1.27213     
 86.95000      1.30118     
 86.96000      1.29873     
 86.97000      1.27455     
 86.98000      1.23643     
 86.99000      1.18894     
 87.00000      1.13426     
 87.01000      1.07267     
 87.02000      1.00280     
 87.03000      0.92384     
 87.04000      0.83840     
 87.05000      0.75249     
 87.06000      0.67289     
 87.07000      0.60463     
 87.08000      0.55039     
 87.09000      0.51130     
 87.10000      0.48757     
 87.11000      0.47903     
 87.12000      0.48544     
 87.13000      0.50647     
 87.14000      0.54161     
 87.15000      0.58985     
 87.16000      0.64921     
 87.17000      0.71591     
 87.18000      0.78398     
 87.19000      0.84598     
 87.20000      0.89568     
 87.21000      0.93134     
 87.22000      0.95667     
 87.23000      0.97817     
 87.24000      1.00177     
 87.25000      1.03111     
 87.26000      1.06761     
 87.27000      1.11010     
 87.28000      1.15393     
 87.29000      1.19099     
 87.30000      1.21180     
 87.31000      1.20895     
 87.32000      1.17976     
 87.33000      1.12609     
 87.34000      1.05273     
 87.35000      0.96651     
 87.36000      0.87531     
 87.37000      0.78649     
 87.38000      0.70553     
 87.39000      0.63610     
 87.40000      0.58042     
 87.41000      0.53962     
 87.42000      0.51404     
 87.43000      0.50347     
 87.44000      0.50747     
 87.45000      0.52563     
 87.46000      0.55780     
 87.47000      0.60401     
 87.48000      0.66378     
 87.49000      0.73518     
 87.50000      0.81363     
 87.51000      0.89102     
 87.52000      0.95642     
 87.53000      0.99985     
 87.54000      1.01704     
 87.55000      1.01081     
 87.56000      0.98720     
 87.57000      0.95118     
 87.58000      0.90566     
 87.59000      0.85312     
 87.60000      0.79635     
 87.61000      0.73874     
 87.62000      0.68413     
 87.63000      0.63629     
 87.64000      0.59825     
 87.65000      0.57179     
 87.66000      0.55769     
 87.67000      0.55562     
 87.68000      0.56398     
 87.69000      0.57980     
 87.70000      0.59938     
 87.71000      0.61969     
 87.72000      0.64004     
 87.73000      0.66190     
 87.74000      0.68707     
 87.75000      0.71527     
 87.76000      0.74328     
 87.77000      0.76563     
 87.78000      0.77634     
 87.79000      0.77080     
 87.80000      0.74721     
 87.81000      0.70762     
 87.82000      0.65738     
 87.83000      0.60326     
 87.84000      0.55129     
 87.85000      0.50581     
 87.86000      0.46947     
 87.87000      0.44382     
 87.88000      0.42973     
 87.89000      0.42778     
 87.90000      0.43847     
 87.91000      0.46242     
 87.92000      0.50026     
 87.93000      0.55257     
 87.94000      0.61943     
 87.95000      0.69995     
 87.96000      0.79173     
 87.97000      0.89091     
 87.98000      0.99285     
 87.99000      1.09297     
 88.00000      1.18560     
 88.01000      1.26173     
 88.02000      1.30868     
 88.03000      1.31484     
 88.04000      1.27773     
 88.05000      1.20693     
 88.06000      1.11911     
 88.07000      1.03025     
 88.08000      0.95129     
 88.09000      0.88808     
 88.10000      0.84254     
 88.11000      0.81365     
 88.12000      0.79827     
 88.13000      0.79249     
 88.14000      0.79285     
 88.15000      0.79685     
 88.16000      0.80177     
 88.17000      0.80385     
 88.18000      0.79966     
 88.19000      0.78847     
 88.20000      0.77374     
 88.21000      0.76185     
 88.22000      0.75914     
 88.23000      0.76991     
 88.24000      0.79581     
 88.25000      0.83620     
 88.26000      0.88846     
 88.27000      0.94765     
 88.28000      1.00553     
 88.29000      1.05059     
 88.30000      1.07073     
 88.31000      1.05810     
 88.32000      1.01285     
 88.33000      0.94313     
 88.34000      0.86131     
 88.35000      0.77905     
 88.36000      0.70455     
 88.37000      0.64189     
 88.38000      0.59187     
 88.39000      0.55318     
 88.40000      0.52354     
 88.41000      0.50067     
 88.42000      0.48254     
 88.43000      0.46689     
 88.44000      0.45097     
 88.45000      0.43229     
 88.46000      0.40988     
 88.47000      0.38487     
 88.48000      0.35990     
 88.49000      0.33780     
 88.50000      0.32064     
 88.51000      0.30962     
 88.52000      0.30517     
 88.53000      0.30719     
 88.54000      0.31490     
 88.55000      0.32681     
 88.56000      0.34039     
 88.57000      0.35212     
 88.58000      0.35824     
 88.59000      0.35641     
 88.60000      0.34704     
 88.61000      0.33311     
 88.62000      0.31850     
 88.63000      0.30651     
 88.64000      0.29946     
 88.65000      0.29866     
 88.66000      0.30466     
 88.67000      0.31745     
 88.68000      0.33624     
 88.69000      0.35933     
 88.70000      0.38400     
 88.71000      0.40700     
 88.72000      0.42597     
 88.73000      0.44069     
 88.74000      0.45312     
 88.75000      0.46563     
 88.76000      0.47914     
 88.77000      0.49204     
 88.78000      0.50053     
 88.79000      0.50033     
 88.80000      0.48921     
 88.81000      0.46801     
 88.82000      0.43980     
 88.83000      0.40821     
 88.84000      0.37660     
 88.85000      0.34786     
 88.86000      0.32436     
 88.87000      0.30759     
 88.88000      0.29830     
 88.89000      0.29643     
 88.90000      0.30131     
 88.91000      0.31145     
 88.92000      0.32445     
 88.93000      0.33725     
 88.94000      0.34688     
 88.95000      0.35168     
 88.96000      0.35181     
 88.97000      0.34848     
 88.98000      0.34277     
 88.99000      0.33550     
 89.00000      0.32759     
 89.01000      0.32043     
 89.02000      0.31543     
 89.03000      0.31312     
 89.04000      0.31271     
 89.05000      0.31213     
 89.06000      0.30879     
 89.07000      0.30080     
 89.08000      0.28791     
 89.09000      0.27125     
 89.10000      0.25264     
 89.11000      0.23389     
 89.12000      0.21665     
 89.13000      0.20223     
 89.14000      0.19152     
 89.15000      0.18496     
 89.16000      0.18251     
 89.17000      0.18385     
 89.18000      0.18810     
 89.19000      0.19385     
 89.20000      0.19910     
 89.21000      0.20160     
 89.22000      0.19951     
 89.23000      0.19223     
 89.24000      0.18060     
 89.25000      0.16635     
 89.26000      0.15134     
 89.27000      0.13698     
 89.28000      0.12409     
 89.29000      0.11308     
 89.30000      0.10405     
 89.31000      0.09689     
 89.32000      0.09140     
 89.33000      0.08736     
 89.34000      0.08445     
 89.35000      0.08243     
 89.36000      0.08116     
 89.37000      0.08062     
 89.38000      0.08092     
 89.39000      0.08216     
 89.40000      0.08445     
 89.41000      0.08789     
 89.42000      0.09248     
 89.43000      0.09815     
 89.44000      0.10467     
 89.45000      0.11157     
 89.46000      0.11818     
 89.47000      0.12367     
 89.48000      0.12741     
 89.49000      0.12917     
 89.50000      0.12924     
 89.51000      0.12830     
 89.52000      0.12721     
 89.53000      0.12685     
 89.54000      0.12798     
 89.55000      0.13106     
 89.56000      0.13631     
 89.57000      0.14362     
 89.58000      0.15245     
 89.59000      0.16187     
 89.60000      0.17049     
 89.61000      0.17691     
 89.62000      0.18025     
 89.63000      0.18074     
 89.64000      0.17952     
 89.65000      0.17793     
 89.66000      0.17703     
 89.67000      0.17746     
 89.68000      0.17972     
 89.69000      0.18445     
 89.70000      0.19244     
 89.71000      0.20451     
 89.72000      0.22116     
 89.73000      0.24259     
 89.74000      0.26850     
 89.75000      0.29806     
 89.76000      0.32976     
 89.77000      0.36107     
 89.78000      0.38807     
 89.79000      0.40591     
 89.80000      0.41061     
 89.81000      0.40129     
 89.82000      0.38086     
 89.83000      0.35436     
 89.84000      0.32665     
 89.85000      0.30109     
 89.86000      0.27939     
 89.87000      0.26198     
 89.88000      0.24852     
 89.89000      0.23843     
 89.90000      0.23136     
 89.91000      0.22749     
 89.92000      0.22729     
 89.93000      0.23131     
 89.94000      0.23996     
 89.95000      0.25358     
 89.96000      0.27244     
 89.97000      0.29679     
 89.98000      0.32668     
 89.99000      0.36153     
 90.00000      0.39984     
 90.01000      0.43921     
 90.02000      0.47700     
 90.03000      0.51179     
 90.04000      0.54392     
 90.05000      0.57463     
 90.06000      0.60437     
 90.07000      0.63164     
 90.08000      0.65336     
 90.09000      0.66548     
 90.10000      0.66372     
 90.11000      0.64479     
 90.12000      0.60843     
 90.13000      0.55847     
 90.14000      0.50134     
 90.15000      0.44347     
 90.16000      0.38951     
 90.17000      0.34205     
 90.18000      0.30220     
 90.19000      0.27023     
 90.20000      0.24580     
 90.21000      0.22836     
 90.22000      0.21729     
 90.23000      0.21195     
 90.24000      0.21177     
 90.25000      0.21612     
 90.26000      0.22431     
 90.27000      0.23546     
 90.28000      0.24835     
 90.29000      0.26162     
 90.30000      0.27406     
 90.31000      0.28546     
 90.32000      0.29676     
 90.33000      0.30960     
 90.34000      0.32544     
 90.35000      0.34487     
 90.36000      0.36718     
 90.37000      0.39031     
 90.38000      0.41122     
 90.39000      0.42701     
 90.40000      0.43616     
 90.41000      0.43884     
 90.42000      0.43598     
 90.43000      0.42839     
 90.44000      0.41693     
 90.45000      0.40322     
 90.46000      0.38958     
 90.47000      0.37846     
 90.48000      0.37128     
 90.49000      0.36803     
 90.50000      0.36713     
 90.51000      0.36564     
 90.52000      0.36022     
 90.53000      0.34860     
 90.54000      0.33078     
 90.55000      0.30889     
 90.56000      0.28581     
 90.57000      0.26405     
 90.58000      0.24527     
 90.59000      0.23037     
 90.60000      0.21978     
 90.61000      0.21362     
 90.62000      0.21187     
 90.63000      0.21443     
 90.64000      0.22114     
 90.65000      0.23180     
 90.66000      0.24617     
 90.67000      0.26413     
 90.68000      0.28560     
 90.69000      0.31056     
 90.70000      0.33889     
 90.71000      0.37037     
 90.72000      0.40500     
 90.73000      0.44325     
 90.74000      0.48562     
 90.75000      0.53195     
 90.76000      0.58070     
 90.77000      0.62866     
 90.78000      0.67131     
 90.79000      0.70339     
 90.80000      0.71985     
 90.81000      0.71771     
 90.82000      0.69829     
 90.83000      0.66743     
 90.84000      0.63324     
 90.85000      0.60334     
 90.86000      0.58330     
 90.87000      0.57661     
 90.88000      0.58504     
 90.89000      0.60898     
 90.90000      0.64756     
 90.91000      0.69851     
 90.92000      0.75789     
 90.93000      0.81957     
 90.94000      0.87482     
 90.95000      0.91294     
 90.96000      0.92447     
 90.97000      0.90575     
 90.98000      0.86128     
 90.99000      0.80128     
 91.00000      0.73676     
 91.01000      0.67616     
 91.02000      0.62439     
 91.03000      0.58340     
 91.04000      0.55289     
 91.05000      0.53112     
 91.06000      0.51547     
 91.07000      0.50302     
 91.08000      0.49091     
 91.09000      0.47695     
 91.10000      0.46056     
 91.11000      0.44307     
 91.12000      0.42716     
 91.13000      0.41571     
 91.14000      0.41115     
 91.15000      0.41530     
 91.16000      0.42945     
 91.17000      0.45448     
 91.18000      0.49098     
 91.19000      0.53891     
 91.20000      0.59773     
 91.21000      0.66582     
 91.22000      0.74021     
 91.23000      0.81640     
 91.24000      0.88929     
 91.25000      0.95471     
 91.26000      1.01041     
 91.27000      1.05452     
 91.28000      1.08278     
 91.29000      1.08808     
 91.30000      1.06376     
 91.31000      1.00860     
 91.32000      0.92897     
 91.33000      0.83591     
 91.34000      0.74041     
 91.35000      0.65031     
 91.36000      0.57003     
 91.37000      0.50113     
 91.38000      0.44342     
 91.39000      0.39560     
 91.40000      0.35598     
 91.41000      0.32306     
 91.42000      0.29578     
 91.43000      0.27377     
 91.44000      0.25683     
 91.45000      0.24492     
 91.46000      0.23803     
 91.47000      0.23624     
 91.48000      0.23973     
 91.49000      0.24872     
 91.50000      0.26346     
 91.51000      0.28412     
 91.52000      0.31066     
 91.53000      0.34261     
 91.54000      0.37874     
 91.55000      0.41664     
 91.56000      0.45229     
 91.57000      0.48032     
 91.58000      0.49535     
 91.59000      0.49442     
 91.60000      0.47864     
 91.61000      0.45253     
 91.62000      0.42156     
 91.63000      0.39009     
 91.64000      0.36047     
 91.65000      0.33319     
 91.66000      0.30769     
 91.67000      0.28309     
 91.68000      0.25895     
 91.69000      0.23542     
 91.70000      0.21304     
 91.71000      0.19245     
 91.72000      0.17405     
 91.73000      0.15811     
 91.74000      0.14453     
 91.75000      0.13318     
 91.76000      0.12383     
 91.77000      0.11627     
 91.78000      0.11024     
 91.79000      0.10555     
 91.80000      0.10202     
 91.81000      0.09951     
 91.82000      0.09789     
 91.83000      0.09715     
 91.84000      0.09722     
 91.85000      0.09810     
 91.86000      0.09985     
 91.87000      0.10246     
 91.88000      0.10598     
 91.89000      0.11045     
 91.90000      0.11589     
 91.91000      0.12223     
 91.92000      0.12939     
 91.93000      0.13709     
 91.94000      0.14503     
 91.95000      0.15307     
 91.96000      0.16139     
 91.97000      0.17059     
 91.98000      0.18155     
 91.99000      0.19516     
 92.00000      0.21205     
 92.01000      0.23248     
 92.02000      0.25623     
 92.03000      0.28239     
 92.04000      0.30927     
 92.05000      0.33430     
 92.06000      0.35432     
 92.07000      0.36612     
 92.08000      0.36734     
 92.09000      0.35756     
 92.10000      0.33865     
 92.11000      0.31406     
 92.12000      0.28745     
 92.13000      0.26173     
 92.14000      0.23867     
 92.15000      0.21923     
 92.16000      0.20378     
 92.17000      0.19234     
 92.18000      0.18476     
 92.19000      0.18078     
 92.20000      0.18006     
 92.21000      0.18229     
 92.22000      0.18704     
 92.23000      0.19381     
 92.24000      0.20197     
 92.25000      0.21088     
 92.26000      0.21995     
 92.27000      0.22904     
 92.28000      0.23855     
 92.29000      0.24917     
 92.30000      0.26170     
 92.31000      0.27651     
 92.32000      0.29358     
 92.33000      0.31235     
 92.34000      0.33183     
 92.35000      0.35073     
 92.36000      0.36791     
 92.37000      0.38287     
 92.38000      0.39620     
 92.39000      0.40981     
 92.40000      0.42641     
 92.41000      0.44894     
 92.42000      0.48013     
 92.43000      0.52253     
 92.44000      0.57842     
 92.45000      0.64996     
 92.46000      0.73884     
 92.47000      0.84592     
 92.48000      0.97057     
 92.49000      1.11021     
 92.50000      1.25987     
 92.51000      1.41179     
 92.52000      1.55454     
 92.53000      1.67237     
 92.54000      1.74650     
 92.55000      1.76098     
 92.56000      1.71116     
 92.57000      1.60716     
 92.58000      1.46903     
 92.59000      1.31817     
 92.60000      1.17125     
 92.61000      1.03888     
 92.62000      0.92681     
 92.63000      0.83761     
 92.64000      0.77202     
 92.65000      0.72966     
 92.66000      0.70968     
 92.67000      0.71087     
 92.68000      0.73178     
 92.69000      0.77056     
 92.70000      0.82464     
 92.71000      0.89023     
 92.72000      0.96183     
 92.73000      1.03240     
 92.74000      1.09476     
 92.75000      1.14364     
 92.76000      1.17738     
 92.77000      1.19820     
 92.78000      1.21073     
 92.79000      1.21988     
 92.80000      1.22875     
 92.81000      1.23684     
 92.82000      1.23968     
 92.83000      1.22970     
 92.84000      1.19958     
 92.85000      1.14658     
 92.86000      1.07476     
 92.87000      0.99299     
 92.88000      0.91094     
 92.89000      0.83619     
 92.90000      0.77340     
 92.91000      0.72473     
 92.92000      0.69064     
 92.93000      0.67035     
 92.94000      0.66232     
 92.95000      0.66457     
 92.96000      0.67572     
 92.97000      0.69552     
 92.98000      0.72500     
 92.99000      0.76563     
 93.00000      0.81832     
 93.01000      0.88259     
 93.02000      0.95630     
 93.03000      1.03609     
 93.04000      1.11816     
 93.05000      1.19865     
 93.06000      1.27299     
 93.07000      1.33469     
 93.08000      1.37436     
 93.09000      1.38150     
 93.10000      1.34904     
 93.11000      1.27816     
 93.12000      1.17859     
 93.13000      1.06417     
 93.14000      0.94769     
 93.15000      0.83814     
 93.16000      0.74068     
 93.17000      0.65765     
 93.18000      0.58955     
 93.19000      0.53585     
 93.20000      0.49543     
 93.21000      0.46685     
 93.22000      0.44845     
 93.23000      0.43864     
 93.24000      0.43581     
 93.25000      0.43889     
 93.26000      0.44761     
 93.27000      0.46264     
 93.28000      0.48539     
 93.29000      0.51745     
 93.30000      0.56016     
 93.31000      0.61427     
 93.32000      0.67967     
 93.33000      0.75484     
 93.34000      0.83652     
 93.35000      0.91938     
 93.36000      0.99623     
 93.37000      1.05876     
 93.38000      1.09860     
 93.39000      1.10888     
 93.40000      1.08651     
 93.41000      1.03382     
 93.42000      0.95818     
 93.43000      0.86954     
 93.44000      0.77746     
 93.45000      0.68920     
 93.46000      0.60927     
 93.47000      0.53991     
 93.48000      0.48187     
 93.49000      0.43494     
 93.50000      0.39849     
 93.51000      0.37168     
 93.52000      0.35375     
 93.53000      0.34398     
 93.54000      0.34196     
 93.55000      0.34753     
 93.56000      0.36082     
 93.57000      0.38222     
 93.58000      0.41230     
 93.59000      0.45169     
 93.60000      0.50089     
 93.61000      0.56003     
 93.62000      0.62844     
 93.63000      0.70420     
 93.64000      0.78402     
 93.65000      0.86344     
 93.66000      0.93771     
 93.67000      1.00238     
 93.68000      1.05271     
 93.69000      1.08271     
 93.70000      1.08580     
 93.71000      1.05787     
 93.72000      1.00065     
 93.73000      0.92183     
 93.74000      0.83186     
 93.75000      0.74029     
 93.76000      0.65376     
 93.77000      0.57613     
 93.78000      0.50910     
 93.79000      0.45304     
 93.80000      0.40752     
 93.81000      0.37181     
 93.82000      0.34498     
 93.83000      0.32612     
 93.84000      0.31445     
 93.85000      0.30940     
 93.86000      0.31064     
 93.87000      0.31802     
 93.88000      0.33165     
 93.89000      0.35170     
 93.90000      0.37848     
 93.91000      0.41208     
 93.92000      0.45230     
 93.93000      0.49843     
 93.94000      0.54905     
 93.95000      0.60200     
 93.96000      0.65437     
 93.97000      0.70237     
 93.98000      0.74119     
 93.99000      0.76552     
 94.00000      0.77128     
 94.01000      0.75791     
 94.02000      0.72900     
 94.03000      0.69106     
 94.04000      0.65109     
 94.05000      0.61486     
 94.06000      0.58642     
 94.07000      0.56830     
 94.08000      0.56208     
 94.09000      0.56857     
 94.10000      0.58821     
 94.11000      0.62104     
 94.12000      0.66654     
 94.13000      0.72340     
 94.14000      0.78951     
 94.15000      0.86233     
 94.16000      0.93992     
 94.17000      1.02207     
 94.18000      1.11024     
 94.19000      1.20585     
 94.20000      1.30803     
 94.21000      1.41156     
 94.22000      1.50636     
 94.23000      1.57899     
 94.24000      1.61645     
 94.25000      1.61052     
 94.26000      1.56060     
 94.27000      1.47349     
 94.28000      1.36079     
 94.29000      1.23511     
 94.30000      1.10733     
 94.31000      0.98553     
 94.32000      0.87511     
 94.33000      0.77922     
 94.34000      0.69927     
 94.35000      0.63550     
 94.36000      0.58747     
 94.37000      0.55433     
 94.38000      0.53525     
 94.39000      0.52940     
 94.40000      0.53619     
 94.41000      0.55515     
 94.42000      0.58583     
 94.43000      0.62760     
 94.44000      0.67960     
 94.45000      0.74079     
 94.46000      0.81037     
 94.47000      0.88804     
 94.48000      0.97364     
 94.49000      1.06583     
 94.50000      1.16047     
 94.51000      1.24941     
 94.52000      1.32091     
 94.53000      1.36231     
 94.54000      1.36458     
 94.55000      1.32596     
 94.56000      1.25229     
 94.57000      1.15430     
 94.58000      1.04407     
 94.59000      0.93218     
 94.60000      0.82632     
 94.61000      0.73122     
 94.62000      0.64917     
 94.63000      0.58090     
 94.64000      0.52613     
 94.65000      0.48409     
 94.66000      0.45371     
 94.67000      0.43392     
 94.68000      0.42367     
 94.69000      0.42204     
 94.70000      0.42819     
 94.71000      0.44132     
 94.72000      0.46054     
 94.73000      0.48488     
 94.74000      0.51341     
 94.75000      0.54567     
 94.76000      0.58207     
 94.77000      0.62380     
 94.78000      0.67227     
 94.79000      0.72817     
 94.80000      0.79091     
 94.81000      0.85821     
 94.82000      0.92662     
 94.83000      0.99255     
 94.84000      1.05327     
 94.85000      1.10734     
 94.86000      1.15382     
 94.87000      1.19151     
 94.88000      1.21861     
 94.89000      1.23277     
 94.90000      1.23079     
 94.91000      1.20911     
 94.92000      1.16536     
 94.93000      1.10061     
 94.94000      1.01998     
 94.95000      0.93130     
 94.96000      0.84248     
 94.97000      0.75962     
 94.98000      0.68655     
 94.99000      0.62511     
 95.00000      0.57577     
 95.01000      0.53818     
 95.02000      0.51145     
 95.03000      0.49439     
 95.04000      0.48579     
 95.05000      0.48470     
 95.06000      0.49078     
 95.07000      0.50436     
 95.08000      0.52629     
 95.09000      0.55759     
 95.10000      0.59922     
 95.11000      0.65190     
 95.12000      0.71603     
 95.13000      0.79173     
 95.14000      0.87846     
 95.15000      0.97450     
 95.16000      1.07627     
 95.17000      1.17820     
 95.18000      1.27349     
 95.19000      1.35563     
 95.20000      1.42005     
 95.21000      1.46454     
 95.22000      1.48837     
 95.23000      1.49080     
 95.24000      1.46999     
 95.25000      1.42383     
 95.26000      1.35159     
 95.27000      1.25642     
 95.28000      1.14572     
 95.29000      1.02892     
 95.30000      0.91465     
 95.31000      0.80906     
 95.32000      0.71559     
 95.33000      0.63562     
 95.34000      0.56927     
 95.35000      0.51594     
 95.36000      0.47471     
 95.37000      0.44454     
 95.38000      0.42448     
 95.39000      0.41373     
 95.40000      0.41169     
 95.41000      0.41799     
 95.42000      0.43247     
 95.43000      0.45514     
 95.44000      0.48608     
 95.45000      0.52521     
 95.46000      0.57212     
 95.47000      0.62583     
 95.48000      0.68475     
 95.49000      0.74715     
 95.50000      0.81196     
 95.51000      0.87934     
 95.52000      0.95019     
 95.53000      1.02479     
 95.54000      1.10126     
 95.55000      1.17480     
 95.56000      1.23823     
 95.57000      1.28350     
 95.58000      1.30365     
 95.59000      1.29480     
 95.60000      1.25767     
 95.61000      1.19784     
 95.62000      1.12355     
 95.63000      1.04257     
 95.64000      0.96009     
 95.65000      0.87846     
 95.66000      0.79862     
 95.67000      0.72153     
 95.68000      0.64887     
 95.69000      0.58262     
 95.70000      0.52442     
 95.71000      0.47518     
 95.72000      0.43514     
 95.73000      0.40412     
 95.74000      0.38175     
 95.75000      0.36763     
 95.76000      0.36143     
 95.77000      0.36293     
 95.78000      0.37198     
 95.79000      0.38849     
 95.80000      0.41240     
 95.81000      0.44358     
 95.82000      0.48172     
 95.83000      0.52609     
 95.84000      0.57510     
 95.85000      0.62609     
 95.86000      0.67536     
 95.87000      0.71863     
 95.88000      0.75191     
 95.89000      0.77254     
 95.90000      0.77991     
 95.91000      0.77581     
 95.92000      0.76402     
 95.93000      0.74872     
 95.94000      0.73297     
 95.95000      0.71761     
 95.96000      0.70149     
 95.97000      0.68226     
 95.98000      0.65764     
 95.99000      0.62657     
 96.00000      0.58979     
 96.01000      0.54942     
 96.02000      0.50790     
 96.03000      0.46701     
 96.04000      0.42779     
 96.05000      0.39082     
 96.06000      0.35672     
 96.07000      0.32622     
 96.08000      0.30000     
 96.09000      0.27846     
 96.10000      0.26174     
 96.11000      0.24967     
 96.12000      0.24189     
 96.13000      0.23779     
 96.14000      0.23660     
 96.15000      0.23722     
 96.16000      0.23832     
 96.17000      0.23862     
 96.18000      0.23721     
 96.19000      0.23391     
 96.20000      0.22939     
 96.21000      0.22480     
 96.22000      0.22125     
 96.23000      0.21956     
 96.24000      0.22010     
 96.25000      0.22276     
 96.26000      0.22694     
 96.27000      0.23153     
 96.28000      0.23509     
 96.29000      0.23610     
 96.30000      0.23361     
 96.31000      0.22753     
 96.32000      0.21853     
 96.33000      0.20754     
 96.34000      0.19536     
 96.35000      0.18247     
 96.36000      0.16926     
 96.37000      0.15613     
 96.38000      0.14357     
 96.39000      0.13199     
 96.40000      0.12170     
 96.41000      0.11283     
 96.42000      0.10541     
 96.43000      0.09944     
 96.44000      0.09481     
 96.45000      0.09147     
 96.46000      0.08935     
 96.47000      0.08838     
 96.48000      0.08852     
 96.49000      0.08973     
 96.50000      0.09200     
 96.51000      0.09525     
 96.52000      0.09938     
 96.53000      0.10422     
 96.54000      0.10942     
 96.55000      0.11450     
 96.56000      0.11875     
 96.57000      0.12139     
 96.58000      0.12181     
 96.59000      0.11979     
 96.60000      0.11567     
 96.61000      0.11014     
 96.62000      0.10394     
 96.63000      0.09771     
 96.64000      0.09188     
 96.65000      0.08668     
 96.66000      0.08224     
 96.67000      0.07860     
 96.68000      0.07576     
 96.69000      0.07367     
 96.70000      0.07231     
 96.71000      0.07164     
 96.72000      0.07165     
 96.73000      0.07233     
 96.74000      0.07372     
 96.75000      0.07585     
 96.76000      0.07881     
 96.77000      0.08270     
 96.78000      0.08765     
 96.79000      0.09378     
 96.80000      0.10118     
 96.81000      0.10994     
 96.82000      0.12009     
 96.83000      0.13150     
 96.84000      0.14389     
 96.85000      0.15672     
 96.86000      0.16910     
 96.87000      0.17988     
 96.88000      0.18774     
 96.89000      0.19169     
 96.90000      0.19131     
 96.91000      0.18693     
 96.92000      0.17953     
 96.93000      0.17036     
 96.94000      0.16067     
 96.95000      0.15146     
 96.96000      0.14348     
 96.97000      0.13717     
 96.98000      0.13282     
 96.99000      0.13060     
 97.00000      0.13063     
 97.01000      0.13302     
 97.02000      0.13780     
 97.03000      0.14508     
 97.04000      0.15486     
 97.05000      0.16715     
 97.06000      0.18185     
 97.07000      0.19871     
 97.08000      0.21715     
 97.09000      0.23622     
 97.10000      0.25448     
 97.11000      0.27017     
 97.12000      0.28161     
 97.13000      0.28788     
 97.14000      0.28917     
 97.15000      0.28652     
 97.16000      0.28125     
 97.17000      0.27442     
 97.18000      0.26676     
 97.19000      0.25868     
 97.20000      0.25054     
 97.21000      0.24272     
 97.22000      0.23560     
 97.23000      0.22972     
 97.24000      0.22565     
 97.25000      0.22392     
 97.26000      0.22504     
 97.27000      0.22934     
 97.28000      0.23708     
 97.29000      0.24844     
 97.30000      0.26345     
 97.31000      0.28206     
 97.32000      0.30400     
 97.33000      0.32875     
 97.34000      0.35544     
 97.35000      0.38299     
 97.36000      0.41033     
 97.37000      0.43701     
 97.38000      0.46364     
 97.39000      0.49185     
 97.40000      0.52387     
 97.41000      0.56188     
 97.42000      0.60754     
 97.43000      0.66197     
 97.44000      0.72587     
 97.45000      0.79968     
 97.46000      0.88334     
 97.47000      0.97562     
 97.48000      1.07330     
 97.49000      1.17059     
 97.50000      1.25951     
 97.51000      1.33127     
 97.52000      1.37829     
 97.53000      1.39572     
 97.54000      1.38181     
 97.55000      1.33804     
 97.56000      1.26926     
 97.57000      1.18344     
 97.58000      1.08994     
 97.59000      0.99721     
 97.60000      0.91133     
 97.61000      0.83575     
 97.62000      0.77171     
 97.63000      0.71911     
 97.64000      0.67733     
 97.65000      0.64572     
 97.66000      0.62377     
 97.67000      0.61103     
 97.68000      0.60708     
 97.69000      0.61169     
 97.70000      0.62490     
 97.71000      0.64692     
 97.72000      0.67773     
 97.73000      0.71664     
 97.74000      0.76188     
 97.75000      0.81062     
 97.76000      0.85928     
 97.77000      0.90439     
 97.78000      0.94327     
 97.79000      0.97431     
 97.80000      0.99687     
 97.81000      1.01061     
 97.82000      1.01490     
 97.83000      1.00872     
 97.84000      0.99112     
 97.85000      0.96175     
 97.86000      0.92101     
 97.87000      0.87041     
 97.88000      0.81286     
 97.89000      0.75243     
 97.90000      0.69344     
 97.91000      0.63953     
 97.92000      0.59306     
 97.93000      0.55512     
 97.94000      0.52581     
 97.95000      0.50464     
 97.96000      0.49079     
 97.97000      0.48326     
 97.98000      0.48074     
 97.99000      0.48146     
 98.00000      0.48326     
 98.01000      0.48405     
 98.02000      0.48248     
 98.03000      0.47841     
 98.04000      0.47262     
 98.05000      0.46609     
 98.06000      0.45918     
 98.07000      0.45139     
 98.08000      0.44154     
 98.09000      0.42835     
 98.10000      0.41095     
 98.11000      0.38929     
 98.12000      0.36417     
 98.13000      0.33707     
 98.14000      0.30962     
 98.15000      0.28330     
 98.16000      0.25915     
 98.17000      0.23780     
 98.18000      0.21950     
 98.19000      0.20430     
 98.20000      0.19212     
 98.21000      0.18282     
 98.22000      0.17623     
 98.23000      0.17218     
 98.24000      0.17048     
 98.25000      0.17096     
 98.26000      0.17343     
 98.27000      0.17763     
 98.28000      0.18332     
 98.29000      0.19002     
 98.30000      0.19708     
 98.31000      0.20356     
 98.32000      0.20842     
 98.33000      0.21071     
 98.34000      0.20995     
 98.35000      0.20631     
 98.36000      0.20054     
 98.37000      0.19365     
 98.38000      0.18657     
 98.39000      0.18000     
 98.40000      0.17438     
 98.41000      0.16994     
 98.42000      0.16680     
 98.43000      0.16500     
 98.44000      0.16452     
 98.45000      0.16540     
 98.46000      0.16768     
 98.47000      0.17141     
 98.48000      0.17670     
 98.49000      0.18368     
 98.50000      0.19254     
 98.51000      0.20353     
 98.52000      0.21695     
 98.53000      0.23314     
 98.54000      0.25253     
 98.55000      0.27555     
 98.56000      0.30267     
 98.57000      0.33431     
 98.58000      0.37084     
 98.59000      0.41240     
 98.60000      0.45878     
 98.61000      0.50940     
 98.62000      0.56326     
 98.63000      0.61925     
 98.64000      0.67646     
 98.65000      0.73455     
 98.66000      0.79369     
 98.67000      0.85420     
 98.68000      0.91613     
 98.69000      0.97857     
 98.70000      1.03885     
 98.71000      1.09239     
 98.72000      1.13353     
 98.73000      1.15726     
 98.74000      1.16157     
 98.75000      1.14856     
 98.76000      1.12405     
 98.77000      1.09554     
 98.78000      1.07008     
 98.79000      1.05305     
 98.80000      1.04791     
 98.81000      1.05631     
 98.82000      1.07820     
 98.83000      1.11158     
 98.84000      1.15222     
 98.85000      1.19377     
 98.86000      1.22888     
 98.87000      1.25144     
 98.88000      1.25914     
 98.89000      1.25481     
 98.90000      1.24510     
 98.91000      1.23794     
 98.92000      1.24016     
 98.93000      1.25617     
 98.94000      1.28774     
 98.95000      1.33404     
 98.96000      1.39180     
 98.97000      1.45544     
 98.98000      1.51738     
 98.99000      1.56899     
 99.00000      1.60250     
 99.01000      1.61266     
 99.02000      1.59780     
 99.03000      1.55956     
 99.04000      1.50172     
 99.05000      1.42903     
 99.06000      1.34642     
 99.07000      1.25895     
 99.08000      1.17166     
 99.09000      1.08923     
 99.10000      1.01522     
 99.11000      0.95182     
 99.12000      0.89988     
 99.13000      0.85944     
 99.14000      0.82993     
 99.15000      0.81027     
 99.16000      0.79857     
 99.17000      0.79184     
 99.18000      0.78626     
 99.19000      0.77800     
 99.20000      0.76454     
 99.21000      0.74566     
 99.22000      0.72350     
 99.23000      0.70156     
 99.24000      0.68338     
 99.25000      0.67170     
 99.26000      0.66816     
 99.27000      0.67318     
 99.28000      0.68609     
 99.29000      0.70491     
 99.30000      0.72650     
 99.31000      0.74678     
 99.32000      0.76142     
 99.33000      0.76694     
 99.34000      0.76146     
 99.35000      0.74501     
 99.36000      0.71918     
 99.37000      0.68627     
 99.38000      0.64861     
 99.39000      0.60821     
 99.40000      0.56687     
 99.41000      0.52629     
 99.42000      0.48806     
 99.43000      0.45338     
 99.44000      0.42300     
 99.45000      0.39728     
 99.46000      0.37642     
 99.47000      0.36055     
 99.48000      0.34986     
 99.49000      0.34449     
 99.50000      0.34449     
 99.51000      0.34983     
 99.52000      0.36031     
 99.53000      0.37554     
 99.54000      0.39485     
 99.55000      0.41714     
 99.56000      0.44084     
 99.57000      0.46393     
 99.58000      0.48434     
 99.59000      0.50066     
 99.60000      0.51261     
 99.61000      0.52135     
 99.62000      0.52900     
 99.63000      0.53798     
 99.64000      0.55046     
 99.65000      0.56791     
 99.66000      0.59102     
 99.67000      0.61971     
 99.68000      0.65336     
 99.69000      0.69109     
 99.70000      0.73125     
 99.71000      0.77150     
 99.72000      0.80822     
 99.73000      0.83676     
 99.74000      0.85200     
 99.75000      0.84980     
 99.76000      0.82855     
 99.77000      0.78999     
 99.78000      0.73871     
 99.79000      0.68065     
 99.80000      0.62130     
 99.81000      0.56489     
 99.82000      0.51415     
 99.83000      0.47058     
 99.84000      0.43486     
 99.85000      0.40698     
 99.86000      0.38657     
 99.87000      0.37288     
 99.88000      0.36483     
 99.89000      0.36111     
 99.90000      0.36018     
 99.91000      0.36054     
 99.92000      0.36109     
 99.93000      0.36139     
 99.94000      0.36171     
 99.95000      0.36278     
 99.96000      0.36550     
 99.97000      0.37056     
 99.98000      0.37832     
 99.99000      0.38868     
100.00000      0.40130     
100.01000      0.41577     
100.02000      0.43180     
100.03000      0.44916     
100.04000      0.46738     
100.05000      0.48537     
100.06000      0.50127     
100.07000      0.51277     
100.08000      0.51786     
100.09000      0.51563     
100.10000      0.50679     
100.11000      0.49339     
100.12000      0.47799     
100.13000      0.46282     
100.14000      0.44922     
100.15000      0.43755     
100.16000      0.42735     
100.17000      0.41778     
100.18000      0.40786     
100.19000      0.39683     
100.20000      0.38425     
100.21000      0.37017     
100.22000      0.35514     
100.23000      0.34019     
100.24000      0.32657     
100.25000      0.31541     
100.26000      0.30763     
100.27000      0.30390     
100.28000      0.30473     
100.29000      0.31039     
100.30000      0.32112     
100.31000      0.33692     
100.32000      0.35766     
100.33000      0.38297     
100.34000      0.41232     
100.35000      0.44508     
100.36000      0.48065     
100.37000      0.51853     
100.38000      0.55827     
100.39000      0.59920     
100.40000      0.64008     
100.41000      0.67876     
100.42000      0.71225     
100.43000      0.73723     
100.44000      0.75071     
100.45000      0.75077     
100.46000      0.73719     
100.47000      0.71162     
100.48000      0.67705     
100.49000      0.63696     
100.50000      0.59429     
100.51000      0.55113     
100.52000      0.50867     
100.53000      0.46755     
100.54000      0.42829     
100.55000      0.39143     
100.56000      0.35758     
100.57000      0.32738     
100.58000      0.30126     
100.59000      0.27952     
100.60000      0.26219     
100.61000      0.24919     
100.62000      0.24035     
100.63000      0.23557     
100.64000      0.23463     
100.65000      0.23733     
100.66000      0.24337     
100.67000      0.25247     
100.68000      0.26420     
100.69000      0.27811     
100.70000      0.29376     
100.71000      0.31075     
100.72000      0.32863     
100.73000      0.34676     
100.74000      0.36415     
100.75000      0.37937     
100.76000      0.39081     
100.77000      0.39684     
100.78000      0.39630     
100.79000      0.38879     
100.80000      0.37487     
100.81000      0.35601     
100.82000      0.33411     
100.83000      0.31111     
100.84000      0.28850     
100.85000      0.26733     
100.86000      0.24821     
100.87000      0.23151     
100.88000      0.21746     
100.89000      0.20627     
100.90000      0.19803     
100.91000      0.19282     
100.92000      0.19064     
100.93000      0.19142     
100.94000      0.19503     
100.95000      0.20130     
100.96000      0.20991     
100.97000      0.22046     
100.98000      0.23231     
100.99000      0.24457     
101.00000      0.25614     
101.01000      0.26586     
101.02000      0.27254     
101.03000      0.27535     
101.04000      0.27386     
101.05000      0.26836     
101.06000      0.25973     
101.07000      0.24930     
101.08000      0.23846     
101.09000      0.22838     
101.10000      0.21995     
101.11000      0.21379     
101.12000      0.21029     
101.13000      0.20973     
101.14000      0.21225     
101.15000      0.21796     
101.16000      0.22687     
101.17000      0.23896     
101.18000      0.25408     
101.19000      0.27196     
101.20000      0.29208     
101.21000      0.31359     
101.22000      0.33530     
101.23000      0.35567     
101.24000      0.37320     
101.25000      0.38694     
101.26000      0.39695     
101.27000      0.40441     
101.28000      0.41122     
101.29000      0.41942     
101.30000      0.43068     
101.31000      0.44617     
101.32000      0.46635     
101.33000      0.49115     
101.34000      0.51979     
101.35000      0.55089     
101.36000      0.58257     
101.37000      0.61268     
101.38000      0.63941     
101.39000      0.66198     
101.40000      0.68105     
101.41000      0.69845     
101.42000      0.71632     
101.43000      0.73628     
101.44000      0.75864     
101.45000      0.78222     
101.46000      0.80476     
101.47000      0.82378     
101.48000      0.83785     
101.49000      0.84758     
101.50000      0.85561     
101.51000      0.86590     
101.52000      0.88229     
101.53000      0.90761     
101.54000      0.94319     
101.55000      0.98862     
101.56000      1.04152     
101.57000      1.09738     
101.58000      1.14957     
101.59000      1.19005     
101.60000      1.21092     
101.61000      1.20683     
101.62000      1.17691     
101.63000      1.12507     
101.64000      1.05835     
101.65000      0.98450     
101.66000      0.91012     
101.67000      0.83989     
101.68000      0.77661     
101.69000      0.72158     
101.70000      0.67495     
101.71000      0.63605     
101.72000      0.60387     
101.73000      0.57745     
101.74000      0.55621     
101.75000      0.54006     
101.76000      0.52895     
101.77000      0.52266     
101.78000      0.52050     
101.79000      0.52121     
101.80000      0.52313     
101.81000      0.52459     
101.82000      0.52460     
101.83000      0.52317     
101.84000      0.52143     
101.85000      0.52117     
101.86000      0.52426     
101.87000      0.53209     
101.88000      0.54550     
101.89000      0.56448     
101.90000      0.58817     
101.91000      0.61473     
101.92000      0.64125     
101.93000      0.66388     
101.94000      0.67859     
101.95000      0.68220     
101.96000      0.67365     
101.97000      0.65441     
101.98000      0.62779     
101.99000      0.59789     
102.00000      0.56843     
102.01000      0.54235     
102.02000      0.52181     
102.03000      0.50831     
102.04000      0.50279     
102.05000      0.50574     
102.06000      0.51733     
102.07000      0.53721     
102.08000      0.56460     
102.09000      0.59805     
102.10000      0.63542     
102.11000      0.67389     
102.12000      0.71010     
102.13000      0.74044     
102.14000      0.76137     
102.15000      0.76993     
102.16000      0.76442     
102.17000      0.74523     
102.18000      0.71489     
102.19000      0.67746     
102.20000      0.63738     
102.21000      0.59854     
102.22000      0.56378     
102.23000      0.53489     
102.24000      0.51278     
102.25000      0.49779     
102.26000      0.48974     
102.27000      0.48828     
102.28000      0.49293     
102.29000      0.50335     
102.30000      0.51922     
102.31000      0.54013     
102.32000      0.56536     
102.33000      0.59384     
102.34000      0.62425     
102.35000      0.65541     
102.36000      0.68671     
102.37000      0.71824     
102.38000      0.75037     
102.39000      0.78302     
102.40000      0.81504     
102.41000      0.84395     
102.42000      0.86650     
102.43000      0.87967     
102.44000      0.88185     
102.45000      0.87325     
102.46000      0.85548     
102.47000      0.83051     
102.48000      0.79993     
102.49000      0.76463     
102.50000      0.72514     
102.51000      0.68219     
102.52000      0.63716     
102.53000      0.59203     
102.54000      0.54899     
102.55000      0.50995     
102.56000      0.47631     
102.57000      0.44887     
102.58000      0.42794     
102.59000      0.41350     
102.60000      0.40524     
102.61000      0.40273     
102.62000      0.40542     
102.63000      0.41274     
102.64000      0.42404     
102.65000      0.43867     
102.66000      0.45588     
102.67000      0.47499     
102.68000      0.49551     
102.69000      0.51716     
102.70000      0.54005     
102.71000      0.56457     
102.72000      0.59120     
102.73000      0.62008     
102.74000      0.65063     
102.75000      0.68115     
102.76000      0.70881     
102.77000      0.73002     
102.78000      0.74126     
102.79000      0.74012     
102.80000      0.72611     
102.81000      0.70086     
102.82000      0.66759     
102.83000      0.63009     
102.84000      0.59181     
102.85000      0.55526     
102.86000      0.52184     
102.87000      0.49193     
102.88000      0.46505     
102.89000      0.44024     
102.90000      0.41644     
102.91000      0.39295     
102.92000      0.36970     
102.93000      0.34715     
102.94000      0.32603     
102.95000      0.30704     
102.96000      0.29065     
102.97000      0.27708     
102.98000      0.26630     
102.99000      0.25814     
103.00000      0.25232     
103.01000      0.24858     
103.02000      0.24684     
103.03000      0.24710     
103.04000      0.24956     
103.05000      0.25441     
103.06000      0.26181     
103.07000      0.27178     
103.08000      0.28417     
103.09000      0.29859     
103.10000      0.31439     
103.11000      0.33052     
103.12000      0.34561     
103.13000      0.35792     
103.14000      0.36580     
103.15000      0.36813     
103.16000      0.36471     
103.17000      0.35635     
103.18000      0.34457     
103.19000      0.33106     
103.20000      0.31727     
103.21000      0.30413     
103.22000      0.29201     
103.23000      0.28084     
103.24000      0.27029     
103.25000      0.25993     
103.26000      0.24956     
103.27000      0.23922     
103.28000      0.22922     
103.29000      0.21997     
103.30000      0.21186     
103.31000      0.20516     
103.32000      0.20004     
103.33000      0.19661     
103.34000      0.19494     
103.35000      0.19504     
103.36000      0.19696     
103.37000      0.20078     
103.38000      0.20659     
103.39000      0.21455     
103.40000      0.22479     
103.41000      0.23755     
103.42000      0.25306     
103.43000      0.27163     
103.44000      0.29353     
103.45000      0.31910     
103.46000      0.34862     
103.47000      0.38229     
103.48000      0.42021     
103.49000      0.46231     
103.50000      0.50830     
103.51000      0.55765     
103.52000      0.60946     
103.53000      0.66233     
103.54000      0.71436     
103.55000      0.76337     
103.56000      0.80763     
103.57000      0.84675     
103.58000      0.88221     
103.59000      0.91721     
103.60000      0.95571     
103.61000      1.00138     
103.62000      1.05680     
103.63000      1.12300     
103.64000      1.19908     
103.65000      1.28196     
103.66000      1.36624     
103.67000      1.44439     
103.68000      1.50804     
103.69000      1.55013     
103.70000      1.56722     
103.71000      1.56055     
103.72000      1.53490     
103.73000      1.49616     
103.74000      1.44880     
103.75000      1.39484     
103.76000      1.33414     
103.77000      1.26594     
103.78000      1.19051     
103.79000      1.10999     
103.80000      1.02808     
103.81000      0.94894     
103.82000      0.87620     
103.83000      0.81240     
103.84000      0.75896     
103.85000      0.71634     
103.86000      0.68423     
103.87000      0.66180     
103.88000      0.64763     
103.89000      0.63993     
103.90000      0.63663     
103.91000      0.63582     
103.92000      0.63619     
103.93000      0.63747     
103.94000      0.64047     
103.95000      0.64667     
103.96000      0.65768     
103.97000      0.67479     
103.98000      0.69860     
103.99000      0.72903     
104.00000      0.76490     
104.01000      0.80401     
104.02000      0.84309     
104.03000      0.87822     
104.04000      0.90571     
104.05000      0.92329     
104.06000      0.93085     
104.07000      0.93038     
104.08000      0.92488     
104.09000      0.91709     
104.10000      0.90858     
104.11000      0.89961     
104.12000      0.88957     
104.13000      0.87775     
104.14000      0.86375     
104.15000      0.84755     
104.16000      0.82886     
104.17000      0.80675     
104.18000      0.77975     
104.19000      0.74637     
104.20000      0.70605     
104.21000      0.65966     
104.22000      0.60927     
104.23000      0.55749     
104.24000      0.50671     
104.25000      0.45870     
104.26000      0.41456     
104.27000      0.37481     
104.28000      0.33960     
104.29000      0.30880     
104.30000      0.28218     
104.31000      0.25946     
104.32000      0.24028     
104.33000      0.22433     
104.34000      0.21128     
104.35000      0.20081     
104.36000      0.19267     
104.37000      0.18668     
104.38000      0.18269     
104.39000      0.18060     
104.40000      0.18042     
104.41000      0.18219     
104.42000      0.18597     
104.43000      0.19188     
104.44000      0.20006     
104.45000      0.21065     
104.46000      0.22375     
104.47000      0.23940     
104.48000      0.25756     
104.49000      0.27800     
104.50000      0.30019     
104.51000      0.32335     
104.52000      0.34623     
104.53000      0.36723     
104.54000      0.38460     
104.55000      0.39680     
104.56000      0.40280     
104.57000      0.40223     
104.58000      0.39531     
104.59000      0.38267     
104.60000      0.36544     
104.61000      0.34495     
104.62000      0.32276     
104.63000      0.30030     
104.64000      0.27875     
104.65000      0.25902     
104.66000      0.24164     
104.67000      0.22690     
104.68000      0.21492     
104.69000      0.20573     
104.70000      0.19925     
104.71000      0.19547     
104.72000      0.19434     
104.73000      0.19584     
104.74000      0.19998     
104.75000      0.20680     
104.76000      0.21640     
104.77000      0.22887     
104.78000      0.24431     
104.79000      0.26276     
104.80000      0.28425     
104.81000      0.30872     
104.82000      0.33613     
104.83000      0.36652     
104.84000      0.39983     
104.85000      0.43602     
104.86000      0.47463     
104.87000      0.51465     
104.88000      0.55433     
104.89000      0.59126     
104.90000      0.62259     
104.91000      0.64570     
104.92000      0.65879     
104.93000      0.66125     
104.94000      0.65362     
104.95000      0.63743     
104.96000      0.61458     
104.97000      0.58721     
104.98000      0.55738     
104.99000      0.52694     
105.00000      0.49746     
105.01000      0.47007     
105.02000      0.44545     
105.03000      0.42376     
105.04000      0.40480     
105.05000      0.38824     
105.06000      0.37380     
105.07000      0.36137     
105.08000      0.35096     
105.09000      0.34248     
105.10000      0.33574     
105.11000      0.33032     
105.12000      0.32580     
105.13000      0.32185     
105.14000      0.31842     
105.15000      0.31576     
105.16000      0.31429     
105.17000      0.31450     
105.18000      0.31677     
105.19000      0.32138     
105.20000      0.32851     
105.21000      0.33821     
105.22000      0.35033     
105.23000      0.36446     
105.24000      0.37982     
105.25000      0.39534     
105.26000      0.40980     
105.27000      0.42209     
105.28000      0.43156     
105.29000      0.43824     
105.30000      0.44277     
105.31000      0.44629     
105.32000      0.45015     
105.33000      0.45563     
105.34000      0.46397     
105.35000      0.47618     
105.36000      0.49310     
105.37000      0.51529     
105.38000      0.54299     
105.39000      0.57591     
105.40000      0.61320     
105.41000      0.65331     
105.42000      0.69387     
105.43000      0.73165     
105.44000      0.76273     
105.45000      0.78308     
105.46000      0.78950     
105.47000      0.78074     
105.48000      0.75788     
105.49000      0.72411     
105.50000      0.68350     
105.51000      0.64014     
105.52000      0.59746     
105.53000      0.55792     
105.54000      0.52312     
105.55000      0.49386     
105.56000      0.47035     
105.57000      0.45231     
105.58000      0.43914     
105.59000      0.43010     
105.60000      0.42452     
105.61000      0.42190     
105.62000      0.42190     
105.63000      0.42427     
105.64000      0.42851     
105.65000      0.43379     
105.66000      0.43907     
105.67000      0.44310     
105.68000      0.44498     
105.69000      0.44445     
105.70000      0.44207     
105.71000      0.43913     
105.72000      0.43714     
105.73000      0.43752     
105.74000      0.44137     
105.75000      0.44925     
105.76000      0.46131     
105.77000      0.47710     
105.78000      0.49558     
105.79000      0.51503     
105.80000      0.53309     
105.81000      0.54696     
105.82000      0.55394     
105.83000      0.55221     
105.84000      0.54141     
105.85000      0.52274     
105.86000      0.49849     
105.87000      0.47136     
105.88000      0.44378     
105.89000      0.41765     
105.90000      0.39426     
105.91000      0.37435     
105.92000      0.35827     
105.93000      0.34606     
105.94000      0.33755     
105.95000      0.33241     
105.96000      0.33030     
105.97000      0.33091     
105.98000      0.33398     
105.99000      0.33937     
106.00000      0.34685     
106.01000      0.35604     
106.02000      0.36636     
106.03000      0.37700     
106.04000      0.38710     
106.05000      0.39584     
106.06000      0.40279     
106.07000      0.40790     
106.08000      0.41166     
106.09000      0.41488     
106.10000      0.41865     
106.11000      0.42406     
106.12000      0.43220     
106.13000      0.44381     
106.14000      0.45946     
106.15000      0.47944     
106.16000      0.50385     
106.17000      0.53273     
106.18000      0.56615     
106.19000      0.60435     
106.20000      0.64781     
106.21000      0.69711     
106.22000      0.75285     
106.23000      0.81527     
106.24000      0.88403     
106.25000      0.95788     
106.26000      1.03460     
106.27000      1.11109     
106.28000      1.18390     
106.29000      1.25002     
106.30000      1.30764     
106.31000      1.35653     
106.32000      1.39783     
106.33000      1.43310     
106.34000      1.46306     
106.35000      1.48656     
106.36000      1.50028     
106.37000      1.49941     
106.38000      1.47935     
106.39000      1.43764     
106.40000      1.37521     
106.41000      1.29618     
106.42000      1.20647     
106.43000      1.11222     
106.44000      1.01857     
106.45000      0.92935     
106.46000      0.84706     
106.47000      0.77327     
106.48000      0.70879     
106.49000      0.65395     
106.50000      0.60869     
106.51000      0.57271     
106.52000      0.54549     
106.53000      0.52647     
106.54000      0.51511     
106.55000      0.51096     
106.56000      0.51375     
106.57000      0.52335     
106.58000      0.53969     
106.59000      0.56271     
106.60000      0.59221     
106.61000      0.62771     
106.62000      0.66838     
106.63000      0.71299     
106.64000      0.75992     
106.65000      0.80737     
106.66000      0.85369     
106.67000      0.89767     
106.68000      0.93880     
106.69000      0.97702     
106.70000      1.01239     
106.71000      1.04451     
106.72000      1.07215     
106.73000      1.09313     
106.74000      1.10485     
106.75000      1.10494     
106.76000      1.09225     
106.77000      1.06762     
106.78000      1.03373     
106.79000      0.99459     
106.80000      0.95461     
106.81000      0.91771     
106.82000      0.88693     
106.83000      0.86416     
106.84000      0.85030     
106.85000      0.84533     
106.86000      0.84861     
106.87000      0.85909     
106.88000      0.87564     
106.89000      0.89714     
106.90000      0.92236     
106.91000      0.94986     
106.92000      0.97751     
106.93000      1.00237     
106.94000      1.02081     
106.95000      1.02897     
106.96000      1.02369     
106.97000      1.00340     
106.98000      0.96862     
106.99000      0.92185     
107.00000      0.86686     
107.01000      0.80782     
107.02000      0.74854     
107.03000      0.69195     
107.04000      0.64006     
107.05000      0.59404     
107.06000      0.55431     
107.07000      0.52077     
107.08000      0.49294     
107.09000      0.47012     
107.10000      0.45153     
107.11000      0.43645     
107.12000      0.42427     
107.13000      0.41450     
107.14000      0.40681     
107.15000      0.40096     
107.16000      0.39688     
107.17000      0.39456     
107.18000      0.39407     
107.19000      0.39551     
107.20000      0.39899     
107.21000      0.40456     
107.22000      0.41220     
107.23000      0.42176     
107.24000      0.43299     
107.25000      0.44558     
107.26000      0.45926     
107.27000      0.47376     
107.28000      0.48869     
107.29000      0.50345     
107.30000      0.51700     
107.31000      0.52789     
107.32000      0.53434     
107.33000      0.53467     
107.34000      0.52768     
107.35000      0.51308     
107.36000      0.49158     
107.37000      0.46476     
107.38000      0.43457     
107.39000      0.40305     
107.40000      0.37192     
107.41000      0.34250     
107.42000      0.31570     
107.43000      0.29201     
107.44000      0.27176     
107.45000      0.25502     
107.46000      0.24175     
107.47000      0.23181     
107.48000      0.22500     
107.49000      0.22104     
107.50000      0.21962     
107.51000      0.22030     
107.52000      0.22258     
107.53000      0.22583     
107.54000      0.22936     
107.55000      0.23233     
107.56000      0.23401     
107.57000      0.23382     
107.58000      0.23146     
107.59000      0.22694     
107.60000      0.22059     
107.61000      0.21294     
107.62000      0.20456     
107.63000      0.19600     
107.64000      0.18772     
107.65000      0.18003     
107.66000      0.17318     
107.67000      0.16733     
107.68000      0.16257     
107.69000      0.15890     
107.70000      0.15632     
107.71000      0.15481     
107.72000      0.15439     
107.73000      0.15509     
107.74000      0.15695     
107.75000      0.16002     
107.76000      0.16434     
107.77000      0.16984     
107.78000      0.17640     
107.79000      0.18384     
107.80000      0.19182     
107.81000      0.19994     
107.82000      0.20786     
107.83000      0.21530     
107.84000      0.22211     
107.85000      0.22836     
107.86000      0.23417     
107.87000      0.23966     
107.88000      0.24477     
107.89000      0.24932     
107.90000      0.25299     
107.91000      0.25546     
107.92000      0.25644     
107.93000      0.25581     
107.94000      0.25349     
107.95000      0.24956     
107.96000      0.24423     
107.97000      0.23791     
107.98000      0.23105     
107.99000      0.22421     
108.00000      0.21787     
108.01000      0.21247     
108.02000      0.20833     
108.03000      0.20569     
108.04000      0.20475     
108.05000      0.20567     
108.06000      0.20860     
108.07000      0.21371     
108.08000      0.22116     
108.09000      0.23119     
108.10000      0.24408     
108.11000      0.26017     
108.12000      0.27986     
108.13000      0.30359     
108.14000      0.33180     
108.15000      0.36490     
108.16000      0.40327     
108.17000      0.44709     
108.18000      0.49642     
108.19000      0.55100     
108.20000      0.61024     
108.21000      0.67311     
108.22000      0.73810     
108.23000      0.80332     
108.24000      0.86659     
108.25000      0.92568     
108.26000      0.97847     
108.27000      1.02300     
108.28000      1.05729     
108.29000      1.07933     
108.30000      1.08732     
108.31000      1.08014     
108.32000      1.05783     
108.33000      1.02163     
108.34000      0.97386     
108.35000      0.91755     
108.36000      0.85619     
108.37000      0.79318     
108.38000      0.73157     
108.39000      0.67373     
108.40000      0.62129     
108.41000      0.57515     
108.42000      0.53563     
108.43000      0.50258     
108.44000      0.47554     
108.45000      0.45381     
108.46000      0.43673     
108.47000      0.42371     
108.48000      0.41447     
108.49000      0.40898     
108.50000      0.40748     
108.51000      0.41032     
108.52000      0.41783     
108.53000      0.43023     
108.54000      0.44758     
108.55000      0.46972     
108.56000      0.49621     
108.57000      0.52622     
108.58000      0.55852     
108.59000      0.59148     
108.60000      0.62323     
108.61000      0.65193     
108.62000      0.67612     
108.63000      0.69497     
108.64000      0.70829     
108.65000      0.71627     
108.66000      0.71920     
108.67000      0.71715     
108.68000      0.70994     
108.69000      0.69735     
108.70000      0.67932     
108.71000      0.65629     
108.72000      0.62902     
108.73000      0.59869     
108.74000      0.56665     
108.75000      0.53417     
108.76000      0.50241     
108.77000      0.47218     
108.78000      0.44387     
108.79000      0.41754     
108.80000      0.39305     
108.81000      0.37024     
108.82000      0.34901     
108.83000      0.32931     
108.84000      0.31115     
108.85000      0.29453     
108.86000      0.27951     
108.87000      0.26617     
108.88000      0.25461     
108.89000      0.24501     
108.90000      0.23750     
108.91000      0.23217     
108.92000      0.22898     
108.93000      0.22786     
108.94000      0.22860     
108.95000      0.23085     
108.96000      0.23415     
108.97000      0.23793     
108.98000      0.24147     
108.99000      0.24416     
109.00000      0.24555     
109.01000      0.24542     
109.02000      0.24391     
109.03000      0.24131     
109.04000      0.23798     
109.05000      0.23420     
109.06000      0.23010     
109.07000      0.22577     
109.08000      0.22127     
109.09000      0.21673     
109.10000      0.21238     
109.11000      0.20847     
109.12000      0.20521     
109.13000      0.20270     
109.14000      0.20088     
109.15000      0.19955     
109.16000      0.19842     
109.17000      0.19713     
109.18000      0.19544     
109.19000      0.19328     
109.20000      0.19073     
109.21000      0.18811     
109.22000      0.18580     
109.23000      0.18421     
109.24000      0.18369     
109.25000      0.18456     
109.26000      0.18699     
109.27000      0.19107     
109.28000      0.19683     
109.29000      0.20418     
109.30000      0.21291     
109.31000      0.22270     
109.32000      0.23303     
109.33000      0.24332     
109.34000      0.25294     
109.35000      0.26137     
109.36000      0.26838     
109.37000      0.27415     
109.38000      0.27917     
109.39000      0.28417     
109.40000      0.28986     
109.41000      0.29681     
109.42000      0.30531     
109.43000      0.31535     
109.44000      0.32664     
109.45000      0.33860     
109.46000      0.35053     
109.47000      0.36180     
109.48000      0.37196     
109.49000      0.38081     
109.50000      0.38836     
109.51000      0.39463     
109.52000      0.39946     
109.53000      0.40243     
109.54000      0.40288     
109.55000      0.40012     
109.56000      0.39369     
109.57000      0.38351     
109.58000      0.37012     
109.59000      0.35445     
109.60000      0.33773     
109.61000      0.32117     
109.62000      0.30581     
109.63000      0.29240     
109.64000      0.28143     
109.65000      0.27311     
109.66000      0.26741     
109.67000      0.26414     
109.68000      0.26290     
109.69000      0.26311     
109.70000      0.26410     
109.71000      0.26508     
109.72000      0.26535     
109.73000      0.26435     
109.74000      0.26181     
109.75000      0.25779     
109.76000      0.25262     
109.77000      0.24688     
109.78000      0.24120     
109.79000      0.23619     
109.80000      0.23234     
109.81000      0.22999     
109.82000      0.22930     
109.83000      0.23027     
109.84000      0.23280     
109.85000      0.23663     
109.86000      0.24153     
109.87000      0.24728     
109.88000      0.25377     
109.89000      0.26093     
109.90000      0.26879     
109.91000      0.27727     
109.92000      0.28620     
109.93000      0.29525     
109.94000      0.30407     
109.95000      0.31225     
109.96000      0.31946     
109.97000      0.32549     
109.98000      0.33016     
109.99000      0.33322     
110.00000      0.33438     
110.01000      0.33314     
110.02000      0.32904     
110.03000      0.32184     
110.04000      0.31167     
110.05000      0.29906     
110.06000      0.28479     
110.07000      0.26967     
110.08000      0.25439     
110.09000      0.23938     
110.10000      0.22489     
110.11000      0.21100     
110.12000      0.19772     
110.13000      0.18510     
110.14000      0.17318     
110.15000      0.16209     
110.16000      0.15193     
110.17000      0.14276     
110.18000      0.13467     
110.19000      0.12764     
110.20000      0.12166     
110.21000      0.11668     
110.22000      0.11266     
110.23000      0.10954     
110.24000      0.10729     
110.25000      0.10585     
110.26000      0.10524     
110.27000      0.10542     
110.28000      0.10639     
110.29000      0.10815     
110.30000      0.11072     
110.31000      0.11411     
110.32000      0.11831     
110.33000      0.12334     
110.34000      0.12916     
110.35000      0.13572     
110.36000      0.14293     
110.37000      0.15061     
110.38000      0.15851     
110.39000      0.16627     
110.40000      0.17347     
110.41000      0.17966     
110.42000      0.18449     
110.43000      0.18779     
110.44000      0.18960     
110.45000      0.19021     
110.46000      0.18998     
110.47000      0.18930     
110.48000      0.18843     
110.49000      0.18753     
110.50000      0.18661     
110.51000      0.18566     
110.52000      0.18465     
110.53000      0.18362     
110.54000      0.18270     
110.55000      0.18202     
110.56000      0.18176     
110.57000      0.18204     
110.58000      0.18292     
110.59000      0.18441     
110.60000      0.18645     
110.61000      0.18912     
110.62000      0.19246     
110.63000      0.19662     
110.64000      0.20183     
110.65000      0.20837     
110.66000      0.21650     
110.67000      0.22645     
110.68000      0.23843     
110.69000      0.25256     
110.70000      0.26888     
110.71000      0.28735     
110.72000      0.30779     
110.73000      0.32991     
110.74000      0.35323     
110.75000      0.37721     
110.76000      0.40124     
110.77000      0.42474     
110.78000      0.44715     
110.79000      0.46797     
110.80000      0.48666     
110.81000      0.50277     
110.82000      0.51602     
110.83000      0.52645     
110.84000      0.53457     
110.85000      0.54121     
110.86000      0.54729     
110.87000      0.55369     
110.88000      0.56100     
110.89000      0.56964     
110.90000      0.57998     
110.91000      0.59251     
110.92000      0.60790     
110.93000      0.62702     
110.94000      0.65072     
110.95000      0.67971     
110.96000      0.71438     
110.97000      0.75461     
110.98000      0.79972     
110.99000      0.84829     
111.00000      0.89814     
111.01000      0.94636     
111.02000      0.98965     
111.03000      1.02463     
111.04000      1.04852     
111.05000      1.05963     
111.06000      1.05769     
111.07000      1.04383     
111.08000      1.02041     
111.09000      0.99059     
111.10000      0.95787     
111.11000      0.92567     
111.12000      0.89684     
111.13000      0.87360     
111.14000      0.85742     
111.15000      0.84914     
111.16000      0.84907     
111.17000      0.85710     
111.18000      0.87272     
111.19000      0.89511     
111.20000      0.92297     
111.21000      0.95449     
111.22000      0.98738     
111.23000      1.01895     
111.24000      1.04637     
111.25000      1.06719     
111.26000      1.07980     
111.27000      1.08387     
111.28000      1.08039     
111.29000      1.07136     
111.30000      1.05926     
111.31000      1.04641     
111.32000      1.03459     
111.33000      1.02485     
111.34000      1.01745     
111.35000      1.01202     
111.36000      1.00783     
111.37000      1.00396     
111.38000      0.99964     
111.39000      0.99436     
111.40000      0.98780     
111.41000      0.97974     
111.42000      0.96985     
111.43000      0.95767     
111.44000      0.94267     
111.45000      0.92444     
111.46000      0.90300     
111.47000      0.87886     
111.48000      0.85306     
111.49000      0.82712     
111.50000      0.80283     
111.51000      0.78209     
111.52000      0.76673     
111.53000      0.75834     
111.54000      0.75830     
111.55000      0.76770     
111.56000      0.78746     
111.57000      0.81825     
111.58000      0.86057     
111.59000      0.91468     
111.60000      0.98058     
111.61000      1.05779     
111.62000      1.14534     
111.63000      1.24152     
111.64000      1.34390     
111.65000      1.44909     
111.66000      1.55297     
111.67000      1.65072     
111.68000      1.73711     
111.69000      1.80667     
111.70000      1.85418     
111.71000      1.87537     
111.72000      1.86777     
111.73000      1.83148     
111.74000      1.76932     
111.75000      1.68619     
111.76000      1.58807     
111.77000      1.48089     
111.78000      1.36979     
111.79000      1.25886     
111.80000      1.15116     
111.81000      1.04894     
111.82000      0.95379     
111.83000      0.86680     
111.84000      0.78855     
111.85000      0.71931     
111.86000      0.65899     
111.87000      0.60731     
111.88000      0.56383     
111.89000      0.52804     
111.90000      0.49942     
111.91000      0.47752     
111.92000      0.46189     
111.93000      0.45221     
111.94000      0.44825     
111.95000      0.44986     
111.96000      0.45697     
111.97000      0.46959     
111.98000      0.48780     
111.99000      0.51162     
112.00000      0.54109     
112.01000      0.57617     
112.02000      0.61665     
112.03000      0.66208     
112.04000      0.71178     
112.05000      0.76470     
112.06000      0.81949     
112.07000      0.87446     
112.08000      0.92764     
112.09000      0.97683     
112.10000      1.01960     
112.11000      1.05355     
112.12000      1.07659     
112.13000      1.08742     
112.14000      1.08589     
112.15000      1.07305     
112.16000      1.05089     
112.17000      1.02160     
112.18000      0.98719     
112.19000      0.94895     
112.20000      0.90758     
112.21000      0.86343     
112.22000      0.81689     
112.23000      0.76868     
112.24000      0.71990     
112.25000      0.67187     
112.26000      0.62591     
112.27000      0.58309     
112.28000      0.54414     
112.29000      0.50942     
112.30000      0.47898     
112.31000      0.45258     
112.32000      0.42980     
112.33000      0.41015     
112.34000      0.39308     
112.35000      0.37816     
112.36000      0.36504     
112.37000      0.35349     
112.38000      0.34342     
112.39000      0.33484     
112.40000      0.32782     
112.41000      0.32245     
112.42000      0.31881     
112.43000      0.31697     
112.44000      0.31690     
112.45000      0.31850     
112.46000      0.32164     
112.47000      0.32617     
112.48000      0.33195     
112.49000      0.33901     
112.50000      0.34746     
112.51000      0.35752     
112.52000      0.36948     
112.53000      0.38363     
112.54000      0.40021     
112.55000      0.41940     
112.56000      0.44122     
112.57000      0.46556     
112.58000      0.49207     
112.59000      0.52014     
112.60000      0.54882     
112.61000      0.57686     
112.62000      0.60280     
112.63000      0.62512     
112.64000      0.64247     
112.65000      0.65383     
112.66000      0.65879     
112.67000      0.65765     
112.68000      0.65144     
112.69000      0.64173     
112.70000      0.63036     
112.71000      0.61904     
112.72000      0.60916     
112.73000      0.60166     
112.74000      0.59694     
112.75000      0.59492     
112.76000      0.59507     
112.77000      0.59645     
112.78000      0.59777     
112.79000      0.59751     
112.80000      0.59424     
112.81000      0.58686     
112.82000      0.57491     
112.83000      0.55876     
112.84000      0.53942     
112.85000      0.51835     
112.86000      0.49710     
112.87000      0.47711     
112.88000      0.45953     
112.89000      0.44519     
112.90000      0.43477     
112.91000      0.42861     
112.92000      0.42695     
112.93000      0.42985     
112.94000      0.43726     
112.95000      0.44900     
112.96000      0.46473     
112.97000      0.48398     
112.98000      0.50601     
112.99000      0.52985     
113.00000      0.55419     
113.01000      0.57744     
113.02000      0.59786     
113.03000      0.61383     
113.04000      0.62412     
113.05000      0.62809     
113.06000      0.62575     
113.07000      0.61770     
113.08000      0.60496     
113.09000      0.58881     
113.10000      0.57069     
113.11000      0.55205     
113.12000      0.53429     
113.13000      0.51857     
113.14000      0.50583     
113.15000      0.49666     
113.16000      0.49146     
113.17000      0.49033     
113.18000      0.49313     
113.19000      0.49953     
113.20000      0.50900     
113.21000      0.52093     
113.22000      0.53473     
113.23000      0.54997     
113.24000      0.56653     
113.25000      0.58462     
113.26000      0.60473     
113.27000      0.62747     
113.28000      0.65339     
113.29000      0.68296     
113.30000      0.71639     
113.31000      0.75372     
113.32000      0.79479     
113.33000      0.83919     
113.34000      0.88608     
113.35000      0.93421     
113.36000      0.98188     
113.37000      1.02709     
113.38000      1.06790     
113.39000      1.10276     
113.40000      1.13069     
113.41000      1.15134     
113.42000      1.16474     
113.43000      1.17092     
113.44000      1.16960     
113.45000      1.16007     
113.46000      1.14137     
113.47000      1.11263     
113.48000      1.07365     
113.49000      1.02508     
113.50000      0.96859     
113.51000      0.90653     
113.52000      0.84157     
113.53000      0.77628     
113.54000      0.71283     
113.55000      0.65285     
113.56000      0.59746     
113.57000      0.54732     
113.58000      0.50276     
113.59000      0.46385     
113.60000      0.43051     
113.61000      0.40257     
113.62000      0.37977     
113.63000      0.36186     
113.64000      0.34855     
113.65000      0.33958     
113.66000      0.33467     
113.67000      0.33359     
113.68000      0.33605     
113.69000      0.34179     
113.70000      0.35054     
113.71000      0.36200     
113.72000      0.37586     
113.73000      0.39184     
113.74000      0.40962     
113.75000      0.42884     
113.76000      0.44904     
113.77000      0.46960     
113.78000      0.48971     
113.79000      0.50842     
113.80000      0.52479     
113.81000      0.53808     
113.82000      0.54783     
113.83000      0.55398     
113.84000      0.55677     
113.85000      0.55656     
113.86000      0.55365     
113.87000      0.54814     
113.88000      0.53983     
113.89000      0.52839     
113.90000      0.51347     
113.91000      0.49496     
113.92000      0.47317     
113.93000      0.44876     
113.94000      0.42267     
113.95000      0.39594     
113.96000      0.36950     
113.97000      0.34411     
113.98000      0.32028     
113.99000      0.29829     
114.00000      0.27825     
114.01000      0.26010     
114.02000      0.24375     
114.03000      0.22905     
114.04000      0.21587     
114.05000      0.20410     
114.06000      0.19371     
114.07000      0.18466     
114.08000      0.17693     
114.09000      0.17050     
114.10000      0.16532     
114.11000      0.16138     
114.12000      0.15861     
114.13000      0.15696     
114.14000      0.15638     
114.15000      0.15680     
114.16000      0.15811     
114.17000      0.16025     
114.18000      0.16306     
114.19000      0.16637     
114.20000      0.16998     
114.21000      0.17361     
114.22000      0.17702     
114.23000      0.17998     
114.24000      0.18233     
114.25000      0.18405     
114.26000      0.18527     
114.27000      0.18617     
114.28000      0.18696     
114.29000      0.18790     
114.30000      0.18915     
114.31000      0.19080     
114.32000      0.19294     
114.33000      0.19564     
114.34000      0.19897     
114.35000      0.20308     
114.36000      0.20817     
114.37000      0.21448     
114.38000      0.22226     
114.39000      0.23171     
114.40000      0.24300     
114.41000      0.25620     
114.42000      0.27129     
114.43000      0.28814     
114.44000      0.30645     
114.45000      0.32579     
114.46000      0.34553     
114.47000      0.36484     
114.48000      0.38275     
114.49000      0.39823     
114.50000      0.41036     
114.51000      0.41850     
114.52000      0.42243     
114.53000      0.42240     
114.54000      0.41894     
114.55000      0.41281     
114.56000      0.40475     
114.57000      0.39546     
114.58000      0.38549     
114.59000      0.37529     
114.60000      0.36519     
114.61000      0.35544     
114.62000      0.34625     
114.63000      0.33780     
114.64000      0.33023     
114.65000      0.32362     
114.66000      0.31800     
114.67000      0.31327     
114.68000      0.30928     
114.69000      0.30580     
114.70000      0.30256     
114.71000      0.29931     
114.72000      0.29583     
114.73000      0.29205     
114.74000      0.28802     
114.75000      0.28390     
114.76000      0.27993     
114.77000      0.27634     
114.78000      0.27333     
114.79000      0.27107     
114.80000      0.26960     
114.81000      0.26893     
114.82000      0.26908     
114.83000      0.27001     
114.84000      0.27175     
114.85000      0.27438     
114.86000      0.27801     
114.87000      0.28273     
114.88000      0.28856     
114.89000      0.29540     
114.90000      0.30304     
114.91000      0.31112     
114.92000      0.31920     
114.93000      0.32684     
114.94000      0.33372     
114.95000      0.33966     
114.96000      0.34470     
114.97000      0.34906     
114.98000      0.35305     
114.99000      0.35700     
115.00000      0.36122     
115.01000      0.36598     
115.02000      0.37149     
115.03000      0.37792     
115.04000      0.38537     
115.05000      0.39387     
115.06000      0.40336     
115.07000      0.41371     
115.08000      0.42473     
115.09000      0.43623     
115.10000      0.44805     
115.11000      0.46021     
115.12000      0.47279     
115.13000      0.48599     
115.14000      0.49996     
115.15000      0.51474     
115.16000      0.53019     
115.17000      0.54596     
115.18000      0.56145     
115.19000      0.57584     
115.20000      0.58826     
115.21000      0.59788     
115.22000      0.60418     
115.23000      0.60702     
115.24000      0.60674     
115.25000      0.60399     
115.26000      0.59970     
115.27000      0.59475     
115.28000      0.58998     
115.29000      0.58602     
115.30000      0.58316     
115.31000      0.58139     
115.32000      0.58031     
115.33000      0.57923     
115.34000      0.57732     
115.35000      0.57372     
115.36000      0.56777     
115.37000      0.55912     
115.38000      0.54780     
115.39000      0.53427     
115.40000      0.51929     
115.41000      0.50383     
115.42000      0.48887     
115.43000      0.47529     
115.44000      0.46376     
115.45000      0.45475     
115.46000      0.44849     
115.47000      0.44499     
115.48000      0.44400     
115.49000      0.44511     
115.50000      0.44763     
115.51000      0.45073     
115.52000      0.45349     
115.53000      0.45509     
115.54000      0.45496     
115.55000      0.45291     
115.56000      0.44914     
115.57000      0.44419     
115.58000      0.43872     
115.59000      0.43335     
115.60000      0.42855     
115.61000      0.42451     
115.62000      0.42119     
115.63000      0.41833     
115.64000      0.41555     
115.65000      0.41251     
115.66000      0.40896     
115.67000      0.40490     
115.68000      0.40052     
115.69000      0.39618     
115.70000      0.39234     
115.71000      0.38948     
115.72000      0.38796     
115.73000      0.38807     
115.74000      0.38993     
115.75000      0.39350     
115.76000      0.39853     
115.77000      0.40469     
115.78000      0.41156     
115.79000      0.41869     
115.80000      0.42574     
115.81000      0.43244     
115.82000      0.43872     
115.83000      0.44457     
115.84000      0.45009     
115.85000      0.45530     
115.86000      0.46009     
115.87000      0.46418     
115.88000      0.46707     
115.89000      0.46815     
115.90000      0.46689     
115.91000      0.46292     
115.92000      0.45622     
115.93000      0.44705     
115.94000      0.43590     
115.95000      0.42331     
115.96000      0.40977     
115.97000      0.39568     
115.98000      0.38131     
115.99000      0.36697     
116.00000      0.35295     
116.01000      0.33954     
116.02000      0.32704     
116.03000      0.31569     
116.04000      0.30564     
116.05000      0.29698     
116.06000      0.28967     
116.07000      0.28366     
116.08000      0.27887     
116.09000      0.27525     
116.10000      0.27281     
116.11000      0.27162     
116.12000      0.27178     
116.13000      0.27338     
116.14000      0.27652     
116.15000      0.28124     
116.16000      0.28753     
116.17000      0.29533     
116.18000      0.30449     
116.19000      0.31487     
116.20000      0.32628     
116.21000      0.33860     
116.22000      0.35178     
116.23000      0.36590     
116.24000      0.38113     
116.25000      0.39776     
116.26000      0.41611     
116.27000      0.43650     
116.28000      0.45916     
116.29000      0.48421     
116.30000      0.51160     
116.31000      0.54101     
116.32000      0.57195     
116.33000      0.60367     
116.34000      0.63540     
116.35000      0.66627     
116.36000      0.69557     
116.37000      0.72265     
116.38000      0.74696     
116.39000      0.76795     
116.40000      0.78496     
116.41000      0.79731     
116.42000      0.80424     
116.43000      0.80510     
116.44000      0.79949     
116.45000      0.78734     
116.46000      0.76889     
116.47000      0.74484     
116.48000      0.71629     
116.49000      0.68460     
116.50000      0.65127     
116.51000      0.61773     
116.52000      0.58524     
116.53000      0.55480     
116.54000      0.52720     
116.55000      0.50299     
116.56000      0.48260     
116.57000      0.46631     
116.58000      0.45430     
116.59000      0.44669     
116.60000      0.44353     
116.61000      0.44484     
116.62000      0.45053     
116.63000      0.46053     
116.64000      0.47473     
116.65000      0.49299     
116.66000      0.51519     
116.67000      0.54118     
116.68000      0.57082     
116.69000      0.60391     
116.70000      0.64012     
116.71000      0.67896     
116.72000      0.71963     
116.73000      0.76112     
116.74000      0.80212     
116.75000      0.84123     
116.76000      0.87711     
116.77000      0.90882     
116.78000      0.93587     
116.79000      0.95828     
116.80000      0.97645     
116.81000      0.99084     
116.82000      1.00178     
116.83000      1.00926     
116.84000      1.01303     
116.85000      1.01245     
116.86000      1.00689     
116.87000      0.99571     
116.88000      0.97851     
116.89000      0.95528     
116.90000      0.92648     
116.91000      0.89294     
116.92000      0.85592     
116.93000      0.81690     
116.94000      0.77746     
116.95000      0.73911     
116.96000      0.70320     
116.97000      0.67083     
116.98000      0.64286     
116.99000      0.61991     
117.00000      0.60245     
117.01000      0.59077     
117.02000      0.58514     
117.03000      0.58571     
117.04000      0.59262     
117.05000      0.60597     
117.06000      0.62582     
117.07000      0.65218     
117.08000      0.68499     
117.09000      0.72409     
117.10000      0.76915     
117.11000      0.81969     
117.12000      0.87504     
117.13000      0.93436     
117.14000      0.99670     
117.15000      1.06105     
117.16000      1.12647     
117.17000      1.19205     
117.18000      1.25689     
117.19000      1.32003     
117.20000      1.38023     
117.21000      1.43590     
117.22000      1.48508     
117.23000      1.52551     
117.24000      1.55484     
117.25000      1.57095     
117.26000      1.57237     
117.27000      1.55863     
117.28000      1.53040     
117.29000      1.48948     
117.30000      1.43844     
117.31000      1.38019     
117.32000      1.31758     
117.33000      1.25309     
117.34000      1.18867     
117.35000      1.12573     
117.36000      1.06520     
117.37000      1.00762     
117.38000      0.95324     
117.39000      0.90212     
117.40000      0.85431     
117.41000      0.80989     
117.42000      0.76910     
117.43000      0.73224     
117.44000      0.69976     
117.45000      0.67206     
117.46000      0.64948     
117.47000      0.63230     
117.48000      0.62070     
117.49000      0.61481     
117.50000      0.61466     
117.51000      0.62027     
117.52000      0.63160     
117.53000      0.64854     
117.54000      0.67091     
117.55000      0.69841     
117.56000      0.73063     
117.57000      0.76695     
117.58000      0.80660     
117.59000      0.84864     
117.60000      0.89209     
117.61000      0.93601     
117.62000      0.97969     
117.63000      1.02268     
117.64000      1.06479     
117.65000      1.10597     
117.66000      1.14609     
117.67000      1.18468     
117.68000      1.22083     
117.69000      1.25311     
117.70000      1.27980     
117.71000      1.29927     
117.72000      1.31032     
117.73000      1.31265     
117.74000      1.30688     
117.75000      1.29457     
117.76000      1.27776     
117.77000      1.25878     
117.78000      1.23974     
117.79000      1.22238     
117.80000      1.20787     
117.81000      1.19673     
117.82000      1.18883     
117.83000      1.18349     
117.84000      1.17956     
117.85000      1.17563     
117.86000      1.17027     
117.87000      1.16222     
117.88000      1.15063     
117.89000      1.13516     
117.90000      1.11612     
117.91000      1.09427     
117.92000      1.07073     
117.93000      1.04669     
117.94000      1.02331     
117.95000      1.00155     
117.96000      0.98226     
117.97000      0.96616     
117.98000      0.95401     
117.99000      0.94644     
118.00000      0.94397     
118.01000      0.94691     
118.02000      0.95528     
118.03000      0.96874     
118.04000      0.98655     
118.05000      1.00765     
118.06000      1.03068     
118.07000      1.05410     
118.08000      1.07638     
118.09000      1.09611     
118.10000      1.11209     
118.11000      1.12335     
118.12000      1.12908     
118.13000      1.12860     
118.14000      1.12138     
118.15000      1.10715     
118.16000      1.08606     
118.17000      1.05877     
118.18000      1.02640     
118.19000      0.99045     
118.20000      0.95258     
118.21000      0.91440     
118.22000      0.87740     
118.23000      0.84276     
118.24000      0.81141     
118.25000      0.78394     
118.26000      0.76069     
118.27000      0.74167     
118.28000      0.72665     
118.29000      0.71511     
118.30000      0.70632     
118.31000      0.69937     
118.32000      0.69328     
118.33000      0.68705     
118.34000      0.67978     
118.35000      0.67081     
118.36000      0.65977     
118.37000      0.64661     
118.38000      0.63165     
118.39000      0.61537     
118.40000      0.59836     
118.41000      0.58123     
118.42000      0.56452     
118.43000      0.54873     
118.44000      0.53431     
118.45000      0.52170     
118.46000      0.51126     
118.47000      0.50321     
118.48000      0.49770     
118.49000      0.49468     
118.50000      0.49395     
118.51000      0.49515     
118.52000      0.49779     
118.53000      0.50126     
118.54000      0.50491     
118.55000      0.50807     
118.56000      0.51014     
118.57000      0.51056     
118.58000      0.50886     
118.59000      0.50465     
118.60000      0.49762     
118.61000      0.48764     
118.62000      0.47479     
118.63000      0.45940     
118.64000      0.44205     
118.65000      0.42348     
118.66000      0.40448     
118.67000      0.38579     
118.68000      0.36804     
118.69000      0.35171     
118.70000      0.33714     
118.71000      0.32452     
118.72000      0.31395     
118.73000      0.30542     
118.74000      0.29883     
118.75000      0.29402     
118.76000      0.29072     
118.77000      0.28859     
118.78000      0.28719     
118.79000      0.28605     
118.80000      0.28463     
118.81000      0.28248     
118.82000      0.27920     
118.83000      0.27460     
118.84000      0.26865     
118.85000      0.26151     
118.86000      0.25349     
118.87000      0.24495     
118.88000      0.23625     
118.89000      0.22770     
118.90000      0.21956     
118.91000      0.21201     
118.92000      0.20520     
118.93000      0.19918     
118.94000      0.19397     
118.95000      0.18958     
118.96000      0.18595     
118.97000      0.18304     
118.98000      0.18075     
118.99000      0.17902     
119.00000      0.17775     
119.01000      0.17689     
119.02000      0.17643     
119.03000      0.17638     
119.04000      0.17678     
119.05000      0.17771     
119.06000      0.17925     
119.07000      0.18152     
119.08000      0.18463     
119.09000      0.18870     
119.10000      0.19386     
119.11000      0.20025     
119.12000      0.20802     
119.13000      0.21733     
119.14000      0.22836     
119.15000      0.24129     
119.16000      0.25631     
119.17000      0.27363     
119.18000      0.29341     
119.19000      0.31585     
119.20000      0.34109     
119.21000      0.36924     
119.22000      0.40033     
119.23000      0.43433     
119.24000      0.47107     
119.25000      0.51023     
119.26000      0.55130     
119.27000      0.59357     
119.28000      0.63610     
119.29000      0.67777     
119.30000      0.71731     
119.31000      0.75340     
119.32000      0.78478     
119.33000      0.81036     
119.34000      0.82931     
119.35000      0.84109     
119.36000      0.84554     
119.37000      0.84292     
119.38000      0.83387     
119.39000      0.81940     
119.40000      0.80076     
119.41000      0.77921     
119.42000      0.75587     
119.43000      0.73155     
119.44000      0.70675     
119.45000      0.68163     
119.46000      0.65617     
119.47000      0.63032     
119.48000      0.60410     
119.49000      0.57775     
119.50000      0.55170     
119.51000      0.52650     
119.52000      0.50278     
119.53000      0.48112     
119.54000      0.46197     
119.55000      0.44568     
119.56000      0.43249     
119.57000      0.42249     
119.58000      0.41566     
119.59000      0.41196     
119.60000      0.41117     
119.61000      0.41306     
119.62000      0.41729     
119.63000      0.42348     
119.64000      0.43121     
119.65000      0.44009     
119.66000      0.44982     
119.67000      0.46022     
119.68000      0.47124     
119.69000      0.48294     
119.70000      0.49548     
119.71000      0.50891     
119.72000      0.52320     
119.73000      0.53816     
119.74000      0.55342     
119.75000      0.56846     
119.76000      0.58270     
119.77000      0.59551     
119.78000      0.60633     
119.79000      0.61470     
119.80000      0.62027     
119.81000      0.62286     
119.82000      0.62239     
119.83000      0.61893     
119.84000      0.61267     
119.85000      0.60398     
119.86000      0.59336     
119.87000      0.58145     
119.88000      0.56895     
119.89000      0.55654     
119.90000      0.54480     
119.91000      0.53415     
119.92000      0.52489     
119.93000      0.51717     
119.94000      0.51108     
119.95000      0.50674     
119.96000      0.50432     
119.97000      0.50408     
119.98000      0.50638     
119.99000      0.51161     
