4.638293 782.010000
4.654995 773.140000
4.671698 765.230000
4.688400 758.210000
4.705102 752.030000
4.721805 746.640000
4.738507 741.980000
4.755210 738.020000
4.771912 734.680000
4.788715 731.960000
4.805417 729.790000
4.822120 728.140000
4.838822 726.980000
4.855525 726.250000
4.872227 725.940000
4.888930 726.010000
4.905632 726.420000
4.922335 727.160000
4.939137 728.190000
4.955840 729.480000
4.972542 731.020000
4.989245 732.770000
5.005947 734.720000
5.022650 736.850000
5.039353 739.130000
5.056055 741.540000
5.072758 744.070000
5.089560 746.700000
5.106263 749.420000
5.122966 752.200000
5.139668 755.040000
5.156371 757.920000
5.173074 760.830000
5.189776 763.750000
5.206479 766.680000
5.223282 769.620000
5.239984 772.540000
5.256687 775.420000
5.273390 778.280000
5.290092 781.100000
5.306795 783.870000
5.323498 786.590000
5.340201 789.240000
5.356903 791.830000
5.373706 794.350000
5.390409 796.790000
5.407112 799.140000
5.423814 801.420000
5.440517 803.600000
5.457220 805.690000
5.473923 807.680000
5.490626 809.570000
5.507328 811.360000
5.524131 813.050000
5.540834 814.620000
5.557537 816.090000
5.574240 817.450000
5.590943 818.700000
5.607645 819.830000
5.624348 820.870000
5.641051 821.770000
5.657754 822.570000
5.674557 823.250000
5.691260 823.810000
5.707963 824.260000
5.724666 824.600000
5.741369 824.820000
5.758072 824.930000
5.774775 824.930000
5.791477 824.810000
5.808180 824.580000
5.824983 824.250000
5.841686 823.810000
5.858389 823.250000
5.875092 822.580000
5.891795 821.810000
5.908498 820.940000
5.925201 819.960000
5.941904 818.880000
5.958607 817.700000
5.975410 816.420000
5.992113 815.040000
6.008817 813.570000
6.025520 812.010000
6.042223 810.350000
6.058926 808.600000
6.075629 806.760000
6.092332 804.830000
6.109035 802.820000
6.125838 800.730000
6.142541 798.550000
6.159244 796.290000
6.175948 793.960000
6.192651 791.550000
6.209354 789.070000
6.226057 786.510000
6.242760 783.900000
6.259463 781.200000
6.276266 778.440000
6.292970 775.620000
6.309673 772.730000
6.326376 769.780000
6.343079 766.770000
6.359783 763.710000
6.376486 760.590000
6.393189 757.420000
6.409992 754.190000
6.426695 750.920000
6.443399 747.610000
6.460102 744.240000
6.476805 740.830000
6.493509 737.370000
6.510212 733.880000
6.526915 730.340000
6.543618 726.770000
6.560422 723.170000
6.577125 719.520000
6.593828 715.850000
6.610532 712.140000
6.627235 708.410000
6.643938 704.660000
6.660642 700.870000
6.677345 697.060000
6.694049 693.220000
6.710852 689.360000
6.727555 685.480000
6.744259 681.590000
6.760962 677.670000
6.777666 673.740000
6.794369 669.800000
6.811073 665.840000
6.827776 661.870000
6.844479 657.900000
6.861283 653.910000
6.877986 649.910000
6.894690 645.900000
6.911393 641.890000
6.928097 637.870000
6.944800 633.850000
6.961504 629.830000
6.978207 625.810000
6.994911 621.780000
7.011714 617.760000
7.028418 613.740000
7.045121 609.730000
7.061825 605.710000
7.078529 601.700000
7.095232 597.700000
7.111936 593.700000
7.128639 589.710000
7.145343 585.720000
7.162147 581.750000
7.178850 577.790000
7.195554 573.830000
7.212257 569.890000
7.228961 565.970000
7.245665 562.050000
7.262368 558.150000
7.279072 554.260000
7.295776 550.380000
7.312579 546.530000
7.329283 542.680000
7.345987 538.860000
7.362690 535.050000
7.379394 531.260000
7.396098 527.490000
7.412802 523.740000
7.429505 520.010000
7.446209 516.300000
7.463013 512.610000
7.479717 508.940000
7.496420 505.290000
7.513124 501.660000
7.529828 498.060000
7.546532 494.480000
7.563235 490.920000
7.579939 487.390000
7.596743 483.880000
7.613447 480.400000
7.630151 476.940000
7.646855 473.500000
7.663558 470.090000
7.680262 466.700000
7.696966 463.340000
7.713670 460.010000
7.730374 456.700000
7.747178 453.420000
7.763882 450.170000
7.780586 446.950000
7.797289 443.750000
7.813993 440.580000
7.830697 437.440000
7.847401 434.320000
7.864105 431.230000
7.880809 428.170000
7.897613 425.140000
7.914317 422.130000
7.931021 419.160000
7.947725 416.210000
7.964429 413.300000
7.981133 410.410000
7.997837 407.550000
8.014541 404.720000
8.031245 401.920000
8.048049 399.140000
8.064753 396.400000
8.081457 393.680000
8.098161 390.990000
8.114865 388.340000
8.131569 385.720000
8.148273 383.120000
8.164977 380.550000
8.181682 378.010000
8.198486 375.490000
8.215190 373.010000
8.231894 370.560000
8.248598 368.130000
8.265302 365.730000
8.282006 363.370000
8.298710 361.040000
8.315415 358.730000
8.332119 356.450000
8.348923 354.190000
8.365627 351.970000
8.382331 349.770000
8.399035 347.610000
8.415740 345.470000
8.432444 343.360000
8.449148 341.270000
8.465852 339.230000
8.482557 337.200000
8.499361 335.200000
8.516065 333.230000
8.532769 331.290000
8.549474 329.370000
8.566178 327.480000
8.582882 325.620000
8.599586 323.780000
8.616291 321.980000
8.632995 320.200000
8.649799 318.440000
8.666504 316.710000
8.683208 315.010000
8.699912 313.330000
8.716617 311.680000
8.733321 310.060000
8.750025 308.460000
8.766730 306.890000
8.783534 305.340000
8.800239 303.820000
8.816943 302.320000
8.833647 300.850000
8.850352 299.400000
8.867056 297.970000
8.883761 296.570000
8.900465 295.190000
8.917169 293.850000
8.933974 292.520000
8.950678 291.210000
8.967383 289.930000
8.984087 288.670000
9.000792 287.430000
9.017496 286.220000
9.034201 285.020000
9.050905 283.870000
9.067610 282.720000
9.084414 281.590000
9.101119 280.490000
9.117823 279.410000
9.134528 278.350000
9.151233 277.310000
9.167937 276.300000
9.184642 275.300000
9.201346 274.320000
9.218051 273.370000
9.234855 272.430000
9.251560 271.510000
9.268265 270.630000
9.284969 269.750000
9.301674 268.890000
9.318379 268.050000
9.335083 267.250000
9.351788 266.440000
9.368492 265.660000
9.385297 264.910000
9.402002 264.160000
9.418706 263.450000
9.435411 262.740000
9.452116 262.040000
9.468821 261.360000
9.485525 260.710000
9.502230 260.070000
9.518935 259.440000
9.535739 258.840000
9.552444 258.250000
9.569149 257.680000
9.585854 257.120000
9.602559 256.590000
9.619263 256.060000
9.635968 255.550000
9.652673 255.060000
9.669378 254.580000
9.686183 254.110000
9.702887 253.680000
9.719592 253.240000
9.736297 252.820000
9.753002 252.410000
9.769707 252.030000
9.786412 251.650000
9.803116 251.290000
9.819821 250.940000
9.836626 250.610000
9.853331 250.290000
9.870036 249.980000
9.886741 249.690000
9.903446 249.400000
9.920151 249.130000
9.936856 248.880000
9.953561 248.630000
9.970365 248.400000
9.987070 248.180000
10.003775 247.980000
10.020480 247.780000
10.037185 247.590000
10.053890 247.430000
10.070595 247.270000
10.087300 247.120000
10.104005 246.980000
10.120810 246.870000
10.137515 246.750000
10.154220 246.660000
10.170925 246.570000
10.187631 246.500000
10.204336 246.460000
10.221041 246.430000
10.237746 246.420000
10.254451 246.430000
10.271256 246.470000
10.287961 246.540000
10.304666 246.630000
10.321371 246.770000
10.338076 246.930000
10.354781 247.160000
10.371487 247.450000
10.388192 247.820000
10.404897 248.290000
10.421702 248.880000
10.438407 249.590000
10.455112 250.330000
10.471818 250.850000
10.488523 250.770000
10.505228 250.010000
10.521933 249.020000
10.538638 248.170000
10.555344 247.640000
10.572149 247.360000
10.588854 247.240000
10.605559 247.200000
10.622265 247.210000
10.638970 247.270000
10.655675 247.340000
10.672380 247.430000
10.689086 247.550000
10.705791 247.670000
10.722596 247.790000
10.739302 247.930000
10.756007 248.070000
10.772712 248.230000
10.789418 248.390000
10.806123 248.550000
10.822828 248.730000
10.839534 248.910000
10.856239 249.080000
10.873044 249.270000
10.889750 249.470000
10.906455 249.670000
10.923161 249.870000
10.939866 250.080000
10.956571 250.290000
10.973277 250.510000
10.989982 250.730000
11.006688 250.950000
11.023493 251.180000
11.040199 251.410000
11.056904 251.640000
11.073610 251.880000
11.090315 252.120000
11.107020 252.360000
11.123726 252.610000
11.140431 252.870000
11.157237 253.120000
11.173943 253.380000
11.190648 253.640000
11.207354 253.900000
11.224059 254.160000
11.240765 254.440000
11.257470 254.710000
11.274176 254.980000
11.290881 255.260000
11.307687 255.530000
11.324393 255.820000
11.341098 256.100000
11.357804 256.380000
11.374509 256.660000
11.391215 256.960000
11.407921 257.250000
11.424626 257.540000
11.441332 257.830000
11.458138 258.130000
11.474843 258.420000
11.491549 258.720000
11.508255 259.020000
11.524960 259.320000
11.541666 259.620000
11.558372 259.920000
11.575077 260.240000
11.591783 260.540000
11.608589 260.840000
11.625295 261.160000
11.642000 261.460000
11.658706 261.770000
11.675412 262.080000
11.692118 262.390000
11.708823 262.700000
11.725529 263.020000
11.742235 263.330000
11.759041 263.640000
11.775747 263.960000
11.792452 264.270000
11.809158 264.590000
11.825864 264.900000
11.842570 265.210000
11.859276 265.530000
11.875982 265.850000
11.892687 266.170000
11.909493 266.480000
11.926199 266.790000
11.942905 267.120000
11.959611 267.430000
11.976317 267.750000
11.993023 268.060000
12.009729 268.380000
12.026435 268.690000
12.043141 269.010000
12.059946 269.320000
12.076652 269.650000
12.093358 269.960000
12.110064 270.270000
12.126770 270.580000
12.143476 270.900000
12.160182 271.210000
12.176888 271.530000
12.193594 271.830000
12.210400 272.150000
12.227106 272.460000
12.243812 272.770000
12.260518 273.070000
12.277224 273.390000
12.293930 273.700000
12.310637 274.000000
12.327343 274.310000
12.344149 274.620000
12.360855 274.920000
12.377561 275.230000
12.394267 275.540000
12.410973 275.830000
12.427679 276.140000
12.444385 276.440000
12.461091 276.740000
12.477798 277.040000
12.494604 277.340000
12.511310 277.640000
12.528016 277.930000
12.544722 278.230000
12.561428 278.520000
12.578135 278.820000
12.594841 279.110000
12.611547 279.400000
12.628253 279.700000
12.645059 279.980000
12.661766 280.270000
12.678472 280.550000
12.695178 280.840000
12.711884 281.120000
12.728591 281.410000
12.745297 281.700000
12.762003 281.980000
12.778709 282.260000
12.795516 282.550000
12.812222 282.830000
12.828928 283.120000
12.845635 283.410000
12.862341 283.710000
12.879047 284.020000
12.895754 284.330000
12.912460 284.640000
12.929166 284.980000
12.945973 285.320000
12.962679 285.700000
12.979386 286.100000
12.996092 286.540000
13.012798 287.000000
13.029505 287.500000
13.046211 288.010000
13.062918 288.410000
13.079624 288.600000
13.096430 288.590000
13.113137 288.520000
13.129843 288.510000
13.146550 288.590000
13.163256 288.720000
13.179963 288.890000
13.196669 289.090000
13.213376 289.290000
13.230082 289.520000
13.246889 289.750000
13.263595 289.970000
13.280302 290.200000
13.297008 290.450000
13.313715 290.680000
13.330421 290.920000
13.347128 291.160000
13.363834 291.400000
13.380541 291.630000
13.397348 291.880000
13.414054 292.120000
13.430761 292.360000
13.447467 292.610000
13.464174 292.840000
13.480881 293.080000
13.497587 293.320000
13.514294 293.570000
13.531100 293.820000
13.547807 294.070000
13.564514 294.310000
13.581220 294.560000
13.597927 294.810000
13.614634 295.060000
13.631340 295.320000
13.648047 295.570000
13.664754 295.830000
13.681561 296.090000
13.698267 296.360000
13.714974 296.630000
13.731681 296.910000
13.748388 297.180000
13.765094 297.470000
13.781801 297.760000
13.798508 298.060000
13.815215 298.370000
13.832021 298.670000
13.848728 299.010000
13.865435 299.340000
13.882142 299.690000
13.898849 300.050000
13.915555 300.440000
13.932262 300.850000
13.948969 301.240000
13.965676 301.690000
13.982483 302.170000
13.999190 302.680000
14.015897 303.230000
14.032603 303.830000
14.049310 304.490000
14.066017 305.210000
14.082724 306.000000
14.099431 306.890000
14.116138 307.900000
14.132945 309.040000
14.149652 310.350000
14.166359 311.870000
14.183066 313.650000
14.199773 315.760000
14.216480 318.280000
14.233187 321.320000
14.249894 325.040000
14.266601 329.610000
14.283408 335.260000
14.300115 342.270000
14.316822 350.960000
14.333529 361.710000
14.350236 375.020000
14.366943 391.530000
14.383650 412.130000
14.400357 437.810000
14.417064 469.670000
14.433871 508.690000
14.450578 554.450000
14.467285 608.620000
14.483992 663.740000
14.500699 705.680000
14.517406 715.260000
14.534113 684.630000
14.550821 626.170000
14.567528 557.490000
14.584335 493.100000
14.601042 442.340000
14.617749 406.310000
14.634456 381.540000
14.651164 364.350000
14.667871 352.120000
14.684578 343.190000
14.701285 336.490000
14.718092 331.350000
14.734800 327.340000
14.751507 324.160000
14.768214 321.580000
14.784921 319.480000
14.801628 317.740000
14.818336 316.290000
14.835043 315.070000
14.851750 314.040000
14.868558 313.150000
14.885265 312.400000
14.901972 311.750000
14.918679 311.180000
14.935387 310.690000
14.952094 310.280000
14.968801 309.890000
14.985509 309.560000
15.002216 309.270000
15.019023 309.010000
15.035731 308.790000
15.052438 308.580000
15.069145 308.400000
15.085853 308.240000
15.102560 308.100000
15.119268 307.980000
15.135975 307.870000
15.152682 307.770000
15.169490 307.680000
15.186197 307.610000
15.202905 307.540000
15.219612 307.480000
15.236320 307.430000
15.253027 307.380000
15.269735 307.350000
15.286442 307.320000
15.303150 307.310000
15.319957 307.300000
15.336665 307.300000
15.353372 307.320000
15.370080 307.350000
15.386787 307.410000
15.403495 307.490000
15.420202 307.610000
15.436910 307.790000
15.453617 308.030000
15.470425 308.300000
15.487132 308.490000
15.503840 308.420000
15.520548 308.090000
15.537255 307.760000
15.553963 307.570000
15.570670 307.460000
15.587378 307.400000
15.604086 307.360000
15.620893 307.340000
15.637601 307.330000
15.654309 307.330000
15.671016 307.330000
15.687724 307.330000
15.704431 307.340000
15.721139 307.350000
15.737847 307.360000
15.754555 307.370000
15.771362 307.390000
15.788070 307.410000
15.804778 307.420000
15.821485 307.430000
15.838193 307.450000
15.854901 307.470000
15.871609 307.490000
15.888316 307.510000
15.905124 307.530000
15.921832 307.550000
15.938540 307.570000
15.955248 307.590000
15.971955 307.610000
15.988663 307.630000
16.005371 307.660000
16.022079 307.680000
16.038787 307.700000
16.055594 307.720000
16.072302 307.760000
16.089010 307.780000
16.105718 307.810000
16.122426 307.830000
16.139134 307.860000
16.155842 307.880000
16.172550 307.920000
16.189257 307.950000
16.206065 307.980000
16.222773 308.010000
16.239481 308.050000
16.256189 308.080000
16.272897 308.120000
16.289605 308.150000
16.306313 308.200000
16.323021 308.240000
16.339729 308.280000
16.356537 308.330000
16.373245 308.380000
16.389953 308.430000
16.406661 308.480000
16.423369 308.530000
16.440077 308.590000
16.456785 308.660000
16.473493 308.720000
16.490201 308.800000
16.507009 308.870000
16.523717 308.960000
16.540425 309.050000
16.557133 309.140000
16.573841 309.240000
16.590550 309.340000
16.607258 309.470000
16.623966 309.590000
16.640674 309.740000
16.657482 309.890000
16.674190 310.070000
16.690898 310.250000
16.707606 310.470000
16.724315 310.700000
16.741023 310.980000
16.757731 311.270000
16.774439 311.610000
16.791147 312.000000
16.807955 312.450000
16.824664 312.960000
16.841372 313.570000
16.858080 314.280000
16.874788 315.120000
16.891497 316.140000
16.908205 317.370000
16.924913 318.910000
16.941721 320.820000
16.958430 323.240000
16.975138 326.340000
16.991846 330.390000
17.008554 335.710000
17.025263 342.780000
17.041971 352.170000
17.058679 364.610000
17.075388 380.970000
17.092196 402.340000
17.108904 430.240000
17.125613 466.620000
17.142321 513.630000
17.159029 572.710000
17.175738 639.420000
17.192446 688.960000
17.209155 686.030000
17.225863 635.520000
17.242671 573.510000
17.259380 505.880000
17.276088 442.090000
17.292797 397.380000
17.309505 370.130000
17.326213 353.410000
17.342922 342.620000
17.359630 335.290000
17.376339 330.080000
17.393147 326.260000
17.409856 323.360000
17.426564 321.110000
17.443273 319.330000
17.459981 317.900000
17.476690 316.740000
17.493398 315.790000
17.510107 314.980000
17.526815 314.320000
17.543624 313.760000
17.560333 313.290000
17.577041 312.880000
17.593750 312.560000
17.610458 312.300000
17.627167 312.100000
17.643875 311.960000
17.660584 311.890000
17.677293 311.850000
17.694101 311.740000
17.710810 311.500000
17.727518 311.210000
17.744227 310.990000
17.760936 310.860000
17.777644 310.790000
17.794353 310.800000
17.811062 310.890000
17.827770 311.060000
17.844579 311.360000
17.861288 311.820000
17.877997 312.490000
17.894705 313.410000
17.911414 314.630000
17.928123 316.130000
17.944831 317.640000
17.961540 318.560000
17.978249 318.280000
17.995058 317.020000
18.011766 315.680000
18.028475 314.800000
18.045184 314.440000
18.061893 314.500000
18.078602 314.860000
18.095310 315.260000
18.112019 315.340000
18.128728 314.830000
18.145537 313.940000
18.162246 313.110000
18.178955 312.490000
18.195663 312.080000
18.212372 311.800000
18.229081 311.620000
18.245790 311.500000
18.262499 311.420000
18.279308 311.380000
18.296017 311.360000
18.312726 311.360000
18.329434 311.390000
18.346143 311.420000
18.362852 311.460000
18.379561 311.510000
18.396270 311.570000
18.412979 311.640000
18.429788 311.720000
18.446497 311.810000
18.463206 311.900000
18.479915 312.000000
18.496624 312.110000
18.513333 312.230000
18.530042 312.360000
18.546751 312.490000
18.563460 312.630000
18.580269 312.790000
18.596978 312.940000
18.613687 313.110000
18.630396 313.310000
18.647105 313.500000
18.663814 313.710000
18.680524 313.890000
18.697233 314.060000
18.713942 314.260000
18.730751 314.460000
18.747460 314.700000
18.764169 314.930000
18.780878 315.200000
18.797587 315.470000
18.814296 315.750000
18.831006 316.060000
18.847715 316.380000
18.864424 316.720000
18.881233 317.090000
18.897942 317.490000
18.914652 317.920000
18.931361 318.390000
18.948070 318.890000
18.964779 319.400000
18.981488 319.850000
18.998198 320.270000
19.014907 320.710000
19.031716 321.220000
19.048425 321.740000
19.065135 322.340000
19.081844 323.000000
19.098553 323.700000
19.115262 324.450000
19.131972 325.250000
19.148681 326.110000
19.165390 327.030000
19.182200 328.020000
19.198909 329.080000
19.215618 330.230000
19.232328 331.470000
19.249037 332.820000
19.265746 334.280000
19.282456 335.880000
19.299165 337.630000
19.315874 339.580000
19.332684 341.720000
19.349393 344.110000
19.366103 346.810000
19.382812 349.860000
19.399522 353.360000
19.416231 357.440000
19.432940 362.240000
19.449650 368.000000
19.466459 375.020000
19.483169 383.730000
19.499878 394.670000
19.516588 408.480000
19.533297 425.880000
19.550007 447.810000
19.566716 475.630000
19.583426 510.980000
19.600135 554.800000
19.616945 603.350000
19.633654 641.620000
19.650364 650.950000
19.667073 640.170000
19.683783 631.800000
19.700492 625.500000
19.717202 619.710000
19.733912 632.640000
19.750621 667.020000
19.767431 723.030000
19.784140 802.640000
19.800850 910.320000
19.817560 1052.220000
19.834269 1235.600000
19.850979 1468.930000
19.867688 1761.270000
19.884398 2117.610000
19.901108 2524.890000
19.917918 2925.610000
19.934627 3201.900000
19.951337 3242.860000
19.968047 3074.310000
19.984756 2816.880000
20.001466 2531.870000
20.018176 2255.870000
20.034885 2056.700000
20.051595 1972.470000
20.068405 1983.600000
20.085115 2029.180000
20.101824 2025.470000
20.118534 1918.890000
20.135244 1735.870000
20.151954 1525.740000
20.168663 1303.390000
20.185373 1086.990000
20.202083 906.400000
20.218893 772.270000
20.235603 676.630000
20.252312 608.030000
20.269022 557.640000
20.285732 519.610000
20.302442 490.170000
20.319152 466.900000
20.335862 448.160000
20.352572 432.850000
20.369381 420.200000
20.386091 409.660000
20.402801 400.950000
20.419511 393.540000
20.436221 387.310000
20.452931 381.990000
20.469641 377.190000
20.486351 372.590000
20.503161 368.180000
20.519871 364.240000
20.536581 360.920000
20.553291 358.230000
20.570001 356.170000
20.586711 354.730000
20.603421 353.940000
20.620131 353.890000
20.636841 354.680000
20.653651 356.530000
20.670361 359.620000
20.687071 363.910000
20.703781 368.270000
20.720491 369.800000
20.737201 366.700000
20.753911 361.930000
20.770621 357.490000
20.787331 352.190000
20.804141 346.620000
20.820851 342.510000
20.837561 340.120000
20.854271 338.970000
20.870981 338.800000
20.887692 339.500000
20.904402 341.190000
20.921112 344.060000
20.937822 348.380000
20.954632 354.490000
20.971342 362.830000
20.988052 374.150000
21.004763 389.320000
21.021473 408.540000
21.038183 428.970000
21.054893 441.230000
21.071603 435.640000
21.088314 419.450000
21.105124 405.300000
21.121834 388.710000
21.138544 369.410000
21.155255 353.740000
21.171965 343.720000
21.188675 337.590000
21.205385 333.680000
21.222096 331.060000
21.238806 329.230000
21.255616 327.900000
21.272327 326.910000
21.289037 326.170000
21.305747 325.610000
21.322458 325.190000
21.339168 324.880000
21.355878 324.660000
21.372589 324.520000
21.389299 324.440000
21.406109 324.420000
21.422820 324.460000
21.439530 324.550000
21.456240 324.690000
21.472951 324.880000
21.489661 325.120000
21.506372 325.400000
21.523082 325.760000
21.539792 326.160000
21.556603 326.620000
21.573313 327.150000
21.590024 327.750000
21.606734 328.440000
21.623445 329.220000
21.640155 330.100000
21.656866 331.100000
21.673576 332.240000
21.690287 333.530000
21.707097 335.030000
21.723808 336.730000
21.740518 338.720000
21.757229 341.020000
21.773939 343.740000
21.790650 346.950000
21.807360 350.780000
21.824071 355.420000
21.840882 360.530000
21.857592 367.390000
21.874303 375.970000
21.891013 386.840000
21.907724 400.800000
21.924435 418.880000
21.941145 442.460000
21.957856 473.240000
21.974566 513.200000
21.991377 564.620000
22.008088 630.330000
22.024798 713.050000
22.041509 813.010000
22.058220 922.170000
22.074930 1016.080000
22.091641 1057.300000
22.108352 1029.170000
22.125062 958.790000
22.141873 874.800000
22.158584 779.690000
22.175295 679.210000
22.192005 591.290000
22.208716 525.490000
22.225427 479.590000
22.242138 447.940000
22.258848 425.870000
22.275559 410.250000
22.292370 399.070000
22.309081 391.060000
22.325792 385.410000
22.342502 381.590000
22.359213 379.260000
22.375924 378.220000
22.392635 378.340000
22.409346 379.600000
22.426056 382.020000
22.442867 385.720000
22.459578 390.870000
22.476289 397.780000
22.493000 406.860000
22.509711 418.700000
22.526422 434.140000
22.543133 454.330000
22.559843 480.820000
22.576554 515.620000
22.593365 556.790000
22.610076 615.070000
22.626787 690.590000
22.643498 787.760000
22.660209 910.900000
22.676920 1060.350000
22.693631 1223.390000
22.710342 1362.070000
22.727053 1420.120000
22.743864 1376.240000
22.760575 1274.730000
22.777286 1157.080000
22.793997 1023.600000
22.810708 880.480000
22.827419 754.680000
22.844130 662.200000
22.860841 601.050000
22.877652 563.720000
22.894363 544.130000
22.911074 538.730000
22.927785 545.910000
22.944497 565.500000
22.961208 598.380000
22.977919 646.340000
22.994630 711.470000
23.011341 794.030000
23.028152 887.270000
23.044863 969.900000
23.061574 1007.820000
23.078286 983.720000
23.094997 921.360000
23.111708 848.790000
23.128419 767.610000
23.145130 678.400000
23.161841 596.500000
23.178653 533.690000
23.195364 490.030000
23.212075 461.000000
23.228786 442.410000
23.245498 431.520000
23.262209 426.720000
23.278920 427.250000
23.295631 432.820000
23.312342 443.220000
23.329154 457.380000
23.345865 471.860000
23.362576 480.140000
23.379288 477.430000
23.395999 464.420000
23.412710 448.410000
23.429422 431.270000
23.446133 412.080000
23.462844 393.010000
23.479656 377.230000
23.496367 365.500000
23.513078 357.040000
23.529790 350.880000
23.546501 346.270000
23.563212 342.700000
23.579924 339.880000
23.596635 337.600000
23.613347 335.710000
23.630158 334.120000
23.646869 332.760000
23.663581 331.600000
23.680292 330.590000
23.697004 329.690000
23.713715 328.910000
23.730427 328.210000
23.747138 327.590000
23.763849 327.030000
23.780661 326.530000
23.797373 326.080000
23.814084 325.680000
23.830795 325.330000
23.847507 325.030000
23.864219 324.770000
23.880930 324.550000
23.897642 324.380000
23.914353 324.240000
23.931165 324.100000
23.947876 323.900000
23.964588 323.610000
23.981299 323.300000
23.998011 323.030000
24.014723 322.800000
24.031434 322.600000
24.048146 322.420000
24.064857 322.270000
24.081669 322.140000
24.098381 322.020000
24.115092 321.900000
24.131804 321.800000
24.148516 321.710000
24.165227 321.620000
24.181939 321.540000
24.198651 321.480000
24.215462 321.420000
24.232174 321.360000
24.248886 321.300000
24.265597 321.250000
24.282309 321.210000
24.299021 321.160000
24.315732 321.130000
24.332444 321.110000
24.349156 321.080000
24.365968 321.050000
24.382680 321.030000
24.399391 321.010000
24.416103 321.000000
24.432815 320.990000
24.449527 320.980000
24.466238 320.970000
24.482950 320.970000
24.499662 320.970000
24.516474 320.970000
24.533186 320.970000
24.549898 320.980000
24.566609 320.990000
24.583321 321.000000
24.600033 321.010000
24.616745 321.030000
24.633457 321.050000
24.650169 321.060000
24.666981 321.090000
24.683693 321.110000
24.700404 321.120000
24.717116 321.150000
24.733828 321.180000
24.750540 321.210000
24.767252 321.240000
24.783964 321.270000
24.800676 321.310000
24.817488 321.340000
24.834200 321.370000
24.850912 321.410000
24.867624 321.450000
24.884336 321.490000
24.901048 321.540000
24.917760 321.570000
24.934472 321.620000
24.951184 321.670000
24.967996 321.710000
24.984708 321.760000
25.001420 321.810000
25.018132 321.860000
25.034844 321.910000
25.051556 321.960000
25.068268 322.020000
25.084981 322.070000
25.101693 322.130000
25.118505 322.190000
25.135217 322.250000
25.151929 322.310000
25.168641 322.370000
25.185353 322.450000
25.202065 322.510000
25.218778 322.600000
25.235490 322.700000
25.252202 322.800000
25.269014 322.930000
25.285726 323.080000
25.302438 323.270000
25.319151 323.470000
25.335863 323.640000
25.352575 323.800000
25.369287 324.020000
25.386000 324.370000
25.402812 324.850000
25.419524 325.470000
25.436236 326.160000
25.452949 326.860000
25.469661 327.630000
25.486373 328.720000
25.503085 330.360000
25.519798 332.700000
25.536510 335.590000
25.553322 338.350000
25.570035 339.590000
25.586747 338.420000
25.603459 335.700000
25.620172 332.990000
25.636884 330.970000
25.653596 329.580000
25.670309 328.650000
25.687021 328.030000
25.703833 327.600000
25.720546 327.320000
25.737258 327.120000
25.753971 327.000000
25.770683 326.940000
25.787395 326.910000
25.804108 326.920000
25.820820 326.950000
25.837533 327.010000
25.854345 327.080000
25.871058 327.170000
25.887770 327.280000
25.904483 327.400000
25.921195 327.540000
25.937908 327.690000
25.954620 327.860000
25.971333 328.040000
25.988045 328.230000
26.004858 328.440000
26.021570 328.680000
26.038283 328.930000
26.054995 329.200000
26.071708 329.490000
26.088420 329.830000
26.105133 330.200000
26.121845 330.620000
26.138558 331.080000
26.155371 331.590000
26.172083 332.170000
26.188796 332.840000
26.205508 333.660000
26.222221 334.640000
26.238934 335.880000
26.255646 337.460000
26.272359 339.480000
26.289072 342.140000
26.305884 345.570000
26.322597 349.940000
26.339310 355.060000
26.356022 360.160000
26.372735 363.940000
26.389448 366.210000
26.406160 368.610000
26.422873 372.880000
26.439586 379.980000
26.456399 390.450000
26.473111 404.790000
26.489824 423.200000
26.506537 445.690000
26.523250 473.430000
26.539962 506.810000
26.556675 540.400000
26.573388 561.770000
26.590201 560.560000
26.606913 542.060000
26.623626 520.240000
26.640339 499.250000
26.657052 474.440000
26.673765 445.430000
26.690478 418.250000
26.707190 397.100000
26.723903 382.040000
26.740716 371.540000
26.757429 364.290000
26.774142 358.970000
26.790855 355.140000
26.807568 352.400000
26.824281 350.500000
26.840993 349.330000
26.857706 348.830000
26.874419 349.030000
26.891232 349.940000
26.907945 351.480000
26.924658 353.190000
26.941371 354.080000
26.958084 353.210000
26.974797 351.030000
26.991510 348.750000
27.008223 346.990000
27.024936 345.810000
27.041749 345.040000
27.058462 344.560000
27.075175 344.290000
27.091888 344.170000
27.108601 344.160000
27.125314 344.240000
27.142027 344.390000
27.158740 344.610000
27.175453 344.870000
27.192266 345.200000
27.208979 345.560000
27.225693 345.970000
27.242406 346.410000
27.259119 346.890000
27.275832 347.420000
27.292545 347.980000
27.309258 348.580000
27.325971 349.230000
27.342784 349.910000
27.359498 350.630000
27.376211 351.410000
27.392924 352.220000
27.409637 353.080000
27.426350 353.990000
27.443063 354.960000
27.459777 355.980000
27.476490 357.070000
27.493303 358.220000
27.510016 359.440000
27.526729 360.730000
27.543443 362.100000
27.560156 363.550000
27.576869 365.100000
27.593582 366.750000
27.610296 368.510000
27.627109 370.380000
27.643822 372.380000
27.660536 374.530000
27.677249 376.710000
27.693962 379.170000
27.710675 381.830000
27.727389 384.700000
27.744102 387.790000
27.760815 391.150000
27.777629 394.810000
27.794342 398.800000
27.811056 403.150000
27.827769 407.950000
27.844482 413.230000
27.861196 419.100000
27.877909 425.640000
27.894622 432.950000
27.911336 441.220000
27.928149 450.610000
27.944863 461.370000
27.961576 473.820000
27.978290 488.370000
27.995003 505.570000
28.011716 526.260000
28.028430 551.570000
28.045143 583.120000
28.061857 622.960000
28.078670 673.200000
28.095384 734.250000
28.112097 800.110000
28.128811 858.720000
28.145524 914.070000
28.162238 990.110000
28.178951 1099.200000
28.195665 1238.530000
28.212378 1404.880000
28.229192 1599.570000
28.245906 1812.330000
28.262619 2030.020000
28.279333 2277.350000
28.296046 2613.530000
28.312760 3084.960000
28.329473 3707.490000
28.346187 4469.530000
28.362901 5290.260000
28.379714 5936.100000
28.396428 6096.800000
28.413142 5742.070000
28.429855 5208.300000
28.446569 4735.530000
28.463283 4249.120000
28.479996 3619.010000
28.496710 2913.080000
28.513424 2292.710000
28.530237 1825.740000
28.546951 1494.330000
28.563665 1260.120000
28.580378 1091.710000
28.597092 967.790000
28.613806 876.370000
28.630520 804.380000
28.647233 748.220000
28.664047 703.830000
28.680761 668.390000
28.697475 639.940000
28.714188 617.020000
28.730902 598.600000
28.747616 583.900000
28.764330 572.370000
28.781044 563.570000
28.797757 557.240000
28.814571 553.130000
28.831285 551.140000
28.847999 551.240000
28.864713 553.400000
28.881427 557.750000
28.898141 564.450000
28.914854 573.790000
28.931568 586.160000
28.948282 602.110000
28.965096 622.300000
28.981810 647.430000
28.998524 678.010000
29.015238 714.050000
29.031952 755.160000
29.048666 802.600000
29.065380 860.640000
29.082094 934.740000
29.098807 1029.720000
29.115622 1151.130000
29.132335 1307.970000
29.149049 1514.300000
29.165763 1790.160000
29.182477 2162.710000
29.199191 2664.410000
29.215905 3324.670000
29.232619 4145.140000
29.249333 5045.160000
29.266148 5788.730000
29.282862 6048.840000
29.299576 5754.660000
29.316290 5237.250000
29.333004 4784.620000
29.349718 4354.660000
29.366432 3785.780000
29.383146 3094.720000
29.399860 2448.270000
29.416674 1946.940000
29.433388 1588.820000
29.450102 1337.190000
29.466817 1158.400000
29.483531 1028.980000
29.500245 933.570000
29.516959 862.330000
29.533673 808.790000
29.550387 768.710000
29.567201 739.270000
29.583916 718.440000
29.600630 705.030000
29.617344 698.500000
29.634058 698.580000
29.650772 705.410000
29.667487 719.530000
29.684201 741.920000
29.700915 774.070000
29.717729 818.100000
29.734444 876.980000
29.751158 954.740000
29.767872 1057.150000
29.784586 1192.580000
29.801301 1373.790000
29.818015 1619.670000
29.834729 1954.760000
29.851444 2404.540000
29.868258 2982.980000
29.884972 3661.110000
29.901687 4310.200000
29.918401 4684.660000
29.935115 4610.700000
29.951830 4239.550000
29.968544 3861.980000
29.985258 3554.450000
30.002073 3194.320000
30.018787 2704.840000
30.035501 2176.730000
30.052216 1729.720000
30.068930 1398.530000
30.085645 1163.460000
30.102359 996.010000
30.119073 874.250000
30.135788 783.430000
30.152602 714.000000
30.169317 659.770000
30.186031 616.590000
30.202746 581.590000
30.219460 552.840000
30.236175 528.880000
30.252889 508.700000
30.269604 491.520000
30.286318 476.740000
30.303133 463.950000
30.319847 452.780000
30.336562 442.960000
30.353276 434.280000
30.369991 426.560000
30.386705 419.660000
30.403420 413.460000
30.420135 407.870000
30.436849 402.810000
30.453664 398.200000
30.470378 394.000000
30.487093 390.160000
30.503808 386.630000
30.520522 383.380000
30.537237 380.370000
30.553951 377.600000
30.570666 375.020000
30.587381 372.690000
30.604195 370.450000
30.620910 368.360000
30.637625 366.400000
30.654339 364.570000
30.671054 362.850000
30.687769 361.230000
30.704483 359.710000
30.721198 358.280000
30.737913 356.920000
30.754728 355.640000
30.771442 354.420000
30.788157 353.270000
30.804872 352.180000
30.821586 351.140000
30.838301 350.150000
30.855016 349.210000
30.871731 348.320000
30.888446 347.460000
30.905260 346.640000
30.921975 345.860000
30.938690 345.110000
30.955405 344.400000
30.972120 343.700000
30.988834 343.050000
31.005549 342.420000
31.022264 341.810000
31.038979 341.230000
31.055794 340.680000
31.072509 340.140000
31.089224 339.630000
31.105938 339.150000
31.122653 338.680000
31.139368 338.240000
31.156083 337.820000
31.172798 337.450000
31.189613 337.100000
31.206328 336.820000
31.223043 336.610000
31.239758 336.530000
31.256473 336.630000
31.273188 336.990000
31.289903 337.690000
31.306618 338.690000
31.323333 339.520000
31.340148 339.170000
31.356863 337.620000
31.373578 336.030000
31.390293 334.900000
31.407008 334.170000
31.423723 333.680000
31.440438 333.400000
31.457153 333.260000
31.473868 333.310000
31.490683 333.590000
31.507398 334.170000
31.524113 335.170000
31.540828 336.630000
31.557543 338.490000
31.574258 340.290000
31.590973 341.070000
31.607689 340.170000
31.624404 338.090000
31.641219 335.950000
31.657934 334.270000
31.674649 333.070000
31.691364 332.230000
31.708079 331.660000
31.724795 331.310000
31.741510 331.170000
31.758225 331.250000
31.774940 331.570000
31.791755 332.130000
31.808471 332.730000
31.825186 332.870000
31.841901 332.260000
31.858616 331.480000
31.875331 331.080000
31.892047 330.930000
31.908762 330.650000
31.925477 330.060000
31.942293 329.420000
31.959008 329.010000
31.975723 328.820000
31.992438 328.780000
32.009154 328.890000
32.025869 329.130000
32.042584 329.510000
32.059300 330.070000
32.076015 330.860000
32.092830 331.990000
32.109546 333.600000
32.126261 335.850000
32.142976 338.870000
32.159692 342.660000
32.176407 346.760000
32.193122 349.990000
32.209838 350.810000
32.226553 349.120000
32.243369 346.560000
32.260084 344.530000
32.276800 342.890000
32.293515 340.750000
32.310230 337.770000
32.326946 334.630000
32.343661 331.990000
32.360377 330.030000
32.377092 328.630000
32.393908 327.610000
32.410623 326.840000
32.427339 326.270000
32.444054 325.820000
32.460770 325.450000
32.477485 325.170000
32.494201 324.930000
32.510916 324.730000
32.527732 324.580000
32.544447 324.460000
32.561163 324.370000
32.577878 324.320000
32.594594 324.320000
32.611310 324.390000
32.628025 324.510000
32.644741 324.680000
32.661456 324.860000
32.678272 324.960000
32.694988 324.950000
32.711703 324.910000
32.728419 324.960000
32.745134 325.080000
32.761850 325.200000
32.778566 325.170000
32.795281 324.950000
32.811997 324.660000
32.828813 324.420000
32.845528 324.260000
32.862244 324.160000
32.878960 324.110000
32.895676 324.090000
32.912391 324.110000
32.929107 324.160000
32.945823 324.220000
32.962538 324.310000
32.979354 324.410000
32.996070 324.550000
33.012786 324.710000
33.029501 324.910000
33.046217 325.140000
33.062933 325.410000
33.079649 325.730000
33.096365 326.110000
33.113080 326.560000
33.129896 327.120000
33.146612 327.810000
33.163328 328.650000
33.180044 329.670000
33.196760 330.880000
33.213475 332.220000
33.230191 333.620000
33.246907 335.160000
33.263623 337.110000
33.280439 339.670000
33.297155 343.020000
33.313871 347.330000
33.330587 352.890000
33.347303 360.110000
33.364018 369.630000
33.380734 382.250000
33.397450 398.400000
33.414166 416.990000
33.430982 434.090000
33.447698 444.210000
33.464414 445.730000
33.481130 442.240000
33.497846 436.510000
33.514562 428.900000
33.531278 419.290000
33.547994 407.680000
33.564810 395.190000
33.581526 382.840000
33.598242 371.010000
33.614958 360.710000
33.631674 352.730000
33.648390 346.950000
33.665106 342.820000
33.681822 339.860000
33.698538 337.690000
33.715355 336.090000
33.732071 334.900000
33.748787 334.000000
33.765503 333.360000
33.782219 332.860000
33.798935 332.510000
33.815651 332.290000
33.832367 332.160000
33.849083 332.120000
33.865900 332.140000
33.882616 332.230000
33.899332 332.390000
33.916048 332.600000
33.932764 332.850000
33.949481 333.170000
33.966197 333.530000
33.982913 333.940000
33.999629 334.400000
34.016445 334.920000
34.033162 335.500000
34.049878 336.140000
34.066594 336.870000
34.083310 337.670000
34.100027 338.530000
34.116743 339.420000
34.133459 340.300000
34.150175 341.160000
34.166992 342.070000
34.183708 343.070000
34.200424 344.190000
34.217141 345.420000
34.233857 346.770000
34.250573 348.240000
34.267290 349.840000
34.284006 351.590000
34.300722 353.490000
34.317539 355.570000
34.334255 357.840000
34.350971 360.340000
34.367688 363.090000
34.384404 366.110000
34.401121 369.470000
34.417837 373.200000
34.434553 377.370000
34.451270 382.060000
34.468086 387.370000
34.484803 393.420000
34.501519 400.370000
34.518236 408.420000
34.534952 417.840000
34.551668 428.960000
34.568385 442.230000
34.585101 458.190000
34.601818 477.470000
34.618634 500.850000
34.635351 529.170000
34.652067 563.640000
34.668784 606.470000
34.685500 662.100000
34.702217 738.900000
34.718933 850.350000
34.735650 1015.060000
34.752467 1256.060000
34.769183 1595.510000
34.785900 2027.240000
34.802616 2434.300000
34.819333 2548.230000
34.836049 2291.330000
34.852766 1990.830000
34.869483 1874.500000
34.886199 1909.990000
34.903016 1938.390000
34.919733 1811.590000
34.936449 1598.790000
34.953166 1454.620000
34.969883 1422.290000
34.986599 1490.970000
35.003316 1657.230000
35.020033 1932.930000
35.036749 2337.320000
35.053566 2880.450000
35.070283 3526.530000
35.086999 4133.820000
35.103716 4447.550000
35.120433 4312.350000
35.137149 3908.070000
35.153866 3542.080000
35.170583 3324.760000
35.187300 3153.460000
35.204117 2865.930000
35.220833 2428.960000
35.237550 1961.360000
35.254267 1571.000000
35.270984 1282.050000
35.287700 1075.840000
35.304417 928.080000
35.321134 820.450000
35.337851 740.700000
35.354668 681.060000
35.371385 636.700000
35.388101 604.680000
35.404818 583.050000
35.421535 569.180000
35.438252 556.670000
35.454969 536.810000
35.471686 511.230000
35.488403 489.730000
35.505220 475.660000
35.521936 466.310000
35.538653 456.360000
35.555370 442.540000
35.572087 427.970000
35.588804 416.220000
35.605521 407.570000
35.622238 401.160000
35.638955 396.350000
35.655772 392.780000
35.672489 390.280000
35.689206 388.880000
35.705923 388.810000
35.722640 390.620000
35.739357 395.160000
35.756074 403.570000
35.772791 417.230000
35.789608 436.890000
35.806325 459.490000
35.823042 472.900000
35.839759 464.070000
35.856476 443.180000
35.873193 428.940000
35.889910 425.280000
35.906627 426.310000
35.923344 422.200000
35.940162 408.860000
35.956879 393.840000
35.973596 383.310000
35.990313 377.290000
36.007030 374.310000
36.023747 373.340000
36.040464 373.750000
36.057181 375.420000
36.073899 378.250000
36.090716 382.270000
36.107433 387.590000
36.124150 394.420000
36.140867 403.050000
36.157585 413.930000
36.174302 427.860000
36.191019 446.050000
36.207736 470.390000
36.224453 503.390000
36.241271 547.980000
36.257988 606.810000
36.274705 679.890000
36.291422 759.780000
36.308140 827.510000
36.324857 863.380000
36.341574 874.760000
36.358291 894.430000
36.375009 944.630000
36.391826 1018.210000
36.408543 1079.370000
36.425261 1082.060000
36.441978 1015.080000
36.458695 919.900000
36.475413 842.480000
36.492130 794.870000
36.508847 760.980000
36.525565 717.220000
36.542382 656.250000
36.559100 591.760000
36.575817 537.990000
36.592534 498.600000
36.609252 471.190000
36.625969 452.310000
36.642687 439.450000
36.659404 431.120000
36.676121 426.540000
36.692939 425.160000
36.709656 426.680000
36.726374 430.970000
36.743091 438.010000
36.759809 448.060000
36.776526 461.860000
36.793244 480.800000
36.809961 507.050000
36.826679 543.530000
36.843496 593.850000
36.860214 661.540000
36.876931 747.830000
36.893649 846.330000
36.910366 935.990000
36.927084 986.600000
36.943801 992.040000
36.960519 988.100000
36.977236 1015.040000
36.994054 1085.270000
37.010772 1183.480000
37.027489 1275.910000
37.044207 1327.440000
37.060924 1321.720000
37.077642 1263.270000
37.094360 1166.630000
37.111077 1073.720000
37.127895 1019.190000
37.144613 991.210000
37.161330 964.910000
37.178048 928.850000
37.194766 887.440000
37.211483 863.360000
37.228201 869.910000
37.244919 900.260000
37.261636 939.110000
37.278454 979.410000
37.295172 1015.430000
37.311889 1037.650000
37.328607 1026.510000
37.345325 962.250000
37.362043 874.880000
37.378760 805.690000
37.395478 757.830000
37.412196 717.260000
37.429014 667.130000
37.445731 599.030000
37.462449 530.250000
37.479167 477.870000
37.495885 442.080000
37.512603 417.570000
37.529320 400.250000
37.546038 387.600000
37.562756 378.160000
37.579574 371.050000
37.596292 365.670000
37.613010 361.500000
37.629728 358.100000
37.646445 355.120000
37.663163 352.620000
37.679881 350.800000
37.696599 349.750000
37.713317 349.460000
37.730135 349.970000
37.746853 351.310000
37.763571 353.550000
37.780289 356.940000
37.797007 361.860000
37.813725 369.010000
37.830442 379.410000
37.847160 394.430000
37.863878 415.620000
37.880696 444.000000
37.897414 478.370000
37.914132 512.210000
37.930850 532.550000
37.947568 528.880000
37.964286 507.460000
37.981004 485.350000
37.997722 472.160000
38.014440 465.940000
38.031259 458.130000
38.047977 441.590000
38.064695 418.060000
38.081413 394.770000
38.098131 376.170000
38.114849 362.660000
38.131567 353.110000
38.148285 346.410000
38.165003 341.700000
38.181821 338.430000
38.198539 336.230000
38.215258 334.920000
38.231976 334.320000
38.248694 334.370000
38.265412 335.040000
38.282130 336.370000
38.298848 338.430000
38.315667 341.280000
38.332385 345.050000
38.349103 350.030000
38.365821 356.670000
38.382539 365.760000
38.399257 378.440000
38.415976 396.250000
38.432694 420.980000
38.449412 452.730000
38.466230 493.310000
38.482949 535.160000
38.499667 563.870000
38.516385 565.640000
38.533103 544.950000
38.549822 520.800000
38.566540 506.140000
38.583258 501.350000
38.599977 497.880000
38.616795 486.620000
38.633513 467.920000
38.650232 450.670000
38.666950 442.240000
38.683668 445.050000
38.700387 458.290000
38.717105 478.150000
38.733823 495.810000
38.750542 499.300000
38.767360 484.780000
38.784078 462.760000
38.800797 445.470000
38.817515 436.310000
38.834234 431.000000
38.850952 422.100000
38.867670 405.790000
38.884389 385.630000
38.901107 367.190000
38.917926 352.840000
38.934644 342.320000
38.951363 334.640000
38.968081 328.970000
38.984800 324.680000
39.001518 321.360000
39.018237 318.740000
39.034955 316.630000
39.051674 314.890000
39.068492 313.440000
39.085211 312.210000
39.101929 311.170000
39.118648 310.290000
39.135366 309.530000
39.152085 308.880000
39.168803 308.320000
39.185522 307.840000
39.202341 307.420000
39.219059 307.070000
39.235778 306.760000
39.252496 306.510000
39.269215 306.290000
39.285933 306.120000
39.302652 305.980000
39.319371 305.880000
39.336089 305.810000
39.352908 305.780000
39.369627 305.780000
39.386345 305.810000
39.403064 305.870000
39.419783 305.970000
39.436501 306.110000
39.453220 306.280000
39.469939 306.500000
39.486657 306.760000
39.503476 307.070000
39.520195 307.450000
39.536914 307.890000
39.553632 308.410000
39.570351 309.020000
39.587070 309.740000
39.603789 310.600000
39.620507 311.630000
39.637226 312.860000
39.654045 314.320000
39.670764 316.050000
39.687482 318.050000
39.704201 320.280000
39.720920 323.000000
39.737639 326.240000
39.754358 330.300000
39.771076 335.770000
39.787795 343.580000
39.804614 355.280000
39.821333 373.140000
39.838052 400.260000
39.854771 439.590000
39.871490 490.020000
39.888208 535.560000
39.904927 542.750000
39.921646 506.000000
39.938365 464.950000
39.955184 444.900000
39.971903 445.260000
39.988622 454.680000
40.005341 454.020000
40.022060 431.810000
40.038779 401.400000
40.055498 377.850000
40.072217 363.180000
40.088936 354.620000
40.105755 349.830000
40.122474 347.400000
40.139193 346.530000
40.155912 346.850000
40.172631 348.150000
40.189350 350.320000
40.206069 353.340000
40.222788 357.250000
40.239507 362.090000
40.256326 367.990000
40.273045 375.140000
40.289764 383.690000
40.306483 393.910000
40.323202 406.070000
40.339921 420.530000
40.356640 437.850000
40.373359 459.040000
40.390078 485.790000
40.406898 520.870000
40.423617 568.280000
40.440336 633.550000
40.457055 723.270000
40.473774 843.430000
40.490493 993.400000
40.507212 1154.420000
40.523932 1278.280000
40.540751 1308.920000
40.557470 1248.130000
40.574189 1163.890000
40.590908 1115.880000
40.607628 1117.850000
40.624347 1149.580000
40.641066 1177.340000
40.657785 1185.740000
40.674504 1196.860000
40.691324 1239.230000
40.708043 1307.780000
40.724762 1357.030000
40.741481 1336.750000
40.758201 1254.340000
40.774920 1170.730000
40.791639 1133.040000
40.808359 1148.230000
40.825078 1193.230000
40.841897 1228.610000
40.858617 1220.990000
40.875336 1160.650000
40.892055 1061.920000
40.908775 958.910000
40.925494 882.740000
40.942213 842.730000
40.958933 830.670000
40.975652 829.800000
40.992471 826.250000
41.009191 823.770000
41.025910 839.010000
41.042630 882.540000
41.059349 947.140000
41.076068 1004.300000
41.092788 1015.890000
41.109507 973.810000
41.126227 915.180000
41.143046 880.420000
41.159766 883.440000
41.176485 915.740000
41.193204 955.360000
41.209924 979.610000
41.226643 976.670000
41.243363 939.320000
41.260082 868.810000
41.276802 788.910000
41.293621 726.820000
41.310341 691.750000
41.327061 676.560000
41.343780 665.120000
41.360500 642.650000
41.377219 608.920000
41.393939 575.060000
41.410658 547.200000
41.427378 522.140000
41.444197 496.360000
41.460917 472.360000
41.477637 454.240000
41.494356 443.090000
41.511076 437.040000
41.527795 432.560000
41.544515 426.590000
41.561235 419.060000
41.578054 412.470000
41.594774 408.810000
41.611494 408.620000
41.628213 411.710000
41.644933 417.820000
41.661653 426.850000
41.678372 438.880000
41.695092 454.360000
41.711812 474.530000
41.728631 501.940000
41.745351 540.350000
41.762071 594.890000
41.778791 672.060000
41.795510 778.900000
41.812230 918.760000
41.828950 1081.180000
41.845670 1227.070000
41.862389 1292.270000
41.879209 1244.900000
41.895929 1134.760000
41.912649 1037.490000
41.929368 987.590000
41.946088 976.030000
41.962808 967.720000
41.979528 924.090000
41.996248 837.970000
42.012967 738.220000
42.029787 653.540000
42.046507 593.730000
42.063227 557.830000
42.079947 543.500000
42.096667 550.770000
42.113387 582.320000
42.130107 640.660000
42.146826 718.560000
42.163546 778.760000
42.180366 764.680000
42.197086 687.880000
42.213806 618.750000
42.230526 590.100000
42.247246 598.650000
42.263966 627.820000
42.280686 646.640000
42.297406 627.470000
42.314126 582.200000
42.330946 532.190000
42.347666 489.720000
42.364386 458.790000
42.381106 439.730000
42.397826 429.860000
42.414546 424.640000
42.431266 419.260000
42.447986 411.820000
42.464706 404.730000
42.481526 401.360000
42.498246 402.830000
42.514966 407.530000
42.531686 411.470000
42.548406 410.570000
42.565126 405.010000
42.581846 399.330000
42.598566 397.270000
42.615286 399.720000
42.632107 405.510000
42.648827 412.330000
42.665547 418.530000
42.682267 424.830000
42.698987 433.530000
42.715707 446.550000
42.732427 465.140000
42.749148 490.560000
42.765868 525.120000
42.782688 575.060000
42.799408 652.920000
42.816128 777.250000
42.832849 969.160000
42.849569 1239.810000
42.866289 1546.970000
42.883009 1728.180000
42.899729 1615.420000
42.916550 1332.660000
42.933270 1112.610000
42.949990 1025.840000
42.966710 1047.070000
42.983431 1112.780000
43.000151 1114.200000
43.016871 982.800000
43.033591 794.580000
43.050312 641.950000
43.067132 540.910000
43.083852 476.150000
43.100573 433.440000
43.117293 404.060000
43.134013 383.050000
43.150734 367.520000
43.167454 355.690000
43.184174 346.490000
43.200895 339.230000
43.217715 333.390000
43.234436 328.680000
43.251156 324.860000
43.267876 321.770000
43.284597 319.290000
43.301317 317.410000
43.318038 316.120000
43.334758 315.490000
43.351478 315.620000
43.368299 316.750000
43.385019 319.100000
43.401740 322.830000
43.418460 327.690000
43.435181 332.500000
43.451901 334.930000
43.468622 333.210000
43.485342 328.480000
43.502063 323.630000
43.518883 320.450000
43.535604 319.080000
43.552324 318.560000
43.569045 317.350000
43.585765 314.470000
43.602486 310.410000
43.619206 306.410000
43.635927 303.200000
43.652647 300.850000
43.669468 299.240000
43.686189 298.140000
43.702909 297.420000
43.719630 296.900000
43.736350 296.360000
43.753071 295.720000
43.769792 295.090000
43.786512 294.590000
43.803233 294.260000
43.820054 294.090000
43.836774 294.060000
43.853495 294.110000
43.870215 294.250000
43.886936 294.480000
43.903657 294.840000
43.920377 295.340000
43.937098 296.000000
43.953819 296.830000
43.970640 297.860000
43.987360 299.170000
44.004081 300.870000
44.020802 303.130000
44.037522 306.220000
44.054243 310.540000
44.070964 316.560000
44.087685 324.840000
44.104506 335.640000
44.121226 348.140000
44.137947 359.320000
44.154668 364.380000
44.171389 360.990000
44.188109 352.910000
44.204830 345.770000
44.221551 342.310000
44.238272 342.260000
44.255093 343.450000
44.271814 342.920000
44.288534 339.070000
44.305255 333.260000
44.321976 327.930000
44.338697 324.330000
44.355418 322.620000
44.372139 322.570000
44.388860 323.960000
44.405681 326.770000
44.422401 331.210000
44.439122 337.690000
44.455843 346.920000
44.472564 359.940000
44.489285 378.060000
44.506006 402.520000
44.522727 433.120000
44.539448 465.920000
44.556269 491.680000
44.572990 501.570000
44.589711 498.830000
44.606432 496.410000
44.623153 502.360000
44.639874 513.340000
44.656595 518.730000
44.673316 510.500000
44.690037 489.790000
44.706858 464.460000
44.723579 442.950000
44.740300 428.800000
44.757021 419.710000
44.773742 410.600000
44.790463 398.720000
44.807184 386.010000
44.823905 375.780000
44.840626 369.440000
44.857448 366.830000
44.874169 367.440000
44.890890 370.920000
44.907611 377.410000
44.924332 387.530000
44.941053 402.540000
44.957774 424.350000
44.974495 455.780000
44.991216 500.590000
45.008038 562.740000
45.024759 643.840000
45.041480 736.710000
45.058201 816.800000
45.074922 849.630000
45.091644 816.960000
45.108365 748.750000
45.125086 687.780000
45.141807 654.520000
45.158629 647.280000
45.175350 650.520000
45.192071 641.280000
45.208792 604.820000
45.225513 549.170000
45.242235 493.210000
45.258956 447.900000
45.275677 414.550000
45.292499 390.770000
45.309220 373.870000
45.325941 361.880000
45.342663 353.560000
45.359384 348.260000
45.376105 345.770000
45.392826 346.320000
45.409548 350.700000
45.426269 360.370000
45.443091 377.270000
45.459812 402.540000
45.476533 432.040000
45.493255 449.500000
45.509976 438.120000
45.526697 409.530000
45.543419 386.480000
45.560140 376.430000
45.576862 377.830000
45.593683 386.550000
45.610405 394.400000
45.627126 391.430000
45.643847 379.260000
45.660569 369.000000
45.677290 366.310000
45.694012 370.710000
45.710733 379.200000
45.727455 386.610000
45.744276 387.030000
45.760998 379.120000
45.777719 367.960000
45.794441 359.100000
45.811162 354.680000
45.827884 354.010000
45.844605 354.660000
45.861327 353.320000
45.878048 348.170000
45.894870 340.660000
45.911592 333.460000
45.928313 328.000000
45.945035 324.400000
45.961756 322.320000
45.978478 321.400000
45.995199 321.400000
46.011921 322.140000
46.028643 323.560000
46.045464 325.600000
46.062186 328.290000
46.078908 331.670000
46.095629 335.810000
46.112351 340.810000
46.129072 346.800000
46.145794 353.920000
46.162516 362.340000
46.179237 372.290000
46.196059 384.030000
46.212781 397.920000
46.229503 414.450000
46.246224 434.340000
46.262946 458.970000
46.279668 491.160000
46.296389 535.640000
46.313111 598.420000
46.329933 685.180000
46.346655 796.800000
46.363376 925.660000
46.380098 1066.940000
46.396820 1216.280000
46.413542 1334.000000
46.430264 1357.620000
46.446985 1277.860000
46.463707 1158.600000
46.480429 1063.520000
46.497251 1008.730000
46.513973 993.340000
46.530694 996.310000
46.547416 979.430000
46.564138 916.840000
46.580860 823.030000
46.597582 732.200000
46.614304 665.040000
46.631126 625.680000
46.647848 611.470000
46.664569 617.670000
46.681291 635.780000
46.698013 650.500000
46.714735 645.040000
46.731457 617.730000
46.748179 584.750000
46.764901 562.120000
46.781723 555.950000
46.798445 564.750000
46.815167 581.590000
46.831889 595.020000
46.848611 594.370000
46.865333 577.570000
46.882055 552.240000
46.898777 529.190000
46.915499 515.270000
46.932321 511.950000
46.949043 517.930000
46.965765 530.750000
46.982487 547.740000
46.999209 568.560000
47.015931 597.620000
47.032653 642.680000
47.049375 712.310000
47.066097 815.470000
47.082919 960.070000
47.099641 1145.670000
47.116363 1347.010000
47.133085 1498.200000
47.149807 1521.630000
47.166530 1412.930000
47.183252 1256.040000
47.199974 1132.450000
47.216696 1072.130000
47.233518 1066.380000
47.250240 1082.010000
47.266962 1070.530000
47.283685 999.350000
47.300407 883.600000
47.317129 763.990000
47.333851 665.750000
47.350573 592.940000
47.367295 540.780000
47.384118 503.970000
47.400840 478.850000
47.417562 463.190000
47.434284 455.880000
47.451007 456.730000
47.467729 466.510000
47.484451 486.730000
47.501173 518.920000
47.517896 561.850000
47.534718 605.620000
47.551440 628.300000
47.568162 614.110000
47.584885 577.430000
47.601607 543.990000
47.618329 526.630000
47.635052 526.530000
47.651774 538.960000
47.668596 554.290000
47.685319 561.200000
47.702041 558.720000
47.718763 559.480000
47.735486 575.890000
47.752208 611.560000
47.768930 659.710000
47.785653 700.610000
47.802375 707.970000
47.819198 673.780000
47.835920 619.910000
47.852643 573.380000
47.869365 546.360000
47.886087 538.220000
47.902810 540.540000
47.919532 539.220000
47.936255 521.300000
47.952977 487.810000
47.969800 448.000000
47.986522 413.030000
48.003245 386.040000
48.019967 366.120000
48.036689 351.490000
48.053412 340.610000
48.070134 332.360000
48.086857 326.000000
48.103579 321.020000
48.120402 317.080000
48.137125 313.950000
48.153847 311.440000
48.170570 309.460000
48.187292 307.900000
48.204015 306.720000
48.220737 305.860000
48.237460 305.300000
48.254183 304.970000
48.271005 304.860000
48.287728 304.980000
48.304450 305.360000
48.321173 306.040000
48.337896 307.020000
48.354618 308.340000
48.371341 310.020000
48.388063 312.130000
48.404786 314.720000
48.421609 317.850000
48.438332 321.590000
48.455054 326.010000
48.471777 331.220000
48.488500 337.310000
48.505222 344.460000
48.521945 352.990000
48.538668 363.430000
48.555390 376.670000
48.572213 394.000000
48.588936 417.240000
48.605659 448.650000
48.622381 490.850000
48.639104 546.290000
48.655827 616.950000
48.672550 704.300000
48.689272 804.790000
48.705995 898.180000
48.722818 945.380000
48.739541 921.900000
48.756264 852.380000
48.772986 783.740000
48.789709 743.680000
48.806432 736.940000
48.823155 754.560000
48.839878 774.500000
48.856701 766.580000
48.873423 716.280000
48.890146 640.740000
48.906869 567.320000
48.923592 510.220000
48.940315 470.690000
48.957038 444.620000
48.973761 426.080000
48.990484 409.170000
49.007307 390.860000
49.024030 372.370000
49.040752 356.160000
49.057475 343.180000
49.074198 333.170000
49.090921 325.480000
49.107644 319.550000
49.124367 314.980000
49.141090 311.460000
49.157913 308.800000
49.174636 306.810000
49.191359 305.440000
49.208082 304.680000
49.224805 304.600000
49.241528 305.350000
49.258251 307.180000
49.274974 310.560000
49.291697 316.280000
49.308520 325.450000
49.325243 339.240000
49.341966 357.870000
49.358689 377.520000
49.375413 387.630000
49.392136 379.660000
49.408859 361.210000
49.425582 344.770000
49.442305 335.300000
49.459128 332.530000
49.475851 335.130000
49.492574 339.790000
49.509297 340.460000
49.526021 332.960000
49.542744 320.770000
49.559467 309.440000
49.576190 300.980000
49.592913 295.060000
49.609736 290.950000
49.626460 288.030000
49.643183 285.940000
49.659906 284.390000
49.676629 283.180000
49.693352 282.140000
49.710076 281.220000
49.726799 280.440000
49.743522 279.810000
49.760345 279.320000
49.777069 278.970000
49.793792 278.730000
49.810515 278.600000
49.827238 278.590000
49.843962 278.690000
49.860685 278.860000
49.877408 279.080000
49.894131 279.260000
49.910955 279.420000
49.927678 279.640000
49.944401 279.970000
49.961125 280.440000
49.977848 281.060000
49.994571 281.840000
50.011295 282.820000
50.028018 284.050000
50.044741 285.650000
50.061565 287.770000
50.078288 290.600000
50.095012 294.500000
50.111735 299.900000
50.128458 307.450000
50.145182 317.830000
50.161905 331.280000
50.178629 346.600000
50.195452 359.710000
50.212176 364.650000
50.228899 359.180000
50.245623 348.120000
50.262346 338.100000
50.279069 332.530000
50.295793 331.860000
50.312516 334.800000
50.329240 338.470000
50.346063 338.860000
50.362787 333.630000
50.379510 324.540000
50.396234 315.240000
50.412957 308.100000
50.429681 303.640000
50.446404 301.670000
50.463128 301.670000
50.479852 302.880000
50.496675 304.110000
50.513399 303.980000
50.530122 301.760000
50.546846 298.120000
50.563569 294.450000
50.580293 291.750000
50.597017 290.260000
50.613740 289.840000
50.630464 290.000000
50.647288 290.080000
50.664011 289.450000
50.680735 288.180000
50.697458 286.840000
50.714182 285.890000
50.730906 285.450000
50.747629 285.510000
50.764353 286.010000
50.781077 286.960000
50.797901 288.410000
50.814624 290.440000
50.831348 293.280000
50.848072 297.200000
50.864795 302.690000
50.881519 310.280000
50.898243 320.610000
50.914966 333.940000
50.931690 349.590000
50.948514 365.630000
50.965238 379.910000
50.981962 392.760000
50.998685 402.040000
51.015409 402.920000
51.032133 393.620000
51.048857 379.670000
51.065580 367.730000
51.082304 360.110000
51.099128 355.860000
51.115852 353.580000
51.132576 351.650000
51.149300 347.170000
51.166024 338.090000
51.182747 325.930000
51.199471 313.940000
51.216195 304.090000
51.232919 296.620000
51.249743 291.090000
51.266467 286.990000
51.283191 283.910000
51.299915 281.540000
51.316639 279.720000
51.333362 278.300000
51.350086 277.190000
51.366810 276.360000
51.383634 275.720000
51.400358 275.250000
51.417082 274.860000
51.433806 274.510000
51.450530 274.150000
51.467254 273.710000
51.483978 273.180000
51.500702 272.670000
51.517426 272.240000
51.534250 271.900000
51.550974 271.640000
51.567698 271.420000
51.584422 271.240000
51.601146 271.150000
51.617870 271.110000
51.634594 271.060000
51.651318 270.940000
51.668042 270.720000
51.684867 270.450000
51.701591 270.220000
51.718315 270.040000
51.735039 269.900000
51.751763 269.790000
51.768487 269.710000
51.785211 269.670000
51.801935 269.630000
51.818659 269.630000
51.835484 269.650000
51.852208 269.690000
51.868932 269.750000
51.885656 269.850000
51.902380 269.980000
51.919104 270.150000
51.935828 270.360000
51.952553 270.600000
51.969277 270.840000
51.986101 271.090000
52.002825 271.430000
52.019549 271.930000
52.036274 272.640000
52.052998 273.570000
52.069722 274.670000
52.086446 275.900000
52.103171 277.110000
52.119895 277.860000
52.136719 277.750000
52.153443 276.960000
52.170168 276.020000
52.186892 275.400000
52.203616 275.200000
52.220341 275.410000
52.237065 275.880000
52.253789 276.380000
52.270514 276.640000
52.287338 276.560000
52.304062 276.320000
52.320787 276.080000
52.337511 275.960000
52.354235 276.010000
52.370960 276.270000
52.387684 276.750000
52.404408 277.450000
52.421133 278.320000
52.437957 279.310000
52.454682 280.400000
52.471406 281.660000
52.488130 283.130000
52.504855 284.890000
52.521579 287.030000
52.538304 289.590000
52.555028 292.980000
52.571853 297.400000
52.588577 303.210000
52.605302 311.030000
52.622026 321.740000
52.638751 336.570000
52.655475 356.700000
52.672200 382.340000
52.688924 410.490000
52.705648 432.760000
52.722473 438.750000
52.739198 426.780000
52.755922 406.980000
52.772647 390.540000
52.789371 382.700000
52.806096 383.950000
52.822820 391.720000
52.839545 400.340000
52.856269 402.090000
52.873094 392.660000
52.889819 375.500000
52.906543 357.750000
52.923268 344.040000
52.939992 335.220000
52.956717 329.850000
52.973442 325.490000
52.990166 320.150000
53.006891 313.470000
53.023716 306.590000
53.040440 300.760000
53.057165 296.500000
53.073890 293.700000
53.090614 291.900000
53.107339 290.430000
53.124064 288.690000
53.140788 286.620000
53.157513 284.600000
53.174338 283.000000
53.191063 281.980000
53.207787 281.580000
53.224512 281.850000
53.241237 282.940000
53.257961 285.170000
53.274686 289.030000
53.291411 295.000000
53.308136 302.650000
53.324961 308.860000
53.341685 308.630000
53.358410 302.170000
53.375135 294.930000
53.391860 290.160000
53.408584 288.110000
53.425309 288.360000
53.442034 290.400000
53.458759 293.250000
53.475584 294.700000
53.492309 292.860000
53.509034 288.920000
53.525758 285.320000
53.542483 283.000000
53.559208 281.790000
53.575933 281.370000
53.592658 281.440000
53.609483 281.820000
53.626208 282.400000
53.642933 283.110000
53.659658 284.060000
53.676382 285.480000
53.693107 287.590000
53.709832 290.680000
53.726557 295.130000
53.743282 301.540000
53.760107 310.690000
53.776832 323.410000
53.793557 339.780000
53.810282 357.150000
53.827007 368.530000
53.843732 367.200000
53.860457 355.500000
53.877182 341.600000
53.893907 331.070000
53.910732 325.610000
53.927457 324.950000
53.944182 327.850000
53.960907 331.740000
53.977632 332.530000
53.994357 327.690000
54.011082 319.040000
54.027808 310.130000
54.044533 302.930000
54.061358 297.760000
54.078083 294.270000
54.094808 292.010000
54.111533 290.620000
54.128258 289.890000
54.144983 289.670000
54.161708 289.890000
54.178434 290.480000
54.195159 291.450000
54.211984 292.820000
54.228709 294.690000
54.245434 297.190000
54.262159 300.550000
54.278885 305.050000
54.295610 311.120000
54.312335 319.350000
54.329060 330.550000
54.345785 345.700000
54.362611 365.250000
54.379336 387.330000
54.396061 406.430000
54.412786 415.550000
54.429512 411.880000
54.446237 400.380000
54.462962 389.620000
54.479687 385.480000
54.496413 390.450000
54.513238 405.440000
54.529963 429.850000
54.546688 459.200000
54.563414 481.180000
54.580139 479.380000
54.596864 455.030000
54.613590 428.070000
54.630315 411.660000
54.647040 408.280000
54.663866 417.470000
54.680591 439.070000
54.697316 472.020000
54.714042 510.320000
54.730767 541.650000
54.747493 554.830000
54.764218 545.860000
54.780943 520.810000
54.797669 493.640000
54.814494 475.820000
54.831220 472.180000
54.847945 483.450000
54.864670 508.080000
54.881396 541.280000
54.898121 574.010000
54.914847 597.560000
54.931572 609.470000
54.948398 608.760000
54.965123 590.860000
54.981849 557.200000
54.998574 519.840000
55.015300 490.500000
55.032025 473.180000
55.048751 466.230000
55.065476 466.310000
55.082202 470.150000
55.099027 473.290000
55.115753 470.890000
55.132478 462.860000
55.149204 454.650000
55.165929 450.560000
55.182655 448.830000
55.199381 443.370000
55.216106 430.770000
55.232832 414.480000
55.249657 400.380000
55.266383 391.830000
55.283109 389.650000
55.299834 393.560000
55.316560 402.620000
55.333285 415.000000
55.350011 428.550000
55.366737 443.300000
55.383462 462.810000
55.400288 491.180000
55.417014 528.330000
55.433739 565.740000
55.450465 586.870000
55.467191 579.470000
55.483916 550.140000
55.500642 517.160000
55.517368 493.970000
55.534093 485.440000
55.550919 491.830000
55.567645 511.200000
55.584371 538.990000
55.601096 567.930000
55.617822 592.660000
55.634548 615.050000
55.651274 638.950000
55.667999 658.950000
55.684725 659.110000
55.701551 629.960000
55.718277 582.740000
55.735003 537.240000
55.751728 505.640000
55.768454 489.680000
55.785180 488.310000
55.801906 497.460000
55.818632 510.180000
55.835458 516.890000
55.852183 511.220000
55.868909 495.350000
55.885635 474.580000
55.902361 450.760000
55.919087 425.180000
55.935813 401.390000
55.952539 382.530000
55.969265 369.380000
55.986091 361.340000
56.002816 357.480000
56.019542 356.410000
56.036268 355.860000
56.052994 353.310000
56.069720 347.910000
56.086446 341.230000
56.103172 335.300000
56.119898 331.070000
56.136724 328.650000
56.153450 327.800000
56.170176 328.330000
56.186902 330.170000
56.203628 333.390000
56.220354 338.190000
56.237080 344.910000
56.253806 354.050000
56.270532 366.430000
56.287358 383.500000
56.304084 407.080000
56.320810 438.860000
56.337536 479.110000
56.354262 525.030000
56.370988 570.140000
56.387714 610.600000
56.404440 648.710000
56.421166 677.720000
56.437993 680.620000
56.454719 653.730000
56.471445 614.830000
56.488171 583.500000
56.504897 567.140000
56.521623 562.720000
56.538349 563.600000
56.555075 565.460000
56.571802 564.520000
56.588628 554.730000
56.605354 533.740000
56.622080 506.870000
56.638806 478.950000
56.655532 449.370000
56.672259 420.370000
56.688985 396.510000
56.705711 378.270000
56.722437 364.000000
56.739264 353.080000
56.755990 345.800000
56.772716 341.820000
56.789442 339.070000
56.806168 334.240000
56.822895 326.570000
56.839621 318.610000
56.856347 312.290000
56.873073 307.830000
56.889900 304.750000
56.906626 302.660000
56.923352 301.250000
56.940079 300.370000
56.956805 299.900000
56.973531 299.760000
56.990258 299.920000
57.006984 300.390000
57.023710 301.170000
57.040537 302.250000
57.057263 303.650000
57.073989 305.390000
57.090716 307.490000
57.107442 309.970000
57.124169 312.840000
57.140895 316.160000
57.157621 319.950000
57.174448 324.230000
57.191174 329.120000
57.207901 334.720000
57.224627 341.250000
57.241353 349.020000
57.258080 358.550000
57.274806 370.520000
57.291533 385.940000
57.308259 406.160000
57.325086 433.130000
57.341812 469.280000
57.358539 517.230000
57.375265 578.190000
57.391992 649.180000
57.408718 721.620000
57.425445 785.670000
57.442171 840.860000
57.458898 878.530000
57.475724 882.340000
57.492451 849.070000
57.509177 801.840000
57.525904 768.050000
57.542630 759.090000
57.559357 770.010000
57.576084 788.390000
57.592810 806.260000
57.609537 823.760000
57.626363 839.890000
57.643090 849.860000
57.659817 850.400000
57.676543 835.520000
57.693270 796.380000
57.709996 736.470000
57.726723 671.950000
57.743450 615.920000
57.760176 573.830000
57.777003 547.450000
57.793730 536.220000
57.810456 536.150000
57.827183 538.600000
57.843910 532.580000
57.860636 512.850000
57.877363 484.670000
57.894090 457.300000
57.910816 436.410000
57.927643 423.520000
57.944370 418.540000
57.961097 421.370000
57.977823 432.300000
57.994550 451.540000
58.011277 477.450000
58.028004 504.010000
58.044730 521.110000
58.061557 523.030000
58.078284 516.720000
58.095011 516.520000
58.111738 533.410000
58.128464 568.890000
58.145191 607.500000
58.161918 618.680000
58.178645 593.370000
58.195372 555.170000
58.212199 520.820000
58.228926 493.150000
58.245652 474.080000
58.262379 466.740000
58.279106 472.440000
58.295833 487.360000
58.312560 499.820000
58.329287 498.300000
58.346013 488.050000
58.362841 484.140000
58.379567 495.010000
58.396294 521.850000
58.413021 561.130000
58.429748 602.300000
58.446475 627.810000
58.463202 625.170000
58.479929 601.500000
58.496656 576.250000
58.513483 564.280000
58.530210 571.170000
58.546937 595.150000
58.563664 627.030000
58.580391 650.510000
58.597118 651.900000
58.613845 631.220000
58.630572 598.620000
58.647299 567.080000
58.664126 547.110000
58.680853 544.060000
58.697580 558.550000
58.714307 586.570000
58.731034 616.860000
58.747761 631.520000
58.764488 617.770000
58.781215 580.880000
58.797942 537.970000
58.814770 502.330000
58.831497 478.860000
58.848224 467.560000
58.864951 466.950000
58.881678 474.560000
58.898405 486.070000
58.915132 495.380000
58.931859 498.640000
58.948586 498.810000
58.965414 503.400000
58.982141 519.390000
58.998868 551.630000
59.015595 603.570000
59.032322 675.710000
59.049049 759.850000
59.065777 831.580000
59.082504 856.620000
59.099231 821.000000
59.116058 750.310000
59.132786 676.210000
59.149513 621.210000
59.166240 590.760000
59.182967 583.350000
59.199694 594.650000
59.216422 616.100000
59.233149 632.350000
59.249876 626.770000
59.266704 595.510000
59.283431 550.930000
59.300158 507.970000
59.316885 474.380000
59.333613 450.310000
59.350340 431.840000
59.367067 414.930000
59.383795 398.570000
59.400622 384.380000
59.417349 373.780000
59.434077 367.060000
59.450804 363.750000
59.467531 363.500000
59.484259 366.190000
59.500986 371.550000
59.517714 378.900000
59.534441 388.020000
59.551268 399.530000
59.567996 413.160000
59.584723 425.290000
59.601451 429.590000
59.618178 423.060000
59.634905 409.870000
59.651633 396.750000
59.668360 387.700000
59.685088 383.860000
59.701915 385.070000
59.718643 390.690000
59.735370 399.380000
59.752098 408.590000
59.768825 415.390000
59.785553 419.180000
59.802280 422.800000
59.819008 430.380000
59.835735 445.130000
59.852563 469.580000
59.869290 506.260000
59.886018 557.390000
59.902745 622.400000
59.919473 692.260000
59.936200 745.430000
59.952928 757.900000
59.969655 727.610000
59.986383 678.120000
60.003211 634.550000
60.019938 609.340000
60.036666 605.660000
60.053393 623.250000
60.070121 660.480000
60.086849 712.850000
60.103576 771.590000
60.120304 828.550000
60.137032 884.050000
60.153859 941.280000
60.170587 989.130000
60.187315 1002.860000
60.204042 974.380000
60.220770 928.430000
60.237498 897.930000
60.254225 898.390000
60.270953 923.300000
60.287681 949.550000
60.304508 954.180000
60.321236 933.770000
60.337964 898.040000
60.354692 851.130000
60.371419 795.850000
60.388147 743.560000
60.404875 707.480000
60.421602 692.500000
60.438430 692.150000
60.455158 690.280000
60.471886 669.970000
60.488614 627.480000
60.505341 574.480000
60.522069 525.050000
60.538797 486.310000
60.555525 459.300000
60.572253 442.730000
60.589081 435.030000
60.605808 434.610000
60.622536 439.460000
60.639264 447.370000
60.655992 457.650000
60.672720 472.560000
60.689448 495.030000
60.706175 523.680000
60.722903 549.010000
60.739731 556.100000
60.756459 537.650000
60.773187 502.600000
60.789915 466.070000
60.806643 437.490000
60.823371 419.620000
60.840099 412.100000
60.856827 413.270000
60.873554 420.410000
60.890383 427.900000
60.907110 428.020000
60.923838 416.260000
60.940566 395.580000
60.957294 372.840000
60.974022 352.830000
60.990750 336.990000
61.007478 324.930000
61.024206 315.790000
61.041034 308.800000
61.057762 303.360000
61.074490 299.070000
61.091218 295.610000
61.107946 292.790000
61.124674 290.480000
61.141403 288.560000
61.158131 286.960000
61.174859 285.620000
61.191687 284.510000
61.208415 283.590000
61.225143 282.850000
61.241871 282.250000
61.258599 281.780000
61.275327 281.410000
61.292055 281.140000
61.308783 280.960000
61.325512 280.860000
61.342340 280.860000
61.359068 281.000000
61.375796 281.320000
61.392524 281.890000
61.409252 282.780000
61.425980 284.140000
61.442709 286.140000
61.459437 289.080000
61.476165 293.470000
61.492993 300.140000
61.509722 310.350000
61.526450 325.530000
61.543178 345.490000
61.559906 364.310000
61.576634 369.560000
61.593363 356.940000
61.610091 337.590000
61.626819 321.760000
61.643647 311.950000
61.660376 307.400000
61.677104 307.160000
61.693832 310.870000
61.710560 318.020000
61.727289 326.160000
61.744017 329.770000
61.760745 325.060000
61.777574 315.380000
61.794302 306.210000
61.811030 299.710000
61.827759 295.650000
61.844487 293.330000
61.861215 292.180000
61.877944 291.850000
61.894672 292.130000
61.911400 292.890000
61.928129 294.110000
61.944957 295.810000
61.961686 298.070000
61.978414 301.060000
61.995142 304.960000
62.011871 309.970000
62.028599 316.200000
62.045328 323.560000
62.062056 331.930000
62.078885 341.760000
62.095613 354.460000
62.112341 371.850000
62.129070 395.260000
62.145798 423.930000
62.162527 452.760000
62.179255 471.730000
62.195984 472.360000
62.212712 456.800000
62.229541 435.380000
62.246269 416.880000
62.262998 405.090000
62.279726 400.760000
62.296455 403.490000
62.313183 412.150000
62.329912 424.210000
62.346640 435.070000
62.363369 439.710000
62.380198 436.950000
62.396926 430.800000
62.413655 426.630000
62.430383 427.870000
62.447112 436.090000
62.463840 452.430000
62.480569 478.400000
62.497298 516.350000
62.514026 569.510000
62.530855 641.140000
62.547584 732.970000
62.564312 842.850000
62.581041 960.370000
62.597769 1058.640000
62.614498 1102.150000
62.631227 1065.720000
62.647955 972.320000
62.664684 868.610000
62.681513 787.130000
62.698242 739.120000
62.714970 724.100000
62.731699 737.250000
62.748428 771.110000
62.765156 812.840000
62.781885 840.820000
62.798614 831.760000
62.815342 779.930000
62.832171 703.400000
62.848900 626.320000
62.865629 562.460000
62.882358 514.900000
62.899086 481.810000
62.915815 460.380000
62.932544 448.050000
62.949273 442.440000
62.966001 440.690000
62.982830 439.870000
62.999559 438.800000
63.016288 439.120000
63.033017 443.310000
63.049746 452.640000
63.066474 467.350000
63.083203 488.820000
63.099932 520.670000
63.116761 566.950000
63.133490 628.310000
63.150219 696.290000
63.166948 749.310000
63.183676 762.410000
63.200405 731.500000
63.217134 678.400000
63.233863 627.360000
63.250592 589.290000
63.267421 564.730000
63.284150 551.840000
63.300879 550.410000
63.317608 559.340000
63.334337 571.950000
63.351066 575.760000
63.367795 561.190000
63.384524 531.010000
63.401253 496.860000
63.418082 468.190000
63.434811 447.970000
63.451540 435.050000
63.468269 427.170000
63.484998 421.800000
63.501727 416.060000
63.518456 408.510000
63.535185 400.430000
63.551914 393.120000
63.568743 385.680000
63.585472 376.900000
63.602201 367.820000
63.618930 360.910000
63.635659 357.790000
63.652388 358.480000
63.669117 361.790000
63.685846 366.190000
63.702575 370.800000
63.719405 374.520000
63.736134 374.660000
63.752863 368.410000
63.769592 356.490000
63.786321 342.710000
63.803050 330.530000
63.819779 321.500000
63.836508 315.770000
63.853237 313.010000
63.870067 312.640000
63.886796 313.690000
63.903525 314.520000
63.920254 313.270000
63.936983 309.310000
63.953713 303.670000
63.970442 298.000000
63.987171 293.270000
64.003900 289.750000
64.020730 287.340000
64.037459 285.830000
64.054188 285.050000
64.070917 284.780000
64.087647 284.840000
64.104376 285.240000
64.121105 286.200000
64.137834 287.890000
64.154664 290.100000
64.171393 292.270000
64.188122 294.480000
64.204852 297.690000
64.221581 302.730000
64.238310 309.940000
64.255039 319.300000
64.271769 330.190000
64.288498 340.440000
64.305328 346.140000
64.322057 344.420000
64.338786 336.610000
64.355516 326.750000
64.372245 318.310000
64.388974 312.640000
64.405704 310.270000
64.422433 310.950000
64.439162 314.320000
64.455892 319.710000
64.472721 325.840000
64.489451 330.910000
64.506180 333.870000
64.522910 335.030000
64.539639 334.510000
64.556368 331.070000
64.573098 324.020000
64.589827 314.940000
64.606657 306.300000
64.623386 299.550000
64.640116 295.020000
64.656845 292.530000
64.673575 291.840000
64.690304 292.620000
64.707034 294.260000
64.723763 295.670000
64.740493 295.520000
64.757322 293.350000
64.774052 289.970000
64.790781 286.560000
64.807511 283.790000
64.824240 281.870000
64.840970 280.700000
64.857700 280.140000
64.874429 280.110000
64.891159 280.540000
64.907988 281.400000
64.924718 282.740000
64.941448 284.660000
64.958177 287.330000
64.974907 291.020000
64.991636 296.050000
65.008366 302.870000
65.025096 312.200000
65.041925 324.930000
65.058655 342.210000
65.075385 364.850000
65.092114 392.100000
65.108844 419.250000
65.125574 436.930000
65.142303 436.690000
65.159033 419.970000
65.175763 396.520000
65.192492 375.260000
65.209322 360.270000
65.226052 352.330000
65.242781 351.100000
65.259511 355.990000
65.276241 365.840000
65.292971 377.860000
65.309700 387.160000
65.326430 389.170000
65.343160 383.610000
65.359990 374.000000
65.376719 363.040000
65.393449 351.560000
65.410179 340.730000
65.426909 332.220000
65.443639 327.050000
65.460368 325.130000
65.477098 325.740000
65.493828 328.170000
65.510658 331.730000
65.527388 335.050000
65.544118 335.830000
65.560847 332.340000
65.577577 325.230000
65.594307 316.860000
65.611037 309.450000
65.627767 303.970000
65.644597 300.430000
65.661327 298.350000
65.678057 297.290000
65.694786 296.950000
65.711516 296.760000
65.728246 295.840000
65.744976 293.620000
65.761706 290.520000
65.778436 287.480000
65.795266 285.240000
65.811996 284.050000
65.828726 283.960000
65.845456 284.990000
65.862186 287.280000
65.878916 291.150000
65.895646 296.990000
65.912376 305.220000
65.929106 315.770000
65.945936 327.340000
65.962666 336.580000
65.979396 339.590000
65.996126 335.330000
66.012856 326.710000
66.029586 317.420000
66.046316 309.750000
66.063046 304.670000
66.079776 302.440000
66.096606 302.960000
66.113336 305.940000
66.130066 310.570000
66.146796 315.320000
66.163526 318.280000
66.180256 318.800000
66.196987 318.060000
66.213717 318.090000
66.230447 320.230000
66.247277 324.510000
66.264007 329.100000
66.280737 330.850000
66.297467 327.710000
66.314198 320.970000
66.330928 313.680000
66.347658 308.210000
66.364388 305.530000
66.381218 305.970000
66.397948 309.790000
66.414679 317.500000
66.431409 329.850000
66.448139 347.820000
66.464869 372.260000
66.481599 402.950000
66.498330 433.540000
66.515060 446.690000
66.531790 429.460000
66.548620 394.340000
66.565351 360.860000
66.582081 336.900000
66.598811 322.240000
66.615541 315.000000
66.632272 313.940000
66.649002 318.760000
66.665732 329.280000
66.682563 342.940000
66.699293 352.220000
66.716023 348.760000
66.732753 334.140000
66.749484 317.350000
66.766214 304.250000
66.782944 295.900000
66.799675 291.400000
66.816405 289.680000
66.833236 289.490000
66.849966 289.310000
66.866696 287.740000
66.883427 284.560000
66.900157 280.680000
66.916887 277.150000
66.933618 274.500000
66.950348 272.790000
66.967079 271.990000
66.983909 271.980000
67.000640 272.640000
67.017370 273.690000
67.034100 274.640000
67.050831 274.950000
67.067561 274.390000
67.084292 273.330000
67.101022 272.370000
67.117753 271.940000
67.134583 272.290000
67.151314 273.510000
67.168044 275.780000
67.184775 279.280000
67.201505 284.330000
67.218236 291.270000
67.234966 300.160000
67.251697 310.350000
67.268427 319.780000
67.285258 325.300000
67.301988 324.490000
67.318719 318.120000
67.335449 309.660000
67.352180 302.180000
67.368910 297.090000
67.385641 294.440000
67.402372 293.800000
67.419102 294.820000
67.435933 297.120000
67.452663 299.850000
67.469394 301.480000
67.486125 300.430000
67.502855 296.370000
67.519586 290.550000
67.536316 284.690000
67.553047 279.830000
67.569878 276.170000
67.586609 273.460000
67.603339 271.410000
67.620070 269.800000
67.636801 268.550000
67.653531 267.540000
67.670262 266.670000
67.686993 265.920000
67.703723 265.350000
67.720554 265.010000
67.737285 264.930000
67.754015 265.130000
67.770746 265.630000
67.787477 266.480000
67.804208 267.710000
67.820938 269.440000
67.837669 271.790000
67.854400 274.950000
67.871231 279.200000
67.887962 284.990000
67.904692 292.860000
67.921423 303.440000
67.938154 316.950000
67.954885 332.420000
67.971615 346.510000
67.988346 354.270000
68.005077 353.210000
68.021908 346.540000
68.038639 339.420000
68.055370 335.430000
68.072100 333.720000
68.088831 330.520000
68.105562 324.610000
68.122293 319.250000
68.139024 317.090000
68.155755 317.830000
68.172586 319.050000
68.189317 318.100000
68.206048 314.310000
68.222778 309.270000
68.239509 304.630000
68.256240 300.700000
68.272971 296.650000
68.289702 291.430000
68.306433 285.440000
68.323264 280.230000
68.339995 276.430000
68.356726 273.380000
68.373457 270.320000
68.390188 267.460000
68.406919 265.220000
68.423650 263.610000
68.440381 262.270000
68.457112 260.970000
68.473943 259.830000
68.490674 259.030000
68.507405 258.630000
68.524136 258.560000
68.540867 258.550000
68.557598 258.270000
68.574329 257.570000
68.591060 256.730000
68.607791 256.030000
68.624622 255.520000
68.641353 255.180000
68.658084 254.990000
68.674815 254.890000
68.691547 254.880000
68.708278 254.930000
68.725009 255.050000
68.741740 255.210000
68.758471 255.450000
68.775302 255.770000
68.792033 256.180000
68.808764 256.730000
68.825496 257.440000
68.842227 258.370000
68.858958 259.510000
68.875689 260.860000
68.892420 262.360000
68.909251 263.970000
68.925983 265.840000
68.942714 268.250000
68.959445 271.490000
68.976176 275.590000
68.992907 280.130000
69.009639 283.950000
69.026370 285.580000
69.043101 284.630000
69.059932 282.170000
69.076664 279.680000
69.093395 278.020000
69.110126 277.470000
69.126857 278.130000
69.143589 280.050000
69.160320 283.240000
69.177051 287.660000
69.193782 293.150000
69.210614 299.470000
69.227345 306.610000
69.244076 315.000000
69.260808 325.190000
69.277539 336.590000
69.294270 346.510000
69.311002 351.000000
69.327733 347.960000
69.344464 339.350000
69.361296 329.450000
69.378027 321.410000
69.394758 316.150000
69.411490 313.060000
69.428221 311.320000
69.444953 310.790000
69.461684 311.790000
69.478415 314.010000
69.495147 316.040000
69.511978 315.980000
69.528710 312.890000
69.545441 307.750000
69.562172 302.490000
69.578904 298.570000
69.595635 296.400000
69.612367 295.770000
69.629098 296.430000
69.645830 298.630000
69.662661 302.960000
69.679393 310.060000
69.696124 319.830000
69.712856 330.700000
69.729587 338.980000
69.746319 340.510000
69.763050 334.400000
69.779782 323.920000
69.796513 313.200000
69.813345 304.590000
69.830076 298.800000
69.846808 295.780000
69.863539 295.300000
69.880271 297.030000
69.897003 300.680000
69.913734 305.190000
69.930466 308.730000
69.947197 309.320000
69.964029 306.470000
69.980761 301.640000
69.997492 296.790000
70.014224 293.150000
70.030955 291.180000
70.047687 290.930000
70.064419 292.400000
70.081150 295.680000
70.097982 301.090000
70.114714 309.110000
70.131445 320.380000
70.148177 335.450000
70.164909 354.150000
70.181640 374.640000
70.198372 393.150000
70.215104 405.400000
70.231835 409.280000
70.248667 406.270000
70.265399 399.350000
70.282130 390.560000
70.298862 381.870000
70.315594 376.210000
70.332326 375.990000
70.349057 381.510000
70.365789 390.250000
70.382521 397.540000
70.399353 399.170000
70.416084 394.230000
70.432816 384.580000
70.449548 372.810000
70.466280 360.770000
70.483012 349.070000
70.499743 338.170000
70.516475 329.070000
70.533207 322.540000
70.550039 318.320000
70.566771 315.190000
70.583503 311.480000
70.600234 305.990000
70.616966 299.000000
70.633698 291.780000
70.650430 285.400000
70.667162 280.240000
70.683894 276.180000
70.700726 272.980000
70.717457 270.510000
70.734189 268.620000
70.750921 267.110000
70.767653 265.880000
70.784385 264.950000
70.801117 264.410000
70.817849 264.370000
70.834681 264.890000
70.851413 266.080000
70.868145 267.980000
70.884877 270.550000
70.901609 273.320000
70.918341 275.380000
70.935072 275.730000
70.951804 274.230000
70.968536 271.730000
70.985268 269.230000
71.002101 267.290000
71.018833 266.080000
71.035565 265.570000
71.052297 265.690000
71.069029 266.410000
71.085761 267.690000
71.102493 269.330000
71.119225 270.970000
71.135957 272.120000
71.152789 272.650000
71.169521 272.910000
71.186253 273.470000
71.202985 274.830000
71.219717 277.280000
71.236449 281.130000
71.253181 286.770000
71.269913 294.670000
71.286645 305.310000
71.303478 318.790000
71.320210 334.030000
71.336942 348.130000
71.353674 357.350000
71.370406 359.910000
71.387138 356.610000
71.403870 348.720000
71.420602 337.750000
71.437335 326.200000
71.454167 316.520000
71.470899 310.090000
71.487631 307.240000
71.504363 307.710000
71.521096 310.700000
71.537828 314.730000
71.554560 317.750000
71.571292 318.280000
71.588125 316.070000
71.604857 311.570000
71.621589 305.360000
71.638321 298.380000
71.655053 291.760000
71.671786 286.310000
71.688518 282.250000
71.705250 279.510000
71.721982 277.940000
71.738815 277.400000
71.755547 277.790000
71.772279 279.000000
71.789012 281.110000
71.805744 284.120000
71.822476 288.240000
71.839209 293.890000
71.855941 301.720000
71.872673 312.490000
71.889506 326.860000
71.906238 344.930000
71.922970 365.010000
71.939703 382.850000
71.956435 393.130000
71.973167 393.780000
71.989900 387.670000
72.006632 379.280000
72.023365 371.960000
72.040197 367.350000
72.056930 365.240000
72.073662 364.180000
72.090394 363.610000
72.107127 364.860000
72.123859 369.430000
72.140592 376.830000
72.157324 384.020000
72.174056 386.870000
72.190889 382.700000
72.207621 372.130000
72.224354 358.460000
72.241086 345.130000
72.257819 333.890000
72.274551 324.620000
72.291284 316.490000
72.308016 309.240000
72.324749 303.370000
72.341581 299.380000
72.358314 297.260000
72.375046 296.210000
72.391779 294.900000
72.408511 292.190000
72.425244 288.010000
72.441977 283.270000
72.458709 278.900000
72.475542 275.410000
72.492274 272.850000
72.509007 271.130000
72.525739 270.170000
72.542472 269.890000
72.559205 270.280000
72.575937 271.310000
72.592670 272.820000
72.609402 274.410000
72.626235 275.470000
72.642968 275.630000
72.659700 275.110000
72.676433 274.530000
72.693166 274.430000
72.709898 275.100000
72.726631 276.680000
72.743364 279.320000
72.760096 283.220000
72.776929 288.690000
72.793662 296.130000
72.810394 306.050000
72.827127 319.050000
72.843860 335.740000
72.860593 356.520000
72.877325 380.430000
72.894058 403.170000
72.910791 416.870000
72.927624 415.140000
72.944356 399.550000
72.961089 377.910000
72.977822 357.440000
72.994555 341.750000
73.011287 331.730000
73.028020 327.280000
73.044753 328.120000
73.061486 333.990000
73.078319 343.750000
73.095051 354.270000
73.111784 361.010000
73.128517 360.690000
73.145250 352.840000
73.161983 339.930000
73.178715 325.750000
73.195448 313.120000
73.212181 303.180000
73.229014 295.970000
73.245747 291.190000
73.262480 288.450000
73.279213 287.380000
73.295945 287.360000
73.312678 287.460000
73.329411 287.160000
73.346144 287.030000
73.362877 287.940000
73.379710 290.480000
73.396443 295.090000
73.413176 302.250000
73.429909 312.740000
73.446642 327.640000
73.463375 347.950000
73.480108 373.240000
73.496840 398.890000
73.513674 414.680000
73.530407 412.260000
73.547140 394.910000
73.563872 372.680000
73.580605 352.960000
73.597338 338.610000
73.614071 329.910000
73.630804 326.440000
73.647537 327.910000
73.664371 334.440000
73.681104 345.930000
73.697837 362.260000
73.714570 379.370000
73.731303 389.300000
73.748036 385.810000
73.764769 371.900000
73.781502 355.620000
73.798235 342.350000
73.815068 333.800000
73.831801 329.900000
73.848534 330.130000
73.865267 333.920000
73.882000 340.660000
73.898733 349.840000
73.915467 361.460000
73.932200 376.010000
73.948933 393.440000
73.965766 412.790000
73.982499 431.960000
73.999232 446.340000
74.015965 450.600000
74.032699 444.520000
74.049432 434.130000
74.066165 426.480000
74.082898 425.950000
74.099631 434.240000
74.116465 451.510000
74.133198 477.270000
74.149931 510.970000
74.166664 551.190000
74.183397 592.300000
74.200131 621.830000
74.216864 626.000000
74.233597 602.100000
74.250330 561.140000
74.267164 517.800000
74.283897 481.930000
74.300630 457.290000
74.317363 443.990000
74.334097 440.630000
74.350830 445.560000
74.367563 457.520000
74.384296 474.740000
74.401030 492.910000
74.417863 504.210000
74.434597 501.490000
74.451330 485.040000
74.468063 462.360000
74.484796 441.390000
74.501530 425.820000
74.518263 415.310000
74.534996 408.060000
74.551730 403.010000
74.568563 399.700000
74.585297 397.270000
74.602030 394.830000
74.618763 391.790000
74.635497 386.940000
74.652230 378.810000
74.668964 367.830000
74.685697 356.540000
74.702531 347.420000
74.719264 341.460000
74.735997 338.260000
74.752731 337.050000
74.769464 337.530000
74.786198 339.630000
74.802931 342.930000
74.819664 346.400000
74.836398 348.390000
74.853131 346.760000
74.869965 340.250000
74.886699 330.060000
74.903432 318.970000
74.920165 309.490000
74.936899 302.930000
74.953632 299.800000
74.970366 300.330000
74.987099 304.300000
75.003933 310.040000
75.020667 313.620000
75.037400 312.030000
75.054134 306.580000
75.070867 299.830000
75.087601 292.760000
75.104334 285.810000
75.121068 279.530000
75.137801 274.470000
75.154635 270.910000
75.171369 268.890000
75.188102 268.410000
75.204836 269.350000
75.221570 270.990000
75.238303 271.760000
75.255037 270.220000
75.271770 266.690000
75.288504 262.600000
75.305338 259.010000
75.322071 256.250000
75.338805 254.230000
75.355539 252.790000
75.372272 251.790000
75.389006 251.100000
75.405740 250.670000
75.422473 250.470000
75.439207 250.480000
75.456041 250.720000
75.472775 251.210000
75.489508 251.950000
75.506242 252.990000
75.522976 254.340000
75.539709 255.990000
75.556443 257.790000
75.573177 259.300000
75.589911 259.950000
75.606745 259.590000
75.623478 258.630000
75.640212 257.640000
75.656946 257.050000
75.673680 257.050000
75.690413 257.660000
75.707147 258.820000
75.723881 260.320000
75.740615 261.840000
75.757449 263.250000
75.774183 264.640000
75.790916 266.200000
75.807650 268.030000
75.824384 270.270000
75.841118 273.220000
75.857852 277.340000
75.874585 282.850000
75.891319 289.260000
75.908153 295.030000
75.924887 297.960000
75.941621 296.850000
75.958355 292.600000
75.975089 287.210000
75.991823 282.310000
76.008557 278.710000
76.025290 276.650000
76.042125 276.170000
76.058858 277.260000
76.075592 279.930000
76.092326 284.240000
76.109060 290.080000
76.125794 296.930000
76.142528 303.730000
76.159262 309.140000
76.175996 312.070000
76.192830 312.380000
76.209564 311.150000
76.226298 310.280000
76.243032 311.550000
76.259766 316.120000
76.276500 324.690000
76.293234 337.420000
76.309968 353.250000
76.326702 369.090000
76.343536 379.950000
76.360270 382.320000
76.377004 377.430000
76.393738 369.820000
76.410472 363.600000
76.427206 361.040000
76.443941 363.130000
76.460675 369.750000
76.477409 379.000000
76.494243 387.600000
76.510977 393.150000
76.527711 396.310000
76.544445 399.270000
76.561179 402.250000
76.577913 402.840000
76.594647 398.290000
76.611382 387.910000
76.628116 373.750000
76.644950 359.360000
76.661684 347.770000
76.678418 340.280000
76.695152 336.410000
76.711887 334.410000
76.728621 332.290000
76.745355 329.250000
76.762089 326.160000
76.778924 324.340000
76.795658 324.170000
76.812392 324.470000
76.829126 323.050000
76.845860 318.230000
76.862595 310.170000
76.879329 300.720000
76.896063 291.800000
76.912797 284.430000
76.929531 278.840000
76.946366 274.820000
76.963100 272.150000
76.979834 270.700000
76.996569 270.380000
77.013303 271.200000
77.030037 272.980000
77.046771 275.450000
77.063506 278.150000
77.080240 280.680000
77.097075 282.740000
77.113809 283.750000
77.130543 282.930000
77.147277 280.050000
77.164012 275.950000
77.180746 271.830000
77.197480 268.480000
77.214215 266.230000
77.230949 265.110000
77.247784 265.110000
77.264518 266.210000
77.281252 268.470000
77.297987 271.930000
77.314721 276.440000
77.331456 281.530000
77.348190 286.240000
77.364924 289.520000
77.381759 290.550000
77.398493 289.230000
77.415228 286.340000
77.431962 283.260000
77.448697 281.210000
77.465431 280.810000
77.482165 282.110000
77.498900 284.570000
77.515634 287.140000
77.532469 288.790000
77.549204 289.300000
77.565938 289.440000
77.582672 290.110000
77.599407 291.810000
77.616141 294.670000
77.632876 298.750000
77.649610 304.250000
77.666345 311.120000
77.683180 318.120000
77.699914 322.710000
77.716649 322.720000
77.733383 318.240000
77.750118 311.310000
77.766852 303.900000
77.783587 297.360000
77.800321 292.460000
77.817056 289.720000
77.833891 289.360000
77.850625 291.540000
77.867360 296.410000
77.884095 303.910000
77.900829 313.460000
77.917564 323.460000
77.934298 331.460000
77.951033 335.360000
77.967868 334.320000
77.984602 328.570000
78.001337 319.400000
78.018072 308.960000
78.034806 299.320000
78.051541 291.620000
78.068276 286.200000
78.085010 282.920000
78.101745 281.570000
78.118480 281.930000
78.135315 283.670000
78.152049 286.320000
78.168784 289.230000
78.185519 291.770000
78.202253 293.370000
78.218988 293.710000
78.235723 293.000000
78.252457 292.120000
78.269292 292.120000
78.286027 293.890000
78.302762 297.990000
78.319497 304.850000
78.336231 314.650000
78.352966 326.870000
78.369701 339.520000
78.386436 348.830000
78.403171 351.210000
78.420006 346.400000
78.436740 337.700000
78.453475 329.060000
78.470210 322.920000
78.486945 320.350000
78.503680 321.660000
78.520414 327.110000
78.537149 337.080000
78.553884 352.150000
78.570719 372.740000
78.587454 398.280000
78.604189 425.600000
78.620924 447.970000
78.637659 457.220000
78.654393 449.540000
78.671128 429.210000
78.687863 404.580000
78.704598 382.320000
78.721433 365.500000
78.738168 354.740000
78.754903 349.590000
78.771638 349.470000
78.788373 354.210000
78.805108 363.960000
78.821843 378.740000
78.838578 397.460000
78.855313 417.180000
78.872148 433.690000
78.888883 443.650000
78.905618 445.950000
78.922353 441.000000
78.939088 429.980000
78.955823 415.230000
78.972558 399.600000
78.989293 384.550000
79.006028 369.910000
79.022863 356.630000
79.039598 346.570000
79.056333 340.520000
79.073068 337.870000
79.089803 337.580000
79.106538 338.740000
79.123273 340.680000
79.140008 342.510000
79.156843 343.130000
79.173578 341.680000
79.190313 338.340000
79.207049 334.110000
79.223784 329.930000
79.240519 326.080000
79.257254 323.070000
79.273989 321.780000
79.290724 323.050000
79.307459 327.380000
79.324295 335.190000
79.341030 346.920000
79.357765 362.510000
79.374500 380.240000
79.391235 395.870000
79.407970 404.090000
79.424705 402.810000
79.441441 395.410000
79.458276 387.520000
79.475011 383.050000
79.491746 382.790000
79.508481 385.250000
79.525217 389.140000
79.541952 395.100000
79.558687 405.760000
79.575422 422.780000
79.592157 442.550000
79.608993 454.070000
79.625728 448.590000
79.642463 429.760000
79.659199 406.220000
79.675934 383.650000
79.692669 365.050000
79.709404 351.570000
79.726140 342.940000
79.742875 337.930000
79.759710 335.190000
79.776446 334.250000
79.793181 335.650000
79.809916 340.100000
79.826652 346.590000
79.843387 351.180000
79.860122 349.250000
79.876858 340.580000
79.893593 328.790000
79.910428 317.420000
79.927164 308.370000
79.943899 302.240000
79.960634 299.080000
79.977370 298.770000
79.994105 301.200000
80.010841 306.140000
80.027576 312.920000
80.044311 319.890000
80.061147 324.550000
80.077882 324.990000
80.094618 321.820000
80.111353 317.560000
80.128089 314.160000
80.144824 312.610000
80.161559 313.470000
80.178295 317.360000
80.195030 324.900000
80.211866 336.770000
80.228601 353.430000
80.245337 374.530000
80.262072 397.920000
80.278808 418.940000
80.295543 432.570000
80.312279 437.320000
80.329014 436.330000
80.345750 433.430000
80.362585 429.210000
80.379321 421.580000
80.396056 409.670000
80.412792 395.770000
80.429528 382.930000
80.446263 372.880000
80.462999 366.080000
80.479734 362.610000
80.496570 361.900000
80.513305 362.390000
80.530041 362.040000
80.546777 359.650000
80.563512 355.760000
80.580248 351.780000
80.596983 348.140000
80.613719 343.860000
80.630455 337.710000
80.647290 329.800000
80.664026 321.270000
80.680762 313.290000
80.697497 306.350000
80.714233 300.590000
80.730968 296.140000
80.747704 293.140000
80.764440 291.820000
80.781175 292.460000
80.798011 295.200000
80.814747 299.310000
80.831483 302.730000
80.848218 303.430000
80.864954 302.090000
80.881690 301.210000
80.898425 302.390000
80.915161 305.880000
80.931897 310.850000
80.948733 315.690000
80.965468 319.050000
80.982204 320.930000
80.998940 322.910000
81.015676 326.900000
81.032411 334.410000
81.049147 346.240000
81.065883 362.270000
81.082619 381.360000
81.099455 402.080000
81.116190 423.600000
81.132926 444.920000
81.149662 462.960000
81.166398 471.990000
81.183134 467.860000
81.199869 452.300000
81.216605 431.260000
81.233341 410.270000
81.250177 392.160000
81.266913 378.000000
81.283649 368.220000
81.300385 363.220000
81.317120 363.190000
81.333856 367.790000
81.350592 376.410000
81.367328 388.190000
81.384064 402.050000
81.400900 416.320000
81.417636 428.990000
81.434372 439.370000
81.451108 448.410000
81.467843 456.220000
81.484579 459.810000
81.501315 455.210000
81.518051 441.700000
81.534787 423.280000
81.551623 404.500000
81.568359 387.540000
81.585095 372.700000
81.601831 360.270000
81.618567 351.050000
81.635303 345.910000
81.652039 345.340000
81.668775 349.360000
81.685511 357.360000
81.702347 367.570000
81.719083 376.920000
81.735819 382.010000
81.752555 381.160000
81.769291 375.370000
81.786027 367.200000
81.802763 359.050000
81.819499 352.250000
81.836235 347.310000
81.853072 344.240000
81.869808 342.690000
81.886544 342.110000
81.903280 342.200000
81.920016 342.700000
81.936752 342.560000
81.953488 340.330000
81.970224 335.430000
81.986960 328.740000
82.003796 321.900000
82.020532 316.210000
82.037269 312.350000
82.054005 310.520000
82.070741 310.880000
82.087477 313.490000
82.104213 318.340000
82.120949 325.340000
82.137685 334.490000
82.154522 346.170000
82.171258 360.830000
82.187994 378.510000
82.204730 398.030000
82.221466 416.260000
82.238203 427.840000
82.254939 427.850000
82.271675 416.160000
82.288511 397.810000
82.305248 378.830000
82.321984 363.110000
82.338720 352.170000
82.355456 346.330000
82.372192 345.410000
82.388929 349.420000
82.405665 358.610000
82.422401 373.600000
82.439238 395.140000
82.455974 423.620000
82.472710 458.100000
82.489446 495.220000
82.506183 529.360000
82.522919 554.000000
82.539655 562.630000
82.556392 551.490000
82.573128 523.400000
82.589964 486.950000
82.606701 450.930000
82.623437 420.870000
82.640173 398.740000
82.656910 384.620000
82.673646 377.790000
82.690382 377.240000
82.707119 381.790000
82.723855 390.230000
82.740692 401.510000
82.757428 414.280000
82.774164 426.140000
82.790901 433.310000
82.807637 432.030000
82.824373 420.950000
82.841110 402.310000
82.857846 380.610000
82.874683 359.970000
82.891419 342.840000
82.908156 329.950000
82.924892 321.110000
82.941629 315.700000
82.958365 312.930000
82.975101 312.110000
82.991838 312.740000
83.008574 314.620000
83.025311 317.500000
83.042148 321.120000
83.058884 325.210000
83.075620 329.600000
83.092357 333.990000
83.109093 337.810000
83.125830 339.890000
83.142566 338.400000
83.159303 332.440000
83.176140 323.200000
83.192876 313.210000
83.209613 304.550000
83.226349 298.290000
83.243086 294.610000
83.259822 293.200000
83.276559 293.390000
83.293295 294.510000
83.310032 296.260000
83.326869 298.780000
83.343605 302.310000
83.360342 306.450000
83.377079 310.250000
83.393815 312.620000
83.410552 313.380000
83.427288 313.450000
83.444025 313.860000
83.460762 313.980000
83.477598 311.830000
83.494335 307.200000
83.511072 302.600000
83.527808 300.290000
83.544545 301.000000
83.561282 304.190000
83.578018 308.300000
83.594755 310.970000
83.611492 310.120000
83.628329 305.430000
83.645065 298.510000
83.661802 291.450000
83.678539 285.780000
83.695275 282.060000
83.712012 279.770000
83.728749 277.600000
83.745485 274.700000
83.762222 271.570000
83.779059 269.250000
83.795796 268.460000
83.812533 269.170000
83.829269 270.850000
83.846006 272.480000
83.862743 273.020000
83.879480 271.960000
83.896216 269.610000
83.912953 266.610000
83.929790 263.380000
83.946527 260.080000
83.963264 256.980000
83.980001 254.330000
83.996737 252.370000
84.013474 251.180000
84.030211 250.800000
84.046948 251.210000
84.063785 252.370000
84.080522 254.080000
84.097259 256.000000
84.113995 257.600000
84.130732 258.510000
84.147469 258.720000
84.164206 258.570000
84.180943 258.470000
84.197680 258.730000
84.214517 259.620000
84.231254 261.470000
84.247991 264.680000
84.264727 269.620000
84.281464 276.640000
84.298201 285.930000
84.314938 297.080000
84.331675 308.450000
84.348412 317.050000
84.365249 319.730000
84.381986 315.680000
84.398723 306.960000
84.415460 296.730000
84.432197 287.370000
84.448934 280.100000
84.465671 275.280000
84.482408 272.920000
84.499145 272.860000
84.515982 274.820000
84.532719 278.320000
84.549456 282.560000
84.566193 286.700000
84.582930 289.870000
84.599667 291.240000
84.616404 290.110000
84.633141 286.280000
84.649878 280.440000
84.666716 273.850000
84.683453 267.800000
84.700190 263.050000
84.716927 259.880000
84.733664 258.220000
84.750401 257.750000
84.767138 257.920000
84.783875 258.050000
84.800612 257.560000
84.817449 256.130000
84.834187 253.760000
84.850924 250.660000
84.867661 247.200000
84.884398 243.890000
84.901135 241.020000
84.917872 238.770000
84.934609 237.090000
84.951346 235.920000
84.968184 235.210000
84.984921 234.860000
85.001658 234.790000
85.018395 234.860000
85.035132 234.840000
85.051870 234.560000
85.068607 233.910000
85.085344 232.990000
85.102081 231.940000
85.118919 230.880000
85.135656 229.910000
85.152393 229.090000
85.169130 228.400000
85.185867 227.840000
85.202605 227.380000
85.219342 227.010000
85.236079 226.710000
85.252816 226.480000
85.269654 226.270000
85.286391 226.120000
85.303128 226.000000
85.319866 225.930000
85.336603 225.890000
85.353340 225.880000
85.370078 225.920000
85.386815 226.030000
85.403552 226.180000
85.420390 226.380000
85.437127 226.580000
85.453864 226.760000
85.470602 226.820000
85.487339 226.780000
85.504076 226.670000
85.520814 226.570000
85.537551 226.530000
85.554389 226.560000
85.571126 226.690000
85.587863 226.910000
85.604601 227.250000
85.621338 227.720000
85.638075 228.370000
85.654813 229.220000
85.671550 230.320000
85.688288 231.710000
85.705125 233.380000
85.721863 235.180000
85.738600 236.770000
85.755338 237.710000
85.772075 237.670000
85.788812 236.750000
85.805550 235.410000
85.822287 234.050000
85.839025 232.950000
85.855862 232.200000
85.872600 231.810000
85.889337 231.780000
85.906075 232.090000
85.922812 232.770000
85.939550 233.850000
85.956287 235.360000
85.973025 237.350000
85.989762 239.780000
86.006600 242.620000
86.023338 245.760000
86.040075 249.190000
86.056813 252.940000
86.073550 256.780000
86.090288 260.210000
86.107025 262.530000
86.123763 262.880000
86.140500 260.830000
86.157338 256.980000
86.174076 252.490000
86.190813 248.320000
86.207551 244.960000
86.224289 242.550000
86.241026 241.070000
86.257764 240.430000
86.274501 240.570000
86.291239 241.410000
86.308077 242.910000
86.324814 244.870000
86.341552 246.910000
86.358290 248.560000
86.375027 249.430000
86.391765 249.230000
86.408503 247.900000
86.425240 245.710000
86.441978 243.170000
86.458816 240.790000
86.475553 238.790000
86.492291 237.270000
86.509029 236.210000
86.525767 235.540000
86.542504 235.210000
86.559242 235.190000
86.575980 235.400000
86.592818 235.800000
86.609555 236.310000
86.626293 236.870000
86.643031 237.520000
86.659769 238.320000
86.676506 239.410000
86.693244 240.900000
86.709982 242.890000
86.726720 245.520000
86.743558 248.960000
86.760295 253.440000
86.777033 259.240000
86.793771 266.680000
86.810509 275.950000
86.827246 286.860000
86.843984 298.440000
86.860722 308.800000
86.877460 315.980000
86.894298 319.240000
86.911036 319.350000
86.927774 317.780000
86.944511 315.410000
86.961249 312.140000
86.977987 307.500000
86.994725 301.570000
87.011463 295.290000
87.028201 289.920000
87.045039 286.410000
87.061777 285.190000
87.078515 286.280000
87.095253 289.380000
87.111990 293.980000
87.128728 299.360000
87.145466 304.800000
87.162204 310.000000
87.178942 315.270000
87.195780 321.130000
87.212518 327.500000
87.229256 333.160000
87.245994 335.770000
87.262732 333.080000
87.279470 324.790000
87.296208 313.480000
87.312946 302.370000
87.329684 293.230000
87.346522 286.690000
87.363260 282.740000
87.379998 281.320000
87.396736 282.350000
87.413474 285.850000
87.430212 291.530000
87.446950 298.460000
87.463688 305.390000
87.480426 310.350000
87.497264 312.260000
87.514002 311.200000
87.530740 307.690000
87.547478 302.380000
87.564216 296.380000
87.580955 291.020000
87.597693 287.110000
87.614431 284.600000
87.631169 282.990000
87.648007 281.930000
87.664745 281.540000
87.681483 282.150000
87.698221 283.700000
87.714959 285.560000
87.731698 286.840000
87.748436 286.760000
87.765174 285.060000
87.781912 282.130000
87.798750 278.850000
87.815488 276.250000
87.832227 275.040000
87.848965 275.660000
87.865703 278.270000
87.882441 282.760000
87.899179 288.800000
87.915917 295.950000
87.932756 303.670000
87.949494 311.290000
87.966232 317.490000
87.982970 320.430000
87.999709 319.150000
88.016447 314.670000
88.033185 309.150000
88.049923 304.430000
88.066661 301.330000
88.083500 299.690000
88.100238 299.040000
88.116976 298.920000
88.133715 298.990000
88.150453 299.150000
88.167191 299.780000
88.183929 301.430000
88.200668 304.180000
88.217406 307.190000
88.234244 308.820000
88.250983 307.590000
88.267721 303.090000
88.284459 296.220000
88.301198 288.540000
88.317936 281.490000
88.334674 275.810000
88.351413 271.610000
88.368151 268.570000
88.384989 266.310000
88.401728 264.410000
88.418466 262.660000
88.435204 261.010000
88.451943 259.640000
88.468681 258.760000
88.485420 258.390000
88.502158 258.200000
88.518896 257.780000
88.535735 256.980000
88.552473 256.010000
88.569212 255.180000
88.585950 254.570000
88.602689 253.940000
88.619427 253.100000
88.636165 252.180000
88.652904 251.630000
88.669642 251.910000
88.686481 253.190000
88.703219 255.240000
88.719958 257.380000
88.736696 258.630000
88.753435 258.390000
88.770173 256.870000
88.786912 254.900000
88.803650 253.200000
88.820389 252.060000
88.837227 251.250000
88.853966 250.270000
88.870704 248.820000
88.887443 246.940000
88.904181 244.860000
88.920920 242.920000
88.937658 241.470000
88.954397 240.700000
88.971135 240.600000
88.987974 240.970000
89.004713 241.370000
89.021451 241.330000
89.038190 240.610000
89.054928 239.380000
89.071667 238.010000
89.088406 236.810000
89.105144 235.910000
89.121983 235.160000
89.138722 234.330000
89.155460 233.250000
89.172199 231.880000
89.188937 230.320000
89.205676 228.740000
89.222415 227.320000
89.239153 226.130000
89.255892 225.210000
89.272731 224.540000
89.289469 224.060000
89.306208 223.760000
89.322947 223.620000
89.339685 223.660000
89.356424 223.900000
89.373163 224.330000
89.389901 224.910000
89.406640 225.550000
89.423479 226.110000
89.440218 226.490000
89.456956 226.750000
89.473695 226.980000
89.490434 227.320000
89.507172 227.950000
89.523911 228.870000
89.540650 230.000000
89.557389 231.150000
89.574228 232.080000
89.590966 232.770000
89.607705 233.450000
89.624444 234.440000
89.641183 236.020000
89.657921 238.310000
89.674660 241.170000
89.691399 244.010000
89.708238 246.000000
89.724977 246.380000
