2.000000 6343.917500
2.010000 6040.357500
2.020000 5960.332500
2.030000 5829.082500
2.040000 5954.712500
2.050000 5931.952500
2.060000 5855.560000
2.070000 5963.517500
2.080000 5987.065000
2.090000 6066.587500
2.100000 5997.355000
2.110000 5908.090000
2.120000 5947.075000
2.130000 5872.867500
2.140000 5802.445000
2.150000 6091.150000
2.160000 6135.722500
2.170000 5973.900000
2.180000 5828.135000
2.190000 5593.220000
2.200000 5641.052500
2.210000 5716.837500
2.220000 5881.690000
2.230000 6177.632500
2.240000 6116.300000
2.250000 6209.120000
2.260000 6691.577500
2.270000 6916.215000
2.280000 7195.665000
2.290000 7475.232500
2.300000 7510.542500
2.310000 7514.685000
2.320000 7476.227500
2.330000 7674.655000
2.340000 7804.257500
2.350000 7493.622500
2.360000 7365.672500
2.370000 7597.782500
2.380000 7683.497500
2.390000 7481.137500
2.400000 7431.402500
2.410000 7566.390000
2.420000 7344.877500
2.430000 7103.365000
2.440000 7197.505000
2.450000 7489.422500
2.460000 7311.560000
2.470000 7156.947500
2.480000 7031.030000
2.490000 7017.535000
2.500000 7157.545000
2.510000 7084.955000
2.520000 7101.372500
2.530000 6948.452500
2.540000 6989.957500
2.550000 7031.462500
2.560000 7074.227500
2.570000 7097.022500
2.580000 6910.415000
2.590000 6472.675000
2.600000 6518.265000
2.610000 6870.340000
2.620000 6684.597500
2.630000 6757.237500
2.640000 6804.325000
2.650000 6805.062500
2.660000 6983.642500
2.670000 6563.597500
2.680000 6392.720000
2.690000 6897.475000
2.700000 6831.305000
2.710000 6424.222500
2.720000 6401.020000
2.730000 6222.412500
2.740000 6020.752500
2.750000 6101.072500
2.760000 6489.200000
2.770000 6245.317500
2.780000 6192.742500
2.790000 6322.392500
2.800000 6276.477500
2.810000 6165.750000
2.820000 6140.200000
2.830000 5955.572500
2.840000 5908.337500
2.850000 6086.045000
2.860000 5950.897500
2.870000 5984.087500
2.880000 6257.155000
2.890000 6215.035000
2.900000 6144.830000
2.910000 5902.110000
2.920000 6026.310000
2.930000 6123.372500
2.940000 5949.770000
2.950000 5908.535000
2.960000 6024.760000
2.970000 5859.305000
2.980000 5668.510000
2.990000 5798.215000
3.000000 5587.052500
3.010000 5485.427500
3.020000 5564.607500
3.030000 5914.800000
3.040000 5828.222500
3.050000 5680.397500
3.060000 5522.960000
3.070000 5668.112500
3.080000 5595.605000
3.090000 5647.025000
3.100000 5555.475000
3.110000 5722.610000
3.120000 5733.332500
3.130000 5632.147500
3.140000 5702.525000
3.150000 5600.235000
3.160000 5776.230000
3.170000 5332.120000
3.180000 5085.710000
3.190000 5370.547500
3.200000 5460.527500
3.210000 5308.432500
3.220000 5456.755000
3.230000 5437.635000
3.240000 5321.702500
3.250000 5352.800000
3.260000 5284.530000
3.270000 5142.710000
3.280000 5395.787500
3.290000 5498.922500
3.300000 5261.597500
3.310000 5376.747500
3.320000 5407.195000
3.330000 5315.192500
3.340000 5407.007500
3.350000 5339.762500
3.360000 5473.522500
3.370000 5457.750000
3.380000 5590.222500
3.390000 5302.545000
3.400000 5283.365000
3.410000 5360.860000
3.420000 5395.665000
3.430000 5496.015000
3.440000 5373.285000
3.450000 5096.970000
3.460000 5170.232500
3.470000 5354.932500
3.480000 5465.430000
3.490000 5590.140000
3.500000 5590.087500
3.510000 5265.835000
3.520000 5255.760000
3.530000 5392.970000
3.540000 5464.140000
3.550000 5449.027500
3.560000 5396.425000
3.570000 5228.950000
3.580000 5247.357500
3.590000 5343.132500
3.600000 5296.905000
3.610000 5268.687500
3.620000 5172.442500
3.630000 5110.410000
3.640000 5261.757500
3.650000 5285.710000
3.660000 5176.420000
3.670000 5166.192500
3.680000 5181.100000
3.690000 5335.112500
3.700000 5216.472500
3.710000 5246.180000
3.720000 5109.877500
3.730000 5166.642500
3.740000 5181.137500
3.750000 5113.642500
3.760000 5285.100000
3.770000 5209.210000
3.780000 5263.507500
3.790000 5299.350000
3.800000 5159.592500
3.810000 5128.562500
3.820000 5266.687500
3.830000 5291.082500
3.840000 5218.767500
3.850000 5158.105000
3.860000 5169.487500
3.870000 5316.157500
3.880000 5482.417500
3.890000 5489.532500
3.900000 5390.430000
3.910000 5230.850000
3.920000 5155.895000
3.930000 5166.070000
3.940000 5334.820000
3.950000 5329.640000
3.960000 5417.245000
3.970000 5557.627500
3.980000 5549.990000
3.990000 5473.200000
4.000000 5395.310000
4.010000 5525.427500
4.020000 5548.620000
4.030000 5581.002500
4.040000 5683.667500
4.050000 5581.557500
4.060000 5506.590000
4.070000 5491.940000
4.080000 5479.917500
4.090000 5414.915000
4.100000 5352.092500
4.110000 5370.640000
4.120000 5310.075000
4.130000 5288.162500
4.140000 5330.890000
4.150000 5525.442500
4.160000 5413.777500
4.170000 5384.212500
4.180000 5465.790000
4.190000 5411.212500
4.200000 5454.805000
4.210000 5382.010000
4.220000 5454.680000
4.230000 5559.677500
4.240000 5640.732500
4.250000 5693.020000
4.260000 5487.440000
4.270000 5350.395000
4.280000 5358.332500
4.290000 5509.077500
4.300000 5585.827500
4.310000 5478.255000
4.320000 5399.567500
4.330000 5437.930000
4.340000 5591.597500
4.350000 5579.905000
4.360000 5507.967500
4.370000 5651.572500
4.380000 5738.562500
4.390000 5655.780000
4.400000 5396.790000
4.410000 5543.132500
4.420000 5954.400000
4.430000 5825.017500
4.440000 5694.965000
4.450000 5685.240000
4.460000 5631.592500
4.470000 5471.080000
4.480000 5327.957500
4.490000 5393.955000
4.500000 5543.582500
4.510000 5657.355000
4.520000 5648.417500
4.530000 5545.327500
4.540000 5585.390000
4.550000 5757.175000
4.560000 5620.165000
4.570000 5452.632500
4.580000 5367.212500
4.590000 5520.077500
4.600000 5733.147500
4.610000 5497.527500
4.620000 5551.187500
4.630000 5798.460000
4.640000 5852.047500
4.650000 5704.292500
4.660000 5605.077500
4.670000 5558.052500
4.680000 5494.865000
4.690000 5519.025000
4.700000 5487.147500
4.710000 5451.855000
4.720000 5520.367500
4.730000 5469.195000
4.740000 5546.975000
4.750000 5566.967500
4.760000 5448.832500
4.770000 5377.032500
4.780000 5558.437500
4.790000 5714.280000
4.800000 5579.955000
4.810000 5541.667500
4.820000 5505.162500
4.830000 5441.675000
4.840000 5529.900000
4.850000 5715.872500
4.860000 5770.330000
4.870000 5681.637500
4.880000 5609.150000
4.890000 5624.670000
4.900000 5730.747500
4.910000 5750.590000
4.920000 5826.052500
4.930000 5844.132500
4.940000 5724.807500
4.950000 5561.770000
4.960000 5627.480000
4.970000 5845.392500
4.980000 5933.230000
4.990000 5888.462500
5.000000 5615.815000
5.010000 5533.582500
5.020000 5691.490000
5.030000 5729.352500
5.040000 5691.837500
5.050000 5793.110000
5.060000 5683.435000
5.070000 5495.907500
5.080000 5516.705000
5.090000 5560.255000
5.100000 5643.162500
5.110000 5716.955000
5.120000 5707.537500
5.130000 5820.945000
5.140000 6003.775000
5.150000 5868.652500
5.160000 5659.375000
5.170000 5728.630000
5.180000 5892.932500
5.190000 6011.285000
5.200000 5961.627500
5.210000 5862.180000
5.220000 5992.265000
5.230000 6262.717500
5.240000 6013.502500
5.250000 5868.297500
5.260000 5953.650000
5.270000 6278.600000
5.280000 6205.590000
5.290000 5932.317500
5.300000 5720.700000
5.310000 5667.650000
5.320000 5914.315000
5.330000 6094.902500
5.340000 5848.592500
5.350000 5814.240000
5.360000 6142.780000
5.370000 6309.022500
5.380000 6053.902500
5.390000 6278.365000
5.400000 5865.160000
5.410000 5876.930000
5.420000 6286.862500
5.430000 6304.882500
5.440000 6291.197500
5.450000 6351.540000
5.460000 6424.160000
5.470000 6423.845000
5.480000 6085.997500
5.490000 6237.882500
5.500000 6318.865000
5.510000 6230.845000
5.520000 6405.597500
5.530000 6367.400000
5.540000 6230.757500
5.550000 6221.652500
5.560000 6337.637500
5.570000 6292.982500
5.580000 6234.040000
5.590000 6327.180000
5.600000 6361.212500
5.610000 6486.705000
5.620000 6537.965000
5.630000 6659.322500
5.640000 6279.782500
5.650000 6548.080000
5.660000 6406.702500
5.670000 6393.680000
5.680000 6575.540000
5.690000 6962.872500
5.700000 6624.127500
5.710000 6747.600000
5.720000 6537.025000
5.730000 6441.305000
5.740000 6431.325000
5.750000 6397.225000
5.760000 6753.810000
5.770000 6621.405000
5.780000 6515.487500
5.790000 6762.570000
5.800000 6596.062500
5.810000 6422.482500
5.820000 6731.042500
5.830000 6587.487500
5.840000 6925.527500
5.850000 6980.005000
5.860000 6426.075000
5.870000 6799.915000
5.880000 6783.387500
5.890000 6733.655000
5.900000 6923.180000
5.910000 6974.370000
5.920000 7089.840000
5.930000 6936.302500
5.940000 6892.575000
5.950000 6924.170000
5.960000 6665.792500
5.970000 7062.065000
5.980000 7123.295000
5.990000 6860.225000
6.000000 7001.960000
6.010000 7008.332500
6.020000 7127.537500
6.030000 6990.747500
6.040000 7101.772500
6.050000 7234.262500
6.060000 7029.850000
6.070000 6789.897500
6.080000 7110.152500
6.090000 7055.645000
6.100000 6748.002500
6.110000 7026.010000
6.120000 6880.757500
6.130000 6859.000000
6.140000 6950.040000
6.150000 6996.417500
6.160000 6787.430000
6.170000 6872.597500
6.180000 6800.380000
6.190000 6558.667500
6.200000 6480.897500
6.210000 6803.495000
6.220000 6811.905000
6.230000 6845.410000
6.240000 6694.800000
6.250000 6652.905000
6.260000 6539.895000
6.270000 6393.325000
6.280000 6513.515000
6.290000 6656.842500
6.300000 6595.357500
6.310000 6871.942500
6.320000 6607.485000
6.330000 6579.830000
6.340000 6676.157500
6.350000 6407.047500
6.360000 6663.230000
6.370000 6815.587500
6.380000 6692.515000
6.390000 6828.037500
6.400000 6844.350000
6.410000 6653.572500
6.420000 6450.065000
6.430000 6361.330000
6.440000 6577.442500
6.450000 6652.470000
6.460000 6774.660000
6.470000 6820.455000
6.480000 6560.057500
6.490000 6459.387500
6.500000 6686.045000
6.510000 6768.545000
6.520000 6574.152500
6.530000 6591.702500
6.540000 6654.855000
6.550000 6626.940000
6.560000 6643.052500
6.570000 6676.290000
6.580000 6611.307500
6.590000 6572.097500
6.600000 6839.617500
6.610000 7000.835000
6.620000 6960.500000
6.630000 7031.625000
6.640000 7083.937500
6.650000 7008.767500
6.660000 6919.807500
6.670000 6805.077500
6.680000 7109.105000
6.690000 7166.430000
6.700000 7081.192500
6.710000 7120.645000
6.720000 7023.737500
6.730000 7100.802500
6.740000 7061.607500
6.750000 6984.260000
6.760000 7027.767500
6.770000 7147.375000
6.780000 7140.900000
6.790000 7070.660000
6.800000 7152.230000
6.810000 7131.772500
6.820000 7162.022500
6.830000 7242.747500
6.840000 7314.005000
6.850000 7409.947500
6.860000 7341.887500
6.870000 7422.752500
6.880000 7894.145000
6.890000 7935.860000
6.900000 7620.962500
6.910000 7565.830000
6.920000 7637.472500
6.930000 7880.710000
6.940000 8329.697500
6.950000 8169.372500
6.960000 8134.907500
6.970000 8197.272500
6.980000 8574.055000
6.990000 8758.332500
7.000000 8963.142500
7.010000 9143.830000
7.020000 9188.822500
7.030000 9371.987500
7.040000 10076.017500
7.050000 10800.857500
7.060000 11183.860000
7.070000 11339.437500
7.080000 11551.422500
7.090000 11825.645000
7.100000 12221.742500
7.110000 13014.167500
7.120000 14063.000000
7.130000 15198.642500
7.140000 15956.037500
7.150000 16528.245000
7.160000 17552.660000
7.170000 18683.482500
7.180000 19952.222500
7.190000 21395.435000
7.200000 22908.627500
7.210000 24882.760000
7.220000 27154.835000
7.230000 29549.957500
7.240000 32127.392500
7.250000 34590.282500
7.260000 37265.187500
7.270000 40531.490000
7.280000 44319.812500
7.290000 47708.090000
7.300000 51399.510000
7.310000 55910.857500
7.320000 60854.660000
7.330000 64780.930000
7.340000 68295.162500
7.350000 72824.302500
7.360000 77100.120000
7.370000 80028.760000
7.380000 82670.597500
7.390000 84819.167500
7.400000 86220.495000
7.410000 86608.580000
7.420000 85980.147500
7.430000 83752.740000
7.440000 81463.797500
7.450000 79551.190000
7.460000 75664.927500
7.470000 70489.245000
7.480000 65208.700000
7.490000 59942.635000
7.500000 55410.790000
7.510000 51129.680000
7.520000 46398.540000
7.530000 41843.227500
7.540000 37724.927500
7.550000 33876.535000
7.560000 30394.417500
7.570000 27351.547500
7.580000 24810.755000
7.590000 22575.260000
7.600000 20604.925000
7.610000 19115.287500
7.620000 17803.122500
7.630000 16688.425000
7.640000 16031.400000
7.650000 14989.742500
7.660000 13908.932500
7.670000 13331.960000
7.680000 12677.437500
7.690000 12208.632500
7.700000 11747.895000
7.710000 11198.577500
7.720000 10690.577500
7.730000 10253.085000
7.740000 9976.855000
7.750000 9708.505000
7.760000 9410.060000
7.770000 9147.672500
7.780000 8880.100000
7.790000 8762.252500
7.800000 8702.295000
7.810000 8421.237500
7.820000 8205.152500
7.830000 8083.332500
7.840000 8115.765000
7.850000 7961.372500
7.860000 7806.765000
7.870000 7847.437500
7.880000 7659.132500
7.890000 7570.712500
7.900000 7472.265000
7.910000 7354.312500
7.920000 7235.932500
7.930000 7162.790000
7.940000 7099.645000
7.950000 6844.635000
7.960000 6768.325000
7.970000 6708.605000
7.980000 6682.730000
7.990000 6804.130000
8.000000 6735.290000
8.010000 6577.982500
8.020000 6719.872500
8.030000 6804.400000
8.040000 6730.165000
8.050000 6631.507500
8.060000 6628.362500
8.070000 6457.380000
8.080000 6469.327500
8.090000 6583.802500
8.100000 6718.180000
8.110000 6704.880000
8.120000 6547.360000
8.130000 6420.190000
8.140000 6506.405000
8.150000 6695.100000
8.160000 6972.852500
8.170000 7175.190000
8.180000 7001.922500
8.190000 6947.335000
8.200000 6913.337500
8.210000 7014.760000
8.220000 7427.662500
8.230000 7373.625000
8.240000 7329.270000
8.250000 7855.902500
8.260000 8076.540000
8.270000 8165.965000
8.280000 8302.935000
8.290000 8532.852500
8.300000 8659.045000
8.310000 8948.922500
8.320000 9114.507500
8.330000 9396.112500
8.340000 9787.657500
8.350000 9947.180000
8.360000 10323.942500
8.370000 11066.177500
8.380000 12042.510000
8.390000 13083.312500
8.400000 13634.637500
8.410000 14546.202500
8.420000 15503.820000
8.430000 16124.737500
8.440000 16985.485000
8.450000 18713.415000
8.460000 20180.700000
8.470000 21286.705000
8.480000 22134.612500
8.490000 23127.607500
8.500000 24666.742500
8.510000 25717.047500
8.520000 26292.517500
8.530000 26939.992500
8.540000 27618.745000
8.550000 27546.342500
8.560000 27391.505000
8.570000 27271.110000
8.580000 26690.632500
8.590000 26162.997500
8.600000 25372.010000
8.610000 23911.105000
8.620000 22718.787500
8.630000 21204.865000
8.640000 20554.262500
8.650000 18636.562500
8.660000 16579.277500
8.670000 15209.757500
8.680000 14111.740000
8.690000 12842.017500
8.700000 11581.057500
8.710000 10984.700000
8.720000 10298.850000
8.730000 9666.252500
8.740000 8851.725000
8.750000 8359.977500
8.760000 8248.090000
8.770000 7650.892500
8.780000 7198.417500
8.790000 7090.127500
8.800000 6622.255000
8.810000 6525.852500
8.820000 6589.162500
8.830000 6298.220000
8.840000 6062.710000
8.850000 6038.750000
8.860000 5764.045000
8.870000 5489.017500
8.880000 5558.707500
8.890000 5373.050000
8.900000 5459.617500
8.910000 5296.925000
8.920000 5314.645000
8.930000 5221.392500
8.940000 5024.187500
8.950000 5065.435000
8.960000 5076.520000
8.970000 5203.597500
8.980000 5275.792500
8.990000 4941.615000
9.000000 4720.895000
9.010000 4664.987500
9.020000 4821.027500
9.030000 4835.022500
9.040000 4717.590000
9.050000 4600.100000
9.060000 4556.800000
9.070000 4657.770000
9.080000 4578.110000
9.090000 4479.740000
9.100000 4509.242500
9.110000 4438.200000
9.120000 4345.217500
9.130000 4355.050000
9.140000 4193.500000
9.150000 4308.972500
9.160000 4525.527500
9.170000 4384.442500
9.180000 4465.032500
9.190000 4351.732500
9.200000 4203.632500
9.210000 4243.787500
9.220000 4269.412500
9.230000 4293.335000
9.240000 4214.080000
9.250000 4180.200000
9.260000 4147.127500
9.270000 4217.252500
9.280000 4228.967500
9.290000 4279.505000
9.300000 4223.945000
9.310000 4203.770000
9.320000 4130.410000
9.330000 4087.540000
9.340000 4161.912500
9.350000 4216.447500
9.360000 4058.740000
9.370000 4064.727500
9.380000 4029.052500
9.390000 4114.227500
9.400000 4052.087500
9.410000 3903.710000
9.420000 4005.787500
9.430000 4164.780000
9.440000 4103.835000
9.450000 3961.787500
9.460000 4086.915000
9.470000 4224.427500
9.480000 4197.942500
9.490000 4101.517500
9.500000 4184.655000
9.510000 4262.725000
9.520000 3971.182500
9.530000 3634.582500
9.540000 3775.432500
9.550000 3841.597500
9.560000 3824.790000
9.570000 3708.395000
9.580000 3949.307500
9.590000 4032.900000
9.600000 4099.497500
9.610000 4017.490000
9.620000 3786.177500
9.630000 3840.820000
9.640000 3841.667500
9.650000 3670.020000
9.660000 3601.432500
9.670000 3608.135000
9.680000 3851.802500
9.690000 3882.622500
9.700000 3851.025000
9.710000 3785.537500
9.720000 3871.757500
9.730000 3858.962500
9.740000 3874.332500
9.750000 3978.752500
9.760000 3967.410000
9.770000 3950.782500
9.780000 3775.685000
9.790000 3679.720000
9.800000 3722.310000
9.810000 3701.402500
9.820000 3817.705000
9.830000 3973.730000
9.840000 3811.540000
9.850000 3675.365000
9.860000 3814.310000
9.870000 3662.215000
9.880000 3650.000000
9.890000 3626.860000
9.900000 3632.695000
9.910000 3925.015000
9.920000 3804.520000
9.930000 3661.822500
9.940000 3558.572500
9.950000 3990.807500
9.960000 3699.757500
9.970000 3636.417500
9.980000 3618.245000
9.990000 3722.012500
10.000000 3951.005000
10.010000 3817.770000
10.020000 3673.040000
10.030000 3635.985000
10.040000 3729.932500
10.050000 3800.962500
10.060000 3638.287500
10.070000 3646.165000
10.080000 3760.337500
10.090000 3760.325000
10.100000 3743.695000
10.110000 3654.067500
10.120000 3809.135000
10.130000 3724.392500
10.140000 3585.185000
10.150000 3566.667500
10.160000 3876.562500
10.170000 3925.000000
10.180000 3674.057500
10.190000 3504.610000
10.200000 3554.660000
10.210000 3822.777500
10.220000 3838.285000
10.230000 3635.170000
10.240000 3543.530000
10.250000 3688.220000
10.260000 3723.687500
10.270000 3746.010000
10.280000 4015.435000
10.290000 3753.162500
10.300000 3663.872500
10.310000 3692.982500
10.320000 3713.822500
10.330000 3744.240000
10.340000 3667.500000
10.350000 3684.285000
10.360000 3643.797500
10.370000 3653.795000
10.380000 3522.292500
10.390000 3600.207500
10.400000 3625.000000
10.410000 3550.780000
10.420000 3573.707500
10.430000 3670.575000
10.440000 3771.980000
10.450000 3818.365000
10.460000 3711.837500
10.470000 3577.117500
10.480000 3629.445000
10.490000 3630.192500
10.500000 3578.910000
10.510000 3599.497500
10.520000 3372.602500
10.530000 3327.922500
10.540000 3502.647500
10.550000 3426.612500
10.560000 3339.857500
10.570000 3479.995000
10.580000 3363.995000
10.590000 3290.977500
10.600000 3417.825000
10.610000 3649.925000
10.620000 3644.647500
10.630000 3637.702500
10.640000 3591.005000
10.650000 3423.442500
10.660000 3545.022500
10.670000 3449.297500
10.680000 3174.587500
10.690000 3318.527500
10.700000 3447.700000
10.710000 3497.707500
10.720000 3322.622500
10.730000 3437.340000
10.740000 3469.225000
10.750000 3556.530000
10.760000 3316.287500
10.770000 3381.417500
10.780000 3350.402500
10.790000 3419.797500
10.800000 3482.530000
10.810000 3521.822500
10.820000 3286.770000
10.830000 3197.662500
10.840000 3391.315000
10.850000 3424.940000
10.860000 3378.615000
10.870000 3402.222500
10.880000 3458.025000
10.890000 3498.565000
10.900000 3326.255000
10.910000 3255.855000
10.920000 3345.912500
10.930000 3336.765000
10.940000 3241.220000
10.950000 3364.562500
10.960000 3467.947500
10.970000 3460.327500
10.980000 3358.255000
10.990000 3259.500000
11.000000 3261.830000
11.010000 3377.277500
11.020000 3425.000000
11.030000 3238.632500
11.040000 3268.235000
11.050000 3285.710000
11.060000 3193.922500
11.070000 3124.862500
11.080000 3086.087500
11.090000 3141.527500
11.100000 3219.215000
11.110000 3302.272500
11.120000 3152.082500
11.130000 3030.957500
11.140000 3109.455000
11.150000 3185.537500
11.160000 3200.000000
11.170000 3264.882500
11.180000 3132.917500
11.190000 3073.902500
11.200000 3000.622500
11.210000 3062.110000
11.220000 3268.682500
11.230000 3259.822500
11.240000 3171.320000
11.250000 3181.622500
11.260000 3226.267500
11.270000 3136.935000
11.280000 3121.977500
11.290000 3186.420000
11.300000 3140.917500
11.310000 3089.662500
11.320000 3119.397500
11.330000 3105.720000
11.340000 3119.162500
11.350000 3111.057500
11.360000 3122.175000
11.370000 3141.667500
11.380000 3070.952500
11.390000 3035.067500
11.400000 2971.422500
11.410000 2950.002500
11.420000 3011.522500
11.430000 3026.765000
11.440000 3006.765000
11.450000 3019.735000
11.460000 2949.742500
11.470000 2974.975000
11.480000 3028.450000
11.490000 3136.945000
11.500000 3299.125000
11.510000 3242.320000
11.520000 3143.882500
11.530000 3157.337500
11.540000 2954.930000
11.550000 2839.342500
11.560000 3050.787500
11.570000 3041.297500
11.580000 2985.230000
11.590000 3067.312500
11.600000 3198.385000
11.610000 3190.967500
11.620000 3143.607500
11.630000 3033.172500
11.640000 3030.335000
11.650000 3237.210000
11.660000 3272.872500
11.670000 3253.225000
11.680000 3287.887500
11.690000 3396.022500
11.700000 3379.355000
11.710000 3246.622500
11.720000 3248.727500
11.730000 3301.220000
11.740000 3352.310000
11.750000 3392.212500
11.760000 3430.960000
11.770000 3405.452500
11.780000 3283.695000
11.790000 3317.275000
11.800000 3403.975000
11.810000 3386.975000
11.820000 3422.582500
11.830000 3660.592500
11.840000 3794.440000
11.850000 3809.880000
11.860000 3845.362500
11.870000 3922.632500
11.880000 4046.267500
11.890000 4117.127500
11.900000 4305.215000
11.910000 4512.707500
11.920000 4708.265000
11.930000 4891.447500
11.940000 5016.050000
11.950000 5219.275000
11.960000 5423.807500
11.970000 5708.307500
11.980000 6079.602500
11.990000 6363.242500
12.000000 6576.435000
12.010000 7052.647500
12.020000 7710.955000
12.030000 7891.235000
12.040000 7974.807500
12.050000 8233.937500
12.060000 8481.745000
12.070000 8910.520000
12.080000 9229.732500
12.090000 9311.135000
12.100000 9290.677500
12.110000 9253.252500
12.120000 9235.897500
12.130000 9046.780000
12.140000 8683.557500
12.150000 8386.887500
12.160000 8113.852500
12.170000 7696.550000
12.180000 7247.400000
12.190000 6618.910000
12.200000 6023.502500
12.210000 5714.767500
12.220000 5447.527500
12.230000 5210.405000
12.240000 4952.857500
12.250000 4758.942500
12.260000 4540.117500
12.270000 4332.500000
12.280000 4197.377500
12.290000 4081.980000
12.300000 3856.215000
12.310000 3682.097500
12.320000 3794.137500
12.330000 3778.542500
12.340000 3573.672500
12.350000 3593.795000
12.360000 3431.285000
12.370000 3176.420000
12.380000 3235.480000
12.390000 3257.977500
12.400000 3269.342500
12.410000 3414.512500
12.420000 3381.757500
12.430000 3307.575000
12.440000 3066.142500
12.450000 2931.662500
12.460000 3038.112500
12.470000 3197.495000
12.480000 3254.445000
12.490000 3107.160000
12.500000 3073.180000
12.510000 3086.575000
12.520000 3040.052500
12.530000 3012.915000
12.540000 3087.217500
12.550000 3060.305000
12.560000 2977.202500
12.570000 2864.632500
12.580000 2893.807500
12.590000 2956.195000
12.600000 3005.230000
12.610000 2962.930000
12.620000 2949.187500
12.630000 2993.565000
12.640000 2949.352500
12.650000 2958.350000
12.660000 2930.137500
12.670000 3043.307500
12.680000 3102.260000
12.690000 2975.105000
12.700000 2911.815000
12.710000 2977.412500
12.720000 3005.707500
12.730000 2853.067500
12.740000 2906.260000
12.750000 3223.030000
12.760000 3129.202500
12.770000 2846.725000
12.780000 2879.182500
12.790000 2994.115000
12.800000 2874.287500
12.810000 2786.365000
12.820000 2949.950000
12.830000 3014.015000
12.840000 2994.212500
12.850000 3022.412500
12.860000 2997.285000
12.870000 2937.660000
12.880000 2881.397500
12.890000 3013.355000
12.900000 2991.202500
12.910000 2872.767500
12.920000 2857.880000
12.930000 2830.597500
12.940000 2764.500000
12.950000 2887.565000
12.960000 2951.842500
12.970000 2799.470000
12.980000 2767.050000
12.990000 2852.762500
13.000000 2861.465000
13.010000 2748.300000
13.020000 2855.252500
13.030000 3034.862500
13.040000 2984.810000
13.050000 2801.025000
13.060000 2778.490000
13.070000 2778.702500
13.080000 2832.260000
13.090000 2891.667500
13.100000 2858.577500
13.110000 2817.282500
13.120000 2859.630000
13.130000 2675.425000
13.140000 2663.307500
13.150000 2769.162500
13.160000 2866.712500
13.170000 2894.872500
13.180000 2760.195000
13.190000 2699.570000
13.200000 2757.790000
13.210000 2715.695000
13.220000 2660.095000
13.230000 2650.372500
13.240000 2659.867500
13.250000 2651.027500
13.260000 2767.065000
13.270000 2787.002500
13.280000 2714.732500
13.290000 2733.247500
13.300000 2662.485000
13.310000 2689.432500
13.320000 2710.810000
13.330000 2647.767500
13.340000 2690.897500
13.350000 2760.652500
13.360000 2733.702500
13.370000 2726.125000
13.380000 2777.445000
13.390000 2697.932500
13.400000 2505.802500
13.410000 2563.405000
13.420000 2720.257500
13.430000 2812.882500
13.440000 2762.442500
13.450000 2605.375000
13.460000 2519.432500
13.470000 2541.812500
13.480000 2536.162500
13.490000 2712.345000
13.500000 2675.635000
13.510000 2678.077500
13.520000 2586.090000
13.530000 2682.857500
13.540000 2804.542500
13.550000 2901.152500
13.560000 2850.217500
13.570000 2857.892500
13.580000 2736.465000
13.590000 2641.660000
13.600000 2643.075000
13.610000 2791.535000
13.620000 2802.227500
13.630000 2708.332500
13.640000 2685.947500
13.650000 2598.007500
13.660000 2614.000000
13.670000 2583.800000
13.680000 2672.227500
13.690000 2711.912500
13.700000 2646.990000
13.710000 2748.777500
13.720000 2608.042500
13.730000 2667.107500
13.740000 2616.510000
13.750000 2752.152500
13.760000 2840.232500
13.770000 2804.927500
13.780000 2666.667500
13.790000 2658.310000
13.800000 2590.460000
13.810000 2495.207500
13.820000 2679.277500
13.830000 2661.010000
13.840000 2676.325000
13.850000 2718.737500
13.860000 2892.760000
13.870000 2813.470000
13.880000 2834.042500
13.890000 2775.325000
13.900000 2672.140000
13.910000 2625.555000
13.920000 2745.682500
13.930000 2871.480000
13.940000 2927.362500
13.950000 3069.320000
13.960000 2954.262500
13.970000 3062.645000
13.980000 2939.012500
13.990000 2964.897500
14.000000 2922.180000
14.010000 3066.667500
14.020000 3070.995000
14.030000 3109.620000
14.040000 3203.500000
14.050000 3407.295000
14.060000 3480.970000
14.070000 3642.682500
14.080000 3648.997500
14.090000 3639.687500
14.100000 3670.860000
14.110000 4002.230000
14.120000 3888.820000
14.130000 3910.657500
14.140000 4262.025000
14.150000 4318.952500
14.160000 4506.710000
14.170000 4229.912500
14.180000 4376.462500
14.190000 4632.162500
14.200000 4272.675000
14.210000 4383.392500
14.220000 4235.785000
14.230000 4239.032500
14.240000 4061.497500
14.250000 4093.222500
14.260000 4086.152500
14.270000 3847.120000
14.280000 3638.180000
14.290000 3518.842500
14.300000 3526.702500
14.310000 3373.662500
14.320000 3427.345000
14.330000 3180.387500
14.340000 3227.795000
14.350000 3069.257500
14.360000 3085.405000
14.370000 2915.170000
14.380000 3000.607500
14.390000 2995.822500
14.400000 2845.572500
14.410000 3002.065000
14.420000 2920.565000
14.430000 2979.897500
14.440000 3034.065000
14.450000 2800.000000
14.460000 2807.077500
14.470000 2914.202500
14.480000 2870.682500
14.490000 2795.797500
14.500000 2726.362500
14.510000 2744.262500
14.520000 2651.095000
14.530000 2820.842500
14.540000 2738.040000
14.550000 2679.155000
14.560000 2932.200000
14.570000 2906.145000
14.580000 2861.855000
14.590000 2949.472500
14.600000 3121.247500
14.610000 2834.105000
14.620000 3069.680000
14.630000 3148.845000
14.640000 3115.562500
14.650000 3095.710000
14.660000 3478.007500
14.670000 3577.857500
14.680000 3672.745000
14.690000 3589.112500
14.700000 3496.072500
14.710000 3681.757500
14.720000 3979.205000
14.730000 4173.212500
14.740000 4090.087500
14.750000 4457.232500
14.760000 4390.667500
14.770000 4330.062500
14.780000 4703.100000
14.790000 4959.120000
14.800000 5032.432500
14.810000 4935.212500
14.820000 5182.080000
14.830000 4974.472500
14.840000 4857.955000
14.850000 4733.270000
14.860000 4691.655000
14.870000 4475.310000
14.880000 4607.945000
14.890000 4409.212500
14.900000 4010.687500
14.910000 3834.622500
14.920000 3701.180000
14.930000 3765.977500
14.940000 3758.432500
14.950000 3602.102500
14.960000 3534.317500
14.970000 3205.410000
14.980000 3077.212500
14.990000 3091.347500
15.000000 3116.150000
15.010000 3100.367500
15.020000 2872.167500
15.030000 2866.667500
15.040000 2964.015000
15.050000 2780.360000
15.060000 2742.647500
15.070000 2757.817500
15.080000 2629.312500
15.090000 2705.515000
15.100000 2917.360000
15.110000 2788.535000
15.120000 2582.952500
15.130000 2438.947500
15.140000 2609.135000
15.150000 2760.287500
15.160000 2790.567500
15.170000 2664.390000
15.180000 2737.760000
15.190000 2567.190000
15.200000 2574.170000
15.210000 2535.467500
15.220000 2517.545000
15.230000 2666.437500
15.240000 2690.742500
15.250000 2597.362500
15.260000 2599.512500
15.270000 2458.975000
15.280000 2465.645000
15.290000 2560.397500
15.300000 2535.470000
15.310000 2471.037500
15.320000 2575.520000
15.330000 2583.332500
15.340000 2529.072500
15.350000 2478.562500
15.360000 2444.090000
15.370000 2472.530000
15.380000 2528.927500
15.390000 2548.717500
15.400000 2511.597500
15.410000 2516.002500
15.420000 2470.725000
15.430000 2512.537500
15.440000 2493.767500
15.450000 2445.937500
15.460000 2479.715000
15.470000 2604.902500
15.480000 2411.837500
15.490000 2459.837500
15.500000 2595.235000
15.510000 2729.152500
15.520000 2651.192500
15.530000 2664.250000
15.540000 2478.762500
15.550000 2563.397500
15.560000 2619.957500
15.570000 2617.520000
15.580000 2758.590000
15.590000 2678.045000
15.600000 2584.755000
15.610000 2604.740000
15.620000 2474.715000
15.630000 2502.802500
15.640000 2552.735000
15.650000 2447.505000
15.660000 2536.612500
15.670000 2505.807500
15.680000 2573.540000
15.690000 2553.962500
15.700000 2410.710000
15.710000 2450.222500
15.720000 2531.415000
15.730000 2556.260000
15.740000 2602.045000
15.750000 2550.142500
15.760000 2331.060000
15.770000 2365.257500
15.780000 2389.480000
15.790000 2304.930000
15.800000 2277.232500
15.810000 2462.337500
15.820000 2678.710000
15.830000 2571.865000
15.840000 2514.145000
15.850000 2429.575000
15.860000 2502.450000
15.870000 2423.882500
15.880000 2408.332500
15.890000 2386.990000
15.900000 2397.540000
15.910000 2513.472500
15.920000 2384.635000
15.930000 2280.567500
15.940000 2365.482500
15.950000 2411.522500
15.960000 2536.277500
15.970000 2424.865000
15.980000 2428.055000
15.990000 2475.347500
16.000000 2406.430000
16.010000 2266.027500
16.020000 2199.855000
16.030000 2553.462500
16.040000 2423.552500
16.050000 2431.880000
16.060000 2476.287500
16.070000 2559.377500
16.080000 2423.155000
16.090000 2550.157500
16.100000 2507.655000
16.110000 2601.567500
16.120000 2583.852500
16.130000 2595.540000
16.140000 2545.315000
16.150000 2451.437500
16.160000 2501.470000
16.170000 2632.310000
16.180000 2597.210000
16.190000 2535.870000
16.200000 2457.302500
16.210000 2488.977500
16.220000 2365.045000
16.230000 2299.650000
16.240000 2365.650000
16.250000 2497.487500
16.260000 2431.145000
16.270000 2314.630000
16.280000 2405.265000
16.290000 2440.005000
16.300000 2454.987500
16.310000 2411.787500
16.320000 2546.052500
16.330000 2550.195000
16.340000 2674.007500
16.350000 2714.940000
16.360000 2690.285000
16.370000 2663.580000
16.380000 2507.137500
16.390000 2519.170000
16.400000 2520.230000
16.410000 2686.745000
16.420000 2746.395000
16.430000 2639.160000
16.440000 2523.712500
16.450000 2577.982500
16.460000 2580.537500
16.470000 2665.680000
16.480000 2736.930000
16.490000 2607.975000
16.500000 2540.887500
16.510000 2610.545000
16.520000 2710.417500
16.530000 2733.332500
16.540000 2618.090000
16.550000 2647.250000
16.560000 2570.950000
16.570000 2599.002500
16.580000 2654.827500
16.590000 2653.967500
16.600000 2580.272500
16.610000 2514.035000
16.620000 2632.670000
16.630000 2801.142500
16.640000 2829.072500
16.650000 2774.712500
16.660000 2752.057500
16.670000 2706.145000
16.680000 2710.430000
16.690000 2747.887500
16.700000 2577.562500
16.710000 2622.457500
16.720000 2751.522500
16.730000 2925.982500
16.740000 2925.467500
16.750000 2741.440000
16.760000 2775.895000
16.770000 2851.455000
16.780000 2805.167500
16.790000 2807.892500
16.800000 2896.347500
16.810000 2992.307500
16.820000 2931.147500
16.830000 3070.747500
16.840000 3212.475000
16.850000 3478.687500
16.860000 3439.257500
16.870000 3197.850000
16.880000 3161.280000
16.890000 3277.615000
16.900000 3503.470000
16.910000 3514.845000
16.920000 3551.720000
16.930000 3766.842500
16.940000 3955.377500
16.950000 4131.440000
16.960000 4523.302500
16.970000 4813.140000
16.980000 4839.337500
16.990000 4967.410000
17.000000 5202.705000
17.010000 5647.540000
17.020000 6260.445000
17.030000 6485.357500
17.040000 6441.172500
17.050000 6504.757500
17.060000 7075.157500
17.070000 7422.900000
17.080000 7656.110000
17.090000 7785.822500
17.100000 8116.902500
17.110000 8191.880000
17.120000 8155.062500
17.130000 8352.715000
17.140000 8499.485000
17.150000 8328.762500
17.160000 7959.345000
17.170000 7729.805000
17.180000 7631.660000
17.190000 7442.117500
17.200000 7166.410000
17.210000 6635.207500
17.220000 6302.197500
17.230000 6253.050000
17.240000 5940.160000
17.250000 5411.665000
17.260000 5154.070000
17.270000 4805.817500
17.280000 4257.762500
17.290000 4061.035000
17.300000 4035.845000
17.310000 3991.327500
17.320000 3851.752500
17.330000 3707.782500
17.340000 3705.745000
17.350000 3524.387500
17.360000 3430.562500
17.370000 3438.885000
17.380000 3264.290000
17.390000 3224.797500
17.400000 3250.000000
17.410000 3272.055000
17.420000 3195.272500
17.430000 3177.470000
17.440000 3175.215000
17.450000 3150.242500
17.460000 3043.302500
17.470000 2964.392500
17.480000 3020.787500
17.490000 3025.720000
17.500000 2937.800000
17.510000 2867.505000
17.520000 2839.187500
17.530000 2773.972500
17.540000 2822.467500
17.550000 2898.930000
17.560000 2970.340000
17.570000 2914.275000
17.580000 2952.235000
17.590000 2829.170000
17.600000 2877.210000
17.610000 2862.587500
17.620000 2659.667500
17.630000 2559.100000
17.640000 2676.967500
17.650000 2866.175000
17.660000 2943.875000
17.670000 2950.000000
17.680000 2913.237500
17.690000 2849.727500
17.700000 2856.397500
17.710000 2728.747500
17.720000 2636.452500
17.730000 2784.255000
17.740000 2765.910000
17.750000 2570.370000
17.760000 2672.815000
17.770000 2850.495000
17.780000 2757.592500
17.790000 2711.030000
17.800000 2697.370000
17.810000 2669.872500
17.820000 2676.905000
17.830000 2703.770000
17.840000 2726.867500
17.850000 2748.605000
17.860000 2707.522500
17.870000 2629.355000
17.880000 2605.062500
17.890000 2749.817500
17.900000 2786.187500
17.910000 2734.897500
17.920000 2785.297500
17.930000 2759.797500
17.940000 2676.617500
17.950000 2635.010000
17.960000 2664.900000
17.970000 2741.447500
17.980000 2695.497500
17.990000 2621.827500
18.000000 2642.985000
18.010000 2671.607500
18.020000 2714.455000
18.030000 2800.737500
18.040000 2826.927500
18.050000 2821.570000
18.060000 2815.210000
18.070000 2759.477500
18.080000 2739.630000
18.090000 2774.335000
18.100000 2888.822500
18.110000 2919.545000
18.120000 2741.642500
18.130000 2614.012500
18.140000 2677.137500
18.150000 2747.770000
18.160000 2844.782500
18.170000 2927.507500
18.180000 2841.192500
18.190000 2742.790000
18.200000 2829.857500
18.210000 2922.605000
18.220000 2923.837500
18.230000 2850.322500
18.240000 2800.000000
18.250000 2766.955000
18.260000 2831.190000
18.270000 2871.785000
18.280000 2718.580000
18.290000 2644.775000
18.300000 2732.122500
18.310000 2918.660000
18.320000 2917.877500
18.330000 2782.200000
18.340000 2713.830000
18.350000 2825.950000
18.360000 2882.497500
18.370000 2892.405000
18.380000 2887.297500
18.390000 2964.862500
18.400000 3122.532500
18.410000 3005.665000
18.420000 2916.912500
18.430000 3003.920000
18.440000 3141.762500
18.450000 3193.212500
18.460000 3184.795000
18.470000 3331.170000
18.480000 3495.837500
18.490000 3546.172500
18.500000 3581.475000
18.510000 3630.772500
18.520000 3703.745000
18.530000 3910.917500
18.540000 4112.455000
18.550000 4104.335000
18.560000 4205.520000
18.570000 4341.667500
18.580000 4474.442500
18.590000 4600.500000
18.600000 4722.947500
18.610000 4996.577500
18.620000 5180.735000
18.630000 5252.152500
18.640000 5261.055000
18.650000 5281.342500
18.660000 5368.557500
18.670000 5586.557500
18.680000 5706.617500
18.690000 5597.395000
18.700000 5520.370000
18.710000 5374.660000
18.720000 5181.145000
18.730000 5146.730000
18.740000 5140.712500
18.750000 4890.187500
18.760000 4704.677500
18.770000 4516.257500
18.780000 4261.397500
18.790000 4178.635000
18.800000 4078.020000
18.810000 3944.950000
18.820000 3874.900000
18.830000 3769.875000
18.840000 3649.802500
18.850000 3520.222500
18.860000 3383.207500
18.870000 3516.957500
18.880000 3641.680000
18.890000 3595.842500
18.900000 3575.072500
18.910000 3566.612500
18.920000 3508.900000
18.930000 3437.545000
18.940000 3462.132500
18.950000 3606.625000
18.960000 3696.320000
18.970000 3580.805000
18.980000 3524.307500
18.990000 3656.052500
19.000000 3798.965000
19.010000 3894.377500
19.020000 4026.880000
19.030000 4290.035000
19.040000 4491.392500
19.050000 4536.187500
19.060000 4739.515000
19.070000 5000.752500
19.080000 5075.685000
19.090000 5185.927500
19.100000 5416.515000
19.110000 5429.315000
19.120000 5424.462500
19.130000 5691.060000
19.140000 5827.655000
19.150000 5889.175000
19.160000 5953.807500
19.170000 5746.120000
19.180000 5622.962500
19.190000 5763.732500
19.200000 5754.785000
19.210000 5600.560000
19.220000 5634.332500
19.230000 5702.685000
19.240000 5400.575000
19.250000 4986.460000
19.260000 4830.142500
19.270000 4665.462500
19.280000 4582.880000
19.290000 4365.215000
19.300000 4052.287500
19.310000 3947.102500
19.320000 3842.875000
19.330000 3610.605000
19.340000 3529.552500
19.350000 3558.945000
19.360000 3502.152500
19.370000 3311.985000
19.380000 3232.495000
19.390000 3200.540000
19.400000 3146.270000
19.410000 3145.390000
19.420000 3068.285000
19.430000 2877.717500
19.440000 2777.760000
19.450000 2954.022500
19.460000 3095.742500
19.470000 2965.235000
19.480000 2947.652500
19.490000 3055.880000
19.500000 3080.172500
19.510000 2935.017500
19.520000 2808.332500
19.530000 2840.960000
19.540000 2905.035000
19.550000 2973.032500
19.560000 3003.395000
19.570000 2975.000000
19.580000 2903.302500
19.590000 2847.680000
19.600000 2910.707500
19.610000 2974.852500
19.620000 2984.820000
19.630000 2901.242500
19.640000 2866.907500
19.650000 2836.862500
19.660000 2862.792500
19.670000 2789.792500
19.680000 2706.080000
19.690000 2790.327500
19.700000 2862.802500
19.710000 2950.000000
19.720000 2880.535000
19.730000 2790.265000
19.740000 2817.287500
19.750000 2820.970000
19.760000 2808.875000
19.770000 2898.572500
19.780000 2957.410000
19.790000 2853.647500
19.800000 2809.100000
19.810000 2878.745000
19.820000 2921.910000
19.830000 2904.415000
19.840000 2822.972500
19.850000 2827.152500
19.860000 2955.562500
19.870000 3050.000000
19.880000 3053.347500
19.890000 3001.562500
19.900000 2856.697500
19.910000 2756.695000
19.920000 2890.890000
19.930000 3060.425000
19.940000 2958.497500
19.950000 2933.332500
19.960000 2946.472500
19.970000 2901.122500
19.980000 2816.347500
19.990000 2776.432500
20.000000 2730.317500
20.010000 2855.622500
20.020000 2829.225000
20.030000 2736.897500
20.040000 2863.127500
20.050000 2924.277500
20.060000 2867.295000
20.070000 2736.065000
20.080000 2694.362500
20.090000 2877.707500
20.100000 2765.417500
20.110000 2727.240000
20.120000 2876.152500
20.130000 2844.355000
20.140000 2760.375000
20.150000 2750.000000
20.160000 2771.917500
20.170000 2795.840000
20.180000 2849.782500
20.190000 3015.410000
20.200000 2943.797500
20.210000 2729.985000
20.220000 2843.807500
20.230000 2956.532500
20.240000 2909.647500
20.250000 2834.327500
20.260000 2765.277500
20.270000 2837.382500
20.280000 2871.062500
20.290000 2846.255000
20.300000 2987.045000
20.310000 3048.560000
20.320000 3031.717500
20.330000 3052.327500
20.340000 3026.690000
20.350000 2943.235000
20.360000 2856.567500
20.370000 2913.060000
20.380000 2993.352500
20.390000 3015.047500
20.400000 2960.765000
20.410000 3008.857500
20.420000 3090.247500
20.430000 2974.325000
20.440000 2946.375000
20.450000 3072.565000
20.460000 2995.340000
20.470000 3010.147500
20.480000 3004.247500
20.490000 3072.117500
20.500000 3101.180000
20.510000 3003.155000
20.520000 2714.557500
20.530000 2826.825000
20.540000 2892.865000
20.550000 2806.415000
20.560000 2911.650000
20.570000 3057.047500
20.580000 3222.065000
20.590000 3183.142500
20.600000 3119.172500
20.610000 3063.922500
20.620000 3075.000000
20.630000 3044.415000
20.640000 2994.425000
20.650000 2958.582500
20.660000 2918.907500
20.670000 3063.995000
20.680000 3069.107500
20.690000 3108.580000
20.700000 3058.622500
20.710000 3095.777500
20.720000 3339.405000
20.730000 3460.435000
20.740000 3224.155000
20.750000 3115.652500
20.760000 3202.135000
20.770000 3276.490000
20.780000 3288.555000
20.790000 3211.620000
20.800000 3364.857500
20.810000 3471.200000
20.820000 3498.167500
20.830000 3474.147500
20.840000 3524.102500
20.850000 3576.682500
20.860000 3671.562500
20.870000 3903.762500
20.880000 4124.002500
20.890000 4147.037500
20.900000 4252.607500
20.910000 4158.702500
20.920000 4295.477500
20.930000 4302.565000
20.940000 4429.357500
20.950000 4574.130000
20.960000 4699.722500
20.970000 4764.857500
20.980000 4782.122500
20.990000 4927.950000
21.000000 5012.285000
21.010000 4887.390000
21.020000 4870.007500
21.030000 4995.935000
21.040000 4856.125000
21.050000 4750.687500
21.060000 4826.275000
21.070000 4873.822500
21.080000 4685.972500
21.090000 4455.392500
21.100000 4444.790000
21.110000 4216.122500
21.120000 4018.752500
21.130000 4017.255000
21.140000 4100.000000
21.150000 3981.960000
21.160000 3706.077500
21.170000 3700.952500
21.180000 3604.775000
21.190000 3566.665000
21.200000 3406.055000
21.210000 3297.730000
21.220000 3358.570000
21.230000 3630.980000
21.240000 3601.537500
21.250000 3518.272500
21.260000 3483.990000
21.270000 3536.047500
21.280000 3462.902500
21.290000 3389.785000
21.300000 3450.000000
21.310000 3429.317500
21.320000 3372.710000
21.330000 3348.392500
21.340000 3311.387500
21.350000 3357.560000
21.360000 3420.372500
21.370000 3443.405000
21.380000 3356.082500
21.390000 3354.485000
21.400000 3364.430000
21.410000 3324.892500
21.420000 3284.452500
21.430000 3378.470000
21.440000 3307.432500
21.450000 3429.230000
21.460000 3307.437500
21.470000 3299.915000
21.480000 3397.032500
21.490000 3346.017500
21.500000 3351.830000
21.510000 3383.045000
21.520000 3468.980000
21.530000 3301.890000
21.540000 3268.345000
21.550000 3263.417500
21.560000 3389.892500
21.570000 3416.367500
21.580000 3411.062500
21.590000 3537.452500
21.600000 3501.892500
21.610000 3401.925000
21.620000 3350.077500
21.630000 3495.805000
21.640000 3556.260000
21.650000 3518.995000
21.660000 3462.087500
21.670000 3566.785000
21.680000 3539.620000
21.690000 3545.575000
21.700000 3573.165000
21.710000 3537.612500
21.720000 3557.325000
21.730000 3678.470000
21.740000 3661.385000
21.750000 3430.337500
21.760000 3500.000000
21.770000 3474.167500
21.780000 3381.765000
21.790000 3359.870000
21.800000 3407.405000
21.810000 3472.057500
21.820000 3542.070000
21.830000 3578.260000
21.840000 3426.940000
21.850000 3479.757500
21.860000 3644.900000
21.870000 3629.542500
21.880000 3474.890000
21.890000 3567.872500
21.900000 3542.957500
21.910000 3393.582500
21.920000 3588.875000
21.930000 3708.600000
21.940000 3581.670000
21.950000 3666.970000
21.960000 3794.507500
21.970000 3792.507500
21.980000 3644.452500
21.990000 3613.945000
22.000000 3635.592500
22.010000 3881.105000
22.020000 3991.667500
22.030000 3940.800000
22.040000 3790.917500
22.050000 3924.567500
22.060000 4030.060000
22.070000 4201.790000
22.080000 4242.235000
22.090000 4441.335000
22.100000 4727.295000
22.110000 4779.020000
22.120000 4863.687500
22.130000 5046.877500
22.140000 5210.867500
22.150000 5309.420000
22.160000 5416.997500
22.170000 5512.147500
22.180000 5825.677500
22.190000 6192.062500
22.200000 6490.162500
22.210000 6569.390000
22.220000 6881.742500
22.230000 7362.455000
22.240000 7668.870000
22.250000 7891.582500
22.260000 7851.700000
22.270000 7973.295000
22.280000 8020.085000
22.290000 7983.165000
22.300000 8087.797500
22.310000 8220.385000
22.320000 8087.672500
22.330000 7859.390000
22.340000 7599.437500
22.350000 7136.080000
22.360000 6835.317500
22.370000 6983.332500
22.380000 6941.922500
22.390000 6668.305000
22.400000 6204.175000
22.410000 5942.230000
22.420000 5645.792500
22.430000 5540.145000
22.440000 5287.122500
22.450000 5122.712500
22.460000 4954.327500
22.470000 4777.105000
22.480000 4218.035000
22.490000 4150.000000
22.500000 4139.377500
22.510000 4059.932500
22.520000 3921.182500
22.530000 3953.657500
22.540000 4008.332500
22.550000 3989.012500
22.560000 3892.600000
22.570000 3862.755000
22.580000 3851.045000
22.590000 3666.387500
22.600000 3531.617500
22.610000 3648.912500
22.620000 3677.562500
22.630000 3618.395000
22.640000 3489.552500
22.650000 3564.392500
22.660000 3422.865000
22.670000 3590.530000
22.680000 3658.232500
22.690000 3611.067500
22.700000 3581.940000
22.710000 3522.282500
22.720000 3248.665000
22.730000 3226.125000
22.740000 3376.127500
22.750000 3476.205000
22.760000 3519.572500
22.770000 3478.162500
22.780000 3406.990000
22.790000 3420.075000
22.800000 3487.700000
22.810000 3281.057500
22.820000 3260.637500
22.830000 3436.862500
22.840000 3373.205000
22.850000 3392.712500
22.860000 3338.132500
22.870000 3472.920000
22.880000 3326.282500
22.890000 3318.005000
22.900000 3242.232500
22.910000 3291.667500
22.920000 3313.072500
22.930000 3418.295000
22.940000 3314.627500
22.950000 3205.850000
22.960000 3205.252500
22.970000 3293.165000
22.980000 3361.007500
22.990000 3415.265000
23.000000 3346.225000
23.010000 3276.205000
23.020000 3290.527500
23.030000 3321.405000
23.040000 3280.860000
23.050000 3457.220000
23.060000 3383.550000
23.070000 3312.557500
23.080000 3454.450000
23.090000 3221.530000
23.100000 3216.115000
23.110000 3284.605000
23.120000 3076.497500
23.130000 3058.262500
23.140000 3244.847500
23.150000 3423.880000
23.160000 3398.822500
23.170000 3323.270000
23.180000 3564.575000
23.190000 3408.742500
23.200000 3211.315000
23.210000 3339.495000
23.220000 3342.275000
23.230000 3448.670000
23.240000 3391.877500
23.250000 3438.317500
23.260000 3358.332500
23.270000 3384.587500
23.280000 3541.605000
23.290000 3356.282500
23.300000 3275.072500
23.310000 3197.160000
23.320000 3074.665000
23.330000 3211.965000
23.340000 3357.325000
23.350000 3353.010000
23.360000 3364.030000
23.370000 3280.360000
23.380000 3259.320000
23.390000 3262.747500
23.400000 3245.995000
23.410000 3340.697500
23.420000 3306.392500
23.430000 3094.262500
23.440000 3058.555000
23.450000 3129.722500
23.460000 3166.667500
23.470000 3176.930000
23.480000 3227.732500
23.490000 2987.940000
23.500000 3038.735000
23.510000 3148.180000
23.520000 3113.442500
23.530000 2970.660000
23.540000 3140.775000
23.550000 3104.957500
23.560000 2875.475000
23.570000 2995.510000
23.580000 3365.945000
23.590000 3209.757500
23.600000 3139.705000
23.610000 3054.260000
23.620000 3094.205000
23.630000 3089.767500
23.640000 2860.852500
23.650000 2969.112500
23.660000 3068.312500
23.670000 3065.345000
23.680000 2891.880000
23.690000 2820.697500
23.700000 2865.537500
23.710000 2942.870000
23.720000 3045.957500
23.730000 3151.000000
23.740000 3013.997500
23.750000 3150.772500
23.760000 3144.542500
23.770000 3017.460000
23.780000 3109.842500
23.790000 3110.767500
23.800000 2987.482500
23.810000 3192.622500
23.820000 3113.737500
23.830000 3086.240000
23.840000 3105.855000
23.850000 2995.957500
23.860000 3028.187500
23.870000 2896.000000
23.880000 3051.485000
23.890000 3219.532500
23.900000 2886.767500
23.910000 2931.812500
23.920000 3025.897500
23.930000 3229.690000
23.940000 3267.390000
23.950000 3069.502500
23.960000 2925.312500
23.970000 3125.647500
23.980000 3113.437500
23.990000 2886.450000
24.000000 3039.502500
24.010000 3200.417500
24.020000 3013.005000
24.030000 3172.545000
24.040000 3151.397500
24.050000 3267.167500
24.060000 3160.100000
24.070000 3079.140000
24.080000 3135.677500
24.090000 3188.135000
24.100000 3459.485000
24.110000 3265.935000
24.120000 3469.245000
24.130000 3295.087500
24.140000 3574.447500
24.150000 3562.292500
24.160000 3498.375000
24.170000 3485.180000
24.180000 3640.225000
24.190000 3748.487500
24.200000 3863.497500
24.210000 4071.290000
24.220000 4146.747500
24.230000 4217.965000
24.240000 4125.230000
24.250000 4402.480000
24.260000 4576.945000
24.270000 4613.137500
24.280000 4668.870000
24.290000 4301.995000
24.300000 4463.402500
24.310000 4260.247500
24.320000 4167.665000
24.330000 4468.287500
24.340000 4345.580000
24.350000 4276.267500
24.360000 4430.605000
24.370000 4075.000000
24.380000 4061.140000
24.390000 3804.975000
24.400000 3898.362500
24.410000 3861.015000
24.420000 3746.815000
24.430000 3686.867500
24.440000 3754.075000
24.450000 3660.940000
24.460000 3539.785000
24.470000 3496.662500
24.480000 3430.115000
24.490000 3540.947500
24.500000 3520.745000
24.510000 3408.940000
24.520000 3044.760000
24.530000 3128.167500
24.540000 3396.340000
24.550000 3307.022500
24.560000 3275.965000
24.570000 3302.850000
24.580000 3372.510000
24.590000 3310.780000
24.600000 3372.597500
24.610000 3299.780000
24.620000 3070.720000
24.630000 3183.332500
24.640000 3185.842500
24.650000 3262.435000
24.660000 3377.437500
24.670000 3193.435000
24.680000 3000.412500
24.690000 3279.282500
24.700000 3414.202500
24.710000 3332.127500
24.720000 3291.195000
24.730000 3275.690000
24.740000 3302.700000
24.750000 3396.265000
24.760000 3257.690000
24.770000 3236.677500
24.780000 3365.852500
24.790000 3331.945000
24.800000 3270.370000
24.810000 3075.000000
24.820000 3080.102500
24.830000 3309.395000
24.840000 3357.647500
24.850000 3326.330000
24.860000 3397.297500
24.870000 3682.245000
24.880000 3617.787500
24.890000 3226.015000
24.900000 3285.707500
24.910000 3422.717500
24.920000 3282.560000
24.930000 3233.085000
24.940000 3220.337500
24.950000 3476.245000
24.960000 3565.050000
24.970000 3443.615000
24.980000 3602.042500
24.990000 3772.610000
25.000000 3558.592500
25.010000 3582.437500
25.020000 3492.200000
25.030000 3550.567500
25.040000 3616.797500
25.050000 3634.237500
25.060000 3758.442500
25.070000 3772.465000
25.080000 3350.177500
25.090000 3385.057500
25.100000 3750.135000
25.110000 3783.677500
25.120000 3883.402500
25.130000 3908.225000
25.140000 3858.682500
25.150000 4083.487500
25.160000 4250.015000
25.170000 4299.982500
25.180000 4133.495000
25.190000 4391.255000
25.200000 4275.260000
25.210000 4407.955000
25.220000 4424.942500
25.230000 4466.495000
25.240000 4624.252500
25.250000 5138.902500
25.260000 4967.712500
25.270000 4958.387500
25.280000 5165.160000
25.290000 5728.882500
25.300000 5898.587500
25.310000 5875.227500
25.320000 6147.325000
25.330000 6719.050000
25.340000 6898.080000
25.350000 6702.320000
25.360000 7169.195000
25.370000 7430.015000
25.380000 8049.917500
25.390000 8181.572500
25.400000 7797.427500
25.410000 7939.367500
25.420000 8113.875000
25.430000 8567.405000
25.440000 8689.660000
25.450000 8609.817500
25.460000 8485.637500
25.470000 8303.492500
25.480000 8063.087500
25.490000 8074.662500
25.500000 8360.570000
25.510000 8366.667500
25.520000 8431.857500
25.530000 8474.052500
25.540000 8401.752500
25.550000 8635.867500
25.560000 8503.487500
25.570000 8435.015000
25.580000 8571.340000
25.590000 9053.657500
25.600000 9399.082500
25.610000 9165.255000
25.620000 9789.935000
25.630000 10552.827500
25.640000 11092.580000
25.650000 11569.012500
25.660000 12027.567500
25.670000 13107.150000
25.680000 13528.870000
25.690000 14202.720000
25.700000 15215.952500
25.710000 16063.192500
25.720000 16719.277500
25.730000 17674.447500
25.740000 18110.137500
25.750000 18638.985000
25.760000 19428.822500
25.770000 19538.542500
25.780000 19429.447500
25.790000 19889.617500
25.800000 20148.500000
25.810000 19278.280000
25.820000 18953.832500
25.830000 18701.957500
25.840000 18020.907500
25.850000 17552.757500
25.860000 16560.372500
25.870000 16038.465000
25.880000 14654.660000
25.890000 13716.080000
25.900000 13261.350000
25.910000 12534.140000
25.920000 11967.705000
25.930000 10988.910000
25.940000 9830.825000
25.950000 9108.920000
25.960000 8631.230000
25.970000 8149.007500
25.980000 7444.365000
25.990000 6641.130000
26.000000 6742.277500
26.010000 6520.922500
26.020000 6184.672500
26.030000 5795.877500
26.040000 5640.970000
26.050000 5294.532500
26.060000 5456.102500
26.070000 5332.892500
26.080000 4947.527500
26.090000 4736.385000
26.100000 4481.527500
26.110000 4717.832500
26.120000 4599.987500
26.130000 4395.695000
26.140000 4344.165000
26.150000 4357.325000
26.160000 4287.920000
26.170000 4126.957500
26.180000 4054.155000
26.190000 4120.280000
26.200000 4070.372500
26.210000 3902.892500
26.220000 3946.222500
26.230000 4074.620000
26.240000 3989.927500
26.250000 3959.997500
26.260000 3911.690000
26.270000 3768.495000
26.280000 3835.972500
26.290000 3903.737500
26.300000 3815.287500
26.310000 3785.087500
26.320000 3682.662500
26.330000 3373.185000
26.340000 3427.340000
26.350000 3572.452500
26.360000 3606.505000
26.370000 3801.307500
26.380000 3600.675000
26.390000 3691.260000
26.400000 3538.215000
26.410000 3578.892500
26.420000 3421.757500
26.430000 3454.467500
26.440000 3389.175000
26.450000 3483.162500
26.460000 3591.432500
26.470000 3546.315000
26.480000 3871.232500
26.490000 3570.647500
26.500000 3534.012500
26.510000 3594.530000
26.520000 3653.512500
26.530000 3566.657500
26.540000 3459.082500
26.550000 3450.000000
26.560000 3571.995000
26.570000 3529.995000
26.580000 3288.940000
26.590000 3297.105000
26.600000 3368.445000
26.610000 3397.800000
26.620000 3331.645000
26.630000 3287.050000
26.640000 3412.282500
26.650000 3220.332500
26.660000 3313.630000
26.670000 3536.972500
26.680000 3475.112500
26.690000 3451.545000
26.700000 3185.552500
26.710000 3211.187500
26.720000 3307.215000
26.730000 3218.635000
26.740000 3238.477500
26.750000 3219.072500
26.760000 3359.662500
26.770000 3412.605000
26.780000 3273.857500
26.790000 3273.355000
26.800000 3192.430000
26.810000 3265.850000
26.820000 3252.510000
26.830000 3160.100000
26.840000 3434.500000
26.850000 3309.547500
26.860000 3478.592500
26.870000 3305.725000
26.880000 3313.202500
26.890000 3324.130000
26.900000 3399.575000
26.910000 3445.595000
26.920000 3360.627500
26.930000 3275.572500
26.940000 3236.915000
26.950000 3352.260000
26.960000 3455.802500
26.970000 3474.090000
26.980000 3415.655000
26.990000 3452.812500
27.000000 3324.980000
27.010000 3145.455000
27.020000 3317.367500
27.030000 3215.972500
27.040000 3192.610000
27.050000 3213.820000
27.060000 3172.392500
27.070000 3137.170000
27.080000 3221.767500
27.090000 3233.332500
27.100000 3439.405000
27.110000 3304.860000
27.120000 3209.835000
27.130000 3200.000000
27.140000 3280.742500
27.150000 3291.667500
27.160000 3452.937500
27.170000 3321.162500
27.180000 3256.075000
27.190000 3440.212500
27.200000 3430.112500
27.210000 3330.020000
27.220000 3433.487500
27.230000 3515.667500
27.240000 3211.462500
27.250000 3341.547500
27.260000 3373.947500
27.270000 3331.337500
27.280000 3172.285000
27.290000 3229.940000
27.300000 3190.830000
27.310000 3292.197500
27.320000 3090.752500
27.330000 3225.032500
27.340000 3235.515000
27.350000 3052.380000
27.360000 3147.965000
27.370000 3166.667500
27.380000 3260.572500
27.390000 3188.375000
27.400000 3196.642500
27.410000 3308.135000
27.420000 3209.732500
27.430000 3213.265000
27.440000 3144.722500
27.450000 3327.455000
27.460000 3308.040000
27.470000 3156.400000
27.480000 3240.960000
27.490000 3229.652500
27.500000 3260.827500
27.510000 3302.470000
27.520000 3458.605000
27.530000 3240.200000
27.540000 3207.145000
27.550000 3215.475000
27.560000 3288.032500
27.570000 3442.632500
27.580000 3388.272500
27.590000 3375.000000
27.600000 3289.595000
27.610000 3196.765000
27.620000 3176.225000
27.630000 3118.180000
27.640000 3023.160000
27.650000 3022.520000
27.660000 3180.940000
27.670000 3286.250000
27.680000 3193.822500
27.690000 3252.810000
27.700000 3238.392500
27.710000 3247.462500
27.720000 3320.592500
27.730000 3432.095000
27.740000 3245.562500
27.750000 3151.975000
27.760000 3261.345000
27.770000 3402.930000
27.780000 3439.060000
27.790000 3308.182500
27.800000 3199.085000
27.810000 3337.680000
27.820000 3548.952500
27.830000 3457.222500
27.840000 3314.310000
27.850000 3242.690000
27.860000 3212.357500
27.870000 3166.412500
27.880000 3186.262500
27.890000 3261.440000
27.900000 3428.395000
27.910000 3541.945000
27.920000 3238.042500
27.930000 3230.665000
27.940000 3491.982500
27.950000 3583.357500
27.960000 3522.230000
27.970000 3508.332500
27.980000 3612.342500
27.990000 3723.412500
28.000000 3859.380000
28.010000 3855.655000
28.020000 3863.830000
28.030000 3915.035000
28.040000 3980.240000
28.050000 4074.470000
28.060000 4077.875000
28.070000 4095.672500
28.080000 4279.032500
28.090000 4598.790000
28.100000 4623.952500
28.110000 4664.767500
28.120000 4819.200000
28.130000 4966.650000
28.140000 4950.525000
28.150000 5181.492500
28.160000 5356.587500
28.170000 5629.665000
28.180000 5895.305000
28.190000 5586.352500
28.200000 5699.522500
28.210000 5925.897500
28.220000 5728.017500
28.230000 5852.157500
28.240000 5660.162500
28.250000 5662.767500
28.260000 5763.390000
28.270000 5864.867500
28.280000 5822.225000
28.290000 5604.785000
28.300000 5253.227500
28.310000 4980.075000
28.320000 5116.137500
28.330000 4941.832500
28.340000 4722.645000
28.350000 4507.675000
28.360000 4473.417500
28.370000 4555.957500
28.380000 4204.207500
28.390000 3934.772500
28.400000 4033.040000
28.410000 3985.940000
28.420000 3758.270000
28.430000 3681.462500
28.440000 3634.722500
28.450000 3584.752500
28.460000 3487.857500
28.470000 3473.365000
28.480000 3441.532500
28.490000 3399.890000
28.500000 3498.610000
28.510000 3331.302500
28.520000 3216.590000
28.530000 3420.097500
28.540000 3461.670000
28.550000 3571.552500
28.560000 3480.207500
28.570000 3423.397500
28.580000 3330.275000
28.590000 3268.490000
28.600000 3245.062500
28.610000 3261.560000
28.620000 3154.020000
28.630000 3151.485000
28.640000 3224.500000
28.650000 3268.115000
28.660000 3453.392500
28.670000 3295.327500
28.680000 3169.095000
28.690000 3110.445000
28.700000 3165.880000
28.710000 3051.672500
28.720000 3082.450000
28.730000 3119.720000
28.740000 2967.352500
28.750000 3062.840000
28.760000 3139.355000
28.770000 3012.362500
28.780000 2909.505000
28.790000 2937.480000
28.800000 3002.317500
28.810000 3068.947500
28.820000 2972.320000
28.830000 3019.970000
28.840000 3119.912500
28.850000 3102.572500
28.860000 3039.580000
28.870000 2992.470000
28.880000 2957.327500
28.890000 2917.517500
28.900000 2914.825000
28.910000 2916.667500
28.920000 3150.020000
28.930000 3326.780000
28.940000 3183.577500
28.950000 3178.607500
28.960000 3172.277500
28.970000 3140.835000
28.980000 2997.817500
28.990000 2997.022500
29.000000 3001.890000
29.010000 2961.367500
29.020000 2995.037500
29.030000 2944.042500
29.040000 3111.302500
29.050000 3192.345000
29.060000 3033.222500
29.070000 2989.742500
29.080000 3068.525000
29.090000 3110.867500
29.100000 2982.365000
29.110000 2980.010000
29.120000 2895.882500
29.130000 2955.997500
29.140000 2976.957500
29.150000 2892.175000
29.160000 2898.497500
29.170000 2965.587500
29.180000 3015.117500
29.190000 2999.592500
29.200000 3004.360000
29.210000 3090.782500
29.220000 2970.907500
29.230000 2874.340000
29.240000 2978.560000
29.250000 3073.572500
29.260000 2977.942500
29.270000 2929.040000
29.280000 2981.775000
29.290000 3056.732500
29.300000 3062.402500
29.310000 2982.807500
29.320000 2952.045000
29.330000 3081.967500
29.340000 3093.602500
29.350000 3102.157500
29.360000 3145.950000
29.370000 3120.745000
29.380000 2939.315000
29.390000 3064.730000
29.400000 3131.250000
29.410000 3227.015000
29.420000 3189.687500
29.430000 3060.660000
29.440000 3193.232500
29.450000 3063.220000
29.460000 3167.970000
29.470000 3050.945000
29.480000 3053.780000
29.490000 3236.370000
29.500000 3291.667500
29.510000 3403.210000
29.520000 3280.675000
29.530000 3274.497500
29.540000 3341.125000
29.550000 3345.977500
29.560000 3316.977500
29.570000 3382.345000
29.580000 3414.495000
29.590000 3453.615000
29.600000 3608.187500
29.610000 3769.002500
29.620000 3759.185000
29.630000 3944.237500
29.640000 3851.057500
29.650000 4171.652500
29.660000 4185.855000
29.670000 4276.285000
29.680000 4233.287500
29.690000 4536.012500
29.700000 4493.512500
29.710000 4463.830000
29.720000 4688.315000
29.730000 4888.462500
29.740000 4994.182500
29.750000 5144.347500
29.760000 5258.492500
29.770000 5368.317500
29.780000 5557.700000
29.790000 5810.602500
29.800000 6058.947500
29.810000 6118.950000
29.820000 6165.032500
29.830000 6249.785000
29.840000 6486.262500
29.850000 6578.730000
29.860000 6492.940000
29.870000 6476.397500
29.880000 6603.662500
29.890000 6475.662500
29.900000 6228.132500
29.910000 6314.380000
29.920000 6159.110000
29.930000 5799.367500
29.940000 5619.822500
29.950000 5579.702500
29.960000 5294.067500
29.970000 5045.967500
29.980000 5033.440000
29.990000 4900.935000
30.000000 4633.147500
30.010000 4454.755000
30.020000 4452.355000
30.030000 4496.382500
30.040000 4223.307500
30.050000 4369.390000
30.060000 4297.155000
30.070000 3993.992500
30.080000 3929.592500
30.090000 3841.137500
30.100000 3835.450000
30.110000 3826.385000
30.120000 3716.390000
30.130000 3456.932500
30.140000 3343.112500
30.150000 3162.702500
30.160000 3209.245000
30.170000 3604.900000
30.180000 3714.785000
30.190000 3506.485000
30.200000 3436.717500
30.210000 3429.957500
30.220000 3489.342500
30.230000 3458.222500
30.240000 3345.742500
30.250000 3448.360000
30.260000 3543.310000
30.270000 3569.982500
30.280000 3662.295000
30.290000 3502.300000
30.300000 3451.525000
30.310000 3414.425000
30.320000 3490.262500
30.330000 3458.000000
30.340000 3587.117500
30.350000 3739.322500
30.360000 3850.140000
30.370000 3767.832500
30.380000 3555.105000
30.390000 3454.507500
30.400000 3476.227500
30.410000 3601.015000
30.420000 3621.250000
30.430000 3751.962500
30.440000 3839.627500
30.450000 3958.970000
30.460000 4002.602500
30.470000 4011.450000
30.480000 3999.505000
30.490000 4083.112500
30.500000 4142.130000
30.510000 4366.802500
30.520000 4603.475000
30.530000 4609.712500
30.540000 4640.237500
30.550000 4774.687500
30.560000 4768.197500
30.570000 4906.252500
30.580000 5170.455000
30.590000 5326.317500
30.600000 5573.427500
30.610000 5861.627500
30.620000 6017.805000
30.630000 6219.360000
30.640000 6666.620000
30.650000 6886.750000
30.660000 7167.327500
30.670000 7831.692500
30.680000 8316.477500
30.690000 8610.302500
30.700000 9047.832500
30.710000 9311.955000
30.720000 9459.135000
30.730000 9771.305000
30.740000 10240.995000
30.750000 10413.917500
30.760000 10494.787500
30.770000 10934.732500
30.780000 11228.022500
30.790000 11191.527500
30.800000 11027.682500
30.810000 11011.105000
30.820000 11127.680000
30.830000 10919.942500
30.840000 10553.460000
30.850000 10245.155000
30.860000 10216.355000
30.870000 9741.745000
30.880000 9301.190000
30.890000 9103.560000
30.900000 8416.425000
30.910000 7926.537500
30.920000 7858.165000
30.930000 7493.065000
30.940000 6959.677500
30.950000 6728.492500
30.960000 6535.632500
30.970000 6143.465000
30.980000 5797.395000
30.990000 5448.670000
31.000000 5196.577500
31.010000 5007.902500
31.020000 4800.007500
31.030000 4594.360000
31.040000 4361.852500
31.050000 4253.267500
31.060000 4323.087500
31.070000 4301.592500
31.080000 4196.235000
31.090000 4039.252500
31.100000 3780.325000
31.110000 3723.622500
31.120000 3787.782500
31.130000 3808.332500
31.140000 3862.205000
31.150000 3789.407500
31.160000 3727.957500
31.170000 3590.705000
31.180000 3548.867500
31.190000 3523.775000
31.200000 3355.375000
31.210000 3296.405000
31.220000 3377.835000
31.230000 3352.575000
31.240000 3215.285000
31.250000 3131.680000
31.260000 3281.762500
31.270000 3199.422500
31.280000 3216.937500
31.290000 3224.920000
31.300000 3223.497500
31.310000 3082.670000
31.320000 2901.655000
31.330000 2871.157500
31.340000 3131.700000
31.350000 3132.460000
31.360000 2986.710000
31.370000 2876.235000
31.380000 2870.180000
31.390000 2933.735000
31.400000 2947.827500
31.410000 2925.922500
31.420000 2911.422500
31.430000 2897.857500
31.440000 2886.435000
31.450000 2846.740000
31.460000 2861.555000
31.470000 2987.675000
31.480000 2956.185000
31.490000 2775.040000
31.500000 2575.165000
31.510000 2707.852500
31.520000 2968.302500
31.530000 2941.097500
31.540000 2833.555000
31.550000 2979.122500
31.560000 2928.227500
31.570000 2874.652500
31.580000 2992.875000
31.590000 2905.672500
31.600000 2826.965000
31.610000 2828.190000
31.620000 2722.222500
31.630000 2776.407500
31.640000 2880.770000
31.650000 2946.107500
31.660000 2903.350000
31.670000 2735.630000
31.680000 2699.192500
31.690000 2663.775000
31.700000 2630.097500
31.710000 2775.900000
31.720000 2810.717500
31.730000 2810.567500
31.740000 2741.967500
31.750000 2698.545000
31.760000 2814.705000
31.770000 2923.812500
31.780000 2919.672500
31.790000 3011.090000
31.800000 2972.360000
31.810000 2834.495000
31.820000 2862.137500
31.830000 2893.247500
31.840000 2888.357500
31.850000 2816.400000
31.860000 2806.767500
31.870000 2818.312500
31.880000 2848.347500
31.890000 2889.990000
31.900000 2964.885000
31.910000 2958.475000
31.920000 2855.272500
31.930000 2838.185000
31.940000 2917.972500
31.950000 3062.590000
31.960000 3192.845000
31.970000 3114.437500
31.980000 2983.847500
31.990000 2974.717500
32.000000 3095.362500
32.010000 3324.510000
32.020000 3260.880000
32.030000 3082.602500
32.040000 3090.832500
32.050000 3311.625000
32.060000 3304.302500
32.070000 3144.627500
32.080000 3334.965000
32.090000 3597.795000
32.100000 3666.667500
32.110000 3715.457500
32.120000 3730.505000
32.130000 3604.697500
32.140000 3700.062500
32.150000 3883.290000
32.160000 3939.557500
32.170000 4182.642500
32.180000 4335.475000
32.190000 4305.657500
32.200000 4407.600000
32.210000 4718.447500
32.220000 4917.070000
32.230000 4922.410000
32.240000 4999.702500
32.250000 4980.205000
32.260000 5089.395000
32.270000 5274.177500
32.280000 5441.132500
32.290000 5576.370000
32.300000 5450.715000
32.310000 5347.645000
32.320000 5410.752500
32.330000 5354.800000
32.340000 5307.105000
32.350000 5405.735000
32.360000 5386.025000
32.370000 5097.567500
32.380000 4783.017500
32.390000 4651.362500
32.400000 4571.950000
32.410000 4440.105000
32.420000 4276.072500
32.430000 4200.000000
32.440000 4129.502500
32.450000 4028.055000
32.460000 3902.577500
32.470000 3805.232500
32.480000 3666.385000
32.490000 3509.585000
32.500000 3477.000000
32.510000 3412.422500
32.520000 3294.127500
32.530000 3366.260000
32.540000 3449.042500
32.550000 3172.580000
32.560000 2907.360000
32.570000 2954.605000
32.580000 2960.280000
32.590000 3005.297500
32.600000 3101.780000
32.610000 3093.635000
32.620000 3042.795000
32.630000 2929.360000
32.640000 2890.460000
32.650000 2902.915000
32.660000 2873.352500
32.670000 2872.052500
32.680000 2887.900000
32.690000 2882.542500
32.700000 2893.225000
32.710000 2921.985000
32.720000 3015.145000
32.730000 3074.255000
32.740000 3116.540000
32.750000 3162.862500
32.760000 3135.007500
32.770000 3027.025000
32.780000 2962.845000
32.790000 2984.690000
32.800000 3054.005000
32.810000 3158.432500
32.820000 3221.800000
32.830000 3233.332500
32.840000 3233.332500
32.850000 3094.692500
32.860000 2975.000000
32.870000 3068.680000
32.880000 3230.197500
32.890000 3402.345000
32.900000 3473.890000
32.910000 3387.317500
32.920000 3431.387500
32.930000 3555.990000
32.940000 3698.292500
32.950000 3932.475000
32.960000 4208.765000
32.970000 4446.900000
32.980000 4568.525000
32.990000 4679.077500
33.000000 4960.597500
33.010000 5079.892500
33.020000 4986.035000
33.030000 5176.852500
33.040000 5540.857500
33.050000 5783.205000
33.060000 5879.727500
33.070000 6087.307500
33.080000 6457.710000
33.090000 6715.720000
33.100000 6917.250000
33.110000 6985.762500
33.120000 7088.512500
33.130000 7375.965000
33.140000 7525.282500
33.150000 7847.365000
33.160000 8253.365000
33.170000 8349.752500
33.180000 8324.527500
33.190000 8120.065000
33.200000 8048.492500
33.210000 8167.070000
33.220000 7978.780000
33.230000 7847.170000
33.240000 7721.335000
33.250000 7609.575000
33.260000 7361.357500
33.270000 6753.582500
33.280000 6386.477500
33.290000 6194.255000
33.300000 5876.882500
33.310000 5658.077500
33.320000 5431.557500
33.330000 5166.167500
33.340000 4923.935000
33.350000 4544.875000
33.360000 4295.682500
33.370000 4262.522500
33.380000 4224.975000
33.390000 4100.067500
33.400000 3937.702500
33.410000 3812.640000
33.420000 3646.495000
33.430000 3566.340000
33.440000 3554.662500
33.450000 3318.300000
33.460000 3149.910000
33.470000 3232.422500
33.480000 3222.020000
33.490000 3079.977500
33.500000 3094.672500
33.510000 3133.927500
33.520000 2973.312500
33.530000 2870.232500
33.540000 2851.102500
33.550000 2795.930000
33.560000 2844.487500
33.570000 2879.715000
33.580000 2817.820000
33.590000 2783.090000
33.600000 2775.510000
33.610000 2730.100000
33.620000 2695.972500
33.630000 2735.905000
33.640000 2751.207500
33.650000 2616.425000
33.660000 2592.412500
33.670000 2687.330000
33.680000 2687.675000
33.690000 2687.320000
33.700000 2735.445000
33.710000 2723.725000
33.720000 2749.597500
33.730000 2818.305000
33.740000 2731.905000
33.750000 2611.800000
33.760000 2561.387500
33.770000 2669.970000
33.780000 2747.007500
33.790000 2677.887500
33.800000 2499.560000
33.810000 2452.270000
33.820000 2624.767500
33.830000 2680.490000
33.840000 2666.125000
33.850000 2651.660000
33.860000 2582.277500
33.870000 2587.622500
33.880000 2700.332500
33.890000 2731.272500
33.900000 2657.545000
33.910000 2673.845000
33.920000 2688.440000
33.930000 2566.727500
33.940000 2516.005000
33.950000 2505.852500
33.960000 2468.040000
33.970000 2453.817500
33.980000 2431.655000
33.990000 2468.487500
34.000000 2553.800000
34.010000 2588.675000
34.020000 2632.572500
34.030000 2618.982500
34.040000 2553.922500
34.050000 2448.042500
34.060000 2412.620000
34.070000 2522.185000
34.080000 2510.005000
34.090000 2474.875000
34.100000 2551.717500
34.110000 2529.602500
34.120000 2446.770000
34.130000 2416.942500
34.140000 2474.010000
34.150000 2534.335000
34.160000 2664.802500
34.170000 2635.307500
34.180000 2567.622500
34.190000 2595.152500
34.200000 2615.935000
34.210000 2612.690000
34.220000 2682.970000
34.230000 2728.657500
34.240000 2704.125000
34.250000 2681.245000
34.260000 2772.770000
34.270000 2844.872500
34.280000 2816.667500
34.290000 2776.850000
34.300000 2768.362500
34.310000 2897.145000
34.320000 2901.640000
34.330000 2783.332500
34.340000 2772.567500
34.350000 2815.650000
34.360000 2866.635000
34.370000 2886.880000
34.380000 2972.587500
34.390000 3077.037500
34.400000 3195.217500
34.410000 3125.565000
34.420000 2996.695000
34.430000 3057.227500
34.440000 3177.565000
34.450000 3207.602500
34.460000 3362.825000
34.470000 3476.320000
34.480000 3575.175000
34.490000 3718.012500
34.500000 3781.572500
34.510000 4005.177500
34.520000 4133.300000
34.530000 4057.657500
34.540000 4106.040000
34.550000 4242.892500
34.560000 4339.960000
34.570000 4373.902500
34.580000 4383.422500
34.590000 4459.805000
34.600000 4460.272500
34.610000 4464.747500
34.620000 4439.767500
34.630000 4476.070000
34.640000 4482.035000
34.650000 4318.887500
34.660000 4177.605000
34.670000 4040.755000
34.680000 3995.627500
34.690000 4105.295000
34.700000 3948.422500
34.710000 3616.467500
34.720000 3586.747500
34.730000 3663.430000
34.740000 3696.662500
34.750000 3625.030000
34.760000 3516.980000
34.770000 3378.410000
34.780000 3242.557500
34.790000 3053.460000
34.800000 2974.025000
34.810000 2883.332500
34.820000 2853.797500
34.830000 2778.855000
34.840000 2798.710000
34.850000 2886.950000
34.860000 2772.250000
34.870000 2650.995000
34.880000 2788.947500
34.890000 2883.415000
34.900000 2727.075000
34.910000 2628.222500
34.920000 2642.982500
34.930000 2680.802500
34.940000 2684.632500
34.950000 2716.447500
34.960000 2805.337500
34.970000 2730.150000
34.980000 2744.062500
34.990000 2743.297500
35.000000 2751.777500
35.010000 2793.172500
35.020000 2659.042500
35.030000 2676.552500
35.040000 2816.667500
35.050000 2779.100000
35.060000 2741.657500
35.070000 2767.747500
35.080000 2642.125000
35.090000 2506.040000
35.100000 2694.617500
35.110000 2844.642500
35.120000 2612.727500
35.130000 2530.010000
35.140000 2721.937500
35.150000 2773.770000
35.160000 2684.712500
35.170000 2725.445000
35.180000 2844.710000
35.190000 2834.815000
35.200000 2862.882500
35.210000 2973.452500
35.220000 2927.592500
35.230000 2818.062500
35.240000 2834.982500
35.250000 2769.375000
35.260000 2744.850000
35.270000 2842.900000
35.280000 2860.117500
35.290000 2871.940000
35.300000 2873.520000
35.310000 2747.045000
35.320000 2836.047500
35.330000 3034.817500
35.340000 3039.297500
35.350000 3040.345000
35.360000 3250.110000
35.370000 3285.450000
35.380000 3167.450000
35.390000 3284.150000
35.400000 3427.192500
35.410000 3397.112500
35.420000 3394.547500
35.430000 3434.492500
35.440000 3568.820000
35.450000 3728.605000
35.460000 3794.747500
35.470000 3791.045000
35.480000 3784.267500
35.490000 3994.157500
35.500000 4255.797500
35.510000 4331.262500
35.520000 4441.875000
35.530000 4561.970000
35.540000 4786.507500
35.550000 4944.707500
35.560000 5072.277500
35.570000 5205.557500
35.580000 5571.752500
35.590000 5919.597500
35.600000 5921.745000
35.610000 6083.000000
35.620000 6259.722500
35.630000 6573.625000
35.640000 6774.707500
35.650000 6811.055000
35.660000 6767.795000
35.670000 6821.032500
35.680000 7230.805000
35.690000 7397.807500
35.700000 7245.472500
35.710000 6911.847500
35.720000 6745.757500
35.730000 6947.640000
35.740000 7139.197500
35.750000 6943.930000
35.760000 6759.672500
35.770000 6377.577500
35.780000 5946.487500
35.790000 5901.535000
35.800000 5710.265000
35.810000 5568.597500
35.820000 5369.295000
35.830000 5200.277500
35.840000 5016.667500
35.850000 4866.952500
35.860000 4517.887500
35.870000 4365.250000
35.880000 4087.200000
35.890000 4101.730000
35.900000 4149.087500
35.910000 3916.562500
35.920000 3644.937500
35.930000 3560.130000
35.940000 3341.325000
35.950000 3240.060000
35.960000 3252.475000
35.970000 3127.630000
35.980000 2916.030000
35.990000 2873.732500
36.000000 3013.282500
36.010000 2983.065000
36.020000 2898.090000
36.030000 2849.952500
36.040000 2672.005000
36.050000 2727.437500
36.060000 2726.042500
36.070000 2732.567500
36.080000 2772.337500
36.090000 2703.320000
36.100000 2676.417500
36.110000 2708.145000
36.120000 2591.580000
36.130000 2524.992500
36.140000 2569.040000
36.150000 2608.115000
36.160000 2715.247500
36.170000 2713.882500
36.180000 2560.677500
36.190000 2524.617500
36.200000 2442.282500
36.210000 2499.047500
36.220000 2560.620000
36.230000 2716.437500
36.240000 2507.175000
36.250000 2451.047500
36.260000 2562.227500
36.270000 2603.002500
36.280000 2496.300000
36.290000 2362.635000
36.300000 2548.925000
36.310000 2640.352500
36.320000 2571.502500
36.330000 2496.570000
36.340000 2423.862500
36.350000 2366.127500
36.360000 2315.137500
36.370000 2272.512500
36.380000 2371.507500
36.390000 2403.957500
36.400000 2334.962500
36.410000 2172.827500
36.420000 2220.815000
36.430000 2422.487500
36.440000 2534.672500
36.450000 2473.097500
36.460000 2474.577500
36.470000 2450.542500
36.480000 2491.062500
36.490000 2372.645000
36.500000 2344.045000
36.510000 2435.492500
36.520000 2508.485000
36.530000 2616.665000
36.540000 2552.135000
36.550000 2510.402500
36.560000 2549.637500
36.570000 2701.330000
36.580000 2876.742500
36.590000 2900.725000
36.600000 2787.817500
36.610000 2723.702500
36.620000 2675.925000
36.630000 2799.395000
36.640000 2888.000000
36.650000 3032.242500
36.660000 3064.670000
36.670000 2978.382500
36.680000 3120.457500
36.690000 3005.382500
36.700000 3006.152500
36.710000 3169.950000
36.720000 3043.810000
36.730000 3197.060000
36.740000 3373.710000
36.750000 3237.260000
36.760000 3208.645000
36.770000 3378.505000
36.780000 3484.462500
36.790000 3522.322500
36.800000 3479.720000
36.810000 3242.362500
36.820000 3169.502500
36.830000 3226.872500
36.840000 3262.127500
36.850000 3150.980000
36.860000 3103.032500
36.870000 3025.000000
36.880000 2992.327500
36.890000 2858.735000
36.900000 2852.187500
36.910000 2978.955000
36.920000 2744.647500
36.930000 2733.880000
36.940000 2731.300000
36.950000 2622.885000
36.960000 2708.332500
36.970000 2706.587500
36.980000 2684.367500
36.990000 2628.457500
37.000000 2655.437500
37.010000 2686.060000
37.020000 2610.232500
37.030000 2633.025000
37.040000 2556.527500
37.050000 2535.165000
37.060000 2643.485000
37.070000 2778.335000
37.080000 2758.332500
37.090000 2692.330000
37.100000 2451.275000
37.110000 2600.822500
37.120000 2750.605000
37.130000 2640.290000
37.140000 2635.427500
37.150000 2776.925000
37.160000 2759.567500
37.170000 2806.345000
37.180000 2819.127500
37.190000 2758.332500
37.200000 2761.457500
37.210000 2771.892500
37.220000 2764.517500
37.230000 2774.745000
37.240000 2758.150000
37.250000 3022.755000
37.260000 3072.712500
37.270000 3185.542500
37.280000 3212.360000
37.290000 3110.707500
37.300000 3077.405000
37.310000 3038.210000
37.320000 3059.550000
37.330000 3425.412500
37.340000 3482.610000
37.350000 3600.132500
37.360000 3797.132500
37.370000 3787.607500
37.380000 3859.342500
37.390000 4133.692500
37.400000 4269.537500
37.410000 4345.887500
37.420000 4506.755000
37.430000 4799.922500
37.440000 4910.062500
37.450000 5277.370000
37.460000 5423.655000
37.470000 5708.582500
37.480000 5910.035000
37.490000 6065.922500
37.500000 6151.317500
37.510000 6176.680000
37.520000 6258.072500
37.530000 6169.255000
37.540000 6205.190000
37.550000 6317.335000
37.560000 6325.762500
37.570000 6586.900000
37.580000 6427.840000
37.590000 6203.357500
37.600000 6175.000000
37.610000 6198.325000
37.620000 6263.835000
37.630000 5830.482500
37.640000 5614.955000
37.650000 5320.275000
37.660000 5376.250000
37.670000 5262.137500
37.680000 5115.795000
37.690000 4966.545000
37.700000 4661.085000
37.710000 4326.627500
37.720000 4079.542500
37.730000 4099.315000
37.740000 4022.647500
37.750000 3885.565000
37.760000 3736.572500
37.770000 3347.662500
37.780000 3187.282500
37.790000 3309.927500
37.800000 3205.130000
37.810000 3181.215000
37.820000 3157.207500
37.830000 3058.302500
37.840000 2823.965000
37.850000 2832.052500
37.860000 2905.050000
37.870000 2641.667500
37.880000 2656.667500
37.890000 2767.657500
37.900000 2770.085000
37.910000 2721.640000
37.920000 2629.470000
37.930000 2602.872500
37.940000 2600.330000
37.950000 2412.095000
37.960000 2444.462500
37.970000 2452.820000
37.980000 2342.580000
37.990000 2375.362500
38.000000 2589.615000
38.010000 2637.225000
38.020000 2599.120000
38.030000 2569.012500
38.040000 2376.725000
38.050000 2388.250000
38.060000 2347.345000
38.070000 2251.672500
38.080000 2269.977500
38.090000 2301.637500
38.100000 2307.750000
38.110000 2237.830000
38.120000 2366.265000
38.130000 2434.607500
38.140000 2360.460000
38.150000 2309.202500
38.160000 2407.582500
38.170000 2491.577500
38.180000 2565.370000
38.190000 2468.862500
38.200000 2459.125000
38.210000 2129.525000
38.220000 2284.305000
38.230000 2463.155000
38.240000 2331.270000
38.250000 2315.802500
38.260000 2406.702500
38.270000 2469.442500
38.280000 2299.850000
38.290000 2212.875000
38.300000 2362.857500
38.310000 2313.537500
38.320000 2275.617500
38.330000 2299.147500
38.340000 2474.227500
38.350000 2143.437500
38.360000 2164.340000
38.370000 2139.632500
38.380000 2222.745000
38.390000 2208.862500
38.400000 2443.997500
38.410000 2357.797500
38.420000 2345.250000
38.430000 2277.595000
38.440000 2319.727500
38.450000 2360.655000
38.460000 2271.585000
38.470000 2344.687500
38.480000 2257.860000
38.490000 2256.045000
38.500000 2358.790000
38.510000 2368.007500
38.520000 2388.165000
38.530000 2331.002500
38.540000 2437.470000
38.550000 2350.532500
38.560000 2210.440000
38.570000 2407.247500
38.580000 2217.050000
38.590000 2223.877500
38.600000 2202.555000
38.610000 2262.250000
38.620000 2346.530000
38.630000 2259.235000
38.640000 2086.290000
38.650000 2164.402500
38.660000 2315.425000
38.670000 2282.430000
38.680000 2263.297500
38.690000 2393.497500
38.700000 2206.965000
38.710000 2169.840000
38.720000 2258.247500
38.730000 1995.602500
38.740000 2129.025000
38.750000 2270.077500
38.760000 2391.012500
38.770000 2358.935000
38.780000 2057.535000
38.790000 2030.712500
38.800000 2279.165000
38.810000 2464.260000
38.820000 2349.512500
38.830000 2323.007500
38.840000 2219.832500
38.850000 2399.595000
38.860000 2372.620000
38.870000 2217.247500
38.880000 2260.465000
38.890000 2425.000000
38.900000 2423.242500
38.910000 2258.805000
38.920000 2308.677500
38.930000 2348.747500
38.940000 2176.357500
38.950000 2399.305000
38.960000 2258.365000
38.970000 2267.107500
38.980000 2433.382500
38.990000 2466.635000
39.000000 2383.397500
39.010000 2391.650000
39.020000 2441.515000
39.030000 2391.875000
39.040000 2598.895000
39.050000 2558.602500
39.060000 2318.500000
39.070000 2341.447500
39.080000 2638.705000
39.090000 2443.870000
39.100000 2375.810000
39.110000 2407.890000
39.120000 2391.907500
39.130000 2375.260000
39.140000 2440.550000
39.150000 2449.850000
39.160000 2597.140000
39.170000 2681.650000
39.180000 2454.985000
39.190000 2450.000000
39.200000 2726.625000
39.210000 2668.322500
39.220000 2626.082500
39.230000 2470.965000
39.240000 2385.692500
39.250000 2625.965000
39.260000 2673.722500
39.270000 2771.820000
39.280000 2758.882500
39.290000 2677.845000
39.300000 2699.117500
39.310000 2892.707500
39.320000 2908.020000
39.330000 2900.322500
39.340000 2900.000000
39.350000 3019.857500
39.360000 3216.537500
39.370000 3121.377500
39.380000 3148.510000
39.390000 3253.367500
39.400000 3345.690000
39.410000 3381.727500
39.420000 3525.925000
39.430000 3430.477500
39.440000 3851.715000
39.450000 3875.000000
39.460000 3796.175000
39.470000 4004.225000
39.480000 4150.332500
39.490000 4056.247500
39.500000 4253.915000
39.510000 4423.325000
39.520000 4574.147500
39.530000 4598.960000
39.540000 4849.700000
39.550000 4796.527500
39.560000 4737.185000
39.570000 4818.840000
39.580000 5042.372500
39.590000 5035.072500
39.600000 4847.495000
39.610000 5042.132500
39.620000 4872.975000
39.630000 4727.207500
39.640000 4624.227500
39.650000 4693.597500
39.660000 4423.407500
39.670000 4277.232500
39.680000 4343.297500
39.690000 4395.917500
39.700000 4231.857500
39.710000 4147.972500
39.720000 4179.780000
39.730000 3817.935000
39.740000 3616.082500
39.750000 3615.185000
39.760000 3358.877500
39.770000 3393.907500
39.780000 3392.437500
39.790000 3104.707500
39.800000 2795.970000
39.810000 2849.510000
39.820000 2971.147500
39.830000 3005.865000
39.840000 2858.322500
39.850000 2789.235000
39.860000 2730.972500
39.870000 2792.227500
39.880000 2837.297500
39.890000 2729.927500
39.900000 2500.935000
39.910000 2556.715000
39.920000 2737.290000
39.930000 2817.597500
39.940000 2580.872500
39.950000 2572.162500
39.960000 2493.852500
39.970000 2520.167500
39.980000 2495.575000
39.990000 2469.627500
40.000000 2481.337500
40.010000 2519.960000
40.020000 2429.905000
40.030000 2255.967500
40.040000 2342.745000
40.050000 2423.887500
40.060000 2593.345000
40.070000 2551.302500
40.080000 2512.657500
40.090000 2573.510000
40.100000 2633.952500
40.110000 2583.900000
40.120000 2632.682500
40.130000 2569.667500
40.140000 2428.922500
40.150000 2501.660000
40.160000 2531.002500
40.170000 2425.965000
40.180000 2522.690000
40.190000 2634.445000
40.200000 2550.232500
40.210000 2462.177500
40.220000 2506.840000
40.230000 2637.272500
40.240000 2693.752500
40.250000 2657.560000
40.260000 2642.937500
40.270000 2592.302500
40.280000 2611.497500
40.290000 2686.972500
40.300000 2587.680000
40.310000 2475.545000
40.320000 2507.322500
40.330000 2502.690000
40.340000 2681.407500
40.350000 2723.632500
40.360000 2599.797500
40.370000 2672.230000
40.380000 2712.470000
40.390000 2626.660000
40.400000 2559.945000
40.410000 2750.157500
40.420000 2619.387500
40.430000 2707.180000
40.440000 2589.072500
40.450000 2798.390000
40.460000 2747.280000
40.470000 2827.557500
40.480000 2822.695000
40.490000 2714.435000
40.500000 2793.735000
40.510000 2952.540000
40.520000 3166.470000
40.530000 3120.297500
40.540000 3262.265000
40.550000 3408.002500
40.560000 3372.680000
40.570000 3465.985000
40.580000 3458.080000
40.590000 3631.070000
40.600000 3989.682500
40.610000 3932.980000
40.620000 3846.612500
40.630000 3720.072500
40.640000 3917.815000
40.650000 4220.695000
40.660000 4581.655000
40.670000 4770.845000
40.680000 4806.607500
40.690000 4669.812500
40.700000 4837.472500
40.710000 5082.315000
40.720000 5238.340000
40.730000 5194.595000
40.740000 5430.090000
40.750000 5519.590000
40.760000 5531.517500
40.770000 5715.540000
40.780000 5870.607500
40.790000 6088.067500
40.800000 6180.510000
40.810000 6049.485000
40.820000 6053.495000
40.830000 6021.585000
40.840000 5892.607500
40.850000 5941.767500
40.860000 5806.500000
40.870000 5585.655000
40.880000 5692.937500
40.890000 5359.290000
40.900000 5235.305000
40.910000 5036.470000
40.920000 4860.895000
40.930000 4894.605000
40.940000 4695.590000
40.950000 4290.827500
40.960000 4208.507500
40.970000 4160.125000
40.980000 3959.805000
40.990000 3737.245000
41.000000 3633.345000
41.010000 3635.377500
41.020000 3716.375000
41.030000 3611.167500
41.040000 3442.610000
41.050000 3214.260000
41.060000 3162.360000
41.070000 3030.960000
41.080000 3001.805000
41.090000 2983.750000
41.100000 2882.990000
41.110000 2819.387500
41.120000 2753.335000
41.130000 2733.332500
41.140000 2593.307500
41.150000 2602.432500
41.160000 2831.207500
41.170000 2932.547500
41.180000 2947.707500
41.190000 2660.547500
41.200000 2537.962500
41.210000 2641.460000
41.220000 2719.305000
41.230000 2697.430000
41.240000 2617.640000
41.250000 2561.862500
41.260000 2710.622500
41.270000 2638.442500
41.280000 2476.672500
41.290000 2356.452500
41.300000 2608.307500
41.310000 2666.095000
41.320000 2412.392500
41.330000 2498.547500
41.340000 2615.987500
41.350000 2639.177500
41.360000 2513.365000
41.370000 2371.032500
41.380000 2426.267500
41.390000 2507.242500
41.400000 2582.847500
41.410000 2700.700000
41.420000 2603.400000
41.430000 2478.425000
41.440000 2375.412500
41.450000 2318.765000
41.460000 2416.895000
41.470000 2483.772500
41.480000 2514.427500
41.490000 2473.897500
41.500000 2472.665000
41.510000 2505.950000
41.520000 2386.892500
41.530000 2454.497500
41.540000 2555.995000
41.550000 2625.457500
41.560000 2526.922500
41.570000 2366.182500
41.580000 2405.795000
41.590000 2444.442500
41.600000 2408.387500
41.610000 2507.890000
41.620000 2478.307500
41.630000 2323.125000
41.640000 2321.650000
41.650000 2393.890000
41.660000 2389.295000
41.670000 2391.385000
41.680000 2438.150000
41.690000 2393.080000
41.700000 2390.887500
41.710000 2413.747500
41.720000 2319.440000
41.730000 2261.277500
41.740000 2328.235000
41.750000 2377.397500
41.760000 2367.275000
41.770000 2299.587500
41.780000 2410.532500
41.790000 2427.872500
41.800000 2328.020000
41.810000 2318.125000
41.820000 2365.010000
41.830000 2446.537500
41.840000 2362.472500
41.850000 2234.000000
41.860000 2320.295000
41.870000 2360.360000
41.880000 2268.787500
41.890000 2162.680000
41.900000 2042.105000
41.910000 2126.047500
41.920000 2249.582500
41.930000 2331.582500
41.940000 2392.322500
41.950000 2387.857500
41.960000 2242.230000
41.970000 2260.217500
41.980000 2401.225000
41.990000 2399.307500
42.000000 2321.155000
42.010000 2367.332500
42.020000 2446.857500
42.030000 2562.035000
42.040000 2564.917500
42.050000 2410.130000
42.060000 2388.132500
42.070000 2385.245000
42.080000 2442.597500
42.090000 2529.665000
42.100000 2431.642500
42.110000 2374.595000
42.120000 2308.257500
42.130000 2362.557500
42.140000 2470.955000
42.150000 2486.797500
42.160000 2493.045000
42.170000 2393.447500
42.180000 2258.700000
42.190000 2346.752500
42.200000 2465.692500
42.210000 2540.845000
42.220000 2559.435000
42.230000 2446.325000
42.240000 2346.472500
42.250000 2339.225000
42.260000 2354.730000
42.270000 2377.197500
42.280000 2438.700000
42.290000 2535.977500
42.300000 2485.100000
42.310000 2417.662500
42.320000 2485.477500
42.330000 2528.695000
42.340000 2515.747500
42.350000 2489.880000
42.360000 2461.197500
42.370000 2624.340000
42.380000 2601.967500
42.390000 2393.672500
42.400000 2374.275000
42.410000 2435.550000
42.420000 2485.472500
42.430000 2508.332500
42.440000 2503.835000
42.450000 2468.610000
42.460000 2508.737500
42.470000 2682.585000
42.480000 2716.652500
42.490000 2676.062500
42.500000 2709.345000
42.510000 2738.220000
42.520000 2666.527500
42.530000 2639.850000
42.540000 2683.332500
42.550000 2687.687500
42.560000 2609.190000
42.570000 2624.217500
42.580000 2803.257500
42.590000 2900.270000
42.600000 2946.930000
42.610000 2953.407500
42.620000 2754.517500
42.630000 2727.632500
42.640000 2858.332500
42.650000 2904.780000
42.660000 2945.790000
42.670000 3017.195000
42.680000 2982.915000
42.690000 2895.847500
42.700000 2987.322500
42.710000 3103.907500
42.720000 3083.925000
42.730000 3045.482500
42.740000 3005.247500
42.750000 2896.525000
42.760000 2866.485000
42.770000 2927.820000
42.780000 3064.327500
42.790000 3226.690000
42.800000 3231.897500
42.810000 3170.047500
42.820000 3115.740000
42.830000 3029.350000
42.840000 3025.000000
42.850000 2957.750000
42.860000 2887.275000
42.870000 2844.520000
42.880000 2791.667500
42.890000 2850.197500
42.900000 2901.112500
42.910000 2883.332500
42.920000 2968.285000
42.930000 3005.100000
42.940000 2948.670000
42.950000 2947.562500
42.960000 3001.145000
42.970000 3171.332500
42.980000 3285.567500
42.990000 3304.567500
43.000000 3262.472500
43.010000 3231.622500
43.020000 3339.412500
43.030000 3464.847500
43.040000 3394.577500
43.050000 3272.280000
43.060000 3320.737500
43.070000 3487.770000
43.080000 3556.280000
43.090000 3500.000000
43.100000 3503.615000
43.110000 3598.385000
43.120000 3759.727500
43.130000 3848.837500
43.140000 4123.115000
43.150000 4408.505000
43.160000 4420.930000
43.170000 4500.930000
43.180000 4591.605000
43.190000 4795.065000
43.200000 4922.177500
43.210000 5018.425000
43.220000 5298.032500
43.230000 5586.495000
43.240000 5915.910000
43.250000 6099.232500
43.260000 6294.105000
43.270000 6586.315000
43.280000 6839.457500
43.290000 7078.732500
43.300000 7280.147500
43.310000 7474.865000
43.320000 7649.312500
43.330000 7836.260000
43.340000 8006.547500
43.350000 8421.917500
43.360000 8934.852500
43.370000 9317.100000
43.380000 9589.250000
43.390000 9724.570000
43.400000 9809.782500
43.410000 9825.382500
43.420000 10006.802500
43.430000 9905.825000
43.440000 9770.507500
43.450000 9766.732500
43.460000 9973.800000
43.470000 9861.942500
43.480000 9623.107500
43.490000 9779.387500
43.500000 9754.430000
43.510000 9538.500000
43.520000 9565.825000
43.530000 9700.895000
43.540000 9529.380000
43.550000 9279.107500
43.560000 9197.112500
43.570000 9223.082500
43.580000 9343.125000
43.590000 9135.150000
43.600000 8970.870000
43.610000 8902.175000
43.620000 8823.085000
43.630000 8615.947500
43.640000 8368.357500
43.650000 8240.530000
43.660000 8068.177500
43.670000 8023.422500
43.680000 8032.027500
43.690000 7510.812500
43.700000 7097.560000
43.710000 6855.862500
43.720000 6720.322500
43.730000 6586.217500
43.740000 6496.395000
43.750000 6201.230000
43.760000 5817.742500
43.770000 5530.330000
43.780000 5389.390000
43.790000 5269.075000
43.800000 5066.202500
43.810000 5031.165000
43.820000 4859.605000
43.830000 4622.432500
43.840000 4328.840000
43.850000 4148.507500
43.860000 4023.167500
43.870000 4050.162500
43.880000 3818.242500
43.890000 3752.400000
43.900000 3772.095000
43.910000 3654.360000
43.920000 3617.660000
43.930000 3531.907500
43.940000 3340.080000
43.950000 3301.425000
43.960000 3306.980000
43.970000 3127.490000
43.980000 3125.447500
43.990000 3293.237500
44.000000 3240.317500
44.010000 3267.585000
44.020000 3248.000000
44.030000 3101.367500
44.040000 3016.667500
44.050000 3016.667500
44.060000 2942.795000
44.070000 2797.255000
44.080000 2987.545000
44.090000 3043.407500
44.100000 2873.475000
44.110000 2781.490000
44.120000 2821.485000
44.130000 2896.135000
44.140000 2924.860000
44.150000 2887.380000
44.160000 2858.352500
44.170000 2893.700000
44.180000 2887.952500
44.190000 2826.075000
44.200000 2977.250000
44.210000 3008.652500
44.220000 3136.702500
44.230000 3059.507500
44.240000 3102.895000
44.250000 3085.662500
44.260000 3192.432500
44.270000 3276.902500
44.280000 3317.102500
44.290000 3199.170000
44.300000 3359.162500
44.310000 3402.175000
44.320000 3623.215000
44.330000 3561.992500
44.340000 3620.367500
44.350000 3779.735000
44.360000 3777.370000
44.370000 3860.882500
44.380000 4093.377500
44.390000 4410.827500
44.400000 4610.662500
44.410000 4478.010000
44.420000 4406.392500
44.430000 4365.182500
44.440000 4591.315000
44.450000 4968.632500
44.460000 4824.475000
44.470000 4718.372500
44.480000 5191.232500
44.490000 5393.667500
44.500000 5404.295000
44.510000 5554.247500
44.520000 5584.520000
44.530000 5912.697500
44.540000 5664.670000
44.550000 5469.647500
44.560000 5467.115000
44.570000 5423.760000
44.580000 5540.365000
44.590000 5333.602500
44.600000 5110.745000
44.610000 5062.827500
44.620000 5354.292500
44.630000 5165.382500
44.640000 4726.587500
44.650000 4723.667500
44.660000 4823.150000
44.670000 4430.995000
44.680000 4262.755000
44.690000 4158.892500
44.700000 4203.315000
44.710000 4142.792500
44.720000 3949.772500
44.730000 3886.722500
44.740000 3785.700000
44.750000 3598.285000
44.760000 3282.175000
44.770000 3281.862500
44.780000 3341.915000
44.790000 3434.435000
44.800000 3297.170000
44.810000 3060.492500
44.820000 3061.170000
44.830000 2980.290000
44.840000 3052.297500
44.850000 2880.490000
44.860000 2809.000000
44.870000 2848.432500
44.880000 2651.935000
44.890000 2662.860000
44.900000 2638.947500
44.910000 2688.852500
44.920000 2754.117500
44.930000 2916.125000
44.940000 2825.982500
44.950000 2712.192500
44.960000 2902.575000
44.970000 3013.990000
44.980000 3116.655000
44.990000 2895.192500
45.000000 3023.822500
45.010000 3159.077500
45.020000 3014.840000
45.030000 3182.632500
45.040000 3358.512500
45.050000 3441.682500
45.060000 3350.677500
45.070000 3358.995000
45.080000 3368.600000
45.090000 3410.505000
45.100000 3637.385000
45.110000 3579.762500
45.120000 3540.860000
45.130000 3657.980000
45.140000 3877.872500
45.150000 3811.125000
45.160000 3964.220000
45.170000 3796.522500
45.180000 3736.382500
45.190000 3657.422500
45.200000 3796.310000
45.210000 4026.725000
45.220000 4071.597500
45.230000 4310.672500
45.240000 4028.815000
45.250000 4107.967500
45.260000 4089.550000
45.270000 3850.000000
45.280000 3851.575000
45.290000 3897.340000
45.300000 4048.307500
45.310000 3992.837500
45.320000 3777.735000
45.330000 3869.450000
45.340000 3965.805000
45.350000 3929.557500
45.360000 3775.545000
45.370000 3800.165000
45.380000 3807.740000
45.390000 3776.055000
45.400000 3841.207500
45.410000 3805.777500
45.420000 3591.340000
45.430000 3557.880000
45.440000 3499.377500
45.450000 3392.162500
45.460000 3524.772500
45.470000 3391.710000
45.480000 3300.215000
45.490000 3142.357500
45.500000 3298.987500
45.510000 3118.212500
45.520000 3001.220000
45.530000 3148.127500
45.540000 2878.995000
45.550000 2825.827500
45.560000 2988.567500
45.570000 2942.697500
45.580000 2738.057500
45.590000 2830.860000
45.600000 2800.892500
45.610000 2646.227500
45.620000 2706.275000
45.630000 2603.565000
45.640000 2656.295000
45.650000 2674.382500
45.660000 2498.830000
45.670000 2411.760000
45.680000 2392.387500
45.690000 2495.097500
45.700000 2388.852500
45.710000 2407.100000
45.720000 2281.857500
45.730000 2298.662500
45.740000 2221.297500
45.750000 2444.402500
45.760000 2168.412500
45.770000 2267.277500
45.780000 2196.987500
45.790000 2269.505000
45.800000 2259.467500
45.810000 2149.845000
45.820000 2141.667500
45.830000 2288.242500
45.840000 2115.270000
45.850000 2153.757500
45.860000 2158.332500
45.870000 2181.267500
45.880000 2137.570000
45.890000 2057.232500
45.900000 2103.147500
45.910000 2199.232500
45.920000 2132.757500
45.930000 2087.300000
45.940000 2090.855000
45.950000 2099.172500
45.960000 2122.462500
45.970000 2057.772500
45.980000 2251.210000
45.990000 2245.262500
46.000000 2219.415000
46.010000 2127.875000
46.020000 2050.230000
46.030000 1923.840000
46.040000 2062.607500
46.050000 2119.977500
46.060000 2029.957500
46.070000 2075.012500
46.080000 2134.262500
46.090000 2141.667500
46.100000 2163.387500
46.110000 2202.777500
46.120000 2172.310000
46.130000 2202.600000
46.140000 2222.670000
46.150000 2139.187500
46.160000 2053.667500
46.170000 2191.090000
46.180000 2245.057500
46.190000 2186.282500
46.200000 2146.752500
46.210000 2169.842500
46.220000 2175.000000
46.230000 2203.032500
46.240000 2257.262500
46.250000 2169.060000
46.260000 2115.230000
46.270000 2080.590000
46.280000 2081.917500
46.290000 2131.632500
46.300000 2093.492500
46.310000 2069.605000
46.320000 2066.667500
46.330000 2032.527500
46.340000 1936.477500
46.350000 2038.912500
46.360000 2066.667500
46.370000 2147.727500
46.380000 2058.875000
46.390000 1986.302500
46.400000 2015.202500
46.410000 1958.177500
46.420000 1954.995000
46.430000 1971.625000
46.440000 1895.470000
46.450000 2053.450000
46.460000 2284.547500
46.470000 2326.760000
46.480000 2207.020000
46.490000 2076.960000
46.500000 2063.035000
46.510000 2073.165000
46.520000 2029.632500
46.530000 2074.830000
46.540000 2033.670000
46.550000 2145.182500
46.560000 2093.630000
46.570000 2098.610000
46.580000 2051.000000
46.590000 2084.147500
46.600000 2074.667500
46.610000 2224.537500
46.620000 2167.962500
46.630000 2227.500000
46.640000 2264.592500
46.650000 2166.815000
46.660000 2127.112500
46.670000 2100.185000
46.680000 2017.447500
46.690000 1967.002500
46.700000 1989.070000
46.710000 2030.645000
46.720000 2151.650000
46.730000 2209.942500
46.740000 2180.230000
46.750000 2130.342500
46.760000 2219.267500
46.770000 2113.935000
46.780000 2130.307500
46.790000 2158.332500
46.800000 2104.690000
46.810000 2059.567500
46.820000 2038.155000
46.830000 2080.562500
46.840000 2041.150000
46.850000 1975.605000
46.860000 2034.345000
46.870000 2142.432500
46.880000 2163.382500
46.890000 2152.542500
46.900000 2161.542500
46.910000 2178.172500
46.920000 2194.800000
46.930000 2182.857500
46.940000 2106.655000
46.950000 2052.295000
46.960000 1973.777500
46.970000 1919.112500
46.980000 1953.287500
46.990000 2008.600000
47.000000 1952.447500
47.010000 2094.647500
47.020000 2211.047500
47.030000 2109.002500
47.040000 2099.540000
47.050000 2081.117500
47.060000 2058.332500
47.070000 2123.695000
47.080000 2049.780000
47.090000 2099.835000
47.100000 2174.500000
47.110000 2129.635000
47.120000 2078.597500
47.130000 2077.330000
47.140000 2046.150000
47.150000 1966.782500
47.160000 2049.345000
47.170000 2127.175000
47.180000 2164.740000
47.190000 2073.815000
47.200000 1961.572500
47.210000 1995.447500
47.220000 2074.587500
47.230000 2156.510000
47.240000 2160.960000
47.250000 2105.977500
47.260000 2052.860000
47.270000 2033.332500
47.280000 2078.692500
47.290000 2068.170000
47.300000 2051.667500
47.310000 2053.352500
47.320000 1975.577500
47.330000 2088.082500
47.340000 2219.690000
47.350000 2071.547500
47.360000 1958.332500
47.370000 2026.420000
47.380000 2021.720000
47.390000 1925.447500
47.400000 1984.220000
47.410000 2139.670000
47.420000 2200.000000
47.430000 2081.377500
47.440000 2086.170000
47.450000 2106.575000
47.460000 1972.955000
47.470000 1900.000000
47.480000 1941.812500
47.490000 1965.747500
47.500000 1898.452500
47.510000 1932.552500
47.520000 2045.665000
47.530000 2078.787500
47.540000 1984.470000
47.550000 1908.332500
47.560000 1993.580000
47.570000 2084.532500
47.580000 2148.915000
47.590000 2218.227500
47.600000 2184.380000
47.610000 2098.240000
47.620000 2040.467500
47.630000 2025.360000
47.640000 2067.945000
47.650000 2022.482500
47.660000 2014.295000
47.670000 2028.070000
47.680000 1996.072500
47.690000 2046.367500
47.700000 2037.067500
47.710000 1958.180000
47.720000 1949.992500
47.730000 1975.000000
47.740000 1979.125000
47.750000 2073.642500
47.760000 2105.395000
47.770000 2074.182500
47.780000 2152.820000
47.790000 2147.687500
47.800000 1999.580000
47.810000 1967.720000
47.820000 2029.777500
47.830000 1981.180000
47.840000 2004.427500
47.850000 2055.490000
47.860000 2064.387500
47.870000 2076.830000
47.880000 2038.477500
47.890000 2059.387500
47.900000 2164.607500
47.910000 2218.987500
47.920000 2225.502500
47.930000 2289.102500
47.940000 2231.137500
47.950000 2132.397500
47.960000 2189.477500
47.970000 2191.482500
47.980000 2178.492500
47.990000 2319.810000
48.000000 2439.552500
48.010000 2455.915000
48.020000 2333.685000
48.030000 2321.687500
48.040000 2403.017500
48.050000 2360.480000
48.060000 2333.330000
48.070000 2288.807500
48.080000 2291.177500
48.090000 2307.595000
48.100000 2315.817500
48.110000 2170.910000
48.120000 2136.990000
48.130000 2181.762500
48.140000 2230.577500
48.150000 2366.072500
48.160000 2171.615000
48.170000 2088.942500
48.180000 2153.225000
48.190000 2174.352500
48.200000 2184.085000
48.210000 2161.495000
48.220000 2116.400000
48.230000 2023.970000
48.240000 2005.232500
48.250000 2070.825000
48.260000 2179.432500
48.270000 2188.710000
48.280000 2151.160000
48.290000 1997.660000
48.300000 2088.665000
48.310000 2138.795000
48.320000 1998.935000
48.330000 2061.245000
48.340000 2072.450000
48.350000 2086.205000
48.360000 2123.017500
48.370000 2191.820000
48.380000 2202.717500
48.390000 2186.092500
48.400000 2144.570000
48.410000 2105.295000
48.420000 2166.347500
48.430000 2224.330000
48.440000 2253.540000
48.450000 2168.412500
48.460000 2141.422500
48.470000 2274.525000
48.480000 2294.265000
48.490000 2341.240000
48.500000 2392.430000
48.510000 2325.355000
48.520000 2403.447500
48.530000 2487.400000
48.540000 2562.640000
48.550000 2489.212500
48.560000 2407.635000
48.570000 2531.710000
48.580000 2660.625000
48.590000 2578.600000
48.600000 2611.235000
48.610000 2750.570000
48.620000 2812.060000
48.630000 2813.692500
48.640000 2856.782500
48.650000 2852.600000
48.660000 2804.980000
48.670000 2826.282500
48.680000 2792.040000
48.690000 2814.512500
48.700000 2806.200000
48.710000 2791.547500
48.720000 2762.482500
48.730000 2721.015000
48.740000 2641.530000
48.750000 2628.135000
48.760000 2482.245000
48.770000 2441.695000
48.780000 2578.927500
48.790000 2529.492500
48.800000 2315.392500
48.810000 2289.035000
48.820000 2319.607500
48.830000 2369.480000
48.840000 2432.207500
48.850000 2527.557500
48.860000 2511.055000
48.870000 2297.697500
48.880000 2249.577500
48.890000 2213.207500
48.900000 2230.755000
48.910000 2329.752500
48.920000 2231.675000
48.930000 2156.690000
48.940000 2114.290000
48.950000 1969.870000
48.960000 2008.620000
48.970000 2094.840000
48.980000 1969.247500
48.990000 1845.462500
49.000000 1941.855000
49.010000 2109.757500
49.020000 2027.587500
49.030000 2161.195000
49.040000 2166.545000
49.050000 2109.735000
49.060000 2048.362500
49.070000 2131.725000
49.080000 2177.252500
49.090000 2220.315000
49.100000 2141.037500
49.110000 2089.147500
49.120000 2081.187500
49.130000 2119.097500
49.140000 2129.750000
49.150000 2095.430000
49.160000 2006.302500
49.170000 1958.617500
49.180000 2062.232500
49.190000 2010.507500
49.200000 1849.810000
49.210000 1803.150000
49.220000 1908.895000
49.230000 2080.657500
49.240000 2017.627500
49.250000 2156.705000
49.260000 2198.970000
49.270000 2103.962500
49.280000 1948.517500
49.290000 2074.127500
49.300000 2040.317500
49.310000 1819.102500
49.320000 1939.257500
49.330000 2150.000000
49.340000 2137.017500
49.350000 2015.012500
49.360000 2091.260000
49.370000 2177.097500
49.380000 2205.417500
49.390000 2257.487500
49.400000 2156.975000
49.410000 2245.955000
49.420000 2318.315000
49.430000 2554.350000
49.440000 2481.930000
49.450000 2226.577500
49.460000 2259.582500
49.470000 2402.057500
49.480000 2302.305000
49.490000 2342.985000
49.500000 2372.515000
49.510000 2480.560000
49.520000 2429.867500
49.530000 2539.330000
49.540000 2670.032500
49.550000 2551.547500
49.560000 2600.587500
49.570000 2844.412500
49.580000 2677.932500
49.590000 2775.445000
49.600000 2785.232500
49.610000 2533.610000
49.620000 2928.152500
49.630000 3093.027500
49.640000 3174.885000
49.650000 3164.445000
49.660000 2967.730000
49.670000 3092.945000
49.680000 3308.772500
49.690000 3441.592500
49.700000 3333.540000
49.710000 3142.532500
49.720000 3298.872500
49.730000 3465.045000
49.740000 3302.055000
49.750000 3357.462500
49.760000 3309.210000
49.770000 3381.822500
49.780000 3285.610000
49.790000 3340.187500
49.800000 3236.365000
49.810000 3104.077500
49.820000 3083.887500
49.830000 3284.207500
49.840000 2995.177500
49.850000 2783.545000
49.860000 2862.667500
49.870000 2977.937500
49.880000 2959.555000
49.890000 2903.002500
49.900000 2970.945000
49.910000 2880.667500
49.920000 2875.000000
49.930000 2749.920000
49.940000 2866.397500
49.950000 2867.225000
49.960000 2727.127500
49.970000 2546.595000
49.980000 2756.887500
49.990000 2844.182500
